# converted from STL, unit: mm
v 116.614 0.35423 1.2
v 116.867 0.50558 30.35
v 116.614 0.35423 30.35
v 116.867 0.50558 1.2
v 117.519 69.5832 30.35
v 117.321 69.8013 1.2
v 117.321 69.8013 30.35
v 117.519 69.5832 1.2
v 118.071 68.5508 30.35
v 117.972 68.828 1.2
v 117.972 68.828 30.35
v 118.071 68.5508 1.2
v 0.05765 68.2653 1.2
v 0.12918 68.5508 30.35
v 0.12918 68.5508 1.2
v 0.05765 68.2653 30.35
v 116.071 0.12918 1.2
v 116.348 0.22836 30.35
v 116.071 0.12918 30.35
v 116.348 0.22836 1.2
v 0.35423 69.0942 1.2
v 0.50558 69.3467 30.35
v 0.50558 69.3467 1.2
v 0.35423 69.0942 30.35
v 1.85194 0.22836 1.2
v 2.12915 0.12918 30.35
v 1.85194 0.22836 30.35
v 2.12915 0.12918 1.2
v 3.0 0.0 1.2
v 115.2 0.0 30.35
v 3.0 0.0 30.35
v 115.2 0.0 1.2
v 1.09682 69.999 1.2
v 0.87868 69.8013 30.35
v 1.09682 69.999 30.35
v 0.87868 69.8013 1.2
v 0.0 22.8259 14.508
v 0.0 22.8872 14.6303
v 0.0 22.8859 14.6163
v 0.0 22.8357 14.5167
v 0.0 22.8837 14.6029
v 0.0 22.8876 14.6449
v 0.0 22.8807 14.5901
v 0.0 22.8447 14.5257
v 0.0 22.8769 14.5779
v 0.0 22.8722 14.5663
v 0.0 22.8666 14.5553
v 0.0 22.8528 14.5351
v 0.0 22.8601 14.5449
v 0.0 22.8153 14.4996
v 0.0 22.7866 14.8095
v 0.0 22.8836 14.688
v 0.0 22.823 14.7867
v 0.0 22.8714 14.726
v 0.0 22.8513 14.7589
v 0.0 22.8038 14.4916
v 0.0 22.7915 14.4838
v 0.0 22.7422 14.8272
v 0.0 22.7784 14.4764
v 0.0 22.7645 14.4692
v 0.0 22.7497 14.4624
v 0.0 22.6897 14.8399
v 0.0 22.7328 14.4556
v 0.0 22.7124 14.4484
v 0.0 22.6885 14.4408
v 0.0 22.6291 14.8475
v 0.0 22.6612 14.4328
v 0.0 22.6304 14.4245
v 0.0 22.5605 14.85
v 0.0 22.5961 14.4158
v 0.0 22.5272 14.8493
v 0.0 22.5584 14.4067
v 0.0 22.4379 14.8389
v 0.0 22.5172 14.3972
v 0.0 22.4957 14.8472
v 0.0 22.3243 14.7938
v 0.0 22.4726 14.3874
v 0.0 22.4659 14.8438
v 0.0 22.2151 14.6266
v 0.0 22.4193 14.3758
v 0.0 22.4116 14.8327
v 0.0 22.3871 14.825
v 0.0 22.3694 14.3644
v 0.0 22.3644 14.816
v 0.0 22.3435 14.8056
v 0.0 22.3231 14.3533
v 0.0 22.3067 14.7807
v 0.0 22.2904 14.7662
v 0.0 22.2802 14.3423
v 0.0 22.2217 14.6506
v 0.0 22.2755 14.7503
v 0.0 22.262 14.7331
v 0.0 22.2408 14.3315
v 0.0 22.2499 14.7145
v 0.0 22.2391 14.6946
v 0.0 22.2297 14.6733
v 0.0 22.2049 14.3209
v 0.0 22.1724 14.3105
v 0.0 22.1435 14.3003
v 0.0 22.118 14.2903
v 0.0 21.8659 14.6742
v 0.0 22.0948 14.2803
v 0.0 22.0727 14.2698
v 0.0 22.0518 14.259
v 0.0 22.0319 14.2479
v 0.0 22.0131 14.2363
v 0.0 21.9954 14.2244
v 0.0 21.9788 14.2122
v 0.0 21.9633 14.1996
v 0.0 21.949 14.1866
v 0.0 21.9355 14.1732
v 0.0 21.9227 14.1592
v 0.0 21.9107 14.1446
v 0.0 21.8994 14.1294
v 0.0 21.8888 14.1137
v 0.0 21.879 14.0974
v 0.0 21.8698 14.0805
v 0.0 21.8614 14.063
v 0.0 23.439 14.5914
v 0.0 23.2376 14.6041
v 0.0 23.2379 14.6242
v 0.0 23.4706 14.3295
v 0.0 23.2367 14.5845
v 0.0 23.2353 14.5655
v 0.0 23.2332 14.5469
v 0.0 23.2306 14.5289
v 0.0 23.2273 14.5114
v 0.0 23.2235 14.4943
v 0.0 23.2191 14.4778
v 0.0 23.2141 14.4618
v 0.0 23.2086 14.4463
v 0.0 23.2026 14.4313
v 0.0 23.1962 14.4167
v 0.0 23.1892 14.4025
v 0.0 23.1818 14.3888
v 0.0 23.174 14.3756
v 0.0 23.1657 14.3628
v 0.0 23.1569 14.3505
v 0.0 23.4828 14.2983
v 0.0 23.1476 14.3386
v 0.0 23.1379 14.3271
v 0.0 23.4968 14.2679
v 0.0 23.3185 13.8076
v 0.0 23.106 14.2949
v 0.0 23.1171 14.3053
v 0.0 23.0945 14.2849
v 0.0 23.0825 14.2754
v 0.0 23.0701 14.2661
v 0.0 23.0572 14.2573
v 0.0 23.0439 14.2488
v 0.0 22.9706 13.865
v 0.0 23.0301 14.2407
v 0.0 23.016 14.2328
v 0.0 23.0015 14.2251
v 0.0 22.9867 14.2177
v 0.0 22.9715 14.2105
v 0.0 22.7185 14.1307
v 0.0 22.9619 13.8355
v 0.0 22.956 14.2035
v 0.0 22.68 14.1214
v 0.0 22.9516 13.8079
v 0.0 22.9401 14.1968
v 0.0 22.9395 13.7822
v 0.0 22.9259 13.7583
v 0.0 22.9238 14.1904
v 0.0 22.9106 13.7362
v 0.0 22.9072 14.1842
v 0.0 22.8936 13.7161
v 0.0 22.8889 14.1778
v 0.0 22.8749 13.6977
v 0.0 22.8677 14.1711
v 0.0 22.6386 14.1115
v 0.0 22.8546 13.6812
v 0.0 22.8437 14.1639
v 0.0 22.8327 13.6666
v 0.0 22.8167 14.1563
v 0.0 22.8089 13.6537
v 0.0 22.7869 14.1482
v 0.0 22.7832 13.6423
v 0.0 22.7555 13.6324
v 0.0 22.7542 14.1397
v 0.0 22.7259 13.624
v 0.0 22.5907 14.1017
v 0.0 22.6943 13.6171
v 0.0 22.6607 13.6118
v 0.0 22.5465 14.0921
v 0.0 22.6252 13.608
v 0.0 22.5877 13.6057
v 0.0 22.5058 14.0829
v 0.0 22.5483 13.605
v 0.0 22.4686 14.074
v 0.0 22.4691 13.6078
v 0.0 22.435 14.0655
v 0.0 22.4051 14.0573
v 0.0 22.3993 13.6163
v 0.0 22.3786 14.0494
v 0.0 22.3558 14.0419
v 0.0 22.3365 14.0346
v 0.0 22.3387 13.6305
v 0.0 22.3194 14.0274
v 0.0 22.3033 14.0197
v 0.0 22.288 14.0117
v 0.0 22.2875 13.6503
v 0.0 22.2735 14.0033
v 0.0 22.26 13.9945
v 0.0 22.2473 13.9853
v 0.0 22.2456 13.6758
v 0.0 22.1711 13.8345
v 0.0 22.2354 13.9757
v 0.0 22.2245 13.9657
v 0.0 22.1758 13.7863
v 0.0 22.213 13.707
v 0.0 22.1716 13.8504
v 0.0 22.1732 13.8657
v 0.0 22.2144 13.9553
v 0.0 22.1897 13.7438
v 0.0 22.2053 13.9444
v 0.0 22.1845 13.9079
v 0.0 22.1759 13.8804
v 0.0 22.1797 13.8945
v 0.0 22.1973 13.9329
v 0.0 22.1904 13.9207
v 0.0 25.8779 14.2665
v 0.0 26.4528 14.2275
v 0.0 26.4511 14.1643
v 0.0 26.4512 14.2896
v 0.0 26.4461 14.1044
v 0.0 26.4463 14.3484
v 0.0 25.8779 14.0005
v 0.0 26.4377 14.0477
v 0.0 26.4382 14.4039
v 0.0 26.426 13.9943
v 0.0 26.4268 14.4562
v 0.0 26.4108 13.9442
v 0.0 26.4121 14.5051
v 0.0 26.3923 13.8974
v 0.0 26.3942 14.5508
v 0.0 26.3705 13.8538
v 0.0 26.3731 14.5932
v 0.0 26.3453 13.8135
v 0.0 26.3487 14.6323
v 0.0 26.3167 13.7765
v 0.0 26.321 14.6681
v 0.0 26.2851 13.743
v 0.0 26.2902 14.7004
v 0.0 26.2508 13.7135
v 0.0 26.2564 14.7289
v 0.0 26.2137 13.688
v 0.0 26.2196 14.7536
v 0.0 26.1739 13.6663
v 0.0 26.1797 14.7744
v 0.0 26.1314 13.6486
v 0.0 26.1369 14.7915
v 0.0 26.0862 13.6349
v 0.0 26.091 14.8048
v 0.0 26.0382 13.625
v 0.0 26.0421 14.8143
v 0.0 25.9875 13.6191
v 0.0 25.9902 14.82
v 0.0 25.9341 13.6172
v 0.0 25.903 13.6177
v 0.0 25.9353 14.8219
v 0.0 25.8721 13.6192
v 0.0 25.8414 13.6217
v 0.0 25.811 13.6253
v 0.0 25.7807 13.6298
v 0.0 25.7507 13.6353
v 0.0 25.7209 13.6419
v 0.0 25.6913 13.6495
v 0.0 25.6619 13.6581
v 0.0 25.6333 13.6674
v 0.0 25.6062 13.6774
v 0.0 25.5806 13.6878
v 0.0 25.458 14.0005
v 0.0 25.5565 13.6989
v 0.0 25.5338 13.7105
v 0.0 25.5127 13.7226
v 0.0 25.493 13.7353
v 0.0 25.4748 13.7486
v 0.0 25.458 13.7624
v 0.0 25.9013 14.8211
v 0.0 25.8684 14.8186
v 0.0 25.8364 14.8145
v 0.0 25.8055 14.8087
v 0.0 25.7755 14.8012
v 0.0 25.7465 14.7921
v 0.0 25.7185 14.7813
v 0.0 25.6915 14.7689
v 0.0 25.6655 14.7548
v 0.0 25.6408 14.7391
v 0.0 25.6176 14.7218
v 0.0 25.5958 14.703
v 0.0 25.5756 14.6826
v 0.0 25.5569 14.6606
v 0.0 25.5397 14.6371
v 0.0 25.524 14.612
v 0.0 25.5098 14.5853
v 0.0 25.4971 14.5571
v 0.0 25.1285 14.2665
v 0.0 25.1651 14.6572
v 0.0 26.7901 14.4886
v 0.0 27.6811 16.8589
v 0.0 26.8042 14.4065
v 0.0 27.3375 16.5475
v 0.0 26.7705 14.5659
v 0.0 26.7453 14.6382
v 0.0 26.7145 14.7057
v 0.0 26.9651 16.2713
v 0.0 26.678 14.7683
v 0.0 26.636 14.8259
v 0.0 26.5883 14.8787
v 0.0 26.5673 16.0329
v 0.0 26.5354 14.9262
v 0.0 26.4776 14.9681
v 0.0 26.4149 15.0045
v 0.0 26.3472 15.0352
v 0.0 26.1482 15.8347
v 0.0 26.2746 15.0604
v 0.0 26.1972 15.08
v 0.0 26.1148 15.0939
v 0.0 26.0275 15.1023
v 0.0 25.7116 15.6785
v 0.0 25.9353 15.1051
v 0.0 25.8062 15.0996
v 0.0 25.688 15.083
v 0.0 25.5806 15.0553
v 0.0 25.2618 15.5658
v 0.0 25.4842 15.0166
v 0.0 25.3986 14.9668
v 0.0 24.8517 15.0795
v 0.0 25.3239 14.906
v 0.0 25.2601 14.8341
v 0.0 25.2071 14.7512
v 0.0 24.8517 13.3596
v 0.0 24.8031 15.4978
v 0.0 24.34 15.475
v 0.0 24.079 15.0795
v 0.0 23.8769 15.4978
v 0.0 24.0121 15.0777
v 0.0 23.9488 15.0725
v 0.0 23.889 15.0637
v 0.0 23.8326 15.0514
v 0.0 23.7798 15.0356
v 0.0 23.7305 15.0163
v 0.0 23.4182 15.5658
v 0.0 23.6847 14.9935
v 0.0 23.6424 14.9671
v 0.0 23.6036 14.9373
v 0.0 23.132 14.9208
v 0.0 23.5686 14.9042
v 0.0 23.1601 14.8865
v 0.0 23.5378 14.8683
v 0.0 23.1839 14.8495
v 0.0 23.511 14.8294
v 0.0 23.2033 14.8098
v 0.0 23.4884 14.7876
v 0.0 23.2185 14.7675
v 0.0 23.4699 14.7429
v 0.0 23.2293 14.7224
v 0.0 23.4555 14.6953
v 0.0 23.2358 14.6747
v 0.0 23.4452 14.6448
v 0.0 23.437 14.5351
v 0.0 23.0995 14.9523
v 0.0 23.0628 14.9812
v 0.0 23.0219 15.0072
v 0.0 22.9771 15.0302
v 0.0 22.9684 15.6785
v 0.0 22.9283 15.0501
v 0.0 22.8756 15.0669
v 0.0 22.819 15.0806
v 0.0 22.7584 15.0913
v 0.0 22.6939 15.099
v 0.0 22.6255 15.1036
v 0.0 22.5318 15.8347
v 0.0 22.5532 15.1051
v 0.0 22.4841 15.1039
v 0.0 22.4189 15.1002
v 0.0 22.3577 15.094
v 0.0 22.3004 15.0853
v 0.0 22.247 15.0742
v 0.0 22.1126 16.0329
v 0.0 22.1976 15.0606
v 0.0 22.1521 15.0446
v 0.0 22.1105 15.026
v 0.0 22.0728 15.005
v 0.0 22.0386 14.9812
v 0.0 21.7149 16.2713
v 0.0 22.0071 14.9541
v 0.0 21.9785 14.9238
v 0.0 21.9527 14.8902
v 0.0 21.9297 14.8535
v 0.0 21.9095 14.8135
v 0.0 21.3425 16.5475
v 0.0 21.8922 14.7703
v 0.0 21.8777 14.7239
v 0.0 21.8537 14.045
v 0.0 21.8468 14.0264
v 0.0 21.8407 14.0071
v 0.0 21.8354 13.9873
v 0.0 21.831 13.9668
v 0.0 21.8273 13.9457
v 0.0 20.9989 16.8589
v 0.0 21.8244 13.924
v 0.0 20.6875 17.2025
v 0.0 21.8224 13.9017
v 0.0 21.8212 13.8788
v 0.0 21.8208 13.8552
v 0.0 42.928 14.2577
v 0.0 42.9373 14.2728
v 0.0 42.9732 14.2641
v 0.0 42.9036 14.2831
v 0.0 42.8853 14.2492
v 0.0 42.8719 14.295
v 0.0 42.8451 14.2387
v 0.0 42.8424 14.3085
v 0.0 42.8073 14.2261
v 0.0 42.8149 14.3236
v 0.0 42.7896 14.3403
v 0.0 42.772 14.2116
v 0.0 42.7663 14.3587
v 0.0 42.7391 14.1949
v 0.0 42.7451 14.3786
v 0.0 42.7087 14.1763
v 0.0 42.726 14.4002
v 0.0 42.6807 14.1556
v 0.0 42.709 14.4231
v 0.0 42.6552 14.1329
v 0.0 42.694 14.4472
v 0.0 42.6323 14.1083
v 0.0 42.6809 14.4724
v 0.0 42.6699 14.4988
v 0.0 42.612 14.082
v 0.0 42.6609 14.5262
v 0.0 42.5945 14.054
v 0.0 42.6539 14.5548
v 0.0 42.5797 14.0243
v 0.0 44.3184 14.1567
v 0.0 45.1546 14.6742
v 0.0 44.9531 14.1567
v 0.0 44.0705 15.0795
v 0.0 44.9684 15.6785
v 0.0 44.5318 15.8347
v 0.0 44.1126 16.0329
v 0.0 43.2832 15.0795
v 0.0 43.7149 16.2713
v 0.0 43.2151 15.0781
v 0.0 43.1508 15.0741
v 0.0 43.3425 16.5475
v 0.0 43.0903 15.0673
v 0.0 43.0336 15.0579
v 0.0 42.9806 15.0458
v 0.0 42.9314 15.0309
v 0.0 42.886 15.0134
v 0.0 42.9989 16.8589
v 0.0 42.8444 14.9932
v 0.0 42.8066 14.9702
v 0.0 42.7726 14.9447
v 0.0 42.6875 17.2025
v 0.0 42.7427 14.9165
v 0.0 42.7167 14.8858
v 0.0 42.6948 14.8525
v 0.0 42.4113 17.5749
v 0.0 42.6768 14.8166
v 0.0 42.6628 14.7782
v 0.0 42.1729 17.9727
v 0.0 42.6528 14.7372
v 0.0 42.6468 14.6935
v 0.0 42.5581 13.9598
v 0.0 42.6448 14.6474
v 0.0 42.6489 14.5845
v 0.0 42.5675 13.9929
v 0.0 42.6458 14.6154
v 0.0 42.5514 13.9251
v 0.0 41.9747 18.3918
v 0.0 28.5071 17.9727
v 0.0 42.5473 13.8885
v 0.0 42.546 13.8503
v 0.0 46.1146 14.508
v 0.0 46.1758 14.6303
v 0.0 46.1745 14.6163
v 0.0 46.1244 14.5167
v 0.0 46.1724 14.6029
v 0.0 46.1763 14.6449
v 0.0 46.1694 14.5901
v 0.0 46.1333 14.5257
v 0.0 46.1655 14.5779
v 0.0 46.1608 14.5663
v 0.0 46.1552 14.5553
v 0.0 46.1415 14.5351
v 0.0 46.1488 14.5449
v 0.0 46.1039 14.4996
v 0.0 46.0753 14.8095
v 0.0 46.1722 14.688
v 0.0 46.1116 14.7867
v 0.0 46.1601 14.726
v 0.0 46.1399 14.7589
v 0.0 46.0925 14.4916
v 0.0 46.0802 14.4838
v 0.0 46.0309 14.8272
v 0.0 46.0671 14.4764
v 0.0 46.0531 14.4692
v 0.0 46.0383 14.4624
v 0.0 45.9784 14.8399
v 0.0 46.0214 14.4556
v 0.0 46.001 14.4484
v 0.0 45.9772 14.4408
v 0.0 45.9178 14.8475
v 0.0 45.9498 14.4328
v 0.0 45.9191 14.4245
v 0.0 45.8491 14.85
v 0.0 45.8848 14.4158
v 0.0 45.8158 14.8493
v 0.0 45.8471 14.4067
v 0.0 45.7265 14.8389
v 0.0 45.8059 14.3972
v 0.0 45.7843 14.8472
v 0.0 45.6129 14.7938
v 0.0 45.7612 14.3874
v 0.0 45.7545 14.8438
v 0.0 45.5037 14.6266
v 0.0 45.7079 14.3758
v 0.0 45.7003 14.8327
v 0.0 45.6758 14.825
v 0.0 45.6581 14.3644
v 0.0 45.6531 14.816
v 0.0 45.6321 14.8056
v 0.0 45.6117 14.3533
v 0.0 45.5953 14.7807
v 0.0 45.5791 14.7662
v 0.0 45.5689 14.3423
v 0.0 45.5103 14.6506
v 0.0 45.5642 14.7503
v 0.0 45.5507 14.7331
v 0.0 45.5295 14.3315
v 0.0 45.5385 14.7145
v 0.0 45.5278 14.6946
v 0.0 45.5184 14.6733
v 0.0 45.4935 14.3209
v 0.0 45.4611 14.3105
v 0.0 45.4321 14.3003
v 0.0 45.4067 14.2903
v 0.0 45.3835 14.2803
v 0.0 45.3614 14.2698
v 0.0 45.3404 14.259
v 0.0 45.3205 14.2479
v 0.0 45.3017 14.2363
v 0.0 45.2841 14.2244
v 0.0 45.2675 14.2122
v 0.0 45.252 14.1996
v 0.0 45.2376 14.1866
v 0.0 45.2241 14.1732
v 0.0 45.2114 14.1592
v 0.0 45.1994 14.1446
v 0.0 45.1881 14.1294
v 0.0 45.1775 14.1137
v 0.0 45.1676 14.0974
v 0.0 45.1585 14.0805
v 0.0 45.1501 14.063
v 0.0 46.7889 14.5583
v 0.0 46.5263 14.6041
v 0.0 46.5266 14.6242
v 0.0 46.7432 14.1741
v 0.0 46.5254 14.5845
v 0.0 46.5239 14.5655
v 0.0 46.5219 14.5469
v 0.0 46.5192 14.5289
v 0.0 46.516 14.5114
v 0.0 46.5122 14.4943
v 0.0 46.5078 14.4778
v 0.0 46.5028 14.4618
v 0.0 46.4972 14.4463
v 0.0 46.4912 14.4313
v 0.0 46.4848 14.4167
v 0.0 46.4779 14.4025
v 0.0 46.4705 14.3888
v 0.0 46.4626 14.3756
v 0.0 46.4543 14.3628
v 0.0 46.4455 14.3505
v 0.0 46.4363 14.3386
v 0.0 46.4265 14.3271
v 0.0 46.4164 14.316
v 0.0 46.4057 14.3053
v 0.0 46.3947 14.2949
v 0.0 46.7471 14.1175
v 0.0 46.3831 14.2849
v 0.0 46.3711 14.2754
v 0.0 46.6071 13.8076
v 0.0 46.3458 14.2573
v 0.0 46.3587 14.2661
v 0.0 46.3325 14.2488
v 0.0 46.2593 13.865
v 0.0 46.3188 14.2407
v 0.0 46.3047 14.2328
v 0.0 46.2902 14.2251
v 0.0 46.2754 14.2177
v 0.0 46.2602 14.2105
v 0.0 46.0072 14.1307
v 0.0 46.2506 13.8355
v 0.0 46.2446 14.2035
v 0.0 45.9687 14.1214
v 0.0 46.2402 13.8079
v 0.0 46.2287 14.1968
v 0.0 46.2282 13.7822
v 0.0 46.2145 13.7583
v 0.0 46.2124 14.1904
v 0.0 46.1992 13.7362
v 0.0 46.1958 14.1842
v 0.0 46.1822 13.7161
v 0.0 46.1775 14.1778
v 0.0 46.1636 13.6977
v 0.0 46.1564 14.1711
v 0.0 45.9272 14.1115
v 0.0 46.1433 13.6812
v 0.0 46.1323 14.1639
v 0.0 46.1213 13.6666
v 0.0 46.1054 14.1563
v 0.0 46.0976 13.6537
v 0.0 46.0755 14.1482
v 0.0 46.0718 13.6423
v 0.0 46.0442 13.6324
v 0.0 46.0428 14.1397
v 0.0 46.0145 13.624
v 0.0 45.8794 14.1017
v 0.0 45.9829 13.6171
v 0.0 45.9494 13.6118
v 0.0 45.8351 14.0921
v 0.0 45.9138 13.608
v 0.0 45.8764 13.6057
v 0.0 45.7944 14.0829
v 0.0 45.8369 13.605
v 0.0 45.7573 14.074
v 0.0 45.7578 13.6078
v 0.0 45.7237 14.0655
v 0.0 45.6937 14.0573
v 0.0 45.6879 13.6163
v 0.0 45.6673 14.0494
v 0.0 45.6444 14.0419
v 0.0 45.6252 14.0346
v 0.0 45.6274 13.6305
v 0.0 45.6081 14.0274
v 0.0 45.5919 14.0197
v 0.0 45.5766 14.0117
v 0.0 45.5762 13.6503
v 0.0 45.5622 14.0033
v 0.0 45.5486 13.9945
v 0.0 45.5359 13.9853
v 0.0 45.5343 13.6758
v 0.0 45.4598 13.8345
v 0.0 45.5241 13.9757
v 0.0 45.5132 13.9657
v 0.0 45.4644 13.7863
v 0.0 45.5017 13.707
v 0.0 45.5031 13.9553
v 0.0 45.494 13.9444
v 0.0 45.486 13.9329
v 0.0 45.4784 13.7438
v 0.0 45.479 13.9207
v 0.0 45.4731 13.9079
v 0.0 45.4683 13.8945
v 0.0 45.4646 13.8804
v 0.0 45.4603 13.8504
v 0.0 45.4619 13.8657
v 0.0 50.9742 19.2782
v 0.0 67.68 30.35
v 0.0 67.68 1.2
v 0.0 51.0422 19.7369
v 0.0 51.065 20.2
v 0.0 50.8615 18.8284
v 0.0 50.1431 13.3596
v 0.0 50.7053 18.3918
v 0.0 50.5071 17.9727
v 0.0 50.2687 17.5749
v 0.0 49.783 13.3596
v 0.0 48.975 13.7991
v 0.0 49.6304 13.7991
v 0.0 48.8224 13.3596
v 0.0 48.466 13.3596
v 0.0 48.275 13.3596
v 0.0 47.5793 13.3596
v 0.0 47.5252 13.3609
v 0.0 45.9184 13.3367
v 0.0 45.9867 13.341
v 0.0 47.4724 13.3648
v 0.0 46.0513 13.3482
v 0.0 47.4211 13.3713
v 0.0 46.1125 13.3584
v 0.0 47.3711 13.3804
v 0.0 46.1702 13.3714
v 0.0 46.2243 13.3873
v 0.0 47.3224 13.392
v 0.0 47.2752 13.4063
v 0.0 46.7535 14.0625
v 0.0 46.7625 14.0092
v 0.0 46.7741 13.9576
v 0.0 46.7883 13.9077
v 0.0 46.805 13.8594
v 0.0 46.8244 13.8128
v 0.0 46.5935 13.7562
v 0.0 46.8463 13.7679
v 0.0 46.5766 13.7078
v 0.0 46.8705 13.725
v 0.0 46.5564 13.6623
v 0.0 46.8969 13.6844
v 0.0 46.9255 13.6461
v 0.0 46.5329 13.6199
v 0.0 46.9562 13.6101
v 0.0 46.506 13.5804
v 0.0 46.989 13.5764
v 0.0 46.4758 13.5439
v 0.0 47.0239 13.545
v 0.0 46.4424 13.5105
v 0.0 47.0611 13.5159
v 0.0 46.4056 13.4799
v 0.0 47.1003 13.4891
v 0.0 46.2749 13.4061
v 0.0 47.2293 13.4231
v 0.0 46.3654 13.4524
v 0.0 47.1417 13.4646
v 0.0 46.3219 13.4278
v 0.0 47.1848 13.4426
v 0.0 45.8467 13.3352
v 0.0 45.7683 13.3369
v 0.0 44.0705 13.3596
v 0.0 45.6942 13.3418
v 0.0 45.6245 13.3501
v 0.0 45.5591 13.3616
v 0.0 45.498 13.3765
v 0.0 45.4412 13.3946
v 0.0 45.3887 13.4161
v 0.0 44.9531 13.8589
v 0.0 45.1094 13.8552
v 0.0 45.1117 13.8005
v 0.0 45.1187 13.7488
v 0.0 45.1303 13.7
v 0.0 45.1464 13.6541
v 0.0 45.1673 13.6112
v 0.0 45.1927 13.5712
v 0.0 45.2228 13.5342
v 0.0 45.2575 13.5
v 0.0 45.2968 13.4689
v 0.0 45.3406 13.4408
v 0.0 44.3184 13.8589
v 0.0 43.21 13.3596
v 0.0 43.1422 13.3612
v 0.0 43.0779 13.366
v 0.0 43.0169 13.3739
v 0.0 3.0 1.2
v 0.0 42.9592 13.385
v 0.0 26.2022 13.3611
v 0.0 42.905 13.3992
v 0.0 28.2687 17.5749
v 0.0 42.5481 13.7996
v 0.0 28.7053 18.3918
v 0.0 26.8042 14.0472
v 0.0 42.5546 13.7514
v 0.0 41.8185 18.8284
v 0.0 41.6378 19.7369
v 0.0 29.065 20.2
v 0.0 41.615 20.2
v 0.0 29.0422 19.7369
v 0.0 41.7058 19.2782
v 0.0 28.8615 18.8284
v 0.0 26.7708 13.8862
v 0.0 42.5655 13.7059
v 0.0 26.7457 13.8129
v 0.0 42.5807 13.663
v 0.0 26.715 13.7444
v 0.0 42.6002 13.6227
v 0.0 26.6788 13.6807
v 0.0 42.6241 13.585
v 0.0 26.637 13.6218
v 0.0 42.6523 13.55
v 0.0 26.5896 13.5678
v 0.0 42.6848 13.5176
v 0.0 26.537 13.519
v 0.0 42.7217 13.4878
v 0.0 26.4796 13.4759
v 0.0 42.7625 13.4609
v 0.0 26.4174 13.4386
v 0.0 42.8066 13.4372
v 0.0 26.2787 13.3812
v 0.0 28.9742 19.2782
v 0.0 26.7903 13.9643
v 0.0 27.9925 17.2025
v 0.0 26.8154 14.2275
v 0.0 26.8126 14.135
v 0.0 26.8126 14.3194
v 0.0 26.3505 13.407
v 0.0 42.8541 13.4166
v 0.0 26.1209 13.3467
v 0.0 26.0347 13.3381
v 0.0 25.9438 13.3352
v 0.0 25.8907 13.3362
v 0.0 25.838 13.3391
v 0.0 25.7859 13.344
v 0.0 25.7343 13.3509
v 0.0 25.6833 13.3597
v 0.0 25.1285 13.6343
v 0.0 25.1599 13.6038
v 0.0 25.1933 13.5749
v 0.0 25.2288 13.5475
v 0.0 25.2663 13.5215
v 0.0 25.3058 13.4971
v 0.0 25.3474 13.4742
v 0.0 25.391 13.4528
v 0.0 25.4366 13.4329
v 0.0 25.4843 13.4146
v 0.0 25.5332 13.3979
v 0.0 25.5827 13.3832
v 0.0 25.6327 13.3705
v 0.0 24.4916 13.3596
v 0.0 24.0644 13.9651
v 0.0 24.4916 13.9651
v 0.0 24.0219 13.9659
v 0.0 23.9807 13.9686
v 0.0 23.9409 13.973
v 0.0 23.2678 13.6623
v 0.0 23.9023 13.9792
v 0.0 23.8651 13.9871
v 0.0 23.288 13.7078
v 0.0 23.8292 13.9968
v 0.0 23.3049 13.7562
v 0.0 23.7946 14.0083
v 0.0 23.7613 14.0215
v 0.0 23.7293 14.0365
v 0.0 23.6988 14.0531
v 0.0 23.4379 14.4986
v 0.0 23.4407 14.463
v 0.0 23.4454 14.4283
v 0.0 23.4519 14.3945
v 0.0 23.4603 14.3616
v 0.0 23.1277 14.316
v 0.0 23.5127 14.2385
v 0.0 23.5303 14.2102
v 0.0 23.5495 14.1834
v 0.0 23.5704 14.158
v 0.0 23.5928 14.1341
v 0.0 23.6169 14.1116
v 0.0 23.6699 14.0711
v 0.0 23.6426 14.0907
v 0.0 23.2442 13.6199
v 0.0 23.2174 13.5804
v 0.0 23.1872 13.5439
v 0.0 23.1537 13.5105
v 0.0 23.1169 13.4799
v 0.0 23.0768 13.4524
v 0.0 23.0333 13.4278
v 0.0 22.9862 13.4061
v 0.0 22.9356 13.3873
v 0.0 22.8815 13.3714
v 0.0 22.6298 13.3367
v 0.0 22.8239 13.3584
v 0.0 22.7627 13.3482
v 0.0 22.698 13.341
v 0.0 22.558 13.3352
v 0.0 22.4796 13.3369
v 0.0 22.4056 13.3418
v 0.0 22.3358 13.3501
v 0.0 22.2704 13.3616
v 0.0 21.8231 13.8005
v 0.0 20.4113 17.5749
v 0.0 21.83 13.7488
v 0.0 21.8416 13.7
v 0.0 21.8578 13.6541
v 0.0 20.1729 17.9727
v 0.0 19.7058 19.2782
v 0.0 3.0 30.35
v 0.0 19.6378 19.7369
v 0.0 19.8185 18.8284
v 0.0 19.9747 18.3918
v 0.0 21.8786 13.6112
v 0.0 21.9041 13.5712
v 0.0 21.9341 13.5342
v 0.0 21.9688 13.5
v 0.0 22.0082 13.4689
v 0.0 22.052 13.4408
v 0.0 22.1001 13.4161
v 0.0 22.1525 13.3946
v 0.0 22.2093 13.3765
v 0.0 51.0422 20.6631
v 0.0 50.9742 21.1218
v 0.0 50.8615 21.5716
v 0.0 50.7053 22.0082
v 0.0 50.5071 22.4273
v 0.0 50.2687 22.8251
v 0.0 49.9925 23.1975
v 0.0 49.6811 23.5411
v 0.0 49.3375 23.8525
v 0.0 48.9651 24.1287
v 0.0 48.5673 24.3671
v 0.0 48.1482 24.5653
v 0.0 47.7116 24.7215
v 0.0 47.2618 24.8342
v 0.0 46.8031 24.9022
v 0.0 46.34 24.925
v 0.0 45.8769 24.9022
v 0.0 24.8031 24.9022
v 0.0 45.4182 24.8342
v 0.0 41.6378 20.6631
v 0.0 29.0422 20.6631
v 0.0 41.7058 21.1218
v 0.0 28.9742 21.1218
v 0.0 41.8185 21.5716
v 0.0 28.8615 21.5716
v 0.0 41.9747 22.0082
v 0.0 28.7053 22.0082
v 0.0 42.1729 22.4273
v 0.0 28.5071 22.4273
v 0.0 42.4113 22.8251
v 0.0 28.2687 22.8251
v 0.0 42.6875 23.1975
v 0.0 27.9925 23.1975
v 0.0 42.9989 23.5411
v 0.0 27.6811 23.5411
v 0.0 43.3425 23.8525
v 0.0 27.3375 23.8525
v 0.0 43.7149 24.1287
v 0.0 26.9651 24.1287
v 0.0 44.1126 24.3671
v 0.0 26.5673 24.3671
v 0.0 44.5318 24.5653
v 0.0 26.1482 24.5653
v 0.0 44.9684 24.7215
v 0.0 25.7116 24.7215
v 0.0 25.2618 24.8342
v 0.0 24.34 24.925
v 0.0 23.8769 24.9022
v 0.0 19.615 20.2
v 0.0 19.6378 20.6631
v 0.0 19.7058 21.1218
v 0.0 19.8185 21.5716
v 0.0 19.9747 22.0082
v 0.0 20.1729 22.4273
v 0.0 20.4113 22.8251
v 0.0 23.4182 24.8342
v 0.0 22.9684 24.7215
v 0.0 22.5318 24.5653
v 0.0 22.1126 24.3671
v 0.0 21.7149 24.1287
v 0.0 21.3425 23.8525
v 0.0 20.9989 23.5411
v 0.0 20.6875 23.1975
v 0.0 49.5157 15.0795
v 0.0 49.9925 17.2025
v 0.0 49.6811 16.8589
v 0.0 49.3375 16.5475
v 0.0 48.9651 16.2713
v 0.0 49.0909 15.0795
v 0.0 48.5673 16.0329
v 0.0 48.275 15.0795
v 0.0 48.1482 15.8347
v 0.0 47.7116 15.6785
v 0.0 47.6525 15.0795
v 0.0 47.5584 15.0768
v 0.0 47.2618 15.5658
v 0.0 47.4691 15.0687
v 0.0 47.3846 15.0551
v 0.0 47.3051 15.0362
v 0.0 47.2303 15.0119
v 0.0 47.1605 14.9821
v 0.0 46.8031 15.4978
v 0.0 47.0954 14.9469
v 0.0 47.0353 14.9064
v 0.0 46.98 14.8604
v 0.0 46.4487 14.8865
v 0.0 46.93 14.8093
v 0.0 46.492 14.8098
v 0.0 46.8859 14.7536
v 0.0 46.5071 14.7675
v 0.0 46.8477 14.6932
v 0.0 46.5179 14.7224
v 0.0 46.8154 14.6281
v 0.0 46.7684 14.4839
v 0.0 46.7537 14.4047
v 0.0 46.7448 14.3209
v 0.0 46.7419 14.2324
v 0.0 46.5244 14.6747
v 0.0 46.4725 14.8495
v 0.0 46.4206 14.9208
v 0.0 46.3882 14.9523
v 0.0 46.34 15.475
v 0.0 46.3514 14.9812
v 0.0 46.3105 15.0072
v 0.0 46.2657 15.0302
v 0.0 46.217 15.0501
v 0.0 46.1642 15.0669
v 0.0 46.1076 15.0806
v 0.0 46.0471 15.0913
v 0.0 45.8769 15.4978
v 0.0 45.9826 15.099
v 0.0 45.9142 15.1036
v 0.0 45.8418 15.1051
v 0.0 45.7727 15.1039
v 0.0 45.7076 15.1002
v 0.0 45.6463 15.094
v 0.0 45.4182 15.5658
v 0.0 45.589 15.0853
v 0.0 45.5356 15.0742
v 0.0 45.4862 15.0606
v 0.0 45.4407 15.0446
v 0.0 45.3991 15.026
v 0.0 45.3615 15.005
v 0.0 45.3272 14.9812
v 0.0 45.2958 14.9541
v 0.0 45.2672 14.9238
v 0.0 45.2414 14.8902
v 0.0 45.2184 14.8535
v 0.0 45.1982 14.8135
v 0.0 45.1809 14.7703
v 0.0 45.1663 14.7239
v 0.0 45.1424 14.045
v 0.0 45.1355 14.0264
v 0.0 45.1294 14.0071
v 0.0 45.1241 13.9873
v 0.0 45.1196 13.9668
v 0.0 45.1159 13.9457
v 0.0 45.1131 13.924
v 0.0 45.1111 13.9017
v 0.0 45.1098 13.8788
v 0.0 43.7104 13.627
v 0.0 43.2539 14.1201
v 0.0 43.7104 14.1201
v 0.0 43.2405 13.627
v 0.0 43.2031 13.6277
v 0.0 43.1812 14.1171
v 0.0 43.1681 13.6301
v 0.0 43.1353 13.6339
v 0.0 43.117 14.1081
v 0.0 43.1049 13.6394
v 0.0 43.0767 13.6463
v 0.0 43.0613 14.0932
v 0.0 42.9083 13.8512
v 0.0 43.0509 13.6549
v 0.0 42.9112 13.8256
v 0.0 43.0274 13.665
v 0.0 42.9161 13.8016
v 0.0 43.0061 13.6766
v 0.0 42.9231 13.7791
v 0.0 42.9872 13.6898
v 0.0 42.9073 13.8784
v 0.0 42.9704 13.7045
v 0.0 42.9556 13.7209
v 0.0 43.0143 14.0723
v 0.0 42.9428 13.7387
v 0.0 42.9319 13.7581
v 0.0 42.9115 13.9291
v 0.0 42.9757 14.0455
v 0.0 42.9244 13.9739
v 0.0 42.9458 14.0127
v 0.0 47.9149 13.6379
v 0.0 47.6598 14.8012
v 0.0 47.9149 14.8012
v 0.0 47.6098 13.6379
v 0.0 47.1061 14.1728
v 0.0 47.1466 13.9626
v 0.0 47.5594 13.6399
v 0.0 47.1044 14.2324
v 0.0 47.1652 13.9172
v 0.0 47.5114 13.6458
v 0.0 47.1062 14.2923
v 0.0 47.2125 13.8348
v 0.0 47.4657 13.6557
v 0.0 47.6019 14.7994
v 0.0 47.4224 13.6695
v 0.0 47.1115 14.349
v 0.0 47.3815 13.6873
v 0.0 47.5471 14.794
v 0.0 47.3429 13.709
v 0.0 47.1204 14.4025
v 0.0 47.3066 13.7347
v 0.0 47.4953 14.785
v 0.0 47.2411 13.7978
v 0.0 47.2727 13.7643
v 0.0 47.4466 14.7724
v 0.0 47.1329 14.4527
v 0.0 47.1871 13.8746
v 0.0 47.4009 14.7562
v 0.0 47.1489 14.4997
v 0.0 47.3582 14.7363
v 0.0 47.1314 14.0109
v 0.0 47.1196 14.062
v 0.0 47.1112 14.116
v 0.0 47.2485 14.6553
v 0.0 47.2182 14.6213
v 0.0 47.1684 14.5435
v 0.0 47.3186 14.7129
v 0.0 47.1916 14.584
v 0.0 47.282 14.6859
v 0.0 24.4916 14.2421
v 0.0 24.1193 14.8
v 0.0 24.4916 14.8
v 0.0 24.1095 14.2421
v 0.0 24.0773 14.243
v 0.0 24.0522 14.7966
v 0.0 24.0467 14.2458
v 0.0 24.0179 14.2503
v 0.0 23.8005 14.4989
v 0.0 23.9907 14.2567
v 0.0 23.8035 14.4704
v 0.0 23.9652 14.2649
v 0.0 23.7995 14.529
v 0.0 23.8084 14.4435
v 0.0 23.9414 14.275
v 0.0 23.8154 14.4182
v 0.0 23.9193 14.2868
v 0.0 23.8988 14.3005
v 0.0 23.993 14.7866
v 0.0 23.8801 14.316
v 0.0 23.8632 14.3332
v 0.0 23.8035 14.5858
v 0.0 23.8482 14.352
v 0.0 23.8353 14.3725
v 0.0 23.9416 14.7699
v 0.0 23.8244 14.3945
v 0.0 23.8153 14.636
v 0.0 23.8982 14.7464
v 0.0 23.8627 14.7163
v 0.0 23.835 14.6795
v 0.0 49.3106 14.7878
v 0.0 49.2777 14.7304
v 0.0 49.3033 14.8146
v 0.0 49.3134 14.7778
v 0.0 49.3193 14.7571
v 0.0 49.3225 14.7463
v 0.0 49.3291 14.7237
v 0.0 49.3399 14.6877
v 0.0 49.3459 14.6689
v 0.0 49.2252 14.5644
v 0.0 49.3562 14.6377
v 0.0 49.3709 14.5941
v 0.0 49.3898 14.5379
v 0.0 49.4132 14.4693
v 0.0 49.4408 14.3882
v 0.0 49.0555 14.07
v 0.0 49.4728 14.2946
v 0.0 49.5092 14.1886
v 0.0 49.5499 14.07
v 0.0 43.7104 14.3862
v 0.0 43.3003 14.8122
v 0.0 43.7104 14.8122
v 0.0 43.2979 14.3862
v 0.0 43.2689 14.8116
v 0.0 43.265 14.3868
v 0.0 43.2393 14.8098
v 0.0 43.2342 14.3888
v 0.0 43.2114 14.8067
v 0.0 43.2054 14.3921
v 0.0 43.1853 14.8025
v 0.0 43.1788 14.3966
v 0.0 43.161 14.7971
v 0.0 43.1541 14.4025
v 0.0 43.0074 14.5986
v 0.0 43.0082 14.5756
v 0.0 43.1316 14.4098
v 0.0 43.1384 14.7905
v 0.0 43.0108 14.554
v 0.0 43.1111 14.4183
v 0.0 43.0083 14.6235
v 0.0 43.015 14.5337
v 0.0 43.0927 14.4281
v 0.0 43.1176 14.7826
v 0.0 43.0763 14.4393
v 0.0 43.011 14.6468
v 0.0 43.0619 14.4517
v 0.0 43.0985 14.7736
v 0.0 43.0491 14.4655
v 0.0 43.0156 14.6684
v 0.0 43.038 14.4806
v 0.0 43.0219 14.6884
v 0.0 43.0812 14.7633
v 0.0 43.0286 14.497
v 0.0 43.0657 14.7517
v 0.0 43.021 14.5147
v 0.0 43.052 14.7383
v 0.0 43.0302 14.7067
v 0.0 43.0402 14.7233
v 1.58582 70.3258 1.2
v 1.33328 70.1744 30.35
v 1.58582 70.3258 30.35
v 1.33328 70.1744 1.2
v 0.22836 1.85194 1.2
v 0.12918 2.12915 30.35
v 0.12918 2.12915 1.2
v 0.22836 1.85194 30.35
v 2.41473 0.05765 30.35
v 2.41473 0.05765 1.2
v 117.103 69.999 1.2
v 116.867 70.1744 30.35
v 117.103 69.999 30.35
v 116.867 70.1744 1.2
v 0.01445 67.974 30.35
v 0.01445 67.974 1.2
v 115.494 0.01445 30.35
v 115.494 0.01445 1.2
v 117.846 1.58582 30.35
v 117.972 1.85194 1.2
v 117.972 1.85194 30.35
v 117.846 1.58582 1.2
v 2.70595 0.01445 30.35
v 2.70595 0.01445 1.2
v 9.65214 8.27048 1.2
v 12.6706 9.5272 1.2
v 9.90232 7.85309 1.2
v 12.6706 59.5272 1.2
v 10.4679 64.694 1.2
v 10.4917 65.18 1.2
v 9.65048 8.27326 1.2
v 10.4677 64.6907 1.2
v 12.6038 9.79375 1.2
v 10.4672 64.6875 1.2
v 9.64854 8.27587 1.2
v 10.3958 64.2062 1.2
v 9.35866 8.66672 1.2
v 10.2776 63.7341 1.2
v 12.5635 10.0656 1.2
v 10.2768 63.731 1.2
v 12.55 10.34 1.2
v 10.1129 63.2728 1.2
v 9.03187 9.02729 1.2
v 10.1118 63.2697 1.2
v 9.02969 9.02969 1.2
v 9.90371 62.8298 1.2
v 12.5635 10.6144 1.2
v 9.90232 62.8269 1.2
v 8.66913 9.35649 1.2
v 9.65214 62.4095 1.2
v 12.6038 10.8863 1.2
v 9.65048 62.4067 1.2
v 8.66672 9.35866 1.2
v 9.64854 62.4041 1.2
v 8.66412 9.3606 1.2
v 9.35866 62.0133 1.2
v 8.27326 9.65048 1.2
v 9.03187 61.6527 1.2
v 12.6706 11.1528 1.2
v 9.02969 61.6503 1.2
v 8.27048 9.65214 1.2
v 8.66913 61.3235 1.2
v 12.7631 11.4115 1.2
v 8.66672 61.3213 1.2
v 7.85309 9.90232 1.2
v 8.66412 61.3194 1.2
v 7.41319 10.1104 1.2
v 8.27326 61.0295 1.2
v 7.41025 10.1118 1.2
v 8.27048 61.0279 1.2
v 6.95208 10.2757 1.2
v 12.7631 59.2685 1.2
v 6.94903 10.2768 1.2
v 7.85309 60.7777 1.2
v 6.94588 10.2776 1.2
v 7.41319 60.5696 1.2
v 6.47384 10.3958 1.2
v 7.41025 60.5682 1.2
v 6.47063 10.3963 1.2
v 6.95208 60.4043 1.2
v 5.98928 10.4677 1.2
v 6.94903 60.4032 1.2
v 5.98604 10.4679 1.2
v 6.94588 60.4024 1.2
v 5.5 10.4917 1.2
v 6.47384 60.2842 1.2
v 6.47063 60.2837 1.2
v 5.98928 60.2123 1.2
v 5.98604 60.2121 1.2
v 5.5 60.1883 1.2
v 5.01397 10.4679 1.2
v 5.01397 60.2121 1.2
v 5.01073 10.4677 1.2
v 5.01073 60.2123 1.2
v 4.52937 10.3963 1.2
v 4.52937 60.2837 1.2
v 4.52616 10.3958 1.2
v 4.52616 60.2842 1.2
v 4.05412 10.2776 1.2
v 4.05412 60.4024 1.2
v 4.05098 10.2768 1.2
v 4.05098 60.4032 1.2
v 4.04792 10.2757 1.2
v 4.04792 60.4043 1.2
v 3.58975 10.1118 1.2
v 3.58975 60.5682 1.2
v 3.58681 10.1104 1.2
v 3.58681 60.5696 1.2
v 3.14691 9.90232 1.2
v 3.14691 60.7777 1.2
v 3.14413 9.90065 1.2
v 3.14413 60.7794 1.2
v 2.72674 9.65048 1.2
v 2.72674 61.0295 1.2
v 2.33588 9.3606 1.2
v 2.33588 61.3194 1.2
v 2.33328 9.35866 1.2
v 2.33328 61.3213 1.2
v 2.33087 9.35649 1.2
v 2.33087 61.3235 1.2
v 1.97031 9.02969 1.2
v 1.97031 61.6503 1.2
v 1.96813 9.02729 1.2
v 1.96813 61.6527 1.2
v 1.64134 8.66672 1.2
v 1.64134 62.0133 1.2
v 1.35146 8.27587 1.2
v 1.35146 62.4041 1.2
v 1.34952 8.27326 1.2
v 1.34952 62.4067 1.2
v 1.34786 8.27048 1.2
v 1.34786 62.4095 1.2
v 1.09768 7.85309 1.2
v 1.09768 62.8269 1.2
v 0.88962 7.41319 1.2
v 0.88962 63.2668 1.2
v 0.88824 7.41025 1.2
v 0.88824 63.2697 1.2
v 0.88714 7.4072 1.2
v 0.88714 63.2728 1.2
v 0.72321 6.94902 1.2
v 0.72321 63.731 1.2
v 0.60497 6.47699 1.2
v 0.60497 64.203 1.2
v 0.60418 6.47384 1.2
v 0.60418 64.2062 1.2
v 0.53278 5.99248 1.2
v 0.5323 5.98928 1.2
v 0.53214 5.98604 1.2
v 0.53278 64.6875 1.2
v 0.50826 5.5 1.2
v 0.5323 64.6907 1.2
v 18.0294 11.1528 1.2
v 22.1 15.34 1.2
v 18.0962 10.8863 1.2
v 22.1 55.34 1.2
v 18.1365 60.0656 1.2
v 18.15 60.34 1.2
v 17.9369 11.4115 1.2
v 18.0962 59.7937 1.2
v 17.8194 11.6599 1.2
v 18.0294 59.5272 1.2
v 17.6781 11.8956 1.2
v 17.9369 59.2685 1.2
v 17.5144 12.1163 1.2
v 17.8194 59.0201 1.2
v 17.3299 12.3199 1.2
v 17.6781 58.7844 1.2
v 17.1263 12.5044 1.2
v 17.5144 58.5637 1.2
v 16.9056 12.6681 1.2
v 17.3299 58.3601 1.2
v 16.6699 12.8094 1.2
v 17.1263 58.1756 1.2
v 16.4215 12.9269 1.2
v 16.9056 58.0119 1.2
v 16.1628 13.0194 1.2
v 16.6699 57.8706 1.2
v 15.8963 13.0862 1.2
v 16.4215 57.7531 1.2
v 15.6244 13.1265 1.2
v 16.1628 57.6606 1.2
v 15.35 13.14 1.2
v 15.8963 57.5938 1.2
v 15.0756 13.1265 1.2
v 15.6244 57.5535 1.2
v 15.35 57.54 1.2
v 15.0756 57.5535 1.2
v 14.8037 13.0862 1.2
v 14.8037 57.5938 1.2
v 14.5372 13.0194 1.2
v 14.5372 57.6606 1.2
v 14.2785 12.9269 1.2
v 14.2785 57.7531 1.2
v 14.0301 12.8094 1.2
v 14.0301 57.8706 1.2
v 13.7944 12.6681 1.2
v 13.7944 58.0119 1.2
v 13.5737 12.5044 1.2
v 13.5737 58.1756 1.2
v 13.3701 12.3199 1.2
v 13.3701 58.3601 1.2
v 13.1856 12.1163 1.2
v 13.1856 58.5637 1.2
v 13.0219 11.8956 1.2
v 13.0219 58.7844 1.2
v 12.8806 11.6599 1.2
v 12.8806 59.0201 1.2
v 12.8806 9.02009 1.2
v 9.90371 7.85015 1.2
v 12.7631 9.26849 1.2
v 13.0219 8.7844 1.2
v 10.1118 7.41025 1.2
v 10.1129 7.4072 1.2
v 10.2768 6.94902 1.2
v 12.6038 59.7937 1.2
v 108.163 63.0194 1.2
v 108.088 63.2697 1.2
v 108.216 63.0006 1.2
v 107.896 63.0862 1.2
v 108.087 63.2728 1.2
v 107.624 63.1265 1.2
v 107.923 63.731 1.2
v 107.35 63.14 1.2
v 107.922 63.7341 1.2
v 107.804 64.2062 1.2
v 106.804 63.0862 1.2
v 107.733 64.6875 1.2
v 107.076 63.1265 1.2
v 114.149 10.2768 1.2
v 108.906 12.6681 1.2
v 114.149 60.4032 1.2
v 112.211 60.2123 1.2
v 110.137 60.0656 1.2
v 110.15 60.34 1.2
v 108.906 58.0119 1.2
v 110.096 59.7937 1.2
v 114.146 60.4024 1.2
v 110.029 59.5272 1.2
v 113.674 60.2842 1.2
v 109.937 59.2685 1.2
v 109.126 58.1756 1.2
v 109.819 59.0201 1.2
v 113.671 60.2837 1.2
v 109.678 58.7844 1.2
v 113.189 60.2123 1.2
v 112.214 60.2121 1.2
v 109.514 58.5637 1.2
v 113.186 60.2121 1.2
v 109.33 58.3601 1.2
v 112.7 60.1883 1.2
v 108.67 12.8094 1.2
v 108.67 57.8706 1.2
v 108.422 12.9269 1.2
v 108.422 57.7531 1.2
v 108.163 13.0194 1.2
v 108.163 57.6606 1.2
v 107.896 13.0862 1.2
v 107.896 57.5938 1.2
v 107.624 13.1265 1.2
v 107.624 57.5535 1.2
v 107.35 13.14 1.2
v 107.35 57.54 1.2
v 107.076 13.1265 1.2
v 107.076 57.5535 1.2
v 96.1 15.34 1.2
v 106.804 13.0862 1.2
v 106.537 13.0194 1.2
v 96.1 55.34 1.2
v 106.278 12.9269 1.2
v 106.804 57.5938 1.2
v 106.03 12.8094 1.2
v 106.537 57.6606 1.2
v 105.794 12.6681 1.2
v 106.278 57.7531 1.2
v 105.574 12.5044 1.2
v 106.03 57.8706 1.2
v 105.37 12.3199 1.2
v 105.794 58.0119 1.2
v 105.186 12.1163 1.2
v 105.574 58.1756 1.2
v 105.022 11.8956 1.2
v 105.37 58.3601 1.2
v 104.881 11.6599 1.2
v 105.186 58.5637 1.2
v 104.763 11.4115 1.2
v 105.022 58.7844 1.2
v 104.671 11.1528 1.2
v 104.881 59.0201 1.2
v 104.604 10.8863 1.2
v 104.763 59.2685 1.2
v 104.563 10.6144 1.2
v 104.671 59.5272 1.2
v 104.55 10.34 1.2
v 104.604 59.7937 1.2
v 117.667 5.99248 1.2
v 118.2 3.0 1.2
v 117.668 5.98928 1.2
v 118.2 67.68 1.2
v 117.668 64.694 1.2
v 117.692 65.18 1.2
v 117.596 6.47384 1.2
v 117.668 64.6907 1.2
v 117.667 64.6875 1.2
v 117.596 64.2062 1.2
v 117.595 6.47699 1.2
v 117.595 64.203 1.2
v 117.477 6.94902 1.2
v 117.477 63.731 1.2
v 117.313 7.4072 1.2
v 117.313 63.2728 1.2
v 117.312 7.41025 1.2
v 117.312 63.2697 1.2
v 117.31 7.41319 1.2
v 117.31 63.2668 1.2
v 117.102 7.85309 1.2
v 117.102 62.8269 1.2
v 116.852 8.27048 1.2
v 116.852 62.4095 1.2
v 116.85 8.27326 1.2
v 116.85 62.4067 1.2
v 116.849 8.27587 1.2
v 116.849 62.4041 1.2
v 116.559 8.66672 1.2
v 116.559 62.0133 1.2
v 116.232 9.02729 1.2
v 116.232 61.6527 1.2
v 116.23 9.02969 1.2
v 116.23 61.6503 1.2
v 115.869 9.35649 1.2
v 115.869 61.3235 1.2
v 115.867 9.35866 1.2
v 115.867 61.3213 1.2
v 115.864 9.3606 1.2
v 115.864 61.3194 1.2
v 115.473 9.65048 1.2
v 115.473 61.0295 1.2
v 115.056 9.90065 1.2
v 115.056 60.7794 1.2
v 115.053 9.90232 1.2
v 115.053 60.7777 1.2
v 114.613 10.1104 1.2
v 114.613 60.5696 1.2
v 114.61 10.1118 1.2
v 114.61 60.5682 1.2
v 114.152 10.2757 1.2
v 114.152 60.4043 1.2
v 109.126 12.5044 1.2
v 113.671 10.3963 1.2
v 109.33 12.3199 1.2
v 113.674 10.3958 1.2
v 113.189 10.4677 1.2
v 112.7 10.4917 1.2
v 109.514 12.1163 1.2
v 113.186 10.4679 1.2
v 109.678 11.8956 1.2
v 112.211 10.4677 1.2
v 109.819 11.6599 1.2
v 112.214 10.4679 1.2
v 109.937 11.4115 1.2
v 111.726 10.3958 1.2
v 111.729 10.3963 1.2
v 110.029 11.1528 1.2
v 114.146 10.2776 1.2
v 111.254 10.2776 1.2
v 110.096 10.8863 1.2
v 111.251 10.2768 1.2
v 111.248 10.2757 1.2
v 111.729 60.2837 1.2
v 110.137 10.6144 1.2
v 111.726 60.2842 1.2
v 110.79 10.1118 1.2
v 111.254 60.4024 1.2
v 110.787 10.1104 1.2
v 111.251 60.4032 1.2
v 110.15 10.34 1.2
v 111.248 60.4043 1.2
v 110.347 9.90232 1.2
v 110.79 60.5682 1.2
v 110.787 60.5696 1.2
v 110.137 10.0656 1.2
v 110.096 9.79375 1.2
v 110.084 9.74468 1.2
v 117.102 3.14691 1.2
v 118.186 2.70595 1.2
v 117.668 5.98604 1.2
v 117.692 5.5 1.2
v 118.142 2.41473 1.2
v 116.852 2.72952 1.2
v 118.071 2.12915 1.2
v 117.668 65.666 1.2
v 116.849 2.72414 1.2
v 117.668 65.6693 1.2
v 116.559 2.33328 1.2
v 117.667 65.6725 1.2
v 117.694 1.33328 1.2
v 117.596 66.1538 1.2
v 117.595 66.157 1.2
v 117.668 5.01397 1.2
v 117.668 5.01073 1.2
v 117.667 5.00752 1.2
v 117.596 4.52616 1.2
v 117.595 4.52302 1.2
v 117.519 1.09682 1.2
v 117.477 4.05098 1.2
v 116.232 1.97271 1.2
v 117.321 0.87868 1.2
v 117.313 3.5928 1.2
v 117.312 3.58975 1.2
v 117.31 3.58681 1.2
v 116.23 1.97031 1.2
v 117.103 0.68097 1.2
v 115.869 1.64352 1.2
v 116.85 2.72674 1.2
v 115.867 1.64134 1.2
v 115.864 1.6394 1.2
v 115.473 1.34952 1.2
v 115.785 0.05765 1.2
v 115.056 1.09935 1.2
v 115.053 1.09768 1.2
v 115.05 1.09629 1.2
v 114.61 0.88824 1.2
v 114.152 0.7243 1.2
v 114.149 0.72321 1.2
v 114.146 0.72242 1.2
v 113.674 0.60418 1.2
v 113.671 0.6037 1.2
v 113.189 0.5323 1.2
v 112.703 0.50842 1.2
v 112.7 0.50826 1.2
v 112.697 0.50842 1.2
v 112.211 0.5323 1.2
v 111.729 0.6037 1.2
v 111.726 0.60418 1.2
v 110.79 0.88824 1.2
v 110.347 1.09768 1.2
v 110.35 1.09629 1.2
v 109.927 1.34952 1.2
v 110.344 1.09935 1.2
v 109.533 1.64134 1.2
v 109.17 1.97031 1.2
v 109.531 1.64352 1.2
v 105.186 8.5637 1.2
v 108.087 3.5928 1.2
v 108.088 3.58975 1.2
v 105.37 8.3601 1.2
v 107.922 4.05412 1.2
v 107.923 4.05098 1.2
v 107.923 6.94902 1.2
v 107.35 7.54 1.2
v 107.624 7.55348 1.2
v 106.03 7.87062 1.2
v 107.708 5.5 1.2
v 107.732 5.01397 1.2
v 107.732 5.01073 1.2
v 105.794 8.01189 1.2
v 107.733 5.00752 1.2
v 107.804 4.52616 1.2
v 107.732 5.98604 1.2
v 107.076 7.55348 1.2
v 106.804 7.5938 1.2
v 105.574 8.17557 1.2
v 106.537 7.66057 1.2
v 106.278 7.75314 1.2
v 92.1 15.34 1.2
v 108.296 3.14984 1.2
v 108.298 3.14691 1.2
v 105.022 8.7844 1.2
v 104.563 60.0656 1.2
v 104.563 10.0656 1.2
v 104.604 9.79375 1.2
v 104.671 9.5272 1.2
v 104.763 9.26849 1.2
v 104.881 9.02009 1.2
v 82.1 15.34 1.2
v 108.548 2.72952 1.2
v 108.55 2.72674 1.2
v 108.551 2.72414 1.2
v 108.841 2.33328 1.2
v 78.1 15.34 1.2
v 109.168 1.97271 1.2
v 92.1 55.34 1.2
v 68.1 15.34 1.2
v 64.1 15.34 1.2
v 7.85309 1.09768 1.2
v 78.1 55.34 1.2
v 7.41025 0.88824 1.2
v 111.248 0.7243 1.2
v 111.251 0.72321 1.2
v 54.1 15.34 1.2
v 64.1 55.34 1.2
v 8.27326 1.34952 1.2
v 6.94903 0.72321 1.2
v 111.254 0.72242 1.2
v 50.1 15.34 1.2
v 40.1 15.34 1.2
v 50.1 55.34 1.2
v 8.66672 1.64134 1.2
v 36.1 15.34 1.2
v 26.1 15.34 1.2
v 36.1 55.34 1.2
v 8.66913 1.64352 1.2
v 6.47384 0.60418 1.2
v 17.5144 8.5637 1.2
v 17.3299 8.3601 1.2
v 18.1365 10.6144 1.2
v 18.15 10.34 1.2
v 17.9369 9.26849 1.2
v 17.8194 9.02009 1.2
v 18.1365 10.0656 1.2
v 18.0962 9.79375 1.2
v 18.0294 9.5272 1.2
v 17.6781 8.7844 1.2
v 17.1263 8.17557 1.2
v 9.02969 1.97031 1.2
v 16.9056 8.01189 1.2
v 9.03187 1.97271 1.2
v 16.6699 7.87062 1.2
v 9.35866 2.33328 1.2
v 16.4215 7.75314 1.2
v 9.64854 2.72414 1.2
v 9.65048 2.72674 1.2
v 12.5635 60.0656 1.2
v 13.1856 8.5637 1.2
v 10.2776 6.94588 1.2
v 13.3701 8.3601 1.2
v 10.3958 6.47384 1.2
v 13.5737 8.17557 1.2
v 10.4672 5.99248 1.2
v 13.7944 8.01189 1.2
v 10.4677 5.98928 1.2
v 10.4679 5.98604 1.2
v 14.0301 7.87062 1.2
v 10.4917 5.5 1.2
v 14.2785 7.75314 1.2
v 10.4679 5.01397 1.2
v 14.5372 7.66057 1.2
v 10.4672 5.00752 1.2
v 14.8037 7.5938 1.2
v 10.3958 4.52616 1.2
v 15.0756 7.55348 1.2
v 16.1628 7.66057 1.2
v 10.4677 5.01073 1.2
v 10.2776 4.05412 1.2
v 10.2768 4.05098 1.2
v 15.35 7.54 1.2
v 10.1129 3.5928 1.2
v 10.1118 3.58975 1.2
v 15.6244 7.55348 1.2
v 9.90371 3.14984 1.2
v 15.8963 7.5938 1.2
v 9.90232 3.14691 1.2
v 9.65214 2.72952 1.2
v 7.85587 1.09935 1.2
v 7.85016 1.09629 1.2
v 6.95208 0.7243 1.2
v 6.94588 0.72242 1.2
v 6.47063 0.6037 1.2
v 5.98928 0.5323 1.2
v 5.50324 0.50842 1.2
v 5.49676 0.50842 1.2
v 5.5 0.50826 1.2
v 4.52937 0.6037 1.2
v 5.01073 0.5323 1.2
v 4.04792 0.7243 1.2
v 4.05098 0.72321 1.2
v 4.52616 0.60418 1.2
v 4.05412 0.72242 1.2
v 3.58975 0.88824 1.2
v 3.14984 1.09629 1.2
v 3.14691 1.09768 1.2
v 3.14413 1.09935 1.2
v 2.72674 1.34952 1.2
v 2.33588 1.6394 1.2
v 1.58582 0.35423 1.2
v 2.33328 1.64134 1.2
v 1.33328 0.50558 1.2
v 2.33087 1.64352 1.2
v 1.09682 0.68097 1.2
v 1.97031 1.97031 1.2
v 0.87868 0.87868 1.2
v 1.96813 1.97271 1.2
v 0.68097 1.09682 1.2
v 1.64134 2.33328 1.2
v 0.50558 1.33328 1.2
v 0.35423 1.58582 1.2
v 1.35146 2.72414 1.2
v 1.34952 2.72674 1.2
v 1.34786 2.72952 1.2
v 0.05765 2.41473 1.2
v 1.09768 3.14691 1.2
v 0.01445 2.70595 1.2
v 0.60418 4.52616 1.2
v 0.53278 5.00752 1.2
v 0.5323 5.01073 1.2
v 0.53214 5.01397 1.2
v 0.88962 3.58681 1.2
v 117.477 66.629 1.2
v 117.313 67.0872 1.2
v 117.312 67.0903 1.2
v 117.31 67.0932 1.2
v 117.102 67.5331 1.2
v 118.186 67.974 1.2
v 118.142 68.2653 1.2
v 116.852 67.9505 1.2
v 116.85 67.9533 1.2
v 116.849 67.9559 1.2
v 116.559 68.3467 1.2
v 117.846 69.0942 1.2
v 117.694 69.3467 1.2
v 116.232 68.7073 1.2
v 116.23 68.7097 1.2
v 115.869 69.0365 1.2
v 115.867 69.0387 1.2
v 116.614 70.3258 1.2
v 115.864 69.0406 1.2
v 116.348 70.4516 1.2
v 115.473 69.3305 1.2
v 116.071 70.5508 1.2
v 115.785 70.6223 1.2
v 115.056 69.5807 1.2
v 115.494 70.6655 1.2
v 115.053 69.5823 1.2
v 115.2 70.68 1.2
v 115.05 69.5837 1.2
v 114.61 69.7918 1.2
v 114.152 69.9557 1.2
v 114.149 69.9568 1.2
v 114.146 69.9576 1.2
v 113.674 70.0758 1.2
v 113.671 70.0763 1.2
v 113.189 70.1477 1.2
v 112.703 70.1716 1.2
v 112.7 70.1717 1.2
v 112.697 70.1716 1.2
v 112.211 70.1477 1.2
v 111.729 70.0763 1.2
v 111.726 70.0758 1.2
v 111.251 69.9568 1.2
v 111.254 69.9576 1.2
v 110.347 69.5823 1.2
v 110.79 69.7918 1.2
v 110.35 69.5837 1.2
v 109.927 69.3305 1.2
v 110.344 69.5807 1.2
v 109.17 68.7097 1.2
v 109.533 69.0387 1.2
v 109.531 69.0365 1.2
v 108.55 67.9533 1.2
v 108.841 68.3467 1.2
v 108.551 67.9559 1.2
v 105.186 62.1163 1.2
v 108.087 67.0872 1.2
v 107.923 66.629 1.2
v 105.574 62.5044 1.2
v 107.922 66.6259 1.2
v 107.804 66.1538 1.2
v 106.537 63.0194 1.2
v 107.732 64.6907 1.2
v 107.732 64.694 1.2
v 107.708 65.18 1.2
v 106.278 62.9269 1.2
v 106.03 62.8094 1.2
v 107.732 65.666 1.2
v 107.732 65.6693 1.2
v 105.794 62.6681 1.2
v 107.733 65.6725 1.2
v 105.37 62.3199 1.2
v 108.088 67.0903 1.2
v 108.296 67.5302 1.2
v 105.022 61.8956 1.2
v 104.881 61.6599 1.2
v 104.55 60.34 1.2
v 104.563 60.6144 1.2
v 104.604 60.8863 1.2
v 104.671 61.1528 1.2
v 104.763 61.4115 1.2
v 108.298 67.5331 1.2
v 82.1 55.34 1.2
v 108.548 67.9505 1.2
v 109.168 68.7073 1.2
v 68.1 55.34 1.2
v 54.1 55.34 1.2
v 8.27326 69.3305 1.2
v 7.85587 69.5807 1.2
v 7.85309 69.5823 1.2
v 40.1 55.34 1.2
v 8.66672 69.0387 1.2
v 17.1263 62.5044 1.2
v 26.1 55.34 1.2
v 17.6781 61.8956 1.2
v 17.3299 62.3199 1.2
v 18.1365 60.6144 1.2
v 18.0962 60.8863 1.2
v 18.0294 61.1528 1.2
v 17.9369 61.4115 1.2
v 17.8194 61.6599 1.2
v 17.5144 62.1163 1.2
v 16.9056 62.6681 1.2
v 9.02969 68.7097 1.2
v 16.6699 62.8094 1.2
v 9.35866 68.3467 1.2
v 16.4215 62.9269 1.2
v 9.65048 67.9533 1.2
v 16.1628 63.0194 1.2
v 9.90232 67.5331 1.2
v 15.8963 63.0862 1.2
v 9.90371 67.5302 1.2
v 15.6244 63.1265 1.2
v 10.1118 67.0903 1.2
v 15.35 63.14 1.2
v 10.2768 66.629 1.2
v 15.0756 63.1265 1.2
v 12.55 60.34 1.2
v 12.5635 60.6144 1.2
v 12.6038 60.8863 1.2
v 12.6706 61.1528 1.2
v 12.7631 61.4115 1.2
v 12.8806 61.6599 1.2
v 13.0219 61.8956 1.2
v 13.1856 62.1163 1.2
v 13.3701 62.3199 1.2
v 13.5737 62.5044 1.2
v 13.7944 62.6681 1.2
v 14.0301 62.8094 1.2
v 14.2785 62.9269 1.2
v 10.4679 65.666 1.2
v 14.5372 63.0194 1.2
v 10.4677 65.6693 1.2
v 10.4672 65.6725 1.2
v 14.8037 63.0862 1.2
v 10.3958 66.1538 1.2
v 10.2776 66.6259 1.2
v 10.1129 67.0872 1.2
v 9.65214 67.9505 1.2
v 9.64854 67.9559 1.2
v 9.03187 68.7073 1.2
v 8.66913 69.0365 1.2
v 7.85016 69.5837 1.2
v 7.41025 69.7918 1.2
v 111.248 69.9557 1.2
v 6.95208 69.9557 1.2
v 6.94903 69.9568 1.2
v 6.94588 69.9576 1.2
v 6.47384 70.0758 1.2
v 3.0 70.68 1.2
v 6.47063 70.0763 1.2
v 5.98928 70.1477 1.2
v 5.50324 70.1716 1.2
v 5.5 70.1717 1.2
v 5.49676 70.1716 1.2
v 5.01073 70.1477 1.2
v 4.52937 70.0763 1.2
v 4.52616 70.0758 1.2
v 4.05412 69.9576 1.2
v 4.05098 69.9568 1.2
v 3.14984 69.5837 1.2
v 3.14691 69.5823 1.2
v 4.04792 69.9557 1.2
v 3.58975 69.7918 1.2
v 2.70595 70.6655 1.2
v 3.14413 69.5807 1.2
v 2.41473 70.6223 1.2
v 2.72674 69.3305 1.2
v 1.85194 70.4516 1.2
v 2.33588 69.0406 1.2
v 2.33328 69.0387 1.2
v 2.33087 69.0365 1.2
v 2.12915 70.5508 1.2
v 1.97031 68.7097 1.2
v 1.96813 68.7073 1.2
v 0.68097 69.5832 1.2
v 1.64134 68.3467 1.2
v 0.22836 68.828 1.2
v 1.35146 67.9559 1.2
v 1.34952 67.9533 1.2
v 1.34786 67.9505 1.2
v 1.09768 67.5331 1.2
v 0.88962 67.0932 1.2
v 0.88824 67.0903 1.2
v 0.88714 67.0872 1.2
v 0.72321 66.629 1.2
v 0.60497 66.157 1.2
v 0.60418 66.1538 1.2
v 0.53278 65.6725 1.2
v 0.5323 65.6693 1.2
v 0.53214 65.666 1.2
v 0.50826 65.18 1.2
v 0.53214 64.694 1.2
v 0.88824 3.58975 1.2
v 0.88714 3.5928 1.2
v 0.72321 4.05098 1.2
v 0.60497 4.52302 1.2
v 110.347 60.7777 1.2
v 110.137 60.6144 1.2
v 110.096 60.8863 1.2
v 110.084 60.9353 1.2
v 108.088 7.41025 1.2
v 108.163 7.66057 1.2
v 108.216 7.67944 1.2
v 107.896 7.5938 1.2
v 108.087 7.4072 1.2
v 107.922 6.94588 1.2
v 107.804 6.47384 1.2
v 107.733 5.99248 1.2
v 107.732 5.98928 1.2
v 116.202 67.275 30.35
v 118.2 67.68 30.35
v 118.186 67.974 30.35
v 116.4 66.28 30.35
v 118.2 3.0 30.35
v 116.093 67.5056 30.35
v 118.142 68.2653 30.35
v 116.4 4.40001 30.35
v 116.387 4.14517 30.35
v 115.962 67.7245 30.35
v 116.35 3.89277 30.35
v 117.846 69.0942 30.35
v 116.288 3.64526 30.35
v 115.81 67.9294 30.35
v 117.694 69.3467 30.35
v 116.202 3.40503 30.35
v 118.186 2.70595 30.35
v 115.638 68.1184 30.35
v 116.093 3.17437 30.35
v 118.142 2.41473 30.35
v 115.449 68.2898 30.35
v 118.071 2.12915 30.35
v 116.614 70.3258 30.35
v 115.962 2.95552 30.35
v 116.387 66.5348 30.35
v 116.35 66.7872 30.35
v 115.244 68.4418 30.35
v 116.348 70.4516 30.35
v 116.288 67.0347 30.35
v 116.071 70.5508 30.35
v 115.026 68.573 30.35
v 115.785 70.6223 30.35
v 115.494 70.6655 30.35
v 114.795 68.6821 30.35
v 115.2 70.68 30.35
v 114.555 68.768 30.35
v 114.307 68.83 30.35
v 114.055 68.8675 30.35
v 113.8 68.88 30.35
v 4.40001 68.88 30.35
v 3.0 70.68 30.35
v 4.14517 68.8675 30.35
v 3.89277 68.83 30.35
v 3.64526 68.768 30.35
v 3.40503 68.6821 30.35
v 2.70595 70.6655 30.35
v 3.17438 68.573 30.35
v 2.41473 70.6223 30.35
v 2.12915 70.5508 30.35
v 2.95552 68.4418 30.35
v 1.85194 70.4516 30.35
v 2.75058 68.2898 30.35
v 2.56154 68.1184 30.35
v 0.68097 69.5832 30.35
v 2.39018 67.9294 30.35
v 0.22836 68.828 30.35
v 2.23819 67.7245 30.35
v 115.81 2.75058 30.35
v 117.694 1.33328 30.35
v 117.519 1.09682 30.35
v 115.638 2.56154 30.35
v 117.321 0.87868 30.35
v 117.103 0.68097 30.35
v 115.449 2.39018 30.35
v 115.244 2.23819 30.35
v 115.026 2.10701 30.35
v 115.785 0.05765 30.35
v 114.795 1.99792 30.35
v 114.555 1.91195 30.35
v 114.307 1.84996 30.35
v 114.055 1.81253 30.35
v 113.8 1.8 30.35
v 4.40001 1.8 30.35
v 4.14517 1.81253 30.35
v 3.89277 1.84996 30.35
v 3.64526 1.91195 30.35
v 3.40503 1.99792 30.35
v 3.17438 2.10701 30.35
v 2.95552 2.23819 30.35
v 1.58582 0.35423 30.35
v 2.75058 2.39018 30.35
v 1.09682 0.68097 30.35
v 2.56154 2.56154 30.35
v 0.68097 1.09682 30.35
v 2.39018 2.75058 30.35
v 0.35423 1.58582 30.35
v 2.23819 2.95552 30.35
v 2.10701 3.17437 30.35
v 0.01445 2.70595 30.35
v 1.99792 3.40503 30.35
v 1.91195 3.64526 30.35
v 1.84996 3.89277 30.35
v 1.81253 4.14517 30.35
v 1.8 4.40001 30.35
v 1.8 66.28 30.35
v 2.10701 67.5056 30.35
v 1.33328 0.50558 30.35
v 1.99792 67.275 30.35
v 0.87868 0.87868 30.35
v 1.91195 67.0347 30.35
v 0.50558 1.33328 30.35
v 1.84996 66.7872 30.35
v 1.81253 66.5348 30.35
v 0.05765 2.41473 30.35
v 118.2 48.4 16.0
v 118.2 45.6546 13.8885
v 118.2 45.656 13.8503
v 118.2 45.6506 13.9251
v 118.2 45.6438 13.9598
v 118.2 45.6344 13.9929
v 118.2 45.5561 14.6154
v 118.2 45.5531 14.5845
v 118.2 45.6223 14.0243
v 118.2 45.5481 14.5548
v 118.2 45.5571 14.6474
v 118.2 45.5551 14.6935
v 118.2 45.5491 14.7372
v 118.2 45.5391 14.7782
v 118.2 45.5252 14.8166
v 118.2 45.5072 14.8525
v 118.2 45.4852 14.8858
v 118.2 45.4593 14.9165
v 118.2 45.4293 14.9447
v 118.2 45.3954 14.9702
v 118.2 45.3575 14.9932
v 118.2 45.3159 15.0134
v 118.2 45.2705 15.0309
v 118.2 45.2213 15.0458
v 118.2 45.1684 15.0579
v 118.2 45.1116 15.0673
v 118.2 45.0511 15.0741
v 118.2 44.9868 15.0781
v 118.2 44.9187 15.0795
v 118.2 44.1314 15.0795
v 118.2 43.899 13.9457
v 118.2 44.1314 13.3596
v 118.2 43.9051 13.8788
v 118.2 43.9055 13.8552
v 118.2 43.9039 13.9017
v 118.2 43.9019 13.924
v 118.2 43.8953 13.9668
v 118.2 43.8909 13.9873
v 118.2 43.8856 14.0071
v 118.2 43.8795 14.0264
v 118.2 43.8726 14.045
v 118.2 43.8604 14.6742
v 118.2 43.8649 14.063
v 118.2 43.8486 14.7239
v 118.2 43.8341 14.7703
v 118.2 43.8167 14.8135
v 118.2 43.7966 14.8535
v 118.2 43.7736 14.8902
v 118.2 43.7478 14.9238
v 118.2 43.7192 14.9541
v 118.2 43.6877 14.9812
v 118.2 43.6534 15.005
v 118.2 43.3074 15.1002
v 118.2 43.6158 15.026
v 118.2 43.5742 15.0446
v 118.2 43.5287 15.0606
v 118.2 43.4793 15.0742
v 118.2 43.4259 15.0853
v 118.2 43.3686 15.094
v 118.2 43.2422 15.1039
v 118.2 43.1731 15.1051
v 118.2 37.9 16.0
v 118.2 43.1008 15.1036
v 118.2 43.0324 15.099
v 118.2 42.2254 15.0795
v 118.2 42.4884 14.6242
v 118.2 42.4906 14.6747
v 118.2 42.2254 14.0224
v 118.2 42.497 14.7224
v 118.2 42.5078 14.7675
v 118.2 42.523 14.8098
v 118.2 42.5425 14.8495
v 118.2 42.5662 14.8865
v 118.2 42.5943 14.9208
v 118.2 42.6268 14.9523
v 118.2 42.6635 14.9812
v 118.2 42.7044 15.0072
v 118.2 42.7493 15.0302
v 118.2 42.798 15.0501
v 118.2 42.8507 15.0669
v 118.2 42.9073 15.0806
v 118.2 42.9679 15.0913
v 118.2 41.0829 15.0795
v 118.2 41.8653 14.0444
v 118.2 41.8653 15.0795
v 118.2 41.0829 14.0322
v 118.2 41.864 13.9997
v 118.2 41.0841 13.9881
v 118.2 41.8602 13.9575
v 118.2 41.5067 13.6185
v 118.2 41.8538 13.9175
v 118.2 41.5463 13.6226
v 118.2 41.8448 13.88
v 118.2 41.5837 13.6294
v 118.2 41.6188 13.639
v 118.2 41.8192 13.8119
v 118.2 41.8026 13.7815
v 118.2 41.7834 13.7534
v 118.2 41.7616 13.7276
v 118.2 41.7374 13.7045
v 118.2 41.7111 13.684
v 118.2 41.6825 13.6663
v 118.2 41.6518 13.6513
v 118.2 41.8333 13.8448
v 118.2 41.465 13.6172
v 118.2 41.0877 13.9465
v 118.2 41.4243 13.6185
v 118.2 41.0937 13.9072
v 118.2 41.3859 13.6224
v 118.2 41.1021 13.8704
v 118.2 41.3498 13.6289
v 118.2 41.1129 13.836
v 118.2 41.3159 13.638
v 118.2 41.1261 13.8041
v 118.2 41.2842 13.6498
v 118.2 41.2548 13.6641
v 118.2 41.2276 13.681
v 118.2 41.2027 13.7006
v 118.2 41.18 13.7228
v 118.2 41.1416 13.7745
v 118.2 40.7228 15.0795
v 118.2 40.7228 14.0041
v 118.2 50.4 18.0
v 118.2 50.4 24.0
v 118.2 50.3904 24.196
v 118.2 50.3616 24.3902
v 118.2 50.3139 24.5806
v 118.2 50.2478 24.7654
v 118.2 50.1638 24.9428
v 118.2 50.0629 25.1111
v 118.2 49.946 25.2688
v 118.2 49.8142 25.4142
v 118.2 49.6688 25.546
v 118.2 49.5111 25.6629
v 118.2 49.3428 25.7638
v 118.2 49.1654 25.8478
v 118.2 48.9806 25.9139
v 118.2 48.7902 25.9616
v 118.2 48.596 25.9904
v 118.2 48.4 26.0
v 118.2 37.9 26.0
v 118.2 35.9 24.0
v 118.2 35.9 18.0
v 118.2 35.9096 24.196
v 118.2 35.9384 24.3902
v 118.2 35.9861 24.5806
v 118.2 36.0522 24.7654
v 118.2 36.1362 24.9428
v 118.2 36.2371 25.1111
v 118.2 36.354 25.2688
v 118.2 36.4858 25.4142
v 118.2 36.6312 25.546
v 118.2 36.7889 25.6629
v 118.2 36.9572 25.7638
v 118.2 37.1346 25.8478
v 118.2 37.3194 25.9139
v 118.2 37.5098 25.9616
v 118.2 37.704 25.9904
v 118.2 50.3904 17.804
v 118.2 50.3616 17.6098
v 118.2 50.3139 17.4194
v 118.2 50.2478 17.2346
v 118.2 50.1638 17.0572
v 118.2 50.0629 16.8889
v 118.2 49.946 16.7312
v 118.2 49.8142 16.5858
v 118.2 49.6688 16.454
v 118.2 49.5111 16.3371
v 118.2 49.3428 16.2362
v 118.2 49.1654 16.1522
v 118.2 45.5779 13.585
v 118.2 48.9806 16.0861
v 118.2 45.6017 13.6227
v 118.2 48.7902 16.0384
v 118.2 45.6213 13.663
v 118.2 48.596 16.0096
v 118.2 45.6364 13.7059
v 118.2 45.6538 13.7996
v 118.2 45.6473 13.7514
v 118.2 45.5496 13.55
v 118.2 45.5171 13.5176
v 118.2 45.4802 13.4878
v 118.2 45.4395 13.4609
v 118.2 45.3953 13.4372
v 118.2 45.3478 13.4166
v 118.2 45.297 13.3992
v 118.2 45.2427 13.385
v 118.2 45.1851 13.3739
v 118.2 45.1241 13.366
v 118.2 45.0597 13.3612
v 118.2 44.992 13.3596
v 118.2 43.9032 13.8005
v 118.2 43.8963 13.7488
v 118.2 43.8847 13.7
v 118.2 43.8685 13.6541
v 118.2 43.8477 13.6112
v 118.2 43.8222 13.5712
v 118.2 43.7922 13.5342
v 118.2 43.7575 13.5
v 118.2 43.7181 13.4689
v 118.2 43.6743 13.4408
v 118.2 43.6262 13.4161
v 118.2 43.5738 13.3946
v 118.2 43.517 13.3765
v 118.2 43.4559 13.3616
v 118.2 43.3905 13.3501
v 118.2 43.3207 13.3418
v 118.2 43.2466 13.3369
v 118.2 43.1682 13.3352
v 118.2 43.0965 13.3367
v 118.2 41.5345 13.3375
v 118.2 43.0283 13.341
v 118.2 41.6099 13.3441
v 118.2 42.9636 13.3482
v 118.2 41.6811 13.3552
v 118.2 42.9024 13.3584
v 118.2 42.8448 13.3714
v 118.2 41.7483 13.3708
v 118.2 42.7907 13.3873
v 118.2 41.8114 13.3908
v 118.2 42.7401 13.4061
v 118.2 41.8705 13.4152
v 118.2 42.693 13.4278
v 118.2 42.4078 13.8076
v 118.2 42.2229 13.9515
v 118.2 42.2154 13.8843
v 118.2 42.203 13.8207
v 118.2 42.1855 13.7607
v 118.2 42.4214 13.7562
v 118.2 42.4383 13.7078
v 118.2 42.1631 13.7043
v 118.2 42.4585 13.6623
v 118.2 42.1356 13.6516
v 118.2 42.4821 13.6199
v 118.2 42.1032 13.6025
v 118.2 42.5089 13.5804
v 118.2 42.0658 13.5571
v 118.2 42.5391 13.5439
v 118.2 42.0234 13.5153
v 118.2 42.5726 13.5105
v 118.2 42.6094 13.4799
v 118.2 41.9765 13.4775
v 118.2 42.6495 13.4524
v 118.2 41.9255 13.4441
v 118.2 41.4552 13.3352
v 118.2 41.3783 13.3374
v 118.2 41.3056 13.3438
v 118.2 41.2369 13.3545
v 118.2 41.1724 13.3695
v 118.2 41.112 13.3887
v 118.2 41.0557 13.4122
v 118.2 40.7252 13.9344
v 118.2 40.7322 13.8683
v 118.2 40.7438 13.8059
v 118.2 40.7601 13.7471
v 118.2 37.704 16.0096
v 118.2 40.781 13.692
v 118.2 37.5098 16.0384
v 118.2 40.8067 13.6406
v 118.2 40.8369 13.5929
v 118.2 37.3194 16.0861
v 118.2 40.8718 13.5489
v 118.2 37.1346 16.1522
v 118.2 40.9114 13.5085
v 118.2 36.9572 16.2362
v 118.2 36.7889 16.3371
v 118.2 35.9096 17.804
v 118.2 35.9384 17.6098
v 118.2 35.9861 17.4194
v 118.2 36.0522 17.2346
v 118.2 36.1362 17.0572
v 118.2 36.2371 16.8889
v 118.2 36.354 16.7312
v 118.2 36.4858 16.5858
v 118.2 36.6312 16.454
v 118.2 40.9554 13.4722
v 118.2 41.0035 13.4401
v 118.2 45.6074 14.054
v 118.2 45.5411 14.5262
v 118.2 45.5899 14.082
v 118.2 45.532 14.4988
v 118.2 45.5697 14.1083
v 118.2 45.521 14.4724
v 118.2 45.508 14.4472
v 118.2 45.5467 14.1329
v 118.2 45.493 14.4231
v 118.2 45.5212 14.1556
v 118.2 45.4759 14.4002
v 118.2 45.4933 14.1763
v 118.2 45.4568 14.3786
v 118.2 45.4628 14.1949
v 118.2 45.4357 14.3587
v 118.2 45.43 14.2116
v 118.2 45.4124 14.3403
v 118.2 45.3946 14.2261
v 118.2 45.387 14.3236
v 118.2 45.3596 14.3085
v 118.2 45.3569 14.2387
v 118.2 45.33 14.295
v 118.2 45.3166 14.2492
v 118.2 45.2983 14.2831
v 118.2 45.2739 14.2577
v 118.2 45.2646 14.2728
v 118.2 45.2288 14.2641
v 118.2 43.8565 14.0805
v 118.2 43.8473 14.0974
v 118.2 43.8375 14.1137
v 118.2 43.8269 14.1294
v 118.2 43.8156 14.1446
v 118.2 43.8036 14.1592
v 118.2 43.7908 14.1732
v 118.2 43.7773 14.1866
v 118.2 43.763 14.1996
v 118.2 43.7475 14.2122
v 118.2 43.7309 14.2244
v 118.2 43.7132 14.2363
v 118.2 43.6944 14.2479
v 118.2 43.6745 14.259
v 118.2 43.6536 14.2698
v 118.2 43.6315 14.2803
v 118.2 43.6083 14.2903
v 118.2 43.5112 14.6266
v 118.2 43.5828 14.3003
v 118.2 43.5539 14.3105
v 118.2 43.5214 14.3209
v 118.2 43.2537 14.3874
v 118.2 43.5046 14.6506
v 118.2 43.4966 14.6733
v 118.2 43.4872 14.6946
v 118.2 43.4855 14.3315
v 118.2 43.4764 14.7145
v 118.2 43.4643 14.7331
v 118.2 43.4508 14.7503
v 118.2 43.4461 14.3423
v 118.2 43.4359 14.7662
v 118.2 43.4196 14.7807
v 118.2 43.4032 14.3533
v 118.2 43.402 14.7938
v 118.2 43.209 14.3972
v 118.2 43.3828 14.8056
v 118.2 43.3619 14.816
v 118.2 43.3569 14.3644
v 118.2 43.3391 14.825
v 118.2 43.3147 14.8327
v 118.2 43.307 14.3758
v 118.2 43.2884 14.8389
v 118.2 43.1679 14.4067
v 118.2 43.2604 14.8438
v 118.2 43.2307 14.8472
v 118.2 43.1991 14.8493
v 118.2 43.1302 14.4158
v 118.2 43.1658 14.85
v 118.2 43.0959 14.4245
v 118.2 43.0972 14.8475
v 118.2 43.0651 14.4328
v 118.2 43.0378 14.4408
v 118.2 43.0366 14.8399
v 118.2 43.0139 14.4484
v 118.2 42.9935 14.4556
v 118.2 42.9766 14.4624
v 118.2 42.9841 14.8272
v 118.2 42.9618 14.4692
v 118.2 42.9479 14.4764
v 118.2 42.9348 14.4838
v 118.2 42.9397 14.8095
v 118.2 42.9225 14.4916
v 118.2 42.911 14.4996
v 118.2 42.8387 14.6449
v 118.2 42.9033 14.7867
v 118.2 42.9004 14.508
v 118.2 42.8391 14.6303
v 118.2 42.8427 14.688
v 118.2 42.875 14.7589
v 118.2 42.8906 14.5167
v 118.2 42.8404 14.6163
v 118.2 42.8816 14.5257
v 118.2 42.8549 14.726
v 118.2 42.8735 14.5351
v 118.2 42.8662 14.5449
v 118.2 42.8597 14.5553
v 118.2 42.8542 14.5663
v 118.2 42.8494 14.5779
v 118.2 42.8456 14.5901
v 118.2 42.8426 14.6029
v 118.2 43.5018 13.9657
v 118.2 43.5547 13.8504
v 118.2 43.5531 13.8657
v 118.2 43.4908 13.9757
v 118.2 43.5552 13.8345
v 118.2 43.5504 13.8804
v 118.2 43.5466 13.8945
v 118.2 43.5119 13.9553
v 118.2 43.5418 13.9079
v 118.2 43.5359 13.9207
v 118.2 43.529 13.9329
v 118.2 43.521 13.9444
v 118.2 43.479 13.9853
v 118.2 43.5505 13.7863
v 118.2 43.4807 13.6758
v 118.2 43.5366 13.7438
v 118.2 43.5133 13.707
v 118.2 43.4663 13.9945
v 118.2 43.4388 13.6503
v 118.2 43.4528 14.0033
v 118.2 43.4384 14.0117
v 118.2 43.3876 13.6305
v 118.2 43.423 14.0197
v 118.2 43.4068 14.0274
v 118.2 43.3898 14.0346
v 118.2 43.327 13.6163
v 118.2 43.3705 14.0419
v 118.2 43.3477 14.0494
v 118.2 43.3212 14.0573
v 118.2 43.2572 13.6078
v 118.2 43.2912 14.0655
v 118.2 43.2577 14.074
v 118.2 43.178 13.605
v 118.2 43.2205 14.0829
v 118.2 43.1386 13.6057
v 118.2 43.1798 14.0921
v 118.2 43.0656 13.6118
v 118.2 43.1356 14.1017
v 118.2 43.1011 13.608
v 118.2 43.0004 13.624
v 118.2 43.0877 14.1115
v 118.2 42.8514 13.6977
v 118.2 43.0463 14.1214
v 118.2 43.032 13.6171
v 118.2 42.7644 13.8355
v 118.2 43.0078 14.1307
v 118.2 42.7557 13.865
v 118.2 42.9722 14.1397
v 118.2 42.9708 13.6324
v 118.2 42.9431 13.6423
v 118.2 42.9394 14.1482
v 118.2 42.9174 13.6537
v 118.2 42.9096 14.1563
v 118.2 42.8936 13.6666
v 118.2 42.8826 14.1639
v 118.2 42.7748 13.8079
v 118.2 42.7868 13.7822
v 118.2 42.8586 14.1711
v 118.2 42.8374 14.1778
v 118.2 42.8004 13.7583
v 118.2 42.8192 14.1842
v 118.2 42.8025 14.1904
v 118.2 42.8717 13.6812
v 118.2 42.7862 14.1968
v 118.2 42.8158 13.7362
v 118.2 42.7703 14.2035
v 118.2 42.8327 13.7161
v 118.2 42.7548 14.2105
v 118.2 42.7396 14.2177
v 118.2 42.7248 14.2251
v 118.2 42.7103 14.2328
v 118.2 42.6962 14.2407
v 118.2 42.6825 14.2488
v 118.2 42.6691 14.2573
v 118.2 42.6562 14.2661
v 118.2 42.6438 14.2754
v 118.2 42.6318 14.2849
v 118.2 42.6203 14.2949
v 118.2 42.6092 14.3053
v 118.2 42.5986 14.316
v 118.2 42.5884 14.3271
v 118.2 42.5787 14.3386
v 118.2 42.5694 14.3505
v 118.2 42.5606 14.3628
v 118.2 42.5523 14.3756
v 118.2 42.5445 14.3888
v 118.2 42.5371 14.4025
v 118.2 42.5302 14.4167
v 118.2 42.5237 14.4313
v 118.2 42.5177 14.4463
v 118.2 42.5122 14.4618
v 118.2 42.5072 14.4778
v 118.2 42.5028 14.4943
v 118.2 42.499 14.5114
v 118.2 42.4957 14.5289
v 118.2 42.4931 14.5469
v 118.2 42.491 14.5655
v 118.2 42.4896 14.5845
v 118.2 42.4887 14.6041
v 118.2 41.1596 13.7474
v 118.2 45.1252 13.6463
v 118.2 45.2937 13.8512
v 118.2 45.2947 13.8784
v 118.2 45.1406 14.0932
v 118.2 45.2904 13.9291
v 118.2 45.2907 13.8256
v 118.2 45.1877 14.0723
v 118.2 45.2776 13.9739
v 118.2 45.1511 13.6549
v 118.2 45.2262 14.0455
v 118.2 45.2562 14.0127
v 118.2 45.1746 13.665
v 118.2 45.2858 13.8016
v 118.2 45.2789 13.7791
v 118.2 45.27 13.7581
v 118.2 45.2591 13.7387
v 118.2 45.2463 13.7209
v 118.2 45.2315 13.7045
v 118.2 45.1958 13.6766
v 118.2 45.2147 13.6898
v 118.2 45.0971 13.6394
v 118.2 45.085 14.1081
v 118.2 45.0666 13.6339
v 118.2 45.0339 13.6301
v 118.2 45.0208 14.1171
v 118.2 44.9988 13.6277
v 118.2 44.9614 13.627
v 118.2 44.948 14.1201
v 118.2 44.4915 13.627
v 118.2 44.4915 14.1201
v 118.2 45.041 14.7971
v 118.2 45.1946 14.5986
v 118.2 45.1937 14.6235
v 118.2 45.0478 14.4025
v 118.2 45.1937 14.5756
v 118.2 45.0636 14.7905
v 118.2 45.1909 14.6468
v 118.2 45.0703 14.4098
v 118.2 45.0844 14.7826
v 118.2 45.1864 14.6684
v 118.2 45.1034 14.7736
v 118.2 45.18 14.6884
v 118.2 45.1912 14.554
v 118.2 45.1718 14.7067
v 118.2 45.1207 14.7633
v 118.2 45.1618 14.7233
v 118.2 45.0908 14.4183
v 118.2 45.1869 14.5337
v 118.2 45.1499 14.7383
v 118.2 45.1362 14.7517
v 118.2 45.181 14.5147
v 118.2 45.1733 14.497
v 118.2 45.1092 14.4281
v 118.2 45.1639 14.4806
v 118.2 45.1529 14.4655
v 118.2 45.1401 14.4517
v 118.2 45.1256 14.4393
v 118.2 45.0232 14.3966
v 118.2 45.0166 14.8025
v 118.2 44.9965 14.3921
v 118.2 44.9905 14.8067
v 118.2 44.9678 14.3888
v 118.2 44.9627 14.8098
v 118.2 44.937 14.3868
v 118.2 44.933 14.8116
v 118.2 44.9041 14.3862
v 118.2 44.9016 14.8122
v 118.2 44.4915 14.8122
v 118.2 44.4915 14.3862
v 51.9 70.68 25.0
v 33.2921 70.68 25.4807
v 32.9 70.68 25.5
v 51.704 70.68 24.9904
v 33.6804 70.68 25.4231
v 51.5098 70.68 24.9616
v 69.9 70.68 25.0
v 70.096 70.68 24.9904
v 70.2902 70.68 24.9616
v 70.4806 70.68 24.9139
v 70.6654 70.68 24.8478
v 70.8428 70.68 24.7638
v 71.0111 70.68 24.6629
v 71.1688 70.68 24.546
v 71.3142 70.68 24.4142
v 71.446 70.68 24.2688
v 71.5629 70.68 24.1111
v 71.6638 70.68 23.9428
v 71.7478 70.68 23.7654
v 71.8139 70.68 23.5806
v 71.8616 70.68 23.3902
v 71.8904 70.68 23.196
v 71.9 70.68 23.0
v 71.9 70.68 19.0
v 71.8904 70.68 18.804
v 71.8616 70.68 18.6098
v 71.8139 70.68 18.4194
v 71.7478 70.68 18.2346
v 71.6638 70.68 18.0572
v 71.5629 70.68 17.8889
v 71.446 70.68 17.7312
v 71.3142 70.68 17.5858
v 71.1688 70.68 17.454
v 71.0111 70.68 17.3371
v 70.8428 70.68 17.2362
v 70.6654 70.68 17.1522
v 61.6893 70.68 15.1039
v 69.9 70.68 17.0
v 61.7584 70.68 15.1051
v 62.3924 70.68 13.5439
v 70.096 70.68 17.0096
v 62.359 70.68 13.5105
v 70.2902 70.68 17.0384
v 61.8308 70.68 15.1036
v 61.8992 70.68 15.099
v 61.9637 70.68 15.0913
v 62.0242 70.68 15.0806
v 62.0808 70.68 15.0669
v 62.1335 70.68 15.0501
v 62.1823 70.68 15.0302
v 62.2271 70.68 15.0072
v 62.3221 70.68 13.4799
v 70.4806 70.68 17.0861
v 62.268 70.68 14.9812
v 62.3048 70.68 14.9523
v 62.3372 70.68 14.9208
v 62.3653 70.68 14.8865
v 62.3891 70.68 14.8495
v 62.4086 70.68 14.8098
v 62.4237 70.68 14.7675
v 62.4345 70.68 14.7224
v 62.441 70.68 14.6747
v 62.5237 70.68 13.8076
v 62.4431 70.68 14.6242
v 62.4429 70.68 14.6041
v 62.442 70.68 14.5845
v 62.4405 70.68 14.5655
v 62.4384 70.68 14.5469
v 62.4358 70.68 14.5289
v 62.4326 70.68 14.5114
v 62.4288 70.68 14.4943
v 62.4244 70.68 14.4778
v 62.4194 70.68 14.4618
v 62.4138 70.68 14.4463
v 62.4079 70.68 14.4313
v 62.4014 70.68 14.4167
v 62.3945 70.68 14.4025
v 62.3871 70.68 14.3888
v 62.3792 70.68 14.3756
v 62.3709 70.68 14.3628
v 62.3621 70.68 14.3505
v 62.3528 70.68 14.3386
v 62.3431 70.68 14.3271
v 62.333 70.68 14.316
v 62.3223 70.68 14.3053
v 62.3113 70.68 14.2949
v 62.2997 70.68 14.2849
v 62.2878 70.68 14.2754
v 62.2753 70.68 14.2661
v 62.2624 70.68 14.2573
v 62.2491 70.68 14.2488
v 62.1758 70.68 13.865
v 62.2354 70.68 14.2407
v 62.2212 70.68 14.2328
v 62.2068 70.68 14.2251
v 62.192 70.68 14.2177
v 62.1768 70.68 14.2105
v 62.1612 70.68 14.2035
v 62.1453 70.68 14.1968
v 62.129 70.68 14.1904
v 62.1124 70.68 14.1842
v 61.9311 70.68 13.624
v 61.796 70.68 14.1017
v 61.8438 70.68 14.1115
v 61.8659 70.68 13.6118
v 61.8995 70.68 13.6171
v 61.8304 70.68 13.608
v 61.7517 70.68 14.0921
v 61.7929 70.68 13.6057
v 61.711 70.68 14.0829
v 61.7535 70.68 13.605
v 61.6738 70.68 14.074
v 61.6744 70.68 13.6078
v 62.0802 70.68 13.6977
v 61.8852 70.68 14.1214
v 61.6403 70.68 14.0655
v 62.1671 70.68 13.8355
v 61.9238 70.68 14.1307
v 61.6103 70.68 14.0573
v 61.9594 70.68 14.1397
v 61.6045 70.68 13.6163
v 61.5839 70.68 14.0494
v 61.9921 70.68 14.1482
v 61.561 70.68 14.0419
v 62.022 70.68 14.1563
v 61.544 70.68 13.6305
v 61.5417 70.68 14.0346
v 62.0489 70.68 14.1639
v 62.073 70.68 14.1711
v 61.5247 70.68 14.0274
v 62.0941 70.68 14.1778
v 61.5085 70.68 14.0197
v 61.4927 70.68 13.6503
v 61.4932 70.68 14.0117
v 61.4787 70.68 14.0033
v 61.4652 70.68 13.9945
v 61.4525 70.68 13.9853
v 61.3763 70.68 13.8345
v 61.4407 70.68 13.9757
v 61.4297 70.68 13.9657
v 61.3769 70.68 13.8504
v 62.282 70.68 13.4524
v 62.5101 70.68 13.7562
v 62.4932 70.68 13.7078
v 62.473 70.68 13.6623
v 62.4495 70.68 13.6199
v 62.4226 70.68 13.5804
v 62.2385 70.68 13.4278
v 62.1914 70.68 13.4061
v 61.835 70.68 13.3367
v 61.7633 70.68 13.3352
v 61.9032 70.68 13.341
v 61.9679 70.68 13.3482
v 62.0291 70.68 13.3584
v 62.0867 70.68 13.3714
v 62.1409 70.68 13.3873
v 32.5079 70.68 25.4807
v 32.1196 70.68 25.4231
v 31.7389 70.68 25.3278
v 31.3693 70.68 25.1955
v 31.0144 70.68 25.0277
v 30.6777 70.68 24.8259
v 30.3624 70.68 24.592
v 30.0716 70.68 24.3284
v 29.808 70.68 24.0376
v 29.5741 70.68 23.7223
v 29.3723 70.68 23.3856
v 29.2045 70.68 23.0307
v 29.0722 70.68 22.6611
v 28.9769 70.68 22.2804
v 28.9193 70.68 21.8921
v 28.9 70.68 21.5
v 28.9193 70.68 21.1079
v 28.9769 70.68 20.7196
v 29.0722 70.68 20.3389
v 29.2045 70.68 19.9693
v 30.1487 70.68 14.621
v 29.3723 70.68 19.6144
v 30.1652 70.68 14.7198
v 29.5741 70.68 19.2777
v 30.1796 70.68 14.7648
v 29.808 70.68 18.9624
v 30.2209 70.68 14.8465
v 30.0716 70.68 18.6716
v 30.2787 70.68 14.9168
v 30.3624 70.68 18.408
v 30.3527 70.68 14.9754
v 30.6777 70.68 18.1741
v 30.4902 70.68 15.0392
v 31.0144 70.68 17.9723
v 30.6589 70.68 15.0735
v 31.3693 70.68 17.8045
v 34.4307 70.68 17.8045
v 34.7411 70.68 15.0783
v 34.0611 70.68 17.6722
v 35.5807 70.68 13.3602
v 50.7889 70.68 17.3371
v 50.9572 70.68 17.2362
v 51.1346 70.68 17.1522
v 51.3194 70.68 17.0861
v 51.5098 70.68 17.0384
v 59.5491 70.68 13.545
v 51.704 70.68 17.0096
v 59.5141 70.68 13.5764
v 51.9 70.68 17.0
v 60.1776 70.68 15.0795
v 60.0835 70.68 15.0768
v 60.8001 70.68 15.0795
v 61.6241 70.68 15.1002
v 61.5629 70.68 15.094
v 61.5056 70.68 15.0853
v 34.1171 70.68 15.0801
v 34.6179 70.68 15.0642
v 33.6804 70.68 17.5769
v 33.7521 70.68 15.0801
v 33.2921 70.68 17.5193
v 33.1369 70.68 15.0801
v 32.9 70.68 17.5
v 32.1275 70.68 15.0801
v 32.5079 70.68 17.5193
v 32.7341 70.68 15.0801
v 32.1196 70.68 17.5769
v 31.7625 70.68 15.0801
v 31.648 70.68 15.0801
v 31.7389 70.68 17.6722
v 30.7887 70.68 15.0801
v 30.722 70.68 15.0784
v 30.5992 70.68 15.0653
v 30.543 70.68 15.0539
v 30.4409 70.68 15.0212
v 30.3951 70.68 14.9999
v 30.3138 70.68 14.9476
v 30.2478 70.68 14.883
v 30.1982 70.68 14.8071
v 30.1549 70.68 14.6718
v 30.1466 70.68 14.5674
v 30.0611 70.68 13.3602
v 30.1479 70.68 14.5279
v 30.1517 70.68 14.4895
v 30.158 70.68 14.4524
v 30.1669 70.68 14.4166
v 30.1782 70.68 14.3819
v 30.1922 70.68 14.3485
v 30.2086 70.68 14.3163
v 30.2276 70.68 14.2853
v 30.2492 70.68 14.2555
v 30.2728 70.68 14.2275
v 30.2983 70.68 14.2016
v 30.3255 70.68 14.178
v 30.3545 70.68 14.1566
v 30.3853 70.68 14.1374
v 30.4883 70.68 14.0931
v 30.5262 70.68 14.0828
v 30.4522 70.68 14.1057
v 30.4179 70.68 14.1204
v 61.6849 70.68 13.3369
v 60.8001 70.68 13.3596
v 61.6108 70.68 13.3418
v 60.1044 70.68 13.3596
v 34.0611 70.68 25.3278
v 51.3194 70.68 24.9139
v 34.4307 70.68 25.1955
v 51.1346 70.68 24.8478
v 34.7856 70.68 25.0277
v 50.9572 70.68 24.7638
v 35.1223 70.68 24.8259
v 50.7889 70.68 24.6629
v 35.4376 70.68 24.592
v 50.6312 70.68 24.546
v 50.4858 70.68 24.4142
v 35.7284 70.68 24.3284
v 50.354 70.68 24.2688
v 35.992 70.68 24.0376
v 50.2371 70.68 24.1111
v 36.2259 70.68 23.7223
v 50.1362 70.68 23.9428
v 36.4277 70.68 23.3856
v 50.0522 70.68 23.7654
v 36.5955 70.68 23.0307
v 49.9861 70.68 23.5806
v 49.9384 70.68 23.3902
v 36.7278 70.68 22.6611
v 49.9096 70.68 23.196
v 36.8231 70.68 22.2804
v 49.9 70.68 23.0
v 36.8807 70.68 21.8921
v 36.9 70.68 21.5
v 36.8807 70.68 21.1079
v 49.9 70.68 19.0
v 36.8231 70.68 20.7196
v 36.7278 70.68 20.3389
v 49.9096 70.68 18.804
v 36.5955 70.68 19.9693
v 49.9384 70.68 18.6098
v 36.4277 70.68 19.6144
v 49.9861 70.68 18.4194
v 35.5807 70.68 15.0801
v 50.0522 70.68 18.2346
v 50.1362 70.68 18.0572
v 36.2259 70.68 19.2777
v 50.2371 70.68 17.8889
v 35.992 70.68 18.9624
v 50.354 70.68 17.7312
v 35.7284 70.68 18.6716
v 50.4858 70.68 17.5858
v 35.4376 70.68 18.408
v 50.6312 70.68 17.454
v 35.1223 70.68 18.1741
v 34.7856 70.68 17.9723
v 34.808 70.68 15.0801
v 61.3785 70.68 13.8657
v 62.1568 70.68 13.8079
v 61.4197 70.68 13.9553
v 62.1448 70.68 13.7822
v 61.4106 70.68 13.9444
v 61.4025 70.68 13.9329
v 62.1311 70.68 13.7583
v 62.1158 70.68 13.7362
v 61.3956 70.68 13.9207
v 62.0988 70.68 13.7161
v 61.3897 70.68 13.9079
v 61.3812 70.68 13.8804
v 62.0599 70.68 13.6812
v 62.0379 70.68 13.6666
v 62.0141 70.68 13.6537
v 61.9884 70.68 13.6423
v 61.9607 70.68 13.6324
v 61.381 70.68 13.7863
v 61.3849 70.68 13.8945
v 61.395 70.68 13.7438
v 61.4508 70.68 13.6758
v 61.4182 70.68 13.707
v 32.9455 70.68 14.6878
v 32.9325 70.68 14.68
v 32.9392 70.68 14.7224
v 32.9516 70.68 14.6551
v 32.9255 70.68 14.638
v 32.9575 70.68 14.6243
v 32.9181 70.68 14.5964
v 32.963 70.68 14.5953
v 32.9683 70.68 14.5683
v 32.9105 70.68 14.5552
v 32.9733 70.68 14.5431
v 32.9025 70.68 14.5144
v 32.9781 70.68 14.5198
v 32.9825 70.68 14.4984
v 32.8941 70.68 14.4739
v 32.9868 70.68 14.4789
v 32.9936 70.68 14.4486
v 32.8855 70.68 14.4339
v 33.0059 70.68 14.3947
v 32.8765 70.68 14.3942
v 32.8671 70.68 14.355
v 33.0238 70.68 14.3174
v 33.0472 70.68 14.2166
v 33.076 70.68 14.0923
v 32.634 70.68 13.3602
v 33.1504 70.68 13.7732
v 33.2468 70.68 13.3602
v 31.2879 70.68 13.3602
v 30.8656 70.68 14.0132
v 31.2879 70.68 14.0132
v 30.4664 70.68 13.3602
v 35.2206 70.68 13.9656
v 35.2206 70.68 13.3602
v 34.7934 70.68 13.9656
v 61.8356 70.68 14.4245
v 61.7657 70.68 14.85
v 61.8344 70.68 14.8475
v 61.8014 70.68 14.4158
v 61.7324 70.68 14.8493
v 61.8938 70.68 14.4408
v 61.8949 70.68 14.8399
v 61.7009 70.68 14.8472
v 61.7637 70.68 14.4067
v 61.9549 70.68 14.4624
v 61.9475 70.68 14.8272
v 61.6711 70.68 14.8438
v 61.6431 70.68 14.8389
v 61.9968 70.68 14.4838
v 61.9919 70.68 14.8095
v 61.7225 70.68 14.3972
v 61.6169 70.68 14.8327
v 62.0928 70.68 14.6449
v 62.0282 70.68 14.7867
v 61.5924 70.68 14.825
v 61.5697 70.68 14.816
v 62.0888 70.68 14.688
v 62.0565 70.68 14.7589
v 61.5487 70.68 14.8056
v 61.5295 70.68 14.7938
v 62.0767 70.68 14.726
v 61.5119 70.68 14.7807
v 61.4957 70.68 14.7662
v 61.6778 70.68 14.3874
v 61.4808 70.68 14.7503
v 62.0091 70.68 14.4916
v 62.0205 70.68 14.4996
v 62.0924 70.68 14.6303
v 61.8664 70.68 14.4328
v 62.0311 70.68 14.508
v 62.0911 70.68 14.6163
v 31.648 70.68 13.3602
v 32.2068 70.68 13.3602
v 32.5168 70.68 14.1646
v 32.335 70.68 14.1231
v 32.5107 70.68 14.1386
v 32.5037 70.68 14.1062
v 32.4958 70.68 14.0675
v 32.487 70.68 14.0223
v 32.4774 70.68 13.9708
v 32.3996 70.68 13.8423
v 32.4669 70.68 13.9129
v 32.4555 70.68 13.8486
v 32.4433 70.68 13.7779
v 32.4302 70.68 13.7007
v 33.1816 70.68 14.8891
v 33.2219 70.68 14.7165
v 33.2578 70.68 14.5624
v 33.2893 70.68 14.4267
v 33.3163 70.68 14.3095
v 33.5031 70.68 13.9693
v 33.339 70.68 14.2107
v 33.3572 70.68 14.1303
v 33.371 70.68 14.0683
v 33.3804 70.68 14.0248
v 33.3949 70.68 13.9554
v 33.4095 70.68 13.8846
v 33.4244 70.68 13.8122
v 33.4394 70.68 13.7383
v 33.4469 70.68 13.7007
v 34.5616 70.68 15.052
v 34.5088 70.68 15.0362
v 34.4595 70.68 15.0168
v 34.4137 70.68 14.994
v 34.3714 70.68 14.9677
v 34.3326 70.68 14.9378
v 34.2976 70.68 14.9048
v 34.2668 70.68 14.8688
v 34.24 70.68 14.83
v 34.2174 70.68 14.7882
v 34.1989 70.68 14.7435
v 34.1845 70.68 14.6959
v 34.1742 70.68 14.6454
v 34.168 70.68 14.592
v 34.166 70.68 14.5356
v 33.674 70.68 13.3602
v 34.1669 70.68 14.4992
v 34.1697 70.68 14.4636
v 34.7509 70.68 13.9665
v 34.7097 70.68 13.9691
v 34.6699 70.68 13.9736
v 34.6313 70.68 13.9797
v 34.5941 70.68 13.9877
v 34.5582 70.68 13.9974
v 34.5236 70.68 14.0088
v 34.4903 70.68 14.0221
v 34.4583 70.68 14.037
v 34.4278 70.68 14.0536
v 34.3989 70.68 14.0717
v 34.3716 70.68 14.0912
v 34.1744 70.68 14.4289
v 34.1809 70.68 14.3951
v 34.1893 70.68 14.3621
v 34.1996 70.68 14.33
v 34.2118 70.68 14.2988
v 34.2258 70.68 14.2685
v 34.2417 70.68 14.239
v 34.2593 70.68 14.2107
v 34.2785 70.68 14.1839
v 34.2994 70.68 14.1586
v 34.3218 70.68 14.1346
v 34.3459 70.68 14.1122
v 59.9942 70.68 15.0687
v 61.4522 70.68 15.0742
v 61.4028 70.68 15.0606
v 61.3573 70.68 15.0446
v 61.3157 70.68 15.026
v 61.2781 70.68 15.005
v 61.2438 70.68 14.9812
v 61.2124 70.68 14.9541
v 61.1838 70.68 14.9238
v 61.1579 70.68 14.8902
v 61.135 70.68 14.8535
v 61.1148 70.68 14.8135
v 61.0974 70.68 14.7703
v 61.0829 70.68 14.7239
v 61.0712 70.68 14.6742
v 62.0409 70.68 14.5167
v 62.089 70.68 14.6029
v 62.086 70.68 14.5901
v 62.0499 70.68 14.5257
v 62.0821 70.68 14.5779
v 62.0774 70.68 14.5663
v 62.0718 70.68 14.5553
v 62.0654 70.68 14.5449
v 62.0581 70.68 14.5351
v 61.9836 70.68 14.4764
v 61.9697 70.68 14.4692
v 61.938 70.68 14.4556
v 61.9176 70.68 14.4484
v 61.4673 70.68 14.7331
v 61.4551 70.68 14.7145
v 61.4444 70.68 14.6946
v 61.435 70.68 14.6733
v 61.4269 70.68 14.6506
v 61.4203 70.68 14.6266
v 61.6245 70.68 14.3758
v 61.5747 70.68 14.3644
v 61.5283 70.68 14.3533
v 61.4854 70.68 14.3423
v 61.446 70.68 14.3315
v 61.4101 70.68 14.3209
v 61.3777 70.68 14.3105
v 61.3487 70.68 14.3003
v 61.3232 70.68 14.2903
v 61.3001 70.68 14.2803
v 61.278 70.68 14.2698
v 61.257 70.68 14.259
v 61.2371 70.68 14.2479
v 61.2183 70.68 14.2363
v 61.2006 70.68 14.2244
v 61.1841 70.68 14.2122
v 61.1686 70.68 14.1996
v 61.1542 70.68 14.1866
v 61.1407 70.68 14.1732
v 61.128 70.68 14.1592
v 61.1159 70.68 14.1446
v 61.1046 70.68 14.1294
v 61.0941 70.68 14.1137
v 61.0842 70.68 14.0974
v 61.0751 70.68 14.0805
v 61.0667 70.68 14.063
v 61.059 70.68 14.045
v 61.0521 70.68 14.0264
v 61.0459 70.68 14.0071
v 61.0407 70.68 13.9873
v 61.0362 70.68 13.9668
v 61.0325 70.68 13.9457
v 61.0297 70.68 13.924
v 61.0276 70.68 13.9017
v 61.0264 70.68 13.8788
v 61.026 70.68 13.8552
v 61.0283 70.68 13.8005
v 61.0353 70.68 13.7488
v 61.0468 70.68 13.7
v 61.063 70.68 13.6541
v 61.0839 70.68 13.6112
v 61.1093 70.68 13.5712
v 61.1394 70.68 13.5342
v 61.1741 70.68 13.5
v 61.2134 70.68 13.4689
v 61.2572 70.68 13.4408
v 61.3053 70.68 13.4161
v 61.3578 70.68 13.3946
v 61.4145 70.68 13.3765
v 61.4756 70.68 13.3616
v 61.5411 70.68 13.3501
v 59.9097 70.68 15.0551
v 59.8302 70.68 15.0362
v 59.7554 70.68 15.0119
v 59.6856 70.68 14.9821
v 59.6205 70.68 14.9469
v 59.5604 70.68 14.9064
v 59.5051 70.68 14.8604
v 34.6778 70.68 15.073
v 59.4551 70.68 14.8093
v 59.411 70.68 14.7536
v 59.3728 70.68 14.6932
v 59.3405 70.68 14.6281
v 59.314 70.68 14.5583
v 59.2935 70.68 14.4839
v 59.2788 70.68 14.4047
v 59.27 70.68 14.3209
v 59.267 70.68 14.2324
v 59.2683 70.68 14.1741
v 59.2722 70.68 14.1175
v 59.2786 70.68 14.0625
v 59.2876 70.68 14.0092
v 59.2992 70.68 13.9576
v 59.3134 70.68 13.9077
v 59.3302 70.68 13.8594
v 59.3495 70.68 13.8128
v 59.3714 70.68 13.7679
v 59.3956 70.68 13.725
v 59.422 70.68 13.6844
v 59.4506 70.68 13.6461
v 59.4813 70.68 13.6101
v 59.5862 70.68 13.5159
v 59.6254 70.68 13.4891
v 59.6668 70.68 13.4646
v 59.7099 70.68 13.4426
v 59.7544 70.68 13.4231
v 59.8003 70.68 13.4063
v 59.8476 70.68 13.392
v 59.8962 70.68 13.3804
v 59.9462 70.68 13.3713
v 59.9975 70.68 13.3648
v 60.0503 70.68 13.3609
v 60.4401 70.68 13.6379
v 60.1849 70.68 14.8012
v 60.4401 70.68 14.8012
v 59.6295 70.68 14.2324
v 60.1349 70.68 13.6379
v 59.6313 70.68 14.2923
v 60.127 70.68 14.7994
v 59.6367 70.68 14.349
v 59.6455 70.68 14.4025
v 60.0722 70.68 14.794
v 60.0204 70.68 14.785
v 59.9717 70.68 14.7724
v 59.658 70.68 14.4527
v 59.926 70.68 14.7562
v 59.674 70.68 14.4997
v 59.8833 70.68 14.7363
v 59.8437 70.68 14.7129
v 59.8071 70.68 14.6859
v 59.7736 70.68 14.6553
v 59.7434 70.68 14.6213
v 59.7167 70.68 14.584
v 59.6936 70.68 14.5435
v 59.6312 70.68 14.1728
v 59.6363 70.68 14.116
v 59.6447 70.68 14.062
v 59.6565 70.68 14.0109
v 59.6717 70.68 13.9626
v 59.6903 70.68 13.9172
v 60.0845 70.68 13.6399
v 59.7122 70.68 13.8746
v 59.7376 70.68 13.8348
v 59.7663 70.68 13.7978
v 59.7978 70.68 13.7643
v 59.8317 70.68 13.7347
v 59.868 70.68 13.709
v 59.9066 70.68 13.6873
v 59.9475 70.68 13.6695
v 59.9908 70.68 13.6557
v 60.0365 70.68 13.6458
v 31.2879 70.68 14.2927
v 30.8265 70.68 14.8005
v 31.2879 70.68 14.8005
v 30.8167 70.68 14.2927
v 30.7599 70.68 14.7975
v 30.784 70.68 14.2936
v 30.7531 70.68 14.2961
v 30.724 70.68 14.3003
v 30.7011 70.68 14.7883
v 30.6967 70.68 14.3062
v 30.5091 70.68 14.5527
v 30.5131 70.68 14.6047
v 30.6502 70.68 14.773
v 30.6071 70.68 14.7516
v 30.5718 70.68 14.724
v 30.5248 70.68 14.6506
v 30.5444 70.68 14.6904
v 30.5101 70.68 14.526
v 30.6712 70.68 14.3138
v 30.513 70.68 14.5007
v 30.5178 70.68 14.4766
v 30.5246 70.68 14.454
v 30.5333 70.68 14.4327
v 30.5439 70.68 14.4128
v 30.5564 70.68 14.3942
v 30.5709 70.68 14.377
v 30.5873 70.68 14.3611
v 30.6055 70.68 14.3467
v 30.6256 70.68 14.3341
v 30.6475 70.68 14.3231
v 35.2206 70.68 14.2427
v 34.8483 70.68 14.8005
v 35.2206 70.68 14.8005
v 34.8385 70.68 14.2427
v 34.7812 70.68 14.7972
v 34.8063 70.68 14.2436
v 34.7757 70.68 14.2463
v 34.5285 70.68 14.5295
v 34.722 70.68 14.7871
v 34.5324 70.68 14.5864
v 34.6706 70.68 14.7704
v 34.5443 70.68 14.6366
v 34.5917 70.68 14.7169
v 34.564 70.68 14.6801
v 34.6272 70.68 14.747
v 34.5295 70.68 14.4994
v 34.7469 70.68 14.2509
v 34.5325 70.68 14.4709
v 34.7197 70.68 14.2573
v 34.5374 70.68 14.444
v 34.6942 70.68 14.2655
v 34.5444 70.68 14.4187
v 34.5534 70.68 14.3951
v 34.5643 70.68 14.373
v 34.5772 70.68 14.3526
v 34.5922 70.68 14.3338
v 34.6278 70.68 14.301
v 34.6704 70.68 14.2755
v 34.6482 70.68 14.2874
v 34.6091 70.68 14.3165
v 2.23819 2.95552 3.6
v 2.39018 2.75058 3.6
v 114.555 1.91195 3.6
v 114.307 1.84996 3.6
v 115.962 2.95552 3.6
v 116.093 3.17437 3.6
v 2.10701 67.5056 3.6
v 1.99792 67.275 3.6
v 3.89277 1.84996 3.6
v 3.64526 1.91195 3.6
v 114.055 68.8675 3.6
v 114.307 68.83 3.6
v 3.64526 68.768 3.6
v 3.89277 68.83 3.6
v 1.81253 4.14517 3.6
v 1.84996 3.89277 3.6
v 3.17438 2.10701 3.6
v 2.95552 2.23819 3.6
v 116.202 3.40503 3.6
v 116.288 3.64526 3.6
v 116.35 3.89277 3.6
v 116.387 4.14517 3.6
v 2.56154 68.1184 3.6
v 2.75058 68.2898 3.6
v 65.35 1.8 25.05
v 113.8 1.8 3.6
v 57.35 1.8 25.05
v 16.15 1.8 19.4
v 16.15 1.8 21.0
v 29.1 1.8 29.35
v 57.35 1.8 29.35
v 29.1 1.8 25.05
v 93.1 1.8 25.05
v 65.35 1.8 29.35
v 93.1 1.8 29.35
v 101.1 1.8 29.35
v 108.15 1.8 21.0
v 106.55 1.8 19.4
v 101.1 1.8 25.05
v 106.55 1.8 21.0
v 108.15 1.8 19.4
v 4.40001 1.8 3.6
v 21.1 1.8 29.35
v 14.55 1.8 21.0
v 21.1 1.8 25.05
v 14.55 1.8 19.4
v 2.95552 68.4418 3.6
v 1.91195 67.0347 3.6
v 116.4 66.28 3.6
v 116.4 59.34 25.05
v 116.4 48.6638 18.5572
v 116.4 48.9 22.5
v 116.4 51.34 25.05
v 116.4 48.9 19.5
v 116.4 48.8904 19.304
v 116.4 48.8616 19.1098
v 116.4 48.8139 18.9194
v 116.4 48.7478 18.7346
v 116.4 48.5629 18.3889
v 116.4 48.446 18.2312
v 116.4 48.3142 18.0858
v 116.4 48.1688 17.954
v 116.4 48.0111 17.8371
v 116.4 47.8428 17.7362
v 116.4 47.6654 17.6522
v 116.4 47.4806 17.5861
v 116.4 47.2902 17.5384
v 116.4 47.096 17.5096
v 116.4 46.9 17.5
v 116.4 39.4 17.5
v 116.4 39.204 17.5096
v 116.4 4.40001 3.6
v 116.4 39.0098 17.5384
v 116.4 38.8194 17.5861
v 116.4 38.6346 17.6522
v 116.4 37.4 19.5
v 116.4 21.34 25.05
v 116.4 37.4 22.5
v 116.4 37.4096 19.304
v 116.4 37.4384 19.1098
v 116.4 37.4861 18.9194
v 116.4 37.5522 18.7346
v 116.4 37.6362 18.5572
v 116.4 37.7371 18.3889
v 116.4 37.854 18.2312
v 116.4 37.9858 18.0858
v 116.4 38.1312 17.954
v 116.4 38.2889 17.8371
v 116.4 38.4572 17.7362
v 116.4 13.34 25.05
v 116.4 59.34 29.35
v 116.4 51.34 29.35
v 116.4 48.8904 22.696
v 116.4 48.8616 22.8902
v 116.4 48.8139 23.0806
v 116.4 48.7478 23.2654
v 116.4 48.6638 23.4428
v 116.4 48.5629 23.6111
v 116.4 48.446 23.7688
v 116.4 48.3142 23.9142
v 116.4 48.1688 24.046
v 116.4 48.0111 24.1629
v 116.4 47.8428 24.2638
v 116.4 47.6654 24.3478
v 116.4 47.4806 24.4139
v 116.4 47.2902 24.4616
v 116.4 47.096 24.4904
v 116.4 46.9 24.5
v 116.4 39.4 24.5
v 116.4 39.204 24.4904
v 116.4 21.34 29.35
v 116.4 39.0098 24.4616
v 116.4 38.8194 24.4139
v 116.4 38.6346 24.3478
v 116.4 37.4096 22.696
v 116.4 37.4384 22.8902
v 116.4 37.4861 23.0806
v 116.4 37.5522 23.2654
v 116.4 37.6362 23.4428
v 116.4 37.7371 23.6111
v 116.4 37.854 23.7688
v 116.4 37.9858 23.9142
v 116.4 38.1312 24.046
v 116.4 38.2889 24.1629
v 116.4 38.4572 24.2638
v 116.4 13.34 29.35
v 33.3411 68.88 25.9783
v 26.1 68.88 29.35
v 32.9 68.88 26.0
v 32.4589 68.88 25.9783
v 32.0221 68.88 25.9135
v 31.5937 68.88 25.8062
v 31.1779 68.88 25.6575
v 30.7787 68.88 25.4686
v 30.3999 68.88 25.2416
v 30.0452 68.88 24.9785
v 26.1 68.88 25.05
v 18.1 68.88 29.35
v 14.55 68.88 21.0
v 16.15 68.88 21.0
v 18.1 68.88 25.05
v 29.718 68.88 24.682
v 29.4215 68.88 24.3548
v 29.1584 68.88 24.0001
v 28.9314 68.88 23.6213
v 28.7425 68.88 23.2221
v 28.5938 68.88 22.8063
v 28.4865 68.88 22.3779
v 28.4217 68.88 21.9411
v 28.4 68.88 21.5
v 28.4217 68.88 21.0589
v 14.55 68.88 19.4
v 4.40001 68.88 3.6
v 16.15 68.88 19.4
v 29.1584 68.88 18.9999
v 28.9314 68.88 19.3787
v 29.4215 68.88 18.6452
v 29.718 68.88 18.318
v 30.0452 68.88 18.0215
v 30.3999 68.88 17.7584
v 30.7787 68.88 17.5314
v 31.1779 68.88 17.3425
v 31.5937 68.88 17.1938
v 32.0221 68.88 17.0865
v 32.4589 68.88 17.0217
v 32.9 68.88 17.0
v 81.1 68.88 29.35
v 89.1 68.88 29.35
v 106.55 68.88 21.0
v 89.1 68.88 25.05
v 67.16 68.88 22.75
v 54.64 68.88 22.75
v 53.6733 68.88 22.4568
v 36.082 68.88 24.682
v 36.3785 68.88 24.3548
v 53.5362 68.88 22.355
v 36.6416 68.88 24.0001
v 53.4096 68.88 22.2404
v 36.8686 68.88 23.6213
v 53.1932 68.88 21.9767
v 37.0575 68.88 23.2221
v 53.1055 68.88 21.8302
v 37.2062 68.88 22.8063
v 67.3305 68.88 22.7416
v 67.4995 68.88 22.7166
v 67.6651 68.88 22.6751
v 67.8259 68.88 22.6175
v 67.9802 68.88 22.5445
v 68.1267 68.88 22.4568
v 68.2638 68.88 22.355
v 68.3904 68.88 22.2404
v 81.1 68.88 25.05
v 68.505 68.88 22.1138
v 68.6068 68.88 21.9767
v 68.6945 68.88 21.8302
v 68.7675 68.88 21.6759
v 68.8251 68.88 21.5151
v 68.8666 68.88 21.3495
v 68.8916 68.88 21.1805
v 68.9 68.88 21.01
v 68.9 68.88 20.99
v 68.8916 68.88 20.8195
v 108.15 68.88 21.0
v 108.15 68.88 19.4
v 113.8 68.88 3.6
v 106.55 68.88 19.4
v 67.6651 68.88 19.3249
v 67.4995 68.88 19.2834
v 67.3305 68.88 19.2584
v 67.16 68.88 19.25
v 53.9741 68.88 19.3825
v 35.0213 68.88 17.5314
v 54.1349 68.88 19.3249
v 54.3005 68.88 19.2834
v 34.6221 68.88 17.3425
v 54.4695 68.88 19.2584
v 34.2063 68.88 17.1938
v 54.64 68.88 19.25
v 33.7779 68.88 17.0865
v 33.3411 68.88 17.0217
v 33.7779 68.88 25.9135
v 34.2063 68.88 25.8062
v 34.6221 68.88 25.6575
v 35.0213 68.88 25.4686
v 35.4001 68.88 25.2416
v 35.7548 68.88 24.9785
v 68.8666 68.88 20.6505
v 68.8251 68.88 20.4849
v 68.7675 68.88 20.3241
v 68.6945 68.88 20.1698
v 68.6068 68.88 20.0233
v 68.505 68.88 19.8862
v 68.3904 68.88 19.7596
v 68.2638 68.88 19.645
v 68.1267 68.88 19.5432
v 67.9802 68.88 19.4555
v 67.8259 68.88 19.3825
v 54.4695 68.88 22.7416
v 54.3005 68.88 22.7166
v 54.1349 68.88 22.6751
v 53.9741 68.88 22.6175
v 53.8198 68.88 22.5445
v 53.0325 68.88 21.6759
v 37.3135 68.88 22.3779
v 53.295 68.88 22.1138
v 52.9749 68.88 21.5151
v 37.3783 68.88 21.9411
v 52.9084 68.88 21.1805
v 37.4 68.88 21.5
v 52.9334 68.88 21.3495
v 52.9 68.88 20.99
v 37.3783 68.88 21.0589
v 52.9 68.88 21.01
v 52.9084 68.88 20.8195
v 37.3135 68.88 20.6221
v 52.9334 68.88 20.6505
v 52.9749 68.88 20.4849
v 37.2062 68.88 20.1937
v 53.0325 68.88 20.3241
v 37.0575 68.88 19.7779
v 53.1055 68.88 20.1698
v 36.8686 68.88 19.3787
v 53.1932 68.88 20.0233
v 53.295 68.88 19.8862
v 36.6416 68.88 18.9999
v 53.4096 68.88 19.7596
v 36.3785 68.88 18.6452
v 53.5362 68.88 19.645
v 36.082 68.88 18.318
v 53.6733 68.88 19.5432
v 35.7548 68.88 18.0215
v 53.8198 68.88 19.4555
v 35.4001 68.88 17.7584
v 28.4865 68.88 20.6221
v 28.5938 68.88 20.1937
v 28.7425 68.88 19.7779
v 2.56154 2.56154 3.6
v 1.8 19.6129 20.6656
v 1.8 16.34 22.85
v 1.8 19.59 20.2
v 1.8 19.6813 21.1267
v 1.8 19.7945 21.5789
v 1.8 19.9516 22.0177
v 1.8 20.1509 22.4391
v 1.8 20.3905 22.839
v 1.8 20.3987 22.85
v 1.8 54.34 22.85
v 1.8 51.0671 20.6656
v 1.8 51.09 20.2
v 1.8 50.9987 21.1267
v 1.8 50.8855 21.5789
v 1.8 50.7284 22.0177
v 1.8 50.5291 22.4391
v 1.8 50.2895 22.839
v 1.8 50.2813 22.85
v 1.8 54.34 29.35
v 1.8 46.34 29.35
v 1.8 45.8744 24.9271
v 1.8 46.34 24.95
v 1.8 45.4133 24.8587
v 1.8 44.9611 24.7455
v 1.8 44.5223 24.5884
v 1.8 44.1009 24.3891
v 1.8 43.701 24.1495
v 1.8 43.3266 23.8718
v 1.8 42.9812 23.5588
v 1.8 27.6988 23.5588
v 1.8 42.6682 23.2134
v 1.8 41.6129 20.6656
v 1.8 29.09 20.2
v 1.8 41.59 20.2
v 1.8 29.0671 20.6656
v 1.8 41.6813 21.1267
v 1.8 28.9987 21.1267
v 1.8 41.7945 21.5789
v 1.8 28.8855 21.5789
v 1.8 41.9516 22.0177
v 1.8 28.7284 22.0177
v 1.8 42.1509 22.4391
v 1.8 28.5291 22.4391
v 1.8 42.3905 22.839
v 1.8 28.0118 23.2134
v 1.8 28.2895 22.839
v 1.8 24.34 29.35
v 1.8 27.3534 23.8718
v 1.8 26.979 24.1495
v 1.8 26.5791 24.3891
v 1.8 26.1577 24.5884
v 1.8 25.7189 24.7455
v 1.8 25.2667 24.8587
v 1.8 24.8056 24.9271
v 1.8 16.34 29.35
v 1.8 66.28 3.6
v 1.8 51.0671 19.7344
v 1.8 50.9987 19.2733
v 1.8 50.8855 18.8211
v 1.8 50.7284 18.3823
v 1.8 50.5291 17.9609
v 1.8 50.2895 17.561
v 1.8 50.0118 17.1866
v 1.8 49.6988 16.8412
v 1.8 49.3534 16.5282
v 1.8 48.979 16.2505
v 1.8 48.5791 16.0109
v 1.8 48.1577 15.8116
v 1.8 47.7189 15.6545
v 1.8 47.2667 15.5413
v 1.8 46.8056 15.4729
v 1.8 46.34 15.45
v 1.8 45.8744 15.4729
v 1.8 45.4133 15.5413
v 1.8 25.2667 15.5413
v 1.8 44.9611 15.6545
v 1.8 25.7189 15.6545
v 1.8 44.5223 15.8116
v 1.8 26.1577 15.8116
v 1.8 44.1009 16.0109
v 1.8 41.6129 19.7344
v 1.8 29.0671 19.7344
v 1.8 41.6813 19.2733
v 1.8 28.9987 19.2733
v 1.8 41.7945 18.8211
v 1.8 28.8855 18.8211
v 1.8 41.9516 18.3823
v 1.8 28.7284 18.3823
v 1.8 42.1509 17.9609
v 1.8 28.5291 17.9609
v 1.8 42.3905 17.561
v 1.8 28.2895 17.561
v 1.8 42.6682 17.1866
v 1.8 28.0118 17.1866
v 1.8 42.9812 16.8412
v 1.8 27.6988 16.8412
v 1.8 43.3266 16.5282
v 1.8 27.3534 16.5282
v 1.8 43.701 16.2505
v 1.8 26.979 16.2505
v 1.8 26.5791 16.0109
v 1.8 4.40001 3.6
v 1.8 24.8056 15.4729
v 1.8 24.34 15.45
v 1.8 23.8744 15.4729
v 1.8 23.4133 15.5413
v 1.8 22.9611 15.6545
v 1.8 19.6129 19.7344
v 1.8 19.6813 19.2733
v 1.8 19.7945 18.8211
v 1.8 19.9516 18.3823
v 1.8 20.1509 17.9609
v 1.8 20.3905 17.561
v 1.8 20.6682 17.1866
v 1.8 20.9812 16.8412
v 1.8 22.5223 15.8116
v 1.8 22.1009 16.0109
v 1.8 21.701 16.2505
v 1.8 21.3266 16.5282
v 1.8 24.34 24.95
v 116.387 66.5348 3.6
v 116.35 66.7872 3.6
v 114.795 68.6821 3.6
v 115.026 68.573 3.6
v 3.40503 1.99792 3.6
v 115.81 67.9294 3.6
v 115.638 68.1184 3.6
v 114.555 68.768 3.6
v 114.055 1.81253 3.6
v 115.244 68.4418 3.6
v 2.23819 67.7245 3.6
v 3.17438 68.573 3.6
v 1.84996 66.7872 3.6
v 1.81253 66.5348 3.6
v 4.14517 68.8675 3.6
v 114.795 1.99792 3.6
v 115.449 68.2898 3.6
v 115.962 67.7245 3.6
v 1.91195 3.64526 3.6
v 1.99792 3.40503 3.6
v 4.14517 1.81253 3.6
v 2.39018 67.9294 3.6
v 116.202 67.275 3.6
v 116.093 67.5056 3.6
v 2.75058 2.39018 3.6
v 2.10701 3.17437 3.6
v 115.449 2.39018 3.6
v 115.244 2.23819 3.6
v 3.40503 68.6821 3.6
v 115.026 2.10701 3.6
v 18.6993 59.324 3.6
v 22.1 55.34 3.6
v 18.7827 59.6572 3.6
v 22.1 15.34 3.6
v 18.8331 10.6831 3.6
v 18.85 10.34 3.6
v 18.5836 59.0006 3.6
v 18.7827 11.0228 3.6
v 18.4367 58.6901 3.6
v 18.6993 11.356 3.6
v 18.2601 58.3955 3.6
v 18.5836 11.6794 3.6
v 18.0555 58.1196 3.6
v 18.4367 11.9899 3.6
v 17.8249 57.8651 3.6
v 18.2601 12.2845 3.6
v 17.5704 57.6345 3.6
v 18.0555 12.5604 3.6
v 17.2945 57.4299 3.6
v 17.8249 12.8149 3.6
v 16.9999 57.2533 3.6
v 17.5704 13.0455 3.6
v 16.6894 57.1064 3.6
v 17.2945 13.2501 3.6
v 16.366 56.9907 3.6
v 16.9999 13.4267 3.6
v 16.0328 56.9072 3.6
v 16.6894 13.5736 3.6
v 15.6931 56.8569 3.6
v 16.366 13.6893 3.6
v 15.35 56.84 3.6
v 16.0328 13.7727 3.6
v 15.6931 13.8231 3.6
v 15.35 13.84 3.6
v 15.0069 56.8569 3.6
v 15.0069 13.8231 3.6
v 14.6672 56.9072 3.6
v 14.6672 13.7727 3.6
v 14.334 56.9907 3.6
v 14.334 13.6893 3.6
v 14.0106 57.1064 3.6
v 14.0106 13.5736 3.6
v 13.7001 57.2533 3.6
v 13.7001 13.4267 3.6
v 13.4055 57.4299 3.6
v 13.4055 13.2501 3.6
v 13.1296 57.6345 3.6
v 13.1296 13.0455 3.6
v 12.8751 57.8651 3.6
v 12.8751 12.8149 3.6
v 12.6445 58.1196 3.6
v 12.6445 12.5604 3.6
v 12.4399 58.3955 3.6
v 12.2633 58.6901 3.6
v 12.1164 59.0006 3.6
v 12.4399 12.2845 3.6
v 12.0007 59.324 3.6
v 12.2633 11.9899 3.6
v 11.9173 59.6572 3.6
v 12.1164 11.6794 3.6
v 11.8669 59.9969 3.6
v 12.0007 11.356 3.6
v 11.85 60.34 3.6
v 11.9173 11.0228 3.6
v 40.2065 11.921 3.6
v 40.1 15.34 3.6
v 40.2057 11.9211 3.6
v 40.1 11.9263 3.6
v 39.9943 11.9211 3.6
v 39.9935 11.921 3.6
v 39.9928 11.9209 3.6
v 39.8881 11.9054 3.6
v 39.7854 11.8797 3.6
v 39.7847 11.8795 3.6
v 39.7839 11.8792 3.6
v 39.6843 11.8436 3.6
v 39.5886 11.7983 3.6
v 39.5879 11.798 3.6
v 39.5873 11.7976 3.6
v 39.4965 11.7432 3.6
v 36.1 15.34 3.6
v 39.4115 11.6802 3.6
v 39.4109 11.6797 3.6
v 39.4103 11.6792 3.6
v 39.3319 11.6081 3.6
v 39.2608 11.5297 3.6
v 39.2603 11.5291 3.6
v 39.2598 11.5285 3.6
v 39.1968 11.4435 3.6
v 39.1424 11.3527 3.6
v 39.142 11.3521 3.6
v 39.1417 11.3514 3.6
v 39.0964 11.2557 3.6
v 39.0608 11.1561 3.6
v 39.0605 11.1553 3.6
v 39.0603 11.1546 3.6
v 39.0191 10.9472 3.6
v 39.0346 11.0519 3.6
v 39.0189 10.9457 3.6
v 39.0137 10.84 3.6
v 39.019 10.9465 3.6
v 54.2065 11.921 3.6
v 54.1 15.34 3.6
v 54.2057 11.9211 3.6
v 54.1 11.9263 3.6
v 53.9943 11.9211 3.6
v 53.9935 11.921 3.6
v 53.9928 11.9209 3.6
v 53.8881 11.9054 3.6
v 53.7854 11.8797 3.6
v 53.7847 11.8795 3.6
v 53.7839 11.8792 3.6
v 53.6843 11.8436 3.6
v 53.5886 11.7983 3.6
v 53.5879 11.798 3.6
v 53.5873 11.7976 3.6
v 53.4965 11.7432 3.6
v 50.1 15.34 3.6
v 53.4115 11.6802 3.6
v 53.4109 11.6797 3.6
v 53.4103 11.6792 3.6
v 53.3319 11.6081 3.6
v 53.2608 11.5297 3.6
v 53.2603 11.5291 3.6
v 53.2598 11.5285 3.6
v 53.1968 11.4435 3.6
v 53.1424 11.3527 3.6
v 53.142 11.3521 3.6
v 53.1417 11.3514 3.6
v 53.0964 11.2557 3.6
v 53.0608 11.1561 3.6
v 53.0605 11.1553 3.6
v 53.0603 11.1546 3.6
v 53.0191 10.9472 3.6
v 53.0346 11.0519 3.6
v 53.0189 10.9457 3.6
v 53.0137 10.84 3.6
v 53.019 10.9465 3.6
v 68.2065 11.921 3.6
v 68.1 15.34 3.6
v 68.2057 11.9211 3.6
v 68.1 11.9263 3.6
v 67.9943 11.9211 3.6
v 67.9935 11.921 3.6
v 67.9928 11.9209 3.6
v 67.8881 11.9054 3.6
v 67.7854 11.8797 3.6
v 67.7847 11.8795 3.6
v 67.7839 11.8792 3.6
v 67.6843 11.8436 3.6
v 67.5886 11.7983 3.6
v 67.5879 11.798 3.6
v 67.5873 11.7976 3.6
v 67.4965 11.7432 3.6
v 64.1 15.34 3.6
v 67.4115 11.6802 3.6
v 67.4109 11.6797 3.6
v 67.4103 11.6792 3.6
v 67.3319 11.6081 3.6
v 67.2608 11.5297 3.6
v 67.2603 11.5291 3.6
v 67.2598 11.5285 3.6
v 67.1968 11.4435 3.6
v 67.1424 11.3527 3.6
v 67.142 11.3521 3.6
v 67.1417 11.3514 3.6
v 67.0964 11.2557 3.6
v 67.0608 11.1561 3.6
v 67.0605 11.1553 3.6
v 67.0603 11.1546 3.6
v 67.0189 10.9457 3.6
v 67.0137 10.84 3.6
v 67.019 10.9465 3.6
v 67.0191 10.9472 3.6
v 67.0346 11.0519 3.6
v 110.699 59.324 3.6
v 110.783 59.6572 3.6
v 110.833 10.6831 3.6
v 110.85 10.34 3.6
v 110.584 59.0006 3.6
v 110.783 11.0228 3.6
v 110.437 58.6901 3.6
v 110.699 11.356 3.6
v 110.26 58.3955 3.6
v 110.584 11.6794 3.6
v 110.437 11.9899 3.6
v 110.26 12.2845 3.6
v 110.056 58.1196 3.6
v 110.056 12.5604 3.6
v 109.825 57.8651 3.6
v 109.825 12.8149 3.6
v 109.57 57.6345 3.6
v 109.57 13.0455 3.6
v 109.294 57.4299 3.6
v 109.294 13.2501 3.6
v 109.0 57.2533 3.6
v 109.0 13.4267 3.6
v 108.689 57.1064 3.6
v 108.689 13.5736 3.6
v 108.366 56.9907 3.6
v 108.366 13.6893 3.6
v 108.033 56.9072 3.6
v 108.033 13.7727 3.6
v 107.693 56.8569 3.6
v 107.693 13.8231 3.6
v 107.35 56.84 3.6
v 107.35 13.84 3.6
v 107.007 56.8569 3.6
v 107.007 13.8231 3.6
v 96.1 55.34 3.6
v 106.667 56.9072 3.6
v 106.334 56.9907 3.6
v 96.1 15.34 3.6
v 106.011 57.1064 3.6
v 106.667 13.7727 3.6
v 105.7 57.2533 3.6
v 106.334 13.6893 3.6
v 105.406 57.4299 3.6
v 106.011 13.5736 3.6
v 105.13 57.6345 3.6
v 105.7 13.4267 3.6
v 104.875 57.8651 3.6
v 105.406 13.2501 3.6
v 104.644 58.1196 3.6
v 105.13 13.0455 3.6
v 104.44 58.3955 3.6
v 104.875 12.8149 3.6
v 104.263 58.6901 3.6
v 104.644 12.5604 3.6
v 104.116 59.0006 3.6
v 104.44 12.2845 3.6
v 104.001 59.324 3.6
v 104.263 11.9899 3.6
v 103.917 59.6572 3.6
v 104.116 11.6794 3.6
v 103.867 59.9969 3.6
v 104.001 11.356 3.6
v 103.85 60.34 3.6
v 103.917 11.0228 3.6
v 110.833 59.9969 3.6
v 110.85 60.34 3.6
v 116.288 67.0347 3.6
v 110.833 9.99694 3.6
v 110.783 9.65718 3.6
v 110.699 9.324 3.6
v 110.584 9.00061 3.6
v 110.437 8.69011 3.6
v 110.26 8.3955 3.6
v 110.056 8.11962 3.6
v 110.056 62.5604 3.6
v 115.81 2.75058 3.6
v 110.833 60.6831 3.6
v 110.783 61.0228 3.6
v 110.699 61.356 3.6
v 110.584 61.6794 3.6
v 110.437 61.9899 3.6
v 110.26 62.2845 3.6
v 109.825 62.8149 3.6
v 109.57 63.0455 3.6
v 109.294 63.2501 3.6
v 109.0 63.4267 3.6
v 108.689 63.5736 3.6
v 108.366 63.6893 3.6
v 108.033 63.7727 3.6
v 107.693 63.8231 3.6
v 107.35 63.84 3.6
v 107.007 63.8231 3.6
v 106.667 63.7727 3.6
v 106.334 63.6893 3.6
v 106.011 63.5736 3.6
v 105.7 63.4267 3.6
v 78.1 55.34 3.6
v 103.867 10.6831 3.6
v 103.867 60.6831 3.6
v 103.917 61.0228 3.6
v 104.001 61.356 3.6
v 104.116 61.6794 3.6
v 92.1 55.34 3.6
v 104.263 61.9899 3.6
v 104.44 62.2845 3.6
v 104.644 62.5604 3.6
v 104.875 62.8149 3.6
v 82.1 55.34 3.6
v 105.13 63.0455 3.6
v 105.406 63.2501 3.6
v 82.1 15.34 3.6
v 92.1 15.34 3.6
v 83.1811 10.9457 3.6
v 83.1863 10.84 3.6
v 83.181 10.9465 3.6
v 83.1809 10.9472 3.6
v 83.1654 11.0519 3.6
v 83.1397 11.1546 3.6
v 83.1395 11.1553 3.6
v 83.0032 11.4435 3.6
v 83.1392 11.1561 3.6
v 83.1036 11.2557 3.6
v 83.0583 11.3514 3.6
v 83.058 11.3521 3.6
v 83.0576 11.3527 3.6
v 82.9402 11.5285 3.6
v 82.9397 11.5291 3.6
v 82.9392 11.5297 3.6
v 82.8681 11.6081 3.6
v 82.7897 11.6792 3.6
v 82.7891 11.6797 3.6
v 82.7885 11.6802 3.6
v 82.7035 11.7432 3.6
v 82.6127 11.7976 3.6
v 82.6121 11.798 3.6
v 82.6114 11.7983 3.6
v 82.5157 11.8436 3.6
v 82.4161 11.8792 3.6
v 82.4153 11.8795 3.6
v 82.4146 11.8797 3.6
v 82.3119 11.9054 3.6
v 82.2072 11.9209 3.6
v 82.2065 11.921 3.6
v 68.1 55.34 3.6
v 78.1 15.34 3.6
v 69.1811 10.9457 3.6
v 69.1863 10.84 3.6
v 69.181 10.9465 3.6
v 69.1809 10.9472 3.6
v 69.1654 11.0519 3.6
v 69.1397 11.1546 3.6
v 69.1395 11.1553 3.6
v 69.1392 11.1561 3.6
v 69.1036 11.2557 3.6
v 69.0583 11.3514 3.6
v 69.058 11.3521 3.6
v 69.0576 11.3527 3.6
v 69.0032 11.4435 3.6
v 68.9402 11.5285 3.6
v 68.9397 11.5291 3.6
v 68.9392 11.5297 3.6
v 68.8681 11.6081 3.6
v 68.7897 11.6792 3.6
v 68.7891 11.6797 3.6
v 68.7885 11.6802 3.6
v 68.7035 11.7432 3.6
v 68.6127 11.7976 3.6
v 68.6121 11.798 3.6
v 68.6114 11.7983 3.6
v 68.5157 11.8436 3.6
v 68.4161 11.8792 3.6
v 68.4153 11.8795 3.6
v 68.4146 11.8797 3.6
v 68.3119 11.9054 3.6
v 68.2072 11.9209 3.6
v 64.1 55.34 3.6
v 54.1 55.34 3.6
v 55.1811 10.9457 3.6
v 55.1863 10.84 3.6
v 55.181 10.9465 3.6
v 55.1809 10.9472 3.6
v 55.1654 11.0519 3.6
v 55.1397 11.1546 3.6
v 55.1395 11.1553 3.6
v 55.1392 11.1561 3.6
v 55.1036 11.2557 3.6
v 55.0583 11.3514 3.6
v 55.058 11.3521 3.6
v 55.0576 11.3527 3.6
v 55.0032 11.4435 3.6
v 54.9402 11.5285 3.6
v 54.9397 11.5291 3.6
v 54.9392 11.5297 3.6
v 54.8681 11.6081 3.6
v 54.7897 11.6792 3.6
v 54.7891 11.6797 3.6
v 54.7885 11.6802 3.6
v 54.7035 11.7432 3.6
v 54.6127 11.7976 3.6
v 54.6121 11.798 3.6
v 54.6114 11.7983 3.6
v 54.5157 11.8436 3.6
v 54.4161 11.8792 3.6
v 54.4153 11.8795 3.6
v 54.4146 11.8797 3.6
v 54.3119 11.9054 3.6
v 54.2072 11.9209 3.6
v 16.6894 63.5736 3.6
v 40.1 55.34 3.6
v 50.1 55.34 3.6
v 41.1811 10.9457 3.6
v 41.1863 10.84 3.6
v 41.181 10.9465 3.6
v 41.1809 10.9472 3.6
v 41.1654 11.0519 3.6
v 41.1397 11.1546 3.6
v 41.1395 11.1553 3.6
v 41.1392 11.1561 3.6
v 41.1036 11.2557 3.6
v 41.0583 11.3514 3.6
v 41.058 11.3521 3.6
v 41.0576 11.3527 3.6
v 41.0032 11.4435 3.6
v 40.9402 11.5285 3.6
v 40.9397 11.5291 3.6
v 40.9392 11.5297 3.6
v 40.8681 11.6081 3.6
v 40.7897 11.6792 3.6
v 40.7891 11.6797 3.6
v 40.7885 11.6802 3.6
v 40.7035 11.7432 3.6
v 40.6127 11.7976 3.6
v 40.6121 11.798 3.6
v 40.6114 11.7983 3.6
v 40.5157 11.8436 3.6
v 40.4161 11.8792 3.6
v 40.4153 11.8795 3.6
v 40.4146 11.8797 3.6
v 40.3119 11.9054 3.6
v 40.2072 11.9209 3.6
v 16.9999 63.4267 3.6
v 17.2945 63.2501 3.6
v 36.1 55.34 3.6
v 26.1 55.34 3.6
v 18.0555 62.5604 3.6
v 17.8249 62.8149 3.6
v 18.8331 59.9969 3.6
v 18.85 60.34 3.6
v 18.6993 61.356 3.6
v 18.5836 61.6794 3.6
v 18.8331 60.6831 3.6
v 18.7827 61.0228 3.6
v 18.4367 61.9899 3.6
v 18.2601 62.2845 3.6
v 17.5704 63.0455 3.6
v 16.366 63.6893 3.6
v 16.0328 63.7727 3.6
v 15.6931 63.8231 3.6
v 15.35 63.84 3.6
v 11.8669 60.6831 3.6
v 11.9173 61.0228 3.6
v 12.0007 61.356 3.6
v 12.1164 61.6794 3.6
v 12.2633 61.9899 3.6
v 12.4399 62.2845 3.6
v 12.6445 62.5604 3.6
v 12.8751 62.8149 3.6
v 13.1296 63.0455 3.6
v 13.4055 63.2501 3.6
v 13.7001 63.4267 3.6
v 14.0106 63.5736 3.6
v 14.334 63.6893 3.6
v 14.6672 63.7727 3.6
v 15.0069 63.8231 3.6
v 115.638 2.56154 3.6
v 109.825 7.86513 3.6
v 109.57 7.63446 3.6
v 109.294 7.42986 3.6
v 109.0 7.25327 3.6
v 108.689 7.10642 3.6
v 108.366 6.99071 3.6
v 108.033 6.90725 3.6
v 107.693 6.85685 3.6
v 107.35 6.84 3.6
v 107.007 6.85685 3.6
v 106.667 6.90725 3.6
v 106.334 6.99071 3.6
v 106.011 7.10642 3.6
v 105.7 7.25327 3.6
v 82.4153 9.8005 3.6
v 105.406 7.42986 3.6
v 103.85 10.34 3.6
v 103.867 9.99694 3.6
v 103.917 9.65718 3.6
v 104.001 9.324 3.6
v 104.116 9.00061 3.6
v 104.263 8.69011 3.6
v 83.0032 10.2365 3.6
v 82.9397 10.1509 3.6
v 82.9402 10.1515 3.6
v 104.44 8.3955 3.6
v 82.8681 10.0719 3.6
v 82.9392 10.1503 3.6
v 104.644 8.11962 3.6
v 82.7897 10.0008 3.6
v 83.1811 10.7343 3.6
v 83.181 10.7335 3.6
v 83.1809 10.7328 3.6
v 83.1654 10.6281 3.6
v 83.1397 10.5254 3.6
v 83.1395 10.5247 3.6
v 83.1392 10.5239 3.6
v 83.1036 10.4243 3.6
v 83.0583 10.3286 3.6
v 83.058 10.3279 3.6
v 83.0576 10.3273 3.6
v 82.7891 10.0003 3.6
v 104.875 7.86513 3.6
v 82.7885 9.99984 3.6
v 82.7035 9.9368 3.6
v 105.13 7.63446 3.6
v 82.6127 9.88239 3.6
v 82.6121 9.88199 3.6
v 82.6114 9.88166 3.6
v 82.5157 9.83641 3.6
v 82.4161 9.80076 3.6
v 82.4146 9.80031 3.6
v 82.3119 9.7746 3.6
v 82.2072 9.75907 3.6
v 82.2065 9.75896 3.6
v 82.2057 9.75892 3.6
v 82.1 9.75373 3.6
v 81.9943 9.75892 3.6
v 81.9935 9.75896 3.6
v 68.2065 9.75896 3.6
v 81.9928 9.75907 3.6
v 81.8881 9.7746 3.6
v 81.7847 9.8005 3.6
v 81.7854 9.80031 3.6
v 81.6843 9.83641 3.6
v 81.7839 9.80076 3.6
v 81.4109 10.0003 3.6
v 81.4965 9.9368 3.6
v 81.4115 9.99984 3.6
v 81.2603 10.1509 3.6
v 81.3319 10.0719 3.6
v 81.2608 10.1503 3.6
v 81.1968 10.2365 3.6
v 81.2598 10.1515 3.6
v 81.142 10.3279 3.6
v 81.1424 10.3273 3.6
v 81.0964 10.4243 3.6
v 81.1417 10.3286 3.6
v 81.0605 10.5247 3.6
v 81.0608 10.5239 3.6
v 81.0189 10.7343 3.6
v 81.0137 10.84 3.6
v 81.019 10.7335 3.6
v 69.181 10.7335 3.6
v 81.0191 10.7328 3.6
v 81.0346 10.6281 3.6
v 69.1809 10.7328 3.6
v 69.1654 10.6281 3.6
v 81.0603 10.5254 3.6
v 69.1397 10.5254 3.6
v 69.1811 10.7343 3.6
v 69.1395 10.5247 3.6
v 69.1392 10.5239 3.6
v 69.1036 10.4243 3.6
v 69.0583 10.3286 3.6
v 69.058 10.3279 3.6
v 69.0576 10.3273 3.6
v 69.0032 10.2365 3.6
v 68.9402 10.1515 3.6
v 68.9397 10.1509 3.6
v 68.9392 10.1503 3.6
v 68.8681 10.0719 3.6
v 81.4103 10.0008 3.6
v 68.7897 10.0008 3.6
v 68.7891 10.0003 3.6
v 68.7885 9.99984 3.6
v 68.7035 9.9368 3.6
v 81.5873 9.88239 3.6
v 81.5879 9.88199 3.6
v 68.6127 9.88239 3.6
v 68.6121 9.88199 3.6
v 81.5886 9.88166 3.6
v 68.6114 9.88166 3.6
v 68.5157 9.83641 3.6
v 68.4161 9.80076 3.6
v 68.4153 9.8005 3.6
v 68.4146 9.80031 3.6
v 68.3119 9.7746 3.6
v 68.2072 9.75907 3.6
v 68.2057 9.75892 3.6
v 68.1 9.75373 3.6
v 67.9943 9.75892 3.6
v 54.2057 9.75892 3.6
v 67.9935 9.75896 3.6
v 54.2065 9.75896 3.6
v 67.9928 9.75907 3.6
v 67.8881 9.7746 3.6
v 67.7847 9.8005 3.6
v 67.7854 9.80031 3.6
v 67.6843 9.83641 3.6
v 67.7839 9.80076 3.6
v 67.4109 10.0003 3.6
v 67.4965 9.9368 3.6
v 67.4115 9.99984 3.6
v 67.2603 10.1509 3.6
v 67.3319 10.0719 3.6
v 67.2608 10.1503 3.6
v 67.1968 10.2365 3.6
v 67.2598 10.1515 3.6
v 67.142 10.3279 3.6
v 67.1424 10.3273 3.6
v 67.0964 10.4243 3.6
v 67.1417 10.3286 3.6
v 67.0605 10.5247 3.6
v 67.0608 10.5239 3.6
v 67.0189 10.7343 3.6
v 67.019 10.7335 3.6
v 55.181 10.7335 3.6
v 67.0191 10.7328 3.6
v 55.1809 10.7328 3.6
v 67.0346 10.6281 3.6
v 55.1654 10.6281 3.6
v 67.0603 10.5254 3.6
v 55.1397 10.5254 3.6
v 55.1811 10.7343 3.6
v 55.1395 10.5247 3.6
v 55.1392 10.5239 3.6
v 55.1036 10.4243 3.6
v 55.0583 10.3286 3.6
v 55.058 10.3279 3.6
v 55.0576 10.3273 3.6
v 55.0032 10.2365 3.6
v 54.9402 10.1515 3.6
v 54.9397 10.1509 3.6
v 54.9392 10.1503 3.6
v 54.8681 10.0719 3.6
v 67.4103 10.0008 3.6
v 54.7897 10.0008 3.6
v 54.7891 10.0003 3.6
v 54.7885 9.99984 3.6
v 54.7035 9.9368 3.6
v 67.5873 9.88239 3.6
v 67.5879 9.88199 3.6
v 54.6127 9.88239 3.6
v 54.6121 9.88199 3.6
v 67.5886 9.88166 3.6
v 54.6114 9.88166 3.6
v 54.5157 9.83641 3.6
v 54.4161 9.80076 3.6
v 54.4153 9.8005 3.6
v 54.4146 9.80031 3.6
v 54.3119 9.7746 3.6
v 54.2072 9.75907 3.6
v 54.1 9.75373 3.6
v 53.9943 9.75892 3.6
v 53.9935 9.75896 3.6
v 53.6843 9.83641 3.6
v 53.7847 9.8005 3.6
v 53.7839 9.80076 3.6
v 53.5879 9.88199 3.6
v 53.5886 9.88166 3.6
v 53.4965 9.9368 3.6
v 53.5873 9.88239 3.6
v 53.4109 10.0003 3.6
v 53.4115 9.99984 3.6
v 53.3319 10.0719 3.6
v 53.4103 10.0008 3.6
v 53.142 10.3279 3.6
v 53.1968 10.2365 3.6
v 53.1424 10.3273 3.6
v 53.0964 10.4243 3.6
v 53.1417 10.3286 3.6
v 53.0605 10.5247 3.6
v 53.0608 10.5239 3.6
v 53.0346 10.6281 3.6
v 53.0603 10.5254 3.6
v 53.019 10.7335 3.6
v 53.0191 10.7328 3.6
v 53.0189 10.7343 3.6
v 41.181 10.7335 3.6
v 41.1809 10.7328 3.6
v 41.1654 10.6281 3.6
v 41.1811 10.7343 3.6
v 41.1397 10.5254 3.6
v 41.1395 10.5247 3.6
v 41.1392 10.5239 3.6
v 41.1036 10.4243 3.6
v 41.0583 10.3286 3.6
v 41.058 10.3279 3.6
v 41.0576 10.3273 3.6
v 41.0032 10.2365 3.6
v 53.2598 10.1515 3.6
v 53.2603 10.1509 3.6
v 40.9402 10.1515 3.6
v 40.9397 10.1509 3.6
v 53.2608 10.1503 3.6
v 40.9392 10.1503 3.6
v 40.8681 10.0719 3.6
v 40.7897 10.0008 3.6
v 40.7891 10.0003 3.6
v 40.7885 9.99984 3.6
v 40.7035 9.9368 3.6
v 40.6127 9.88239 3.6
v 40.6121 9.88199 3.6
v 40.6114 9.88166 3.6
v 40.5157 9.83641 3.6
v 40.4161 9.80076 3.6
v 40.4153 9.8005 3.6
v 53.7854 9.80031 3.6
v 53.8881 9.7746 3.6
v 40.4146 9.80031 3.6
v 40.3119 9.7746 3.6
v 53.9928 9.75907 3.6
v 40.2072 9.75907 3.6
v 40.2065 9.75896 3.6
v 40.2057 9.75892 3.6
v 40.1 9.75373 3.6
v 39.9943 9.75892 3.6
v 39.9935 9.75896 3.6
v 39.6843 9.83641 3.6
v 39.7847 9.8005 3.6
v 39.7839 9.80076 3.6
v 39.5879 9.88199 3.6
v 39.5886 9.88166 3.6
v 39.4965 9.9368 3.6
v 39.5873 9.88239 3.6
v 39.4109 10.0003 3.6
v 39.4115 9.99984 3.6
v 39.3319 10.0719 3.6
v 39.4103 10.0008 3.6
v 39.142 10.3279 3.6
v 39.1968 10.2365 3.6
v 39.1424 10.3273 3.6
v 39.0964 10.4243 3.6
v 39.1417 10.3286 3.6
v 39.0605 10.5247 3.6
v 39.0608 10.5239 3.6
v 39.0346 10.6281 3.6
v 39.0603 10.5254 3.6
v 39.019 10.7335 3.6
v 39.0191 10.7328 3.6
v 39.0189 10.7343 3.6
v 26.1 15.34 3.6
v 18.5836 9.00061 3.6
v 18.4367 8.69011 3.6
v 39.2598 10.1515 3.6
v 39.2603 10.1509 3.6
v 18.2601 8.3955 3.6
v 39.2608 10.1503 3.6
v 18.0555 8.11962 3.6
v 18.6993 9.324 3.6
v 18.7827 9.65718 3.6
v 18.8331 9.99694 3.6
v 17.8249 7.86513 3.6
v 17.5704 7.63446 3.6
v 17.2945 7.42986 3.6
v 16.9999 7.25327 3.6
v 39.7854 9.80031 3.6
v 39.8881 9.7746 3.6
v 16.6894 7.10642 3.6
v 39.9928 9.75907 3.6
v 16.366 6.99071 3.6
v 16.0328 6.90725 3.6
v 15.6931 6.85685 3.6
v 15.35 6.84 3.6
v 15.0069 6.85685 3.6
v 11.8669 10.6831 3.6
v 14.6672 6.90725 3.6
v 14.334 6.99071 3.6
v 14.0106 7.10642 3.6
v 13.7001 7.25327 3.6
v 13.4055 7.42986 3.6
v 13.1296 7.63446 3.6
v 12.8751 7.86513 3.6
v 12.6445 8.11962 3.6
v 12.4399 8.3955 3.6
v 12.2633 8.69011 3.6
v 12.1164 9.00061 3.6
v 12.0007 9.324 3.6
v 11.9173 9.65718 3.6
v 11.8669 9.99694 3.6
v 11.85 10.34 3.6
v 82.2057 11.9211 3.6
v 82.1 11.9263 3.6
v 81.9943 11.9211 3.6
v 81.9935 11.921 3.6
v 81.9928 11.9209 3.6
v 81.8881 11.9054 3.6
v 81.7854 11.8797 3.6
v 81.7847 11.8795 3.6
v 81.7839 11.8792 3.6
v 81.6843 11.8436 3.6
v 81.5886 11.7983 3.6
v 81.5879 11.798 3.6
v 81.5873 11.7976 3.6
v 81.4965 11.7432 3.6
v 81.4115 11.6802 3.6
v 81.4109 11.6797 3.6
v 81.4103 11.6792 3.6
v 81.3319 11.6081 3.6
v 81.2608 11.5297 3.6
v 81.2603 11.5291 3.6
v 81.2598 11.5285 3.6
v 81.1968 11.4435 3.6
v 81.1424 11.3527 3.6
v 81.142 11.3521 3.6
v 81.1417 11.3514 3.6
v 81.0964 11.2557 3.6
v 81.0608 11.1561 3.6
v 81.0605 11.1553 3.6
v 81.0603 11.1546 3.6
v 81.0189 10.9457 3.6
v 81.019 10.9465 3.6
v 81.0191 10.9472 3.6
v 81.0346 11.0519 3.6
v 18.1 66.08 27.85
v 26.1 66.08 29.35
v 18.1 66.08 29.35
v 26.1 66.08 27.85
v 81.1 66.08 27.85
v 89.1 66.08 29.35
v 81.1 66.08 29.35
v 89.1 66.08 27.85
v 21.1 4.60001 29.35
v 29.1 4.60001 29.35
v 21.1 4.60001 27.85
v 29.1 4.60001 27.85
v 57.35 4.60001 29.35
v 65.35 4.60001 29.35
v 57.35 4.60001 27.85
v 65.35 4.60001 27.85
v 93.1 4.60001 29.35
v 101.1 4.60001 29.35
v 93.1 4.60001 27.85
v 101.1 4.60001 27.85
v 113.6 13.34 27.85
v 113.6 21.34 27.85
v 113.6 13.34 29.35
v 113.6 21.34 29.35
v 113.6 51.34 27.85
v 113.6 59.34 27.85
v 113.6 51.34 29.35
v 113.6 59.34 29.35
v 6.80001 16.34 27.85
v 2.8 21.3026 23.85
v 6.80001 24.34 27.85
v 2.50876 20.9812 23.5588
v 2.16337 20.6682 23.2134
v 2.8 24.34 23.85
v 2.8 24.34 24.95
v 6.80001 24.34 29.35
v 6.80001 16.34 29.35
v 6.80001 54.34 27.85
v 6.80001 54.34 29.35
v 6.80001 46.34 27.85
v 6.80001 46.34 29.35
v 2.8 46.34 24.95
v 2.8 46.34 23.85
v 2.8 49.3774 23.85
v 2.50876 49.6988 23.5588
v 2.16337 50.0118 23.2134
v 14.334 6.99071 14.6
v 14.0106 7.10642 14.6
v 18.8331 10.6831 14.6
v 18.7827 11.0228 14.6
v 18.85 10.34 14.6
v 18.6993 11.356 14.6
v 11.9173 11.0228 14.6
v 11.8669 10.6831 14.6
v 14.6672 6.90725 14.6
v 16.366 13.6893 14.6
v 16.6894 13.5736 14.6
v 13.4055 13.2501 14.6
v 13.7001 13.4267 14.6
v 12.1164 9.00061 14.6
v 12.2633 8.69011 14.6
v 14.334 13.6893 14.6
v 14.6672 13.7727 14.6
v 12.4399 8.3955 14.6
v 16.366 6.99071 14.6
v 16.0328 6.90725 14.6
v 13.4055 7.42986 14.6
v 13.1296 7.63446 14.6
v 17.2945 7.42986 14.6
v 16.9999 7.25327 14.6
v 18.0555 8.11962 14.6
v 18.2601 8.3955 14.6
v 15.6931 13.8231 14.6
v 16.0328 13.7727 14.6
v 13.1296 13.0455 14.6
v 16.6894 7.10642 14.6
v 12.6445 12.5604 14.6
v 12.4399 12.2845 14.6
v 18.7827 9.65718 14.6
v 18.8331 9.99694 14.6
v 12.1164 11.6794 14.6
v 12.0007 11.356 14.6
v 16.9999 13.4267 14.6
v 12.0007 9.324 14.6
v 18.6993 9.324 14.6
v 15.0069 13.8231 14.6
v 15.35 13.84 14.6
v 17.5704 13.0455 14.6
v 17.8249 12.8149 14.6
v 14.0106 13.5736 14.6
v 12.8751 12.8149 14.6
v 18.2601 12.2845 14.6
v 18.0555 12.5604 14.6
v 12.2633 11.9899 14.6
v 18.4367 8.69011 14.6
v 18.5836 9.00061 14.6
v 18.4367 11.9899 14.6
v 16.8 10.34 14.6
v 16.793 10.4821 14.6
v 16.7721 10.6229 14.6
v 16.793 10.1979 14.6
v 16.7376 10.7609 14.6
v 18.5836 11.6794 14.6
v 16.6896 10.8949 14.6
v 16.7721 10.0571 14.6
v 16.6288 11.0235 14.6
v 16.5556 11.1456 14.6
v 16.7376 9.91909 14.6
v 16.4709 11.2599 14.6
v 16.3753 11.3653 14.6
v 16.6896 9.78511 14.6
v 16.2699 11.4609 14.6
v 17.2945 13.2501 14.6
v 16.1556 11.5456 14.6
v 16.6288 9.65648 14.6
v 16.0335 11.6188 14.6
v 15.9049 11.6796 14.6
v 15.7709 11.7276 14.6
v 15.6329 11.7621 14.6
v 15.4921 11.783 14.6
v 15.35 11.79 14.6
v 15.2079 11.783 14.6
v 15.0671 11.7621 14.6
v 14.9291 11.7276 14.6
v 14.7951 11.6796 14.6
v 14.6665 11.6188 14.6
v 14.5444 11.5456 14.6
v 14.4301 11.4609 14.6
v 14.3247 11.3653 14.6
v 14.2291 11.2599 14.6
v 14.1444 11.1456 14.6
v 14.0712 11.0235 14.6
v 16.5556 9.53442 14.6
v 16.4709 9.42013 14.6
v 17.8249 7.86513 14.6
v 16.3753 9.3147 14.6
v 17.5704 7.63446 14.6
v 16.2699 9.21914 14.6
v 16.1556 9.13437 14.6
v 16.0335 9.06121 14.6
v 15.9049 9.00038 14.6
v 15.7709 8.95244 14.6
v 15.6329 8.91786 14.6
v 15.6931 6.85685 14.6
v 15.4921 8.89698 14.6
v 15.35 8.89 14.6
v 15.35 6.84 14.6
v 15.2079 8.89698 14.6
v 15.0069 6.85685 14.6
v 15.0671 8.91786 14.6
v 14.9291 8.95244 14.6
v 14.7951 9.00038 14.6
v 14.6665 9.06121 14.6
v 13.7001 7.25327 14.6
v 14.5444 9.13437 14.6
v 14.4301 9.21914 14.6
v 14.3247 9.3147 14.6
v 12.8751 7.86513 14.6
v 14.2291 9.42013 14.6
v 12.6445 8.11962 14.6
v 14.1444 9.53442 14.6
v 14.0712 9.65648 14.6
v 14.0104 9.78511 14.6
v 13.9624 9.91909 14.6
v 13.9279 10.0571 14.6
v 11.9173 9.65718 14.6
v 13.907 10.1979 14.6
v 11.8669 9.99694 14.6
v 13.9 10.34 14.6
v 14.0104 10.8949 14.6
v 13.9624 10.7609 14.6
v 13.9279 10.6229 14.6
v 13.907 10.4821 14.6
v 11.85 10.34 14.6
v 106.334 6.99071 14.6
v 106.011 7.10642 14.6
v 110.833 10.6831 14.6
v 110.783 11.0228 14.6
v 110.85 10.34 14.6
v 110.699 11.356 14.6
v 103.917 11.0228 14.6
v 103.867 10.6831 14.6
v 106.667 6.90725 14.6
v 108.366 13.6893 14.6
v 108.689 13.5736 14.6
v 105.406 13.2501 14.6
v 105.7 13.4267 14.6
v 104.116 9.00061 14.6
v 104.263 8.69011 14.6
v 106.334 13.6893 14.6
v 106.667 13.7727 14.6
v 104.44 8.3955 14.6
v 108.366 6.99071 14.6
v 108.033 6.90725 14.6
v 105.406 7.42986 14.6
v 105.13 7.63446 14.6
v 109.294 7.42986 14.6
v 109.0 7.25327 14.6
v 110.056 8.11962 14.6
v 110.26 8.3955 14.6
v 107.693 13.8231 14.6
v 108.033 13.7727 14.6
v 105.13 13.0455 14.6
v 104.644 12.5604 14.6
v 104.44 12.2845 14.6
v 110.783 9.65718 14.6
v 110.833 9.99694 14.6
v 104.116 11.6794 14.6
v 104.001 11.356 14.6
v 109.0 13.4267 14.6
v 104.001 9.324 14.6
v 110.699 9.324 14.6
v 107.007 13.8231 14.6
v 107.35 13.84 14.6
v 109.57 13.0455 14.6
v 109.825 12.8149 14.6
v 106.011 13.5736 14.6
v 104.875 12.8149 14.6
v 108.689 7.10642 14.6
v 110.26 12.2845 14.6
v 110.056 12.5604 14.6
v 104.263 11.9899 14.6
v 110.437 8.69011 14.6
v 110.584 9.00061 14.6
v 110.437 11.9899 14.6
v 108.8 10.34 14.6
v 108.793 10.4821 14.6
v 108.772 10.6229 14.6
v 108.793 10.1979 14.6
v 108.738 10.7609 14.6
v 110.584 11.6794 14.6
v 108.69 10.8949 14.6
v 108.772 10.0571 14.6
v 108.629 11.0235 14.6
v 108.556 11.1456 14.6
v 108.738 9.91909 14.6
v 108.471 11.2599 14.6
v 108.375 11.3653 14.6
v 108.69 9.78511 14.6
v 108.27 11.4609 14.6
v 109.294 13.2501 14.6
v 108.156 11.5456 14.6
v 108.629 9.65648 14.6
v 108.034 11.6188 14.6
v 107.905 11.6796 14.6
v 107.771 11.7276 14.6
v 107.633 11.7621 14.6
v 107.492 11.783 14.6
v 107.35 11.79 14.6
v 107.208 11.783 14.6
v 107.067 11.7621 14.6
v 106.929 11.7276 14.6
v 106.795 11.6796 14.6
v 106.666 11.6188 14.6
v 106.544 11.5456 14.6
v 106.43 11.4609 14.6
v 106.325 11.3653 14.6
v 106.229 11.2599 14.6
v 106.144 11.1456 14.6
v 106.071 11.0235 14.6
v 108.556 9.53442 14.6
v 108.471 9.42013 14.6
v 109.825 7.86513 14.6
v 108.375 9.3147 14.6
v 109.57 7.63446 14.6
v 108.27 9.21914 14.6
v 108.156 9.13437 14.6
v 108.034 9.06121 14.6
v 107.905 9.00038 14.6
v 107.771 8.95244 14.6
v 107.633 8.91786 14.6
v 107.693 6.85685 14.6
v 107.492 8.89698 14.6
v 107.35 8.89 14.6
v 107.35 6.84 14.6
v 107.208 8.89698 14.6
v 107.007 6.85685 14.6
v 107.067 8.91786 14.6
v 106.929 8.95244 14.6
v 106.795 9.00038 14.6
v 106.666 9.06121 14.6
v 105.7 7.25327 14.6
v 106.544 9.13437 14.6
v 106.43 9.21914 14.6
v 106.325 9.3147 14.6
v 104.875 7.86513 14.6
v 106.229 9.42013 14.6
v 104.644 8.11962 14.6
v 106.144 9.53442 14.6
v 106.071 9.65648 14.6
v 106.01 9.78511 14.6
v 105.962 9.91909 14.6
v 105.928 10.0571 14.6
v 103.917 9.65718 14.6
v 105.907 10.1979 14.6
v 103.867 9.99694 14.6
v 105.9 10.34 14.6
v 106.01 10.8949 14.6
v 105.962 10.7609 14.6
v 105.928 10.6229 14.6
v 105.907 10.4821 14.6
v 103.85 10.34 14.6
v 14.334 56.9907 14.6
v 14.0106 57.1064 14.6
v 18.8331 60.6831 14.6
v 18.7827 61.0228 14.6
v 18.85 60.34 14.6
v 18.6993 61.356 14.6
v 11.9173 61.0228 14.6
v 11.8669 60.6831 14.6
v 14.6672 56.9072 14.6
v 16.366 63.6893 14.6
v 16.6894 63.5736 14.6
v 13.4055 63.2501 14.6
v 13.7001 63.4267 14.6
v 12.1164 59.0006 14.6
v 12.2633 58.6901 14.6
v 14.334 63.6893 14.6
v 14.6672 63.7727 14.6
v 12.4399 58.3955 14.6
v 16.366 56.9907 14.6
v 16.0328 56.9072 14.6
v 13.4055 57.4299 14.6
v 13.1296 57.6345 14.6
v 17.2945 57.4299 14.6
v 16.9999 57.2533 14.6
v 18.0555 58.1196 14.6
v 18.2601 58.3955 14.6
v 15.6931 63.8231 14.6
v 16.0328 63.7727 14.6
v 13.1296 63.0455 14.6
v 16.6894 57.1064 14.6
v 12.6445 62.5604 14.6
v 12.4399 62.2845 14.6
v 18.7827 59.6572 14.6
v 18.8331 59.9969 14.6
v 12.1164 61.6794 14.6
v 12.0007 61.356 14.6
v 16.9999 63.4267 14.6
v 12.0007 59.324 14.6
v 18.6993 59.324 14.6
v 15.0069 63.8231 14.6
v 15.35 63.84 14.6
v 17.5704 63.0455 14.6
v 17.8249 62.8149 14.6
v 14.0106 63.5736 14.6
v 12.8751 62.8149 14.6
v 18.2601 62.2845 14.6
v 18.0555 62.5604 14.6
v 12.2633 61.9899 14.6
v 18.4367 58.6901 14.6
v 18.5836 59.0006 14.6
v 16.8 60.34 14.6
v 16.793 60.4821 14.6
v 16.7721 60.6229 14.6
v 16.793 60.1979 14.6
v 16.7376 60.7609 14.6
v 18.5836 61.6794 14.6
v 16.6896 60.8949 14.6
v 18.4367 61.9899 14.6
v 16.7721 60.0571 14.6
v 16.6288 61.0235 14.6
v 16.5556 61.1456 14.6
v 16.7376 59.9191 14.6
v 16.4709 61.2599 14.6
v 16.3753 61.3653 14.6
v 16.6896 59.7851 14.6
v 16.2699 61.4609 14.6
v 17.2945 63.2501 14.6
v 16.1556 61.5456 14.6
v 16.6288 59.6565 14.6
v 16.0335 61.6188 14.6
v 15.9049 61.6796 14.6
v 15.7709 61.7276 14.6
v 15.6329 61.7621 14.6
v 15.4921 61.783 14.6
v 15.35 61.79 14.6
v 15.2079 61.783 14.6
v 15.0671 61.7621 14.6
v 14.9291 61.7276 14.6
v 14.7951 61.6796 14.6
v 14.6665 61.6188 14.6
v 14.5444 61.5456 14.6
v 14.4301 61.4609 14.6
v 14.3247 61.3653 14.6
v 14.2291 61.2599 14.6
v 14.1444 61.1456 14.6
v 14.0712 61.0235 14.6
v 16.5556 59.5344 14.6
v 16.4709 59.4201 14.6
v 17.8249 57.8651 14.6
v 16.3753 59.3147 14.6
v 17.5704 57.6345 14.6
v 16.2699 59.2191 14.6
v 16.1556 59.1344 14.6
v 16.0335 59.0612 14.6
v 15.9049 59.0004 14.6
v 15.7709 58.9524 14.6
v 15.6329 58.9179 14.6
v 15.6931 56.8569 14.6
v 15.4921 58.897 14.6
v 15.35 58.89 14.6
v 15.35 56.84 14.6
v 15.2079 58.897 14.6
v 15.0069 56.8569 14.6
v 15.0671 58.9179 14.6
v 14.9291 58.9524 14.6
v 14.7951 59.0004 14.6
v 14.6665 59.0612 14.6
v 13.7001 57.2533 14.6
v 14.5444 59.1344 14.6
v 14.4301 59.2191 14.6
v 14.3247 59.3147 14.6
v 12.8751 57.8651 14.6
v 14.2291 59.4201 14.6
v 12.6445 58.1196 14.6
v 14.1444 59.5344 14.6
v 14.0712 59.6565 14.6
v 14.0104 59.7851 14.6
v 13.9624 59.9191 14.6
v 13.9279 60.0571 14.6
v 11.9173 59.6572 14.6
v 13.907 60.1979 14.6
v 11.8669 59.9969 14.6
v 13.9 60.34 14.6
v 14.0104 60.8949 14.6
v 13.9624 60.7609 14.6
v 13.9279 60.6229 14.6
v 13.907 60.4821 14.6
v 11.85 60.34 14.6
v 106.334 56.9907 14.6
v 106.011 57.1064 14.6
v 110.833 60.6831 14.6
v 110.783 61.0228 14.6
v 110.85 60.34 14.6
v 110.699 61.356 14.6
v 103.917 61.0228 14.6
v 103.867 60.6831 14.6
v 106.667 56.9072 14.6
v 108.366 63.6893 14.6
v 108.689 63.5736 14.6
v 105.406 63.2501 14.6
v 105.7 63.4267 14.6
v 104.116 59.0006 14.6
v 104.263 58.6901 14.6
v 106.334 63.6893 14.6
v 106.667 63.7727 14.6
v 104.44 58.3955 14.6
v 108.366 56.9907 14.6
v 108.033 56.9072 14.6
v 105.406 57.4299 14.6
v 105.13 57.6345 14.6
v 109.294 57.4299 14.6
v 109.0 57.2533 14.6
v 110.056 58.1196 14.6
v 110.26 58.3955 14.6
v 107.693 63.8231 14.6
v 108.033 63.7727 14.6
v 105.13 63.0455 14.6
v 108.689 57.1064 14.6
v 104.644 62.5604 14.6
v 104.44 62.2845 14.6
v 110.783 59.6572 14.6
v 110.833 59.9969 14.6
v 104.116 61.6794 14.6
v 104.001 61.356 14.6
v 109.0 63.4267 14.6
v 104.001 59.324 14.6
v 110.699 59.324 14.6
v 107.007 63.8231 14.6
v 107.35 63.84 14.6
v 109.57 63.0455 14.6
v 109.825 62.8149 14.6
v 106.011 63.5736 14.6
v 104.875 62.8149 14.6
v 110.26 62.2845 14.6
v 110.056 62.5604 14.6
v 104.263 61.9899 14.6
v 110.437 58.6901 14.6
v 110.584 59.0006 14.6
v 110.437 61.9899 14.6
v 108.8 60.34 14.6
v 108.793 60.4821 14.6
v 108.772 60.6229 14.6
v 108.793 60.1979 14.6
v 108.738 60.7609 14.6
v 110.584 61.6794 14.6
v 108.69 60.8949 14.6
v 108.772 60.0571 14.6
v 108.629 61.0235 14.6
v 108.556 61.1456 14.6
v 108.738 59.9191 14.6
v 108.471 61.2599 14.6
v 108.375 61.3653 14.6
v 108.69 59.7851 14.6
v 108.27 61.4609 14.6
v 109.294 63.2501 14.6
v 108.156 61.5456 14.6
v 108.629 59.6565 14.6
v 108.034 61.6188 14.6
v 107.905 61.6796 14.6
v 107.771 61.7276 14.6
v 107.633 61.7621 14.6
v 107.492 61.783 14.6
v 107.35 61.79 14.6
v 107.208 61.783 14.6
v 107.067 61.7621 14.6
v 106.929 61.7276 14.6
v 106.795 61.6796 14.6
v 106.666 61.6188 14.6
v 106.544 61.5456 14.6
v 106.43 61.4609 14.6
v 106.325 61.3653 14.6
v 106.229 61.2599 14.6
v 106.144 61.1456 14.6
v 106.071 61.0235 14.6
v 108.556 59.5344 14.6
v 108.471 59.4201 14.6
v 109.825 57.8651 14.6
v 108.375 59.3147 14.6
v 109.57 57.6345 14.6
v 108.27 59.2191 14.6
v 108.156 59.1344 14.6
v 108.034 59.0612 14.6
v 107.905 59.0004 14.6
v 107.771 58.9524 14.6
v 107.633 58.9179 14.6
v 107.693 56.8569 14.6
v 107.492 58.897 14.6
v 107.35 58.89 14.6
v 107.35 56.84 14.6
v 107.208 58.897 14.6
v 107.007 56.8569 14.6
v 107.067 58.9179 14.6
v 106.929 58.9524 14.6
v 106.795 59.0004 14.6
v 106.666 59.0612 14.6
v 105.7 57.2533 14.6
v 106.544 59.1344 14.6
v 106.43 59.2191 14.6
v 106.325 59.3147 14.6
v 104.875 57.8651 14.6
v 106.229 59.4201 14.6
v 104.644 58.1196 14.6
v 106.144 59.5344 14.6
v 106.071 59.6565 14.6
v 106.01 59.7851 14.6
v 105.962 59.9191 14.6
v 105.928 60.0571 14.6
v 103.917 59.6572 14.6
v 105.907 60.1979 14.6
v 103.867 59.9969 14.6
v 105.9 60.34 14.6
v 106.01 60.8949 14.6
v 105.962 60.7609 14.6
v 105.928 60.6229 14.6
v 105.907 60.4821 14.6
v 103.85 60.34 14.6
v 35.2206 71.08 14.8005
v 34.808 71.08 15.0801
v 35.5807 71.08 15.0801
v 34.8483 71.08 14.8005
v 34.7812 71.08 14.7972
v 34.7411 71.08 15.0783
v 34.722 71.08 14.7871
v 34.6778 71.08 15.073
v 34.6179 71.08 15.0642
v 34.6706 71.08 14.7704
v 34.5616 71.08 15.052
v 34.5088 71.08 15.0362
v 34.6272 71.08 14.747
v 34.4595 71.08 15.0168
v 34.5917 71.08 14.7169
v 34.4137 71.08 14.994
v 35.2206 71.08 14.2427
v 35.2206 71.08 13.9656
v 34.8385 71.08 14.2427
v 34.2593 71.08 14.2107
v 34.2417 71.08 14.239
v 34.2785 71.08 14.1839
v 34.2994 71.08 14.1586
v 34.3218 71.08 14.1346
v 34.3459 71.08 14.1122
v 34.3716 71.08 14.0912
v 34.3989 71.08 14.0717
v 34.4278 71.08 14.0536
v 34.4583 71.08 14.037
v 34.4903 71.08 14.0221
v 34.5236 71.08 14.0088
v 34.5582 71.08 13.9974
v 34.5941 71.08 13.9877
v 34.6313 71.08 13.9797
v 34.6699 71.08 13.9736
v 34.7097 71.08 13.9691
v 34.7509 71.08 13.9665
v 34.7934 71.08 13.9656
v 35.5807 71.08 13.3602
v 35.2206 71.08 13.3602
v 34.3714 71.08 14.9677
v 34.3326 71.08 14.9378
v 34.564 71.08 14.6801
v 34.2976 71.08 14.9048
v 34.2668 71.08 14.8688
v 34.24 71.08 14.83
v 34.5443 71.08 14.6366
v 34.2174 71.08 14.7882
v 34.1989 71.08 14.7435
v 34.1845 71.08 14.6959
v 34.5324 71.08 14.5864
v 34.1742 71.08 14.6454
v 34.168 71.08 14.592
v 34.5285 71.08 14.5295
v 34.166 71.08 14.5356
v 34.1669 71.08 14.4992
v 34.5295 71.08 14.4994
v 34.1744 71.08 14.4289
v 34.5325 71.08 14.4709
v 34.1697 71.08 14.4636
v 34.1809 71.08 14.3951
v 34.5374 71.08 14.444
v 34.1996 71.08 14.33
v 34.5444 71.08 14.4187
v 34.2258 71.08 14.2685
v 34.5534 71.08 14.3951
v 34.5643 71.08 14.373
v 34.1893 71.08 14.3621
v 34.5772 71.08 14.3526
v 34.5922 71.08 14.3338
v 34.6091 71.08 14.3165
v 34.6278 71.08 14.301
v 34.2118 71.08 14.2988
v 34.6482 71.08 14.2874
v 34.6704 71.08 14.2755
v 34.6942 71.08 14.2655
v 34.7197 71.08 14.2573
v 34.7469 71.08 14.2509
v 34.7757 71.08 14.2463
v 34.8063 71.08 14.2436
v 34.1171 71.08 15.0801
v 33.5031 71.08 13.9693
v 33.7521 71.08 15.0801
v 33.674 71.08 13.3602
v 33.4469 71.08 13.7007
v 33.2219 71.08 14.7165
v 32.9392 71.08 14.7224
v 33.1816 71.08 14.8891
v 32.9455 71.08 14.6878
v 32.9516 71.08 14.6551
v 32.9575 71.08 14.6243
v 32.963 71.08 14.5953
v 32.9683 71.08 14.5683
v 33.2578 71.08 14.5624
v 32.9733 71.08 14.5431
v 32.9781 71.08 14.5198
v 32.9825 71.08 14.4984
v 32.9868 71.08 14.4789
v 32.9936 71.08 14.4486
v 33.2893 71.08 14.4267
v 33.0059 71.08 14.3947
v 33.0238 71.08 14.3174
v 33.3163 71.08 14.3095
v 33.0472 71.08 14.2166
v 33.339 71.08 14.2107
v 33.076 71.08 14.0923
v 33.3572 71.08 14.1303
v 33.371 71.08 14.0683
v 33.3804 71.08 14.0248
v 33.1504 71.08 13.7732
v 33.3949 71.08 13.9554
v 33.4095 71.08 13.8846
v 33.4244 71.08 13.8122
v 33.4394 71.08 13.7383
v 33.2468 71.08 13.3602
v 33.1369 71.08 15.0801
v 32.7341 71.08 15.0801
v 32.9325 71.08 14.68
v 32.9255 71.08 14.638
v 32.9181 71.08 14.5964
v 32.9105 71.08 14.5552
v 32.5168 71.08 14.1646
v 32.9025 71.08 14.5144
v 32.8941 71.08 14.4739
v 32.8855 71.08 14.4339
v 32.8765 71.08 14.3942
v 32.8671 71.08 14.355
v 32.5107 71.08 14.1386
v 32.5037 71.08 14.1062
v 32.4958 71.08 14.0675
v 32.487 71.08 14.0223
v 32.4774 71.08 13.9708
v 32.4669 71.08 13.9129
v 32.634 71.08 13.3602
v 32.4555 71.08 13.8486
v 32.4433 71.08 13.7779
v 32.4302 71.08 13.7007
v 32.335 71.08 14.1231
v 31.7625 71.08 15.0801
v 32.1275 71.08 15.0801
v 32.2068 71.08 13.3602
v 32.3996 71.08 13.8423
v 31.2879 71.08 14.8005
v 30.7887 71.08 15.0801
v 31.648 71.08 15.0801
v 30.8265 71.08 14.8005
v 30.7599 71.08 14.7975
v 30.722 71.08 15.0784
v 30.7011 71.08 14.7883
v 30.6589 71.08 15.0735
v 30.5992 71.08 15.0653
v 30.6502 71.08 14.773
v 30.543 71.08 15.0539
v 30.6071 71.08 14.7516
v 30.4902 71.08 15.0392
v 30.4409 71.08 15.0212
v 30.5718 71.08 14.724
v 30.3951 71.08 14.9999
v 30.3527 71.08 14.9754
v 31.2879 71.08 14.2927
v 30.8656 71.08 14.0132
v 30.8167 71.08 14.2927
v 30.4883 71.08 14.0931
v 30.5262 71.08 14.0828
v 30.2492 71.08 14.2555
v 30.2276 71.08 14.2853
v 30.2728 71.08 14.2275
v 30.2983 71.08 14.2016
v 30.3255 71.08 14.178
v 30.3545 71.08 14.1566
v 30.3853 71.08 14.1374
v 30.4179 71.08 14.1204
v 30.4522 71.08 14.1057
v 31.2879 71.08 14.0132
v 31.648 71.08 13.3602
v 31.2879 71.08 13.3602
v 30.3138 71.08 14.9476
v 30.5444 71.08 14.6904
v 30.2787 71.08 14.9168
v 30.2478 71.08 14.883
v 30.2209 71.08 14.8465
v 30.5248 71.08 14.6506
v 30.1982 71.08 14.8071
v 30.1796 71.08 14.7648
v 30.1652 71.08 14.7198
v 30.5131 71.08 14.6047
v 30.1549 71.08 14.6718
v 30.1487 71.08 14.621
v 30.5091 71.08 14.5527
v 30.1466 71.08 14.5674
v 30.1479 71.08 14.5279
v 30.5101 71.08 14.526
v 30.158 71.08 14.4524
v 30.513 71.08 14.5007
v 30.1517 71.08 14.4895
v 30.1669 71.08 14.4166
v 30.5178 71.08 14.4766
v 30.1922 71.08 14.3485
v 30.5246 71.08 14.454
v 30.5333 71.08 14.4327
v 30.5439 71.08 14.4128
v 30.5564 71.08 14.3942
v 30.1782 71.08 14.3819
v 30.5709 71.08 14.377
v 30.5873 71.08 14.3611
v 30.6055 71.08 14.3467
v 30.6256 71.08 14.3341
v 30.6475 71.08 14.3231
v 30.2086 71.08 14.3163
v 30.6712 71.08 14.3138
v 30.6967 71.08 14.3062
v 30.724 71.08 14.3003
v 30.7531 71.08 14.2961
v 30.784 71.08 14.2936
v 30.4664 71.08 13.3602
v 30.0611 71.08 13.3602
v 62.5101 71.08 13.7562
v 62.1758 71.08 13.865
v 62.5237 71.08 13.8076
v 62.1671 71.08 13.8355
v 62.4932 71.08 13.7078
v 62.1568 71.08 13.8079
v 62.473 71.08 13.6623
v 62.4495 71.08 13.6199
v 62.1448 71.08 13.7822
v 62.4226 71.08 13.5804
v 62.1311 71.08 13.7583
v 62.3924 71.08 13.5439
v 62.1158 71.08 13.7362
v 62.359 71.08 13.5105
v 62.3221 71.08 13.4799
v 62.0988 71.08 13.7161
v 62.282 71.08 13.4524
v 62.0802 71.08 13.6977
v 62.2385 71.08 13.4278
v 62.0599 71.08 13.6812
v 62.1914 71.08 13.4061
v 62.0379 71.08 13.6666
v 62.1409 71.08 13.3873
v 62.0867 71.08 13.3714
v 62.0141 71.08 13.6537
v 61.7657 71.08 14.85
v 61.7584 71.08 15.1051
v 61.8308 71.08 15.1036
v 61.7324 71.08 14.8493
v 61.8344 71.08 14.8475
v 61.8992 71.08 15.099
v 61.6893 71.08 15.1039
v 61.8949 71.08 14.8399
v 61.9637 71.08 15.0913
v 61.7009 71.08 14.8472
v 61.9475 71.08 14.8272
v 62.0242 71.08 15.0806
v 61.6711 71.08 14.8438
v 62.0808 71.08 15.0669
v 61.6241 71.08 15.1002
v 61.9919 71.08 14.8095
v 62.1335 71.08 15.0501
v 61.6431 71.08 14.8389
v 62.0282 71.08 14.7867
v 62.1823 71.08 15.0302
v 61.5629 71.08 15.094
v 62.2271 71.08 15.0072
v 61.6169 71.08 14.8327
v 62.0565 71.08 14.7589
v 62.268 71.08 14.9812
v 61.5924 71.08 14.825
v 61.5056 71.08 15.0853
v 62.3048 71.08 14.9523
v 61.5697 71.08 14.816
v 62.0767 71.08 14.726
v 62.3372 71.08 14.9208
v 61.4522 71.08 15.0742
v 62.3653 71.08 14.8865
v 61.5487 71.08 14.8056
v 61.4028 71.08 15.0606
v 62.3891 71.08 14.8495
v 62.0888 71.08 14.688
v 62.4086 71.08 14.8098
v 62.4237 71.08 14.7675
v 62.4345 71.08 14.7224
v 62.0928 71.08 14.6449
v 62.441 71.08 14.6747
v 62.4431 71.08 14.6242
v 62.0924 71.08 14.6303
v 62.4429 71.08 14.6041
v 62.0911 71.08 14.6163
v 62.442 71.08 14.5845
v 62.4405 71.08 14.5655
v 62.089 71.08 14.6029
v 62.4384 71.08 14.5469
v 62.4358 71.08 14.5289
v 62.086 71.08 14.5901
v 62.4326 71.08 14.5114
v 62.4288 71.08 14.4943
v 62.4244 71.08 14.4778
v 62.0821 71.08 14.5779
v 62.4194 71.08 14.4618
v 62.4138 71.08 14.4463
v 62.0774 71.08 14.5663
v 62.4079 71.08 14.4313
v 62.4014 71.08 14.4167
v 62.3945 71.08 14.4025
v 62.0718 71.08 14.5553
v 62.3871 71.08 14.3888
v 62.3792 71.08 14.3756
v 62.3709 71.08 14.3628
v 62.3621 71.08 14.3505
v 62.0654 71.08 14.5449
v 62.3528 71.08 14.3386
v 62.3431 71.08 14.3271
v 62.333 71.08 14.316
v 62.0581 71.08 14.5351
v 62.3223 71.08 14.3053
v 62.3113 71.08 14.2949
v 62.2997 71.08 14.2849
v 62.0499 71.08 14.5257
v 62.2878 71.08 14.2754
v 62.2753 71.08 14.2661
v 62.2624 71.08 14.2573
v 62.0409 71.08 14.5167
v 62.2491 71.08 14.2488
v 62.2354 71.08 14.2407
v 62.0311 71.08 14.508
v 61.9836 71.08 14.4764
v 62.0941 71.08 14.1778
v 61.9697 71.08 14.4692
v 62.073 71.08 14.1711
v 62.2212 71.08 14.2328
v 61.9549 71.08 14.4624
v 62.0489 71.08 14.1639
v 61.938 71.08 14.4556
v 62.2068 71.08 14.2251
v 61.9921 71.08 14.1482
v 61.9176 71.08 14.4484
v 62.022 71.08 14.1563
v 62.0205 71.08 14.4996
v 61.9594 71.08 14.1397
v 61.8938 71.08 14.4408
v 62.192 71.08 14.2177
v 61.8664 71.08 14.4328
v 61.9238 71.08 14.1307
v 61.8356 71.08 14.4245
v 62.1768 71.08 14.2105
v 61.8014 71.08 14.4158
v 61.8438 71.08 14.1115
v 61.7637 71.08 14.4067
v 62.0091 71.08 14.4916
v 61.796 71.08 14.1017
v 62.1612 71.08 14.2035
v 61.7517 71.08 14.0921
v 61.7225 71.08 14.3972
v 61.9968 71.08 14.4838
v 61.6778 71.08 14.3874
v 62.1453 71.08 14.1968
v 61.711 71.08 14.0829
v 62.129 71.08 14.1904
v 61.6738 71.08 14.074
v 61.6245 71.08 14.3758
v 61.5747 71.08 14.3644
v 62.1124 71.08 14.1842
v 61.6403 71.08 14.0655
v 61.5283 71.08 14.3533
v 61.6103 71.08 14.0573
v 61.5839 71.08 14.0494
v 61.8852 71.08 14.1214
v 61.4854 71.08 14.3423
v 61.561 71.08 14.0419
v 61.446 71.08 14.3315
v 61.5417 71.08 14.0346
v 61.4101 71.08 14.3209
v 61.5247 71.08 14.0274
v 61.5085 71.08 14.0197
v 61.3777 71.08 14.3105
v 61.4932 71.08 14.0117
v 61.3487 71.08 14.3003
v 61.4787 71.08 14.0033
v 61.3232 71.08 14.2903
v 61.4652 71.08 13.9945
v 61.3001 71.08 14.2803
v 61.278 71.08 14.2698
v 61.4525 71.08 13.9853
v 61.257 71.08 14.259
v 61.4407 71.08 13.9757
v 61.2371 71.08 14.2479
v 61.4297 71.08 13.9657
v 61.2183 71.08 14.2363
v 61.2006 71.08 14.2244
v 61.4197 71.08 13.9553
v 61.1841 71.08 14.2122
v 61.1686 71.08 14.1996
v 61.1542 71.08 14.1866
v 61.4106 71.08 13.9444
v 61.1407 71.08 14.1732
v 61.128 71.08 14.1592
v 61.4025 71.08 13.9329
v 61.1159 71.08 14.1446
v 61.1046 71.08 14.1294
v 61.0941 71.08 14.1137
v 61.3956 71.08 13.9207
v 61.0842 71.08 14.0974
v 61.0751 71.08 14.0805
v 61.0667 71.08 14.063
v 61.3897 71.08 13.9079
v 61.059 71.08 14.045
v 61.0521 71.08 14.0264
v 61.0459 71.08 14.0071
v 61.3849 71.08 13.8945
v 61.0407 71.08 13.9873
v 61.0362 71.08 13.9668
v 61.3812 71.08 13.8804
v 61.0325 71.08 13.9457
v 61.0297 71.08 13.924
v 61.3785 71.08 13.8657
v 61.0276 71.08 13.9017
v 61.0264 71.08 13.8788
v 61.3769 71.08 13.8504
v 61.026 71.08 13.8552
v 61.3763 71.08 13.8345
v 61.0283 71.08 13.8005
v 61.0353 71.08 13.7488
v 61.381 71.08 13.7863
v 61.063 71.08 13.6541
v 61.395 71.08 13.7438
v 61.1394 71.08 13.5342
v 61.4182 71.08 13.707
v 61.0468 71.08 13.7
v 61.2572 71.08 13.4408
v 61.4508 71.08 13.6758
v 61.3578 71.08 13.3946
v 61.4927 71.08 13.6503
v 61.4145 71.08 13.3765
v 61.544 71.08 13.6305
v 61.5411 71.08 13.3501
v 61.6045 71.08 13.6163
v 61.0839 71.08 13.6112
v 61.6108 71.08 13.3418
v 61.6744 71.08 13.6078
v 61.6849 71.08 13.3369
v 61.7535 71.08 13.605
v 61.9884 71.08 13.6423
v 61.7633 71.08 13.3352
v 62.0291 71.08 13.3584
v 61.9607 71.08 13.6324
v 61.9311 71.08 13.624
v 61.4756 71.08 13.3616
v 61.9679 71.08 13.3482
v 61.8995 71.08 13.6171
v 61.9032 71.08 13.341
v 61.3053 71.08 13.4161
v 61.8659 71.08 13.6118
v 61.2134 71.08 13.4689
v 61.8304 71.08 13.608
v 61.1093 71.08 13.5712
v 61.835 71.08 13.3367
v 61.7929 71.08 13.6057
v 61.1741 71.08 13.5
v 61.5295 71.08 14.7938
v 61.3573 71.08 15.0446
v 61.5119 71.08 14.7807
v 61.3157 71.08 15.026
v 61.4957 71.08 14.7662
v 61.2781 71.08 15.005
v 61.4808 71.08 14.7503
v 61.2438 71.08 14.9812
v 61.4673 71.08 14.7331
v 61.2124 71.08 14.9541
v 61.1838 71.08 14.9238
v 61.4551 71.08 14.7145
v 61.1579 71.08 14.8902
v 61.4444 71.08 14.6946
v 61.135 71.08 14.8535
v 61.1148 71.08 14.8135
v 61.435 71.08 14.6733
v 61.0974 71.08 14.7703
v 61.4269 71.08 14.6506
v 61.0829 71.08 14.7239
v 61.4203 71.08 14.6266
v 61.0712 71.08 14.6742
v 60.4401 71.08 14.8012
v 60.1776 71.08 15.0795
v 60.8001 71.08 15.0795
v 60.1849 71.08 14.8012
v 60.127 71.08 14.7994
v 60.0835 71.08 15.0768
v 60.0722 71.08 14.794
v 59.9942 71.08 15.0687
v 60.0204 71.08 14.785
v 59.9097 71.08 15.0551
v 59.9717 71.08 14.7724
v 59.8302 71.08 15.0362
v 59.926 71.08 14.7562
v 59.8833 71.08 14.7363
v 59.7554 71.08 15.0119
v 60.4401 71.08 13.6379
v 60.1044 71.08 13.3596
v 60.1349 71.08 13.6379
v 59.5141 71.08 13.5764
v 59.4813 71.08 13.6101
v 59.5491 71.08 13.545
v 59.5862 71.08 13.5159
v 59.6254 71.08 13.4891
v 59.6668 71.08 13.4646
v 59.7099 71.08 13.4426
v 59.7544 71.08 13.4231
v 59.8003 71.08 13.4063
v 59.8476 71.08 13.392
v 59.8962 71.08 13.3804
v 59.9462 71.08 13.3713
v 59.9975 71.08 13.3648
v 60.0503 71.08 13.3609
v 60.8001 71.08 13.3596
v 59.8437 71.08 14.7129
v 59.6856 71.08 14.9821
v 59.8071 71.08 14.6859
v 59.6205 71.08 14.9469
v 59.5604 71.08 14.9064
v 59.7736 71.08 14.6553
v 59.5051 71.08 14.8604
v 59.7434 71.08 14.6213
v 59.4551 71.08 14.8093
v 59.7167 71.08 14.584
v 59.411 71.08 14.7536
v 59.6936 71.08 14.5435
v 59.3728 71.08 14.6932
v 59.674 71.08 14.4997
v 59.3405 71.08 14.6281
v 59.658 71.08 14.4527
v 59.314 71.08 14.5583
v 59.2935 71.08 14.4839
v 59.6455 71.08 14.4025
v 59.2788 71.08 14.4047
v 59.6367 71.08 14.349
v 59.27 71.08 14.3209
v 59.6313 71.08 14.2923
v 59.267 71.08 14.2324
v 59.6295 71.08 14.2324
v 59.2683 71.08 14.1741
v 59.6312 71.08 14.1728
v 59.2722 71.08 14.1175
v 59.6363 71.08 14.116
v 59.2786 71.08 14.0625
v 59.2876 71.08 14.0092
v 59.6447 71.08 14.062
v 59.2992 71.08 13.9576
v 59.6565 71.08 14.0109
v 59.3302 71.08 13.8594
v 59.6717 71.08 13.9626
v 59.3495 71.08 13.8128
v 59.6903 71.08 13.9172
v 59.3134 71.08 13.9077
v 59.3956 71.08 13.725
v 59.7122 71.08 13.8746
v 59.4506 71.08 13.6461
v 59.7376 71.08 13.8348
v 59.7663 71.08 13.7978
v 59.3714 71.08 13.7679
v 59.7978 71.08 13.7643
v 59.8317 71.08 13.7347
v 59.868 71.08 13.709
v 59.9066 71.08 13.6873
v 59.422 71.08 13.6844
v 59.9475 71.08 13.6695
v 59.9908 71.08 13.6557
v 60.0365 71.08 13.6458
v 60.0845 71.08 13.6399
v 118.6 43.5046 14.6506
v 118.6 43.8486 14.7239
v 118.6 43.8341 14.7703
v 118.6 43.4966 14.6733
v 118.6 43.8167 14.8135
v 118.6 43.7966 14.8535
v 118.6 43.4872 14.6946
v 118.6 43.7736 14.8902
v 118.6 43.4764 14.7145
v 118.6 43.7478 14.9238
v 118.6 43.4643 14.7331
v 118.6 43.7192 14.9541
v 118.6 43.6877 14.9812
v 118.6 43.4508 14.7503
v 118.6 43.6534 15.005
v 118.6 43.4359 14.7662
v 118.6 43.6158 15.026
v 118.6 43.4196 14.7807
v 118.6 43.5742 15.0446
v 118.6 43.5287 15.0606
v 118.6 43.5112 14.6266
v 118.6 43.8604 14.6742
v 118.6 43.3828 14.8056
v 118.6 43.4793 15.0742
v 118.6 43.3619 14.816
v 118.6 43.4259 15.0853
v 118.6 43.402 14.7938
v 118.6 43.3391 14.825
v 118.6 43.3686 15.094
v 118.6 43.3147 14.8327
v 118.6 43.2884 14.8389
v 118.6 43.3074 15.1002
v 118.6 43.2604 14.8438
v 118.6 43.2422 15.1039
v 118.6 43.2307 14.8472
v 118.6 43.1991 14.8493
v 118.6 43.1731 15.1051
v 118.6 43.1658 14.85
v 118.6 43.1008 15.1036
v 118.6 43.0972 14.8475
v 118.6 43.0324 15.099
v 118.6 43.0366 14.8399
v 118.6 42.9679 15.0913
v 118.6 42.9841 14.8272
v 118.6 42.9073 15.0806
v 118.6 42.9397 14.8095
v 118.6 42.8507 15.0669
v 118.6 42.798 15.0501
v 118.6 42.9033 14.7867
v 118.6 42.7493 15.0302
v 118.6 42.7044 15.0072
v 118.6 42.875 14.7589
v 118.6 42.9479 14.4764
v 118.6 42.8192 14.1842
v 118.6 42.8374 14.1778
v 118.6 42.6635 14.9812
v 118.6 42.8391 14.6303
v 118.6 42.8025 14.1904
v 118.6 42.6268 14.9523
v 118.6 42.7862 14.1968
v 118.6 42.7703 14.2035
v 118.6 42.7548 14.2105
v 118.6 42.8549 14.726
v 118.6 42.7396 14.2177
v 118.6 42.7248 14.2251
v 118.6 42.7103 14.2328
v 118.6 42.5943 14.9208
v 118.6 42.6962 14.2407
v 118.6 42.5662 14.8865
v 118.6 42.6825 14.2488
v 118.6 42.5425 14.8495
v 118.6 42.6691 14.2573
v 118.6 42.6562 14.2661
v 118.6 42.6438 14.2754
v 118.6 42.6318 14.2849
v 118.6 42.6203 14.2949
v 118.6 42.6092 14.3053
v 118.6 42.5986 14.316
v 118.6 42.8427 14.688
v 118.6 42.5884 14.3271
v 118.6 42.5787 14.3386
v 118.6 42.5694 14.3505
v 118.6 42.523 14.8098
v 118.6 42.5606 14.3628
v 118.6 42.5523 14.3756
v 118.6 42.5445 14.3888
v 118.6 42.5078 14.7675
v 118.6 42.5371 14.4025
v 118.6 42.5302 14.4167
v 118.6 42.5237 14.4313
v 118.6 42.497 14.7224
v 118.6 42.5177 14.4463
v 118.6 42.5122 14.4618
v 118.6 42.8387 14.6449
v 118.6 42.5072 14.4778
v 118.6 42.5028 14.4943
v 118.6 42.499 14.5114
v 118.6 42.4906 14.6747
v 118.6 42.4957 14.5289
v 118.6 42.4931 14.5469
v 118.6 42.491 14.5655
v 118.6 42.4884 14.6242
v 118.6 42.4896 14.5845
v 118.6 42.4887 14.6041
v 118.6 43.5531 13.8657
v 118.6 43.9051 13.8788
v 118.6 43.9039 13.9017
v 118.6 43.5547 13.8504
v 118.6 43.9055 13.8552
v 118.6 43.9019 13.924
v 118.6 43.5504 13.8804
v 118.6 43.899 13.9457
v 118.6 43.5552 13.8345
v 118.6 43.8953 13.9668
v 118.6 43.5466 13.8945
v 118.6 43.8909 13.9873
v 118.6 43.8856 14.0071
v 118.6 43.9032 13.8005
v 118.6 43.8795 14.0264
v 118.6 43.5418 13.9079
v 118.6 43.8726 14.045
v 118.6 43.8963 13.7488
v 118.6 43.8649 14.063
v 118.6 43.5359 13.9207
v 118.6 43.8565 14.0805
v 118.6 43.5505 13.7863
v 118.6 43.8473 14.0974
v 118.6 43.8375 14.1137
v 118.6 43.529 13.9329
v 118.6 43.8269 14.1294
v 118.6 43.8847 13.7
v 118.6 43.8156 14.1446
v 118.6 43.8036 14.1592
v 118.6 43.8685 13.6541
v 118.6 43.521 13.9444
v 118.6 43.7908 14.1732
v 118.6 43.7773 14.1866
v 118.6 43.763 14.1996
v 118.6 43.5366 13.7438
v 118.6 43.5119 13.9553
v 118.6 43.7475 14.2122
v 118.6 43.7309 14.2244
v 118.6 43.8477 13.6112
v 118.6 43.5018 13.9657
v 118.6 43.7132 14.2363
v 118.6 43.6944 14.2479
v 118.6 43.4908 13.9757
v 118.6 43.6745 14.259
v 118.6 43.8222 13.5712
v 118.6 43.479 13.9853
v 118.6 43.6536 14.2698
v 118.6 43.6315 14.2803
v 118.6 43.7922 13.5342
v 118.6 43.4663 13.9945
v 118.6 43.6083 14.2903
v 118.6 43.4528 14.0033
v 118.6 43.5828 14.3003
v 118.6 43.5133 13.707
v 118.6 43.7575 13.5
v 118.6 43.7181 13.4689
v 118.6 43.4384 14.0117
v 118.6 43.5539 14.3105
v 118.6 43.423 14.0197
v 118.6 43.5214 14.3209
v 118.6 43.4068 14.0274
v 118.6 43.4855 14.3315
v 118.6 43.3705 14.0419
v 118.6 43.4461 14.3423
v 118.6 43.3477 14.0494
v 118.6 43.4032 14.3533
v 118.6 43.3898 14.0346
v 118.6 43.2912 14.0655
v 118.6 43.3569 14.3644
v 118.6 43.3212 14.0573
v 118.6 43.2577 14.074
v 118.6 43.307 14.3758
v 118.6 43.2205 14.0829
v 118.6 43.2537 14.3874
v 118.6 43.1798 14.0921
v 118.6 43.209 14.3972
v 118.6 43.1356 14.1017
v 118.6 43.1679 14.4067
v 118.6 43.0877 14.1115
v 118.6 43.1302 14.4158
v 118.6 43.0463 14.1214
v 118.6 43.0959 14.4245
v 118.6 43.0078 14.1307
v 118.6 43.0651 14.4328
v 118.6 42.9722 14.1397
v 118.6 43.0378 14.4408
v 118.6 42.9394 14.1482
v 118.6 43.0139 14.4484
v 118.6 42.9096 14.1563
v 118.6 42.9935 14.4556
v 118.6 42.8826 14.1639
v 118.6 42.9766 14.4624
v 118.6 42.8586 14.1711
v 118.6 42.9618 14.4692
v 118.6 42.9348 14.4838
v 118.6 42.9225 14.4916
v 118.6 42.911 14.4996
v 118.6 42.9004 14.508
v 118.6 42.8906 14.5167
v 118.6 42.8816 14.5257
v 118.6 42.8735 14.5351
v 118.6 42.8662 14.5449
v 118.6 42.8597 14.5553
v 118.6 42.8542 14.5663
v 118.6 42.8494 14.5779
v 118.6 42.8456 14.5901
v 118.6 42.8426 14.6029
v 118.6 42.8404 14.6163
v 118.6 43.6743 13.4408
v 118.6 43.4807 13.6758
v 118.6 43.6262 13.4161
v 118.6 43.5738 13.3946
v 118.6 43.4388 13.6503
v 118.6 43.517 13.3765
v 118.6 43.3876 13.6305
v 118.6 43.4559 13.3616
v 118.6 43.3905 13.3501
v 118.6 43.327 13.6163
v 118.6 43.3207 13.3418
v 118.6 43.2572 13.6078
v 118.6 43.2466 13.3369
v 118.6 43.178 13.605
v 118.6 43.1682 13.3352
v 118.6 43.1386 13.6057
v 118.6 43.0965 13.3367
v 118.6 43.1011 13.608
v 118.6 43.0283 13.341
v 118.6 43.0656 13.6118
v 118.6 43.032 13.6171
v 118.6 42.9636 13.3482
v 118.6 43.0004 13.624
v 118.6 42.9024 13.3584
v 118.6 42.9708 13.6324
v 118.6 42.9431 13.6423
v 118.6 42.8448 13.3714
v 118.6 42.9174 13.6537
v 118.6 42.7907 13.3873
v 118.6 42.8936 13.6666
v 118.6 42.7401 13.4061
v 118.6 42.8717 13.6812
v 118.6 42.693 13.4278
v 118.6 42.8514 13.6977
v 118.6 42.6495 13.4524
v 118.6 42.8327 13.7161
v 118.6 42.6094 13.4799
v 118.6 42.8158 13.7362
v 118.6 42.5391 13.5439
v 118.6 42.8004 13.7583
v 118.6 42.5089 13.5804
v 118.6 42.7868 13.7822
v 118.6 42.4821 13.6199
v 118.6 42.7748 13.8079
v 118.6 42.4383 13.7078
v 118.6 42.7644 13.8355
v 118.6 42.4214 13.7562
v 118.6 42.7557 13.865
v 118.6 42.5726 13.5105
v 118.6 42.4585 13.6623
v 118.6 42.4078 13.8076
v 118.6 40.7228 15.0795
v 118.6 41.0829 14.0322
v 118.6 41.0829 15.0795
v 118.6 40.7252 13.9344
v 118.6 40.7228 14.0041
v 118.6 40.7322 13.8683
v 118.6 40.7438 13.8059
v 118.6 41.0035 13.4401
v 118.6 41.0557 13.4122
v 118.6 40.9554 13.4722
v 118.6 40.9114 13.5085
v 118.6 40.8718 13.5489
v 118.6 40.8369 13.5929
v 118.6 40.8067 13.6406
v 118.6 40.781 13.692
v 118.6 40.7601 13.7471
v 118.6 41.8653 14.0444
v 118.6 42.2254 14.0224
v 118.6 42.2254 15.0795
v 118.6 41.864 13.9997
v 118.6 42.2229 13.9515
v 118.6 41.8602 13.9575
v 118.6 42.2154 13.8843
v 118.6 41.8538 13.9175
v 118.6 42.203 13.8207
v 118.6 41.8448 13.88
v 118.6 42.1855 13.7607
v 118.6 41.8333 13.8448
v 118.6 42.1631 13.7043
v 118.6 41.8192 13.8119
v 118.6 42.1356 13.6516
v 118.6 41.8653 15.0795
v 118.6 42.1032 13.6025
v 118.6 41.8026 13.7815
v 118.6 42.0658 13.5571
v 118.6 41.7834 13.7534
v 118.6 42.0234 13.5153
v 118.6 41.7616 13.7276
v 118.6 41.9765 13.4775
v 118.6 41.9255 13.4441
v 118.6 41.7374 13.7045
v 118.6 41.8705 13.4152
v 118.6 41.7111 13.684
v 118.6 41.8114 13.3908
v 118.6 41.6825 13.6663
v 118.6 41.7483 13.3708
v 118.6 41.6518 13.6513
v 118.6 41.6188 13.639
v 118.6 41.6811 13.3552
v 118.6 41.5837 13.6294
v 118.6 41.6099 13.3441
v 118.6 41.5463 13.6226
v 118.6 41.5345 13.3375
v 118.6 41.5067 13.6185
v 118.6 41.465 13.6172
v 118.6 41.4552 13.3352
v 118.6 41.4243 13.6185
v 118.6 41.3783 13.3374
v 118.6 41.3859 13.6224
v 118.6 41.3056 13.3438
v 118.6 41.3498 13.6289
v 118.6 41.3159 13.638
v 118.6 41.2369 13.3545
v 118.6 41.2842 13.6498
v 118.6 41.1724 13.3695
v 118.6 41.2548 13.6641
v 118.6 41.112 13.3887
v 118.6 41.2276 13.681
v 118.6 41.2027 13.7006
v 118.6 41.18 13.7228
v 118.6 41.1596 13.7474
v 118.6 41.1416 13.7745
v 118.6 41.1261 13.8041
v 118.6 41.1129 13.836
v 118.6 41.1021 13.8704
v 118.6 41.0937 13.9072
v 118.6 41.0877 13.9465
v 118.6 41.0841 13.9881
v 118.6 45.5561 14.6154
v 118.6 45.1937 14.6235
v 118.6 45.1946 14.5986
v 118.6 45.2705 15.0309
v 118.6 45.1909 14.6468
v 118.6 45.1864 14.6684
v 118.6 45.18 14.6884
v 118.6 45.1718 14.7067
v 118.6 45.1034 14.7736
v 118.6 45.2213 15.0458
v 118.6 45.1684 15.0579
v 118.6 45.1618 14.7233
v 118.6 45.1499 14.7383
v 118.6 45.1362 14.7517
v 118.6 45.1207 14.7633
v 118.6 45.0636 14.7905
v 118.6 45.1116 15.0673
v 118.6 45.0844 14.7826
v 118.6 45.041 14.7971
v 118.6 45.0511 15.0741
v 118.6 45.0166 14.8025
v 118.6 44.9905 14.8067
v 118.6 44.9868 15.0781
v 118.6 44.9627 14.8098
v 118.6 44.933 14.8116
v 118.6 44.9187 15.0795
v 118.6 44.9016 14.8122
v 118.6 44.4915 14.8122
v 118.6 44.1314 15.0795
v 118.6 44.4915 14.3862
v 118.6 44.4915 14.1201
v 118.6 44.1314 13.3596
v 118.6 45.5571 14.6474
v 118.6 45.5551 14.6935
v 118.6 45.5491 14.7372
v 118.6 45.5531 14.5845
v 118.6 45.5481 14.5548
v 118.6 45.5391 14.7782
v 118.6 45.5411 14.5262
v 118.6 45.5252 14.8166
v 118.6 45.1937 14.5756
v 118.6 45.532 14.4988
v 118.6 45.5072 14.8525
v 118.6 45.521 14.4724
v 118.6 45.4852 14.8858
v 118.6 45.1912 14.554
v 118.6 45.4593 14.9165
v 118.6 45.508 14.4472
v 118.6 45.493 14.4231
v 118.6 45.4293 14.9447
v 118.6 45.4759 14.4002
v 118.6 45.3954 14.9702
v 118.6 45.1869 14.5337
v 118.6 45.4568 14.3786
v 118.6 45.3575 14.9932
v 118.6 45.4357 14.3587
v 118.6 45.3159 15.0134
v 118.6 45.181 14.5147
v 118.6 45.4124 14.3403
v 118.6 45.387 14.3236
v 118.6 45.1733 14.497
v 118.6 45.3596 14.3085
v 118.6 45.33 14.295
v 118.6 45.1639 14.4806
v 118.6 45.2983 14.2831
v 118.6 45.1529 14.4655
v 118.6 45.2646 14.2728
v 118.6 45.1401 14.4517
v 118.6 45.2288 14.2641
v 118.6 45.1877 14.0723
v 118.6 45.2262 14.0455
v 118.6 45.1256 14.4393
v 118.6 45.1092 14.4281
v 118.6 45.1406 14.0932
v 118.6 45.0908 14.4183
v 118.6 45.0703 14.4098
v 118.6 45.085 14.1081
v 118.6 45.0478 14.4025
v 118.6 45.0208 14.1171
v 118.6 45.0232 14.3966
v 118.6 44.9965 14.3921
v 118.6 44.9678 14.3888
v 118.6 44.948 14.1201
v 118.6 44.937 14.3868
v 118.6 44.9041 14.3862
v 118.6 45.2947 13.8784
v 118.6 45.656 13.8503
v 118.6 45.6546 13.8885
v 118.6 45.6506 13.9251
v 118.6 45.2937 13.8512
v 118.6 45.6538 13.7996
v 118.6 45.6438 13.9598
v 118.6 45.2907 13.8256
v 118.6 45.2904 13.9291
v 118.6 45.6344 13.9929
v 118.6 45.6223 14.0243
v 118.6 45.6074 14.054
v 118.6 45.2858 13.8016
v 118.6 45.6473 13.7514
v 118.6 45.5899 14.082
v 118.6 45.6364 13.7059
v 118.6 45.5697 14.1083
v 118.6 45.6213 13.663
v 118.6 45.2776 13.9739
v 118.6 45.5467 14.1329
v 118.6 45.5212 14.1556
v 118.6 45.2789 13.7791
v 118.6 45.4933 14.1763
v 118.6 45.6017 13.6227
v 118.6 45.4628 14.1949
v 118.6 45.5779 13.585
v 118.6 45.2562 14.0127
v 118.6 45.43 14.2116
v 118.6 45.27 13.7581
v 118.6 45.3946 14.2261
v 118.6 45.3569 14.2387
v 118.6 45.3166 14.2492
v 118.6 45.5496 13.55
v 118.6 45.2591 13.7387
v 118.6 45.2739 14.2577
v 118.6 45.5171 13.5176
v 118.6 45.4802 13.4878
v 118.6 45.2463 13.7209
v 118.6 45.4395 13.4609
v 118.6 45.2315 13.7045
v 118.6 45.3953 13.4372
v 118.6 45.2147 13.6898
v 118.6 45.3478 13.4166
v 118.6 45.1958 13.6766
v 118.6 45.297 13.3992
v 118.6 45.1746 13.665
v 118.6 45.2427 13.385
v 118.6 45.1511 13.6549
v 118.6 45.1851 13.3739
v 118.6 45.1252 13.6463
v 118.6 45.0971 13.6394
v 118.6 45.1241 13.366
v 118.6 45.0666 13.6339
v 118.6 45.0597 13.3612
v 118.6 45.0339 13.6301
v 118.6 44.9988 13.6277
v 118.6 44.992 13.3596
v 118.6 44.9614 13.627
v 118.6 44.4915 13.627
v -0.4 26.4511 14.1643
v -0.4 26.8154 14.2275
v -0.4 26.8126 14.135
v -0.4 26.4461 14.1044
v -0.4 26.8042 14.0472
v -0.4 26.4528 14.2275
v -0.4 26.4377 14.0477
v -0.4 26.7903 13.9643
v -0.4 26.4512 14.2896
v -0.4 26.8126 14.3194
v -0.4 26.426 13.9943
v -0.4 26.7708 13.8862
v -0.4 26.4463 14.3484
v -0.4 26.4108 13.9442
v -0.4 26.7457 13.8129
v -0.4 26.8042 14.4065
v -0.4 26.3923 13.8974
v -0.4 26.715 13.7444
v -0.4 26.4382 14.4039
v -0.4 26.6788 13.6807
v -0.4 26.7901 14.4886
v -0.4 26.3705 13.8538
v -0.4 26.637 13.6218
v -0.4 26.4268 14.4562
v -0.4 26.3453 13.8135
v -0.4 26.5896 13.5678
v -0.4 26.7705 14.5659
v -0.4 26.3167 13.7765
v -0.4 26.537 13.519
v -0.4 26.4121 14.5051
v -0.4 26.2851 13.743
v -0.4 26.4796 13.4759
v -0.4 26.3942 14.5508
v -0.4 26.7453 14.6382
v -0.4 26.2508 13.7135
v -0.4 26.4174 13.4386
v -0.4 26.2137 13.688
v -0.4 26.3505 13.407
v -0.4 26.1739 13.6663
v -0.4 26.2787 13.3812
v -0.4 26.1314 13.6486
v -0.4 26.2022 13.3611
v -0.4 26.0862 13.6349
v -0.4 26.1209 13.3467
v -0.4 26.0382 13.625
v -0.4 26.0347 13.3381
v -0.4 25.9875 13.6191
v -0.4 25.9438 13.3352
v -0.4 25.9341 13.6172
v -0.4 25.8907 13.3362
v -0.4 25.903 13.6177
v -0.4 25.8721 13.6192
v -0.4 25.838 13.3391
v -0.4 25.8414 13.6217
v -0.4 25.7859 13.344
v -0.4 25.811 13.6253
v -0.4 25.7343 13.3509
v -0.4 25.7807 13.6298
v -0.4 25.7507 13.6353
v -0.4 25.6833 13.3597
v -0.4 25.7209 13.6419
v -0.4 25.6327 13.3705
v -0.4 25.6913 13.6495
v -0.4 25.5827 13.3832
v -0.4 25.6619 13.6581
v -0.4 25.6333 13.6674
v -0.4 25.5332 13.3979
v -0.4 25.6062 13.6774
v -0.4 25.4843 13.4146
v -0.4 25.5806 13.6878
v -0.4 25.4366 13.4329
v -0.4 25.5565 13.6989
v -0.4 25.5338 13.7105
v -0.4 25.391 13.4528
v -0.4 25.5127 13.7226
v -0.4 25.3474 13.4742
v -0.4 25.3058 13.4971
v -0.4 25.493 13.7353
v -0.4 26.7145 14.7057
v -0.4 26.678 14.7683
v -0.4 26.3731 14.5932
v -0.4 26.636 14.8259
v -0.4 26.3487 14.6323
v -0.4 26.5883 14.8787
v -0.4 26.321 14.6681
v -0.4 26.5354 14.9262
v -0.4 26.2902 14.7004
v -0.4 26.4776 14.9681
v -0.4 26.2564 14.7289
v -0.4 26.4149 15.0045
v -0.4 26.2196 14.7536
v -0.4 26.3472 15.0352
v -0.4 26.1797 14.7744
v -0.4 26.2746 15.0604
v -0.4 26.1369 14.7915
v -0.4 26.1972 15.08
v -0.4 26.091 14.8048
v -0.4 26.1148 15.0939
v -0.4 26.0421 14.8143
v -0.4 26.0275 15.1023
v -0.4 25.9902 14.82
v -0.4 25.9353 15.1051
v -0.4 25.9353 14.8219
v -0.4 25.9013 14.8211
v -0.4 25.8062 15.0996
v -0.4 25.8684 14.8186
v -0.4 25.8364 14.8145
v -0.4 25.8055 14.8087
v -0.4 25.688 15.083
v -0.4 25.7755 14.8012
v -0.4 25.7465 14.7921
v -0.4 25.7185 14.7813
v -0.4 25.5806 15.0553
v -0.4 25.6915 14.7689
v -0.4 25.6655 14.7548
v -0.4 25.4842 15.0166
v -0.4 25.6408 14.7391
v -0.4 25.6176 14.7218
v -0.4 25.3986 14.9668
v -0.4 25.5958 14.703
v -0.4 25.5756 14.6826
v -0.4 25.3239 14.906
v -0.4 25.5569 14.6606
v -0.4 25.2601 14.8341
v -0.4 25.5397 14.6371
v -0.4 25.524 14.612
v -0.4 25.2071 14.7512
v -0.4 25.5098 14.5853
v -0.4 25.4971 14.5571
v -0.4 25.1651 14.6572
v -0.4 25.458 14.0005
v -0.4 25.8779 14.2665
v -0.4 25.8779 14.0005
v -0.4 25.4748 13.7486
v -0.4 25.458 13.7624
v -0.4 25.2663 13.5215
v -0.4 25.2288 13.5475
v -0.4 25.1933 13.5749
v -0.4 25.1599 13.6038
v -0.4 25.1285 13.6343
v -0.4 25.1285 14.2665
v -0.4 22.9619 13.8355
v -0.4 23.3049 13.7562
v -0.4 23.288 13.7078
v -0.4 22.9516 13.8079
v -0.4 23.2678 13.6623
v -0.4 23.2442 13.6199
v -0.4 22.9395 13.7822
v -0.4 23.2174 13.5804
v -0.4 22.9259 13.7583
v -0.4 23.1872 13.5439
v -0.4 22.9106 13.7362
v -0.4 23.1537 13.5105
v -0.4 23.1169 13.4799
v -0.4 22.8936 13.7161
v -0.4 23.0768 13.4524
v -0.4 22.8749 13.6977
v -0.4 23.0333 13.4278
v -0.4 22.8546 13.6812
v -0.4 22.9862 13.4061
v -0.4 22.9706 13.865
v -0.4 23.3185 13.8076
v -0.4 22.8327 13.6666
v -0.4 22.9356 13.3873
v -0.4 22.8089 13.6537
v -0.4 22.8815 13.3714
v -0.4 22.7832 13.6423
v -0.4 22.8239 13.3584
v -0.4 22.7259 13.624
v -0.4 22.7627 13.3482
v -0.4 22.7555 13.6324
v -0.4 22.6943 13.6171
v -0.4 22.698 13.341
v -0.4 22.6607 13.6118
v -0.4 22.6252 13.608
v -0.4 22.6298 13.3367
v -0.4 22.5877 13.6057
v -0.4 22.558 13.3352
v -0.4 22.5483 13.605
v -0.4 22.4796 13.3369
v -0.4 22.4691 13.6078
v -0.4 22.4056 13.3418
v -0.4 22.3993 13.6163
v -0.4 22.3358 13.3501
v -0.4 22.3387 13.6305
v -0.4 22.2704 13.3616
v -0.4 22.2093 13.3765
v -0.4 22.2875 13.6503
v -0.4 22.1525 13.3946
v -0.4 22.2456 13.6758
v -0.4 22.1001 13.4161
v -0.4 22.052 13.4408
v -0.4 22.213 13.707
v -0.4 22.0082 13.4689
v -0.4 23.2379 14.6242
v -0.4 22.8872 14.6303
v -0.4 22.8876 14.6449
v -0.4 22.9072 14.1842
v -0.4 22.8859 14.6163
v -0.4 22.8837 14.6029
v -0.4 22.8807 14.5901
v -0.4 22.8769 14.5779
v -0.4 22.8722 14.5663
v -0.4 22.7645 14.4692
v -0.4 22.8889 14.1778
v -0.4 22.8677 14.1711
v -0.4 22.8666 14.5553
v -0.4 22.8601 14.5449
v -0.4 22.8528 14.5351
v -0.4 22.8447 14.5257
v -0.4 22.7497 14.4624
v -0.4 22.8437 14.1639
v -0.4 22.8357 14.5167
v -0.4 22.8259 14.508
v -0.4 22.7328 14.4556
v -0.4 22.8167 14.1563
v -0.4 22.8153 14.4996
v -0.4 22.8038 14.4916
v -0.4 22.7915 14.4838
v -0.4 22.7124 14.4484
v -0.4 22.7869 14.1482
v -0.4 22.7784 14.4764
v -0.4 22.6885 14.4408
v -0.4 22.7542 14.1397
v -0.4 22.6612 14.4328
v -0.4 22.7185 14.1307
v -0.4 22.6304 14.4245
v -0.4 22.68 14.1214
v -0.4 22.5961 14.4158
v -0.4 22.6386 14.1115
v -0.4 22.5584 14.4067
v -0.4 22.5907 14.1017
v -0.4 22.5172 14.3972
v -0.4 22.5465 14.0921
v -0.4 22.4726 14.3874
v -0.4 22.5058 14.0829
v -0.4 22.4193 14.3758
v -0.4 22.4686 14.074
v -0.4 22.3694 14.3644
v -0.4 22.435 14.0655
v -0.4 22.3231 14.3533
v -0.4 22.4051 14.0573
v -0.4 22.3786 14.0494
v -0.4 22.2802 14.3423
v -0.4 22.3558 14.0419
v -0.4 22.2408 14.3315
v -0.4 22.3365 14.0346
v -0.4 22.3194 14.0274
v -0.4 22.2049 14.3209
v -0.4 22.3033 14.0197
v -0.4 22.1724 14.3105
v -0.4 22.288 14.0117
v -0.4 22.1435 14.3003
v -0.4 22.2735 14.0033
v -0.4 22.118 14.2903
v -0.4 22.26 13.9945
v -0.4 22.0948 14.2803
v -0.4 22.2473 13.9853
v -0.4 22.0518 14.259
v -0.4 22.2354 13.9757
v -0.4 22.0319 14.2479
v -0.4 22.2245 13.9657
v -0.4 21.9954 14.2244
v -0.4 22.2144 13.9553
v -0.4 21.9633 14.1996
v -0.4 22.2053 13.9444
v -0.4 21.9227 14.1592
v -0.4 22.1973 13.9329
v -0.4 21.8888 14.1137
v -0.4 22.1904 13.9207
v -0.4 21.8614 14.063
v -0.4 22.1845 13.9079
v -0.4 21.8468 14.0264
v -0.4 22.1797 13.8945
v -0.4 21.831 13.9668
v -0.4 22.1759 13.8804
v -0.4 21.8244 13.924
v -0.4 22.1732 13.8657
v -0.4 21.8212 13.8788
v -0.4 22.1716 13.8504
v -0.4 21.8208 13.8552
v -0.4 22.1711 13.8345
v -0.4 21.9688 13.5
v -0.4 21.9341 13.5342
v -0.4 22.1897 13.7438
v -0.4 22.0727 14.2698
v -0.4 21.8224 13.9017
v -0.4 21.9041 13.5712
v -0.4 21.8786 13.6112
v -0.4 21.8273 13.9457
v -0.4 22.0131 14.2363
v -0.4 21.8578 13.6541
v -0.4 21.9788 14.2122
v -0.4 22.1758 13.7863
v -0.4 21.949 14.1866
v -0.4 21.9355 14.1732
v -0.4 21.8416 13.7
v -0.4 21.9107 14.1446
v -0.4 21.83 13.7488
v -0.4 21.8231 13.8005
v -0.4 21.8537 14.045
v -0.4 21.8407 14.0071
v -0.4 21.8354 13.9873
v -0.4 21.8994 14.1294
v -0.4 21.879 14.0974
v -0.4 21.8698 14.0805
v -0.4 23.2376 14.6041
v -0.4 23.2367 14.5845
v -0.4 23.2353 14.5655
v -0.4 23.2332 14.5469
v -0.4 23.2306 14.5289
v -0.4 23.2358 14.6747
v -0.4 23.2273 14.5114
v -0.4 23.2235 14.4943
v -0.4 23.2191 14.4778
v -0.4 23.2293 14.7224
v -0.4 23.2141 14.4618
v -0.4 23.2086 14.4463
v -0.4 22.8836 14.688
v -0.4 23.2026 14.4313
v -0.4 23.1962 14.4167
v -0.4 23.1892 14.4025
v -0.4 23.2185 14.7675
v -0.4 23.1818 14.3888
v -0.4 23.174 14.3756
v -0.4 23.1657 14.3628
v -0.4 23.2033 14.8098
v -0.4 23.1569 14.3505
v -0.4 23.1476 14.3386
v -0.4 23.1379 14.3271
v -0.4 23.1839 14.8495
v -0.4 23.1277 14.316
v -0.4 23.1171 14.3053
v -0.4 23.106 14.2949
v -0.4 22.8714 14.726
v -0.4 23.0945 14.2849
v -0.4 23.0825 14.2754
v -0.4 23.0701 14.2661
v -0.4 23.1601 14.8865
v -0.4 23.0572 14.2573
v -0.4 23.0439 14.2488
v -0.4 23.0301 14.2407
v -0.4 23.132 14.9208
v -0.4 23.016 14.2328
v -0.4 23.0015 14.2251
v -0.4 22.9867 14.2177
v -0.4 23.0995 14.9523
v -0.4 22.9715 14.2105
v -0.4 22.956 14.2035
v -0.4 22.9401 14.1968
v -0.4 22.8513 14.7589
v -0.4 22.9238 14.1904
v -0.4 23.0628 14.9812
v -0.4 23.0219 15.0072
v -0.4 22.823 14.7867
v -0.4 22.9771 15.0302
v -0.4 22.9283 15.0501
v -0.4 22.7866 14.8095
v -0.4 22.8756 15.0669
v -0.4 22.819 15.0806
v -0.4 22.7422 14.8272
v -0.4 22.7584 15.0913
v -0.4 22.6897 14.8399
v -0.4 22.6939 15.099
v -0.4 22.6291 14.8475
v -0.4 22.6255 15.1036
v -0.4 22.5605 14.85
v -0.4 22.5532 15.1051
v -0.4 22.5272 14.8493
v -0.4 22.4841 15.1039
v -0.4 22.4957 14.8472
v -0.4 22.4659 14.8438
v -0.4 22.4189 15.1002
v -0.4 22.4379 14.8389
v -0.4 22.3577 15.094
v -0.4 22.4116 14.8327
v -0.4 22.3871 14.825
v -0.4 22.3004 15.0853
v -0.4 22.3644 14.816
v -0.4 22.247 15.0742
v -0.4 22.3435 14.8056
v -0.4 22.1976 15.0606
v -0.4 22.3243 14.7938
v -0.4 22.3067 14.7807
v -0.4 22.1105 15.026
v -0.4 22.2904 14.7662
v -0.4 22.0728 15.005
v -0.4 22.2755 14.7503
v -0.4 22.0386 14.9812
v -0.4 22.262 14.7331
v -0.4 21.9785 14.9238
v -0.4 22.2499 14.7145
v -0.4 21.9527 14.8902
v -0.4 22.2391 14.6946
v -0.4 21.9297 14.8535
v -0.4 22.2297 14.6733
v -0.4 21.8922 14.7703
v -0.4 22.2217 14.6506
v -0.4 21.8777 14.7239
v -0.4 22.2151 14.6266
v -0.4 22.1521 15.0446
v -0.4 22.0071 14.9541
v -0.4 21.9095 14.8135
v -0.4 21.8659 14.6742
v -0.4 24.4916 13.9651
v -0.4 24.1095 14.2421
v -0.4 24.4916 14.2421
v -0.4 24.0644 13.9651
v -0.4 24.0773 14.243
v -0.4 24.0467 14.2458
v -0.4 24.0219 13.9659
v -0.4 24.0179 14.2503
v -0.4 23.9807 13.9686
v -0.4 23.9409 13.973
v -0.4 23.9907 14.2567
v -0.4 23.9023 13.9792
v -0.4 23.9652 14.2649
v -0.4 23.8651 13.9871
v -0.4 23.9414 14.275
v -0.4 23.8292 13.9968
v -0.4 23.9193 14.2868
v -0.4 23.7946 14.0083
v -0.4 23.7613 14.0215
v -0.4 23.8988 14.3005
v -0.4 23.7293 14.0365
v -0.4 23.6988 14.0531
v -0.4 23.8801 14.316
v -0.4 23.6699 14.0711
v -0.4 23.8632 14.3332
v -0.4 23.6426 14.0907
v -0.4 23.6169 14.1116
v -0.4 23.5928 14.1341
v -0.4 23.8482 14.352
v -0.4 24.8517 13.3596
v -0.4 24.4916 13.3596
v -0.4 24.8517 15.0795
v -0.4 24.4916 14.8
v -0.4 24.079 15.0795
v -0.4 24.1193 14.8
v -0.4 24.0522 14.7966
v -0.4 24.0121 15.0777
v -0.4 23.993 14.7866
v -0.4 23.9488 15.0725
v -0.4 23.889 15.0637
v -0.4 23.9416 14.7699
v -0.4 23.7798 15.0356
v -0.4 23.8982 14.7464
v -0.4 23.6847 14.9935
v -0.4 23.8627 14.7163
v -0.4 23.6036 14.9373
v -0.4 23.835 14.6795
v -0.4 23.8326 15.0514
v -0.4 23.511 14.8294
v -0.4 23.8153 14.636
v -0.4 23.4555 14.6953
v -0.4 23.8035 14.5858
v -0.4 23.439 14.5914
v -0.4 23.7995 14.529
v -0.4 23.5704 14.158
v -0.4 23.8353 14.3725
v -0.4 23.5495 14.1834
v -0.4 23.5303 14.2102
v -0.4 23.8244 14.3945
v -0.4 23.5127 14.2385
v -0.4 23.4968 14.2679
v -0.4 23.8154 14.4182
v -0.4 23.4828 14.2983
v -0.4 23.4706 14.3295
v -0.4 23.8084 14.4435
v -0.4 23.4603 14.3616
v -0.4 23.4519 14.3945
v -0.4 23.8035 14.4704
v -0.4 23.4454 14.4283
v -0.4 23.8005 14.4989
v -0.4 23.4407 14.463
v -0.4 23.4379 14.4986
v -0.4 23.437 14.5351
v -0.4 23.4452 14.6448
v -0.4 23.7305 15.0163
v -0.4 23.4699 14.7429
v -0.4 23.4884 14.7876
v -0.4 23.6424 14.9671
v -0.4 23.5378 14.8683
v -0.4 23.5686 14.9042
v -0.4 46.2506 13.8355
v -0.4 46.5935 13.7562
v -0.4 46.5766 13.7078
v -0.4 46.2402 13.8079
v -0.4 46.5564 13.6623
v -0.4 46.5329 13.6199
v -0.4 46.2282 13.7822
v -0.4 46.506 13.5804
v -0.4 46.2145 13.7583
v -0.4 46.4758 13.5439
v -0.4 46.1992 13.7362
v -0.4 46.4424 13.5105
v -0.4 46.4056 13.4799
v -0.4 46.1822 13.7161
v -0.4 46.3654 13.4524
v -0.4 46.1636 13.6977
v -0.4 46.3219 13.4278
v -0.4 46.1433 13.6812
v -0.4 46.2749 13.4061
v -0.4 46.2593 13.865
v -0.4 46.6071 13.8076
v -0.4 46.1213 13.6666
v -0.4 46.2243 13.3873
v -0.4 46.0976 13.6537
v -0.4 46.1702 13.3714
v -0.4 46.0718 13.6423
v -0.4 46.1125 13.3584
v -0.4 46.0145 13.624
v -0.4 46.0513 13.3482
v -0.4 46.0442 13.6324
v -0.4 45.9829 13.6171
v -0.4 45.9867 13.341
v -0.4 45.9494 13.6118
v -0.4 45.9138 13.608
v -0.4 45.9184 13.3367
v -0.4 45.8764 13.6057
v -0.4 45.8467 13.3352
v -0.4 45.8369 13.605
v -0.4 45.7683 13.3369
v -0.4 45.7578 13.6078
v -0.4 45.6942 13.3418
v -0.4 45.6879 13.6163
v -0.4 45.6245 13.3501
v -0.4 45.6274 13.6305
v -0.4 45.5591 13.3616
v -0.4 45.498 13.3765
v -0.4 45.5762 13.6503
v -0.4 45.4412 13.3946
v -0.4 45.5343 13.6758
v -0.4 45.3887 13.4161
v -0.4 45.3406 13.4408
v -0.4 45.5017 13.707
v -0.4 45.2968 13.4689
v -0.4 46.5266 14.6242
v -0.4 46.1758 14.6303
v -0.4 46.1763 14.6449
v -0.4 46.1958 14.1842
v -0.4 46.1745 14.6163
v -0.4 46.1724 14.6029
v -0.4 46.1694 14.5901
v -0.4 46.1655 14.5779
v -0.4 46.1608 14.5663
v -0.4 46.0531 14.4692
v -0.4 46.1775 14.1778
v -0.4 46.1564 14.1711
v -0.4 46.1552 14.5553
v -0.4 46.1488 14.5449
v -0.4 46.1415 14.5351
v -0.4 46.1333 14.5257
v -0.4 46.0383 14.4624
v -0.4 46.1323 14.1639
v -0.4 46.1244 14.5167
v -0.4 46.1146 14.508
v -0.4 46.0214 14.4556
v -0.4 46.1054 14.1563
v -0.4 46.1039 14.4996
v -0.4 46.0925 14.4916
v -0.4 46.0802 14.4838
v -0.4 46.001 14.4484
v -0.4 46.0755 14.1482
v -0.4 46.0671 14.4764
v -0.4 45.9772 14.4408
v -0.4 46.0428 14.1397
v -0.4 45.9498 14.4328
v -0.4 46.0072 14.1307
v -0.4 45.9191 14.4245
v -0.4 45.9687 14.1214
v -0.4 45.8848 14.4158
v -0.4 45.9272 14.1115
v -0.4 45.8471 14.4067
v -0.4 45.8794 14.1017
v -0.4 45.8059 14.3972
v -0.4 45.8351 14.0921
v -0.4 45.7612 14.3874
v -0.4 45.7944 14.0829
v -0.4 45.7079 14.3758
v -0.4 45.7573 14.074
v -0.4 45.6581 14.3644
v -0.4 45.7237 14.0655
v -0.4 45.6117 14.3533
v -0.4 45.6937 14.0573
v -0.4 45.6673 14.0494
v -0.4 45.5689 14.3423
v -0.4 45.6444 14.0419
v -0.4 45.5295 14.3315
v -0.4 45.6252 14.0346
v -0.4 45.6081 14.0274
v -0.4 45.4935 14.3209
v -0.4 45.5919 14.0197
v -0.4 45.4611 14.3105
v -0.4 45.5766 14.0117
v -0.4 45.4321 14.3003
v -0.4 45.5622 14.0033
v -0.4 45.4067 14.2903
v -0.4 45.5486 13.9945
v -0.4 45.3835 14.2803
v -0.4 45.5359 13.9853
v -0.4 45.3404 14.259
v -0.4 45.5241 13.9757
v -0.4 45.3205 14.2479
v -0.4 45.5132 13.9657
v -0.4 45.2841 14.2244
v -0.4 45.5031 13.9553
v -0.4 45.252 14.1996
v -0.4 45.494 13.9444
v -0.4 45.2114 14.1592
v -0.4 45.486 13.9329
v -0.4 45.1775 14.1137
v -0.4 45.479 13.9207
v -0.4 45.1501 14.063
v -0.4 45.4731 13.9079
v -0.4 45.1355 14.0264
v -0.4 45.4683 13.8945
v -0.4 45.1196 13.9668
v -0.4 45.4646 13.8804
v -0.4 45.1131 13.924
v -0.4 45.4619 13.8657
v -0.4 45.1098 13.8788
v -0.4 45.4603 13.8504
v -0.4 45.1094 13.8552
v -0.4 45.4598 13.8345
v -0.4 45.2575 13.5
v -0.4 45.2228 13.5342
v -0.4 45.4784 13.7438
v -0.4 45.3614 14.2698
v -0.4 45.1111 13.9017
v -0.4 45.1927 13.5712
v -0.4 45.1673 13.6112
v -0.4 45.1159 13.9457
v -0.4 45.3017 14.2363
v -0.4 45.1464 13.6541
v -0.4 45.2675 14.2122
v -0.4 45.4644 13.7863
v -0.4 45.2376 14.1866
v -0.4 45.2241 14.1732
v -0.4 45.1303 13.7
v -0.4 45.1994 14.1446
v -0.4 45.1187 13.7488
v -0.4 45.1117 13.8005
v -0.4 45.1424 14.045
v -0.4 45.1294 14.0071
v -0.4 45.1241 13.9873
v -0.4 45.1881 14.1294
v -0.4 45.1676 14.0974
v -0.4 45.1585 14.0805
v -0.4 46.5263 14.6041
v -0.4 46.5254 14.5845
v -0.4 46.5239 14.5655
v -0.4 46.5219 14.5469
v -0.4 46.5192 14.5289
v -0.4 46.5244 14.6747
v -0.4 46.516 14.5114
v -0.4 46.5122 14.4943
v -0.4 46.5078 14.4778
v -0.4 46.5179 14.7224
v -0.4 46.5028 14.4618
v -0.4 46.4972 14.4463
v -0.4 46.1722 14.688
v -0.4 46.4912 14.4313
v -0.4 46.4848 14.4167
v -0.4 46.4779 14.4025
v -0.4 46.5071 14.7675
v -0.4 46.4705 14.3888
v -0.4 46.4626 14.3756
v -0.4 46.4543 14.3628
v -0.4 46.492 14.8098
v -0.4 46.4455 14.3505
v -0.4 46.4363 14.3386
v -0.4 46.4265 14.3271
v -0.4 46.4725 14.8495
v -0.4 46.4164 14.316
v -0.4 46.4057 14.3053
v -0.4 46.3947 14.2949
v -0.4 46.1601 14.726
v -0.4 46.3831 14.2849
v -0.4 46.3711 14.2754
v -0.4 46.3587 14.2661
v -0.4 46.4487 14.8865
v -0.4 46.3458 14.2573
v -0.4 46.3325 14.2488
v -0.4 46.3188 14.2407
v -0.4 46.4206 14.9208
v -0.4 46.3047 14.2328
v -0.4 46.2902 14.2251
v -0.4 46.2754 14.2177
v -0.4 46.3882 14.9523
v -0.4 46.2602 14.2105
v -0.4 46.2446 14.2035
v -0.4 46.2287 14.1968
v -0.4 46.1399 14.7589
v -0.4 46.2124 14.1904
v -0.4 46.3514 14.9812
v -0.4 46.3105 15.0072
v -0.4 46.1116 14.7867
v -0.4 46.2657 15.0302
v -0.4 46.217 15.0501
v -0.4 46.0753 14.8095
v -0.4 46.1642 15.0669
v -0.4 46.1076 15.0806
v -0.4 46.0309 14.8272
v -0.4 46.0471 15.0913
v -0.4 45.9784 14.8399
v -0.4 45.9826 15.099
v -0.4 45.9178 14.8475
v -0.4 45.9142 15.1036
v -0.4 45.8491 14.85
v -0.4 45.8418 15.1051
v -0.4 45.8158 14.8493
v -0.4 45.7727 15.1039
v -0.4 45.7843 14.8472
v -0.4 45.7545 14.8438
v -0.4 45.7076 15.1002
v -0.4 45.7265 14.8389
v -0.4 45.6463 15.094
v -0.4 45.7003 14.8327
v -0.4 45.6758 14.825
v -0.4 45.589 15.0853
v -0.4 45.6531 14.816
v -0.4 45.5356 15.0742
v -0.4 45.6321 14.8056
v -0.4 45.4862 15.0606
v -0.4 45.6129 14.7938
v -0.4 45.5953 14.7807
v -0.4 45.3991 15.026
v -0.4 45.5791 14.7662
v -0.4 45.3615 15.005
v -0.4 45.5642 14.7503
v -0.4 45.3272 14.9812
v -0.4 45.5507 14.7331
v -0.4 45.2672 14.9238
v -0.4 45.5385 14.7145
v -0.4 45.2414 14.8902
v -0.4 45.5278 14.6946
v -0.4 45.2184 14.8535
v -0.4 45.5184 14.6733
v -0.4 45.1809 14.7703
v -0.4 45.5103 14.6506
v -0.4 45.1663 14.7239
v -0.4 45.5037 14.6266
v -0.4 45.4407 15.0446
v -0.4 45.2958 14.9541
v -0.4 45.1982 14.8135
v -0.4 45.1546 14.6742
v -0.4 42.8451 14.2387
v -0.4 42.9757 14.0455
v -0.4 42.9458 14.0127
v -0.4 42.928 14.2577
v -0.4 42.9732 14.2641
v -0.4 42.7391 14.1949
v -0.4 42.9244 13.9739
v -0.4 42.6323 14.1083
v -0.4 42.9115 13.9291
v -0.4 42.5581 13.9598
v -0.4 42.9073 13.8784
v -0.4 42.8853 14.2492
v -0.4 42.9428 13.7387
v -0.4 42.6523 13.55
v -0.4 42.9319 13.7581
v -0.4 42.6241 13.585
v -0.4 42.9231 13.7791
v -0.4 42.6002 13.6227
v -0.4 42.5807 13.663
v -0.4 42.9083 13.8512
v -0.4 42.546 13.8503
v -0.4 42.8073 14.2261
v -0.4 42.5473 13.8885
v -0.4 42.772 14.2116
v -0.4 42.9161 13.8016
v -0.4 42.5514 13.9251
v -0.4 42.5655 13.7059
v -0.4 42.5546 13.7514
v -0.4 42.7087 14.1763
v -0.4 42.9112 13.8256
v -0.4 42.6807 14.1556
v -0.4 42.5481 13.7996
v -0.4 42.6552 14.1329
v -0.4 42.612 14.082
v -0.4 42.5945 14.054
v -0.4 42.5675 13.9929
v -0.4 42.5797 14.0243
v -0.4 43.7104 14.1201
v -0.4 43.2979 14.3862
v -0.4 43.7104 14.3862
v -0.4 43.2539 14.1201
v -0.4 43.265 14.3868
v -0.4 43.2342 14.3888
v -0.4 43.1812 14.1171
v -0.4 43.2054 14.3921
v -0.4 43.1788 14.3966
v -0.4 43.1541 14.4025
v -0.4 43.117 14.1081
v -0.4 43.1316 14.4098
v -0.4 43.1111 14.4183
v -0.4 43.0927 14.4281
v -0.4 43.0763 14.4393
v -0.4 43.0613 14.0932
v -0.4 43.0619 14.4517
v -0.4 42.9373 14.2728
v -0.4 43.0491 14.4655
v -0.4 42.9036 14.2831
v -0.4 43.038 14.4806
v -0.4 43.0143 14.0723
v -0.4 42.8719 14.295
v -0.4 43.0286 14.497
v -0.4 42.8424 14.3085
v -0.4 42.8149 14.3236
v -0.4 43.021 14.5147
v -0.4 42.7896 14.3403
v -0.4 43.0074 14.5986
v -0.4 42.9314 15.0309
v -0.4 42.9806 15.0458
v -0.4 42.7663 14.3587
v -0.4 42.886 15.0134
v -0.4 43.015 14.5337
v -0.4 42.8444 14.9932
v -0.4 42.7451 14.3786
v -0.4 42.726 14.4002
v -0.4 42.6468 14.6935
v -0.4 42.6448 14.6474
v -0.4 43.0108 14.554
v -0.4 42.6528 14.7372
v -0.4 42.709 14.4231
v -0.4 42.694 14.4472
v -0.4 42.8066 14.9702
v -0.4 42.6809 14.4724
v -0.4 42.6628 14.7782
v -0.4 43.0082 14.5756
v -0.4 42.7726 14.9447
v -0.4 42.6699 14.4988
v -0.4 42.6609 14.5262
v -0.4 42.6768 14.8166
v -0.4 42.6948 14.8525
v -0.4 42.6539 14.5548
v -0.4 42.6489 14.5845
v -0.4 42.7167 14.8858
v -0.4 42.6458 14.6154
v -0.4 42.7427 14.9165
v -0.4 44.0705 13.3596
v -0.4 43.7104 13.627
v -0.4 43.21 13.3596
v -0.4 43.2405 13.627
v -0.4 43.2031 13.6277
v -0.4 43.1422 13.3612
v -0.4 43.1681 13.6301
v -0.4 43.1353 13.6339
v -0.4 43.0779 13.366
v -0.4 43.1049 13.6394
v -0.4 43.0169 13.3739
v -0.4 43.0767 13.6463
v -0.4 43.0509 13.6549
v -0.4 42.9592 13.385
v -0.4 43.0274 13.665
v -0.4 42.905 13.3992
v -0.4 43.0061 13.6766
v -0.4 42.8541 13.4166
v -0.4 42.9872 13.6898
v -0.4 42.8066 13.4372
v -0.4 42.9704 13.7045
v -0.4 42.7625 13.4609
v -0.4 42.9556 13.7209
v -0.4 42.7217 13.4878
v -0.4 42.6848 13.5176
v -0.4 44.0705 15.0795
v -0.4 43.7104 14.8122
v -0.4 43.2832 15.0795
v -0.4 43.3003 14.8122
v -0.4 43.2689 14.8116
v -0.4 43.2151 15.0781
v -0.4 43.2393 14.8098
v -0.4 43.2114 14.8067
v -0.4 43.1508 15.0741
v -0.4 43.1853 14.8025
v -0.4 43.161 14.7971
v -0.4 43.0903 15.0673
v -0.4 43.1384 14.7905
v -0.4 43.0336 15.0579
v -0.4 43.1176 14.7826
v -0.4 43.0985 14.7736
v -0.4 43.0812 14.7633
v -0.4 43.0657 14.7517
v -0.4 43.052 14.7383
v -0.4 43.0402 14.7233
v -0.4 43.0302 14.7067
v -0.4 43.0219 14.6884
v -0.4 43.0156 14.6684
v -0.4 43.011 14.6468
v -0.4 43.0083 14.6235
v -0.4 49.6304 13.7991
v -0.4 49.0555 14.07
v -0.4 49.5499 14.07
v -0.4 48.975 13.7991
v -0.4 50.1431 13.3596
v -0.4 49.783 13.3596
v -0.4 49.5157 15.0795
v -0.4 49.5092 14.1886
v -0.4 49.4728 14.2946
v -0.4 49.4408 14.3882
v -0.4 49.4132 14.4693
v -0.4 49.3898 14.5379
v -0.4 49.3709 14.5941
v -0.4 49.3562 14.6377
v -0.4 49.3459 14.6689
v -0.4 49.3399 14.6877
v -0.4 49.3291 14.7237
v -0.4 49.3225 14.7463
v -0.4 49.3193 14.7571
v -0.4 49.3134 14.7778
v -0.4 49.3106 14.7878
v -0.4 49.3033 14.8146
v -0.4 49.0909 15.0795
v -0.4 49.2777 14.7304
v -0.4 49.2252 14.5644
v -0.4 48.466 13.3596
v -0.4 48.8224 13.3596
v -0.4 48.275 13.3596
v -0.4 47.9149 13.6379
v -0.4 48.275 15.0795
v -0.4 47.5793 13.3596
v -0.4 47.6098 13.6379
v -0.4 47.5594 13.6399
v -0.4 47.5252 13.3609
v -0.4 47.5114 13.6458
v -0.4 47.4724 13.3648
v -0.4 47.4211 13.3713
v -0.4 47.4657 13.6557
v -0.4 47.3711 13.3804
v -0.4 47.4224 13.6695
v -0.4 47.3224 13.392
v -0.4 47.3815 13.6873
v -0.4 47.2752 13.4063
v -0.4 47.2293 13.4231
v -0.4 47.3429 13.709
v -0.4 47.1848 13.4426
v -0.4 47.3066 13.7347
v -0.4 47.1417 13.4646
v -0.4 47.1003 13.4891
v -0.4 47.2727 13.7643
v -0.4 47.0611 13.5159
v -0.4 47.0239 13.545
v -0.4 47.2411 13.7978
v -0.4 46.989 13.5764
v -0.4 47.2125 13.8348
v -0.4 46.9562 13.6101
v -0.4 46.9255 13.6461
v -0.4 47.1871 13.8746
v -0.4 46.8705 13.725
v -0.4 46.8969 13.6844
v -0.4 47.9149 14.8012
v -0.4 47.6525 15.0795
v -0.4 47.6598 14.8012
v -0.4 47.6019 14.7994
v -0.4 47.5584 15.0768
v -0.4 47.5471 14.794
v -0.4 47.4691 15.0687
v -0.4 47.4953 14.785
v -0.4 47.3846 15.0551
v -0.4 47.4466 14.7724
v -0.4 47.3051 15.0362
v -0.4 47.4009 14.7562
v -0.4 47.3582 14.7363
v -0.4 47.2303 15.0119
v -0.4 47.3186 14.7129
v -0.4 47.1605 14.9821
v -0.4 47.282 14.6859
v -0.4 47.0954 14.9469
v -0.4 47.2485 14.6553
v -0.4 46.98 14.8604
v -0.4 47.2182 14.6213
v -0.4 46.93 14.8093
v -0.4 47.1916 14.584
v -0.4 46.8859 14.7536
v -0.4 47.1684 14.5435
v -0.4 46.8477 14.6932
v -0.4 47.1489 14.4997
v -0.4 46.8154 14.6281
v -0.4 47.1329 14.4527
v -0.4 46.7684 14.4839
v -0.4 47.1204 14.4025
v -0.4 46.7537 14.4047
v -0.4 47.1115 14.349
v -0.4 46.7448 14.3209
v -0.4 47.1062 14.2923
v -0.4 46.7419 14.2324
v -0.4 47.1044 14.2324
v -0.4 47.1652 13.9172
v -0.4 46.8463 13.7679
v -0.4 46.7432 14.1741
v -0.4 46.8244 13.8128
v -0.4 47.1466 13.9626
v -0.4 46.805 13.8594
v -0.4 47.1314 14.0109
v -0.4 46.7883 13.9077
v -0.4 46.7741 13.9576
v -0.4 46.7889 14.5583
v -0.4 47.1196 14.062
v -0.4 46.7625 14.0092
v -0.4 47.1112 14.116
v -0.4 46.7535 14.0625
v -0.4 46.7471 14.1175
v -0.4 47.1061 14.1728
v -0.4 47.0353 14.9064
v -0.4 44.3184 13.8589
v -0.4 44.9531 14.1567
v -0.4 44.9531 13.8589
v -0.4 44.3184 14.1567
v 8.82588 7.72228 0.0
v 9.02769 7.38559 0.0
v 5.10793 1.51926 0.0
v 9.5 5.5 0.0
v 9.48074 5.89207 0.0
v 1.57686 6.28036 0.0
v 3.96927 1.80448 0.0
v 5.10793 9.48074 0.0
v 5.5 9.5 0.0
v 9.42314 4.71964 0.0
v 1.5 5.5 0.0
v 8.82588 3.27772 0.0
v 9.02769 3.61441 0.0
v 5.89207 1.51926 0.0
v 4.71964 9.42314 0.0
v 5.89207 9.48074 0.0
v 9.48074 5.10793 0.0
v 3.27772 2.17412 0.0
v 7.38559 1.97232 0.0
v 7.03073 1.80448 0.0
v 8.32843 2.67157 0.0
v 6.28036 1.57686 0.0
v 5.5 1.5 0.0
v 1.51926 5.10793 0.0
v 1.57686 4.71964 0.0
v 6.66114 1.67224 0.0
v 1.97232 7.38559 0.0
v 9.19552 3.96927 0.0
v 8.59204 2.96243 0.0
v 4.33886 1.67224 0.0
v 4.71964 1.57686 0.0
v 1.80448 3.96927 0.0
v 1.67224 4.33886 0.0
v 2.96243 2.40796 0.0
v 1.51926 5.89207 0.0
v 7.03073 9.19552 0.0
v 6.66114 9.32776 0.0
v 1.67224 6.66114 0.0
v 7.72228 2.17412 0.0
v 9.19552 7.03073 0.0
v 8.03757 2.40796 0.0
v 9.32776 6.66114 0.0
v 3.96927 9.19552 0.0
v 2.17412 3.27772 0.0
v 2.40796 2.96243 0.0
v 8.59204 8.03757 0.0
v 3.27772 8.82588 0.0
v 1.97232 3.61441 0.0
v 9.32776 4.33886 0.0
v 9.42314 6.28036 0.0
v 3.61441 9.02769 0.0
v 6.28036 9.42314 0.0
v 7.38559 9.02769 0.0
v 8.03757 8.59204 0.0
v 7.72228 8.82588 0.0
v 2.96243 8.59204 0.0
v 2.67157 8.32843 0.0
v 3.61441 1.97232 0.0
v 2.17412 7.72228 0.0
v 8.32843 8.32843 0.0
v 2.67157 2.67157 0.0
v 2.40796 8.03757 0.0
v 1.80448 7.03073 0.0
v 4.33886 9.32776 0.0
v 115.528 2.67157 0.0
v 115.792 2.96243 0.0
v 116.228 3.61441 0.0
v 114.922 8.82588 0.0
v 114.586 9.02769 0.0
v 116.7 5.5 0.0
v 116.681 5.89207 0.0
v 116.396 7.03073 0.0
v 116.528 6.66114 0.0
v 111.92 9.42314 0.0
v 109.534 9.34792 1.19
v 110.162 8.59204 0.0
v 109.872 8.32843 0.0
v 109.539 9.35228 1.19
v 116.623 4.71964 0.0
v 112.308 1.51926 0.0
v 113.48 9.42314 0.0
v 108.7 5.5 0.0
v 112.7 9.5 0.0
v 116.528 4.33886 0.0
v 110.478 2.17412 0.0
v 116.681 5.10793 0.0
v 114.922 2.17412 0.0
v 114.586 1.97232 0.0
v 114.231 1.80448 0.0
v 109.172 3.61441 0.0
v 109.004 3.96927 0.0
v 110.162 2.40796 0.0
v 109.608 8.03757 0.0
v 108.848 8.66148 1.19
v 109.172 9.01904 1.19
v 111.169 1.80448 0.0
v 111.169 9.19552 0.0
v 111.539 1.67224 0.0
v 111.92 1.57686 0.0
v 111.539 9.32776 0.0
v 113.092 1.51926 0.0
v 116.396 3.96927 0.0
v 116.026 3.27772 0.0
v 109.374 3.27772 0.0
v 109.872 2.67157 0.0
v 109.172 7.38559 0.0
v 108.305 7.84919 1.19
v 108.553 8.2631 1.19
v 110.814 1.97232 0.0
v 108.872 6.66114 0.0
v 108.777 6.28036 0.0
v 109.608 2.96243 0.0
v 113.861 1.67224 0.0
v 113.48 1.57686 0.0
v 108.719 5.89207 0.0
v 116.026 7.72228 0.0
v 116.228 7.38559 0.0
v 109.544 9.35614 1.19
v 110.478 8.82588 0.0
v 113.092 9.48074 0.0
v 112.308 9.48074 0.0
v 115.238 8.59204 0.0
v 110.814 9.02769 0.0
v 108.872 4.33886 0.0
v 116.623 6.28036 0.0
v 109.937 9.64694 1.19
v 109.931 9.64361 1.19
v 115.792 8.03757 0.0
v 115.528 8.32843 0.0
v 115.238 2.40796 0.0
v 114.231 9.19552 0.0
v 113.861 9.32776 0.0
v 112.7 1.5 0.0
v 109.374 7.72228 0.0
v 109.004 7.03073 0.0
v 108.777 4.71964 0.0
v 108.719 5.10793 0.0
v 108.227 7.68338 1.19
v 108.302 7.84333 1.19
v 110.081 9.73336 1.19
v 109.176 9.02385 1.19
v 108.56 8.27388 1.19
v 108.556 8.26867 1.19
v 8.59204 62.6424 0.0
v 6.28036 61.2569 0.0
v 9.5 65.18 0.0
v 9.48074 65.5721 0.0
v 2.96243 68.272 0.0
v 2.67157 68.0084 0.0
v 1.97232 63.2944 0.0
v 1.80448 63.6493 0.0
v 7.03073 61.4845 0.0
v 2.17412 67.4023 0.0
v 2.40796 67.7176 0.0
v 1.51926 65.5721 0.0
v 1.57686 65.9604 0.0
v 5.10793 69.1607 0.0
v 5.89207 61.1993 0.0
v 3.96927 68.8755 0.0
v 4.33886 69.0078 0.0
v 4.71964 61.2569 0.0
v 5.10793 61.1993 0.0
v 1.57686 64.3996 0.0
v 1.67224 64.0189 0.0
v 9.42314 64.3996 0.0
v 2.96243 62.088 0.0
v 3.27772 61.8541 0.0
v 9.02769 67.0656 0.0
v 9.19552 66.7107 0.0
v 5.5 61.18 0.0
v 7.03073 68.8755 0.0
v 8.82588 62.9577 0.0
v 9.02769 63.2944 0.0
v 3.27772 68.5059 0.0
v 3.61441 68.7077 0.0
v 8.32843 62.3516 0.0
v 5.89207 69.1607 0.0
v 7.72228 61.8541 0.0
v 7.38559 61.6523 0.0
v 9.48074 64.7879 0.0
v 6.66114 61.3522 0.0
v 9.19552 63.6493 0.0
v 5.5 69.18 0.0
v 1.67224 66.3411 0.0
v 7.72228 68.5059 0.0
v 3.61441 61.6523 0.0
v 9.32776 64.0189 0.0
v 2.40796 62.6424 0.0
v 9.42314 65.9604 0.0
v 6.28036 69.1031 0.0
v 9.32776 66.3411 0.0
v 6.66114 69.0078 0.0
v 1.51926 64.7879 0.0
v 1.5 65.18 0.0
v 1.97232 67.0656 0.0
v 2.17412 62.9577 0.0
v 8.03757 62.088 0.0
v 7.38559 68.7077 0.0
v 8.82588 67.4023 0.0
v 8.59204 67.7176 0.0
v 2.67157 62.3516 0.0
v 1.80448 66.7107 0.0
v 4.71964 69.1031 0.0
v 8.32843 68.0084 0.0
v 8.03757 68.272 0.0
v 4.33886 61.3522 0.0
v 3.96927 61.4845 0.0
v 109.172 63.2944 0.0
v 108.302 62.8367 1.19
v 109.004 63.6493 0.0
v 108.305 62.8308 1.19
v 112.308 61.1993 0.0
v 113.48 61.2569 0.0
v 113.092 61.1993 0.0
v 115.238 68.272 0.0
v 114.922 68.5059 0.0
v 116.7 65.18 0.0
v 116.681 65.5721 0.0
v 114.922 61.8541 0.0
v 114.586 61.6523 0.0
v 114.231 61.4845 0.0
v 110.814 68.7077 0.0
v 111.169 68.8755 0.0
v 116.528 64.0189 0.0
v 112.308 69.1607 0.0
v 108.777 64.3996 0.0
v 108.719 65.5721 0.0
v 108.7 65.18 0.0
v 111.169 61.4845 0.0
v 113.48 69.1031 0.0
v 108.848 62.0185 1.19
v 108.56 62.4061 1.19
v 109.608 62.6424 0.0
v 116.623 64.3996 0.0
v 114.231 68.8755 0.0
v 113.861 69.0078 0.0
v 112.7 61.18 0.0
v 109.374 62.9577 0.0
v 108.556 62.4113 1.19
v 110.814 61.6523 0.0
v 113.092 69.1607 0.0
v 116.681 64.7879 0.0
v 113.861 61.3522 0.0
v 115.792 67.7176 0.0
v 116.026 62.9577 0.0
v 116.228 63.2944 0.0
v 109.931 61.0364 1.19
v 109.544 61.3239 1.19
v 110.478 61.8541 0.0
v 109.172 61.661 1.19
v 110.162 68.272 0.0
v 109.872 68.0084 0.0
v 109.937 61.0331 1.19
v 114.586 68.7077 0.0
v 110.081 60.9466 1.19
v 111.92 69.1031 0.0
v 111.92 61.2569 0.0
v 116.396 63.6493 0.0
v 108.777 65.9604 0.0
v 109.608 67.7176 0.0
v 111.539 69.0078 0.0
v 108.719 64.7879 0.0
v 109.374 67.4023 0.0
v 111.539 61.3522 0.0
v 108.553 62.4169 1.19
v 116.026 67.4023 0.0
v 112.7 69.18 0.0
v 115.792 62.6424 0.0
v 116.228 67.0656 0.0
v 115.528 62.3516 0.0
v 115.238 62.088 0.0
v 109.004 66.7107 0.0
v 108.872 66.3411 0.0
v 115.528 68.0084 0.0
v 108.227 62.9966 1.19
v 109.534 61.3321 1.19
v 110.162 62.088 0.0
v 109.539 61.3277 1.19
v 109.872 62.3516 0.0
v 116.396 66.7107 0.0
v 109.172 67.0656 0.0
v 108.872 64.0189 0.0
v 109.176 61.6562 1.19
v 116.528 66.3411 0.0
v 110.478 68.5059 0.0
v 116.623 65.9604 0.0
v 36.6416 66.58 24.0001
v 36.8686 66.58 23.6213
v 37.3783 66.58 21.0589
v 37.3135 66.58 20.6221
v 37.4 66.58 21.5
v 31.1779 66.58 17.3425
v 31.5937 66.58 17.1938
v 28.4865 66.58 20.6221
v 28.4217 66.58 21.0589
v 32.0221 66.58 17.0865
v 32.4589 66.58 17.0217
v 36.6416 66.58 18.9999
v 36.3785 66.58 18.6452
v 33.7779 66.58 25.9135
v 33.3411 66.58 25.9783
v 34.6221 66.58 25.6575
v 34.2063 66.58 25.8062
v 36.082 66.58 18.318
v 28.9314 66.58 23.6213
v 29.1584 66.58 24.0001
v 35.0213 66.58 17.5314
v 35.4001 66.58 17.7584
v 37.3135 66.58 22.3779
v 37.3783 66.58 21.9411
v 28.4217 66.58 21.9411
v 28.4865 66.58 22.3779
v 35.7548 66.58 24.9785
v 35.4001 66.58 25.2416
v 35.7548 66.58 18.0215
v 28.5938 66.58 20.1937
v 29.4215 66.58 18.6452
v 29.1584 66.58 18.9999
v 28.4 66.58 21.5
v 37.2062 66.58 20.1937
v 32.9 66.58 17.0
v 33.3411 66.58 17.0217
v 32.4589 66.58 25.9783
v 32.0221 66.58 25.9135
v 36.8686 66.58 19.3787
v 28.9314 66.58 19.3787
v 33.7779 66.58 17.0865
v 37.0575 66.58 19.7779
v 28.5938 66.58 22.8063
v 28.7425 66.58 23.2221
v 32.9 66.58 26.0
v 34.2063 66.58 17.1938
v 29.4215 66.58 24.3548
v 35.0213 66.58 25.4686
v 30.0452 66.58 24.9785
v 29.718 66.58 24.682
v 37.0575 66.58 23.2221
v 37.2062 66.58 22.8063
v 34.6221 66.58 17.3425
v 30.7787 66.58 17.5314
v 30.0452 66.58 18.0215
v 30.3999 66.58 17.7584
v 29.718 66.58 18.318
v 30.7787 66.58 25.4686
v 30.3999 66.58 25.2416
v 36.082 66.58 24.682
v 36.3785 66.58 24.3548
v 28.7425 66.58 19.7779
v 31.5937 66.58 25.8062
v 31.1779 66.58 25.6575
v 32.9 66.58 24.8
v 32.5765 66.58 24.7841
v 32.2562 66.58 24.7366
v 33.2235 66.58 24.7841
v 31.9421 66.58 24.6579
v 31.6371 66.58 24.5488
v 33.5438 66.58 24.7366
v 31.3444 66.58 24.4103
v 31.0666 66.58 24.2438
v 33.8579 66.58 24.6579
v 30.8065 66.58 24.0509
v 30.5665 66.58 23.8335
v 30.3491 66.58 23.5935
v 30.1561 66.58 23.3334
v 29.9897 66.58 23.0556
v 29.8512 66.58 22.7629
v 29.7421 66.58 22.4579
v 29.6634 66.58 22.1438
v 29.6159 66.58 21.8235
v 29.6 66.58 21.5
v 29.6159 66.58 21.1765
v 29.6634 66.58 20.8562
v 29.7421 66.58 20.5421
v 29.8512 66.58 20.2371
v 29.9897 66.58 19.9444
v 30.1561 66.58 19.6666
v 30.3491 66.58 19.4065
v 30.5665 66.58 19.1665
v 30.8065 66.58 18.9491
v 31.0666 66.58 18.7561
v 31.3444 66.58 18.5897
v 31.6371 66.58 18.4512
v 31.9421 66.58 18.3421
v 34.1629 66.58 24.5488
v 34.4556 66.58 24.4103
v 34.7334 66.58 24.2438
v 34.9935 66.58 24.0509
v 35.2335 66.58 23.8335
v 35.4509 66.58 23.5935
v 35.6438 66.58 23.3334
v 35.8103 66.58 23.0556
v 35.9488 66.58 22.7629
v 36.0579 66.58 22.4579
v 36.1366 66.58 22.1438
v 36.1841 66.58 21.8235
v 36.2 66.58 21.5
v 36.1841 66.58 21.1765
v 36.1366 66.58 20.8562
v 36.0579 66.58 20.5421
v 35.9488 66.58 20.2371
v 35.8103 66.58 19.9444
v 35.6438 66.58 19.6666
v 35.4509 66.58 19.4065
v 35.2335 66.58 19.1665
v 34.9935 66.58 18.9491
v 34.7334 66.58 18.7561
v 34.4556 66.58 18.5897
v 34.1629 66.58 18.4512
v 33.8579 66.58 18.3421
v 33.5438 66.58 18.2634
v 33.2235 66.58 18.2159
v 32.9 66.58 18.2
v 32.2562 66.58 18.2634
v 32.5765 66.58 18.2159
v 16.793 10.4821 2.6
v 16.7721 10.6229 2.6
v 16.8 10.34 2.6
v 16.7376 10.7609 2.6
v 14.1444 11.1456 2.6
v 14.0712 11.0235 2.6
v 16.0335 9.06121 2.6
v 15.9049 9.00038 2.6
v 14.4301 9.21914 2.6
v 14.3247 9.3147 2.6
v 16.0335 11.6188 2.6
v 16.1556 11.5456 2.6
v 14.9291 11.7276 2.6
v 15.0671 11.7621 2.6
v 16.4709 11.2599 2.6
v 16.3753 11.3653 2.6
v 13.9279 10.0571 2.6
v 13.9624 9.91909 2.6
v 16.6288 11.0235 2.6
v 16.5556 11.1456 2.6
v 16.2699 11.4609 2.6
v 14.0104 9.78511 2.6
v 15.7709 8.95244 2.6
v 16.6896 10.8949 2.6
v 13.9 10.34 2.6
v 13.907 10.1979 2.6
v 15.2079 11.783 2.6
v 15.35 11.79 2.6
v 16.6288 9.65648 2.6
v 16.6896 9.78511 2.6
v 16.793 10.1979 2.6
v 14.0104 10.8949 2.6
v 13.9624 10.7609 2.6
v 15.4921 8.89698 2.6
v 15.35 8.89 2.6
v 14.3247 11.3653 2.6
v 14.4301 11.4609 2.6
v 15.6329 8.91786 2.6
v 15.9049 11.6796 2.6
v 16.3753 9.3147 2.6
v 16.4709 9.42013 2.6
v 13.9279 10.6229 2.6
v 14.2291 11.2599 2.6
v 14.9291 8.95244 2.6
v 14.7951 9.00038 2.6
v 14.6665 11.6188 2.6
v 14.7951 11.6796 2.6
v 15.2079 8.89698 2.6
v 15.0671 8.91786 2.6
v 16.7721 10.0571 2.6
v 16.1556 9.13437 2.6
v 16.7376 9.91909 2.6
v 16.2699 9.21914 2.6
v 15.4921 11.783 2.6
v 15.6329 11.7621 2.6
v 15.7709 11.7276 2.6
v 14.5444 11.5456 2.6
v 14.0712 9.65648 2.6
v 14.2291 9.42013 2.6
v 13.907 10.4821 2.6
v 14.1444 9.53442 2.6
v 16.5556 9.53442 2.6
v 14.6665 9.06121 2.6
v 14.5444 9.13437 2.6
v 18.0962 10.8863 2.6
v 18.1365 10.6144 2.6
v 18.15 10.34 2.6
v 18.0294 11.1528 2.6
v 16.6699 7.87062 2.6
v 16.9056 8.01189 2.6
v 12.7631 9.26849 2.6
v 12.6706 9.5272 2.6
v 16.1628 7.66057 2.6
v 16.4215 7.75314 2.6
v 13.0219 11.8956 2.6
v 13.1856 12.1163 2.6
v 14.2785 12.9269 2.6
v 14.0301 12.8094 2.6
v 18.0294 9.5272 2.6
v 17.9369 9.26849 2.6
v 18.1365 10.0656 2.6
v 15.0756 7.55348 2.6
v 15.35 7.54 2.6
v 15.6244 7.55348 2.6
v 12.6706 11.1528 2.6
v 12.7631 11.4115 2.6
v 17.1263 12.5044 2.6
v 16.9056 12.6681 2.6
v 16.6699 12.8094 2.6
v 13.0219 8.7844 2.6
v 12.8806 9.02009 2.6
v 17.3299 12.3199 2.6
v 18.0962 9.79375 2.6
v 15.0756 13.1265 2.6
v 14.8037 13.0862 2.6
v 12.5635 10.0656 2.6
v 12.55 10.34 2.6
v 17.5144 12.1163 2.6
v 17.6781 11.8956 2.6
v 17.8194 9.02009 2.6
v 17.6781 8.7844 2.6
v 17.5144 8.5637 2.6
v 17.3299 8.3601 2.6
v 17.9369 11.4115 2.6
v 17.1263 8.17557 2.6
v 17.8194 11.6599 2.6
v 15.8963 7.5938 2.6
v 14.8037 7.5938 2.6
v 14.5372 7.66057 2.6
v 14.2785 7.75314 2.6
v 14.0301 7.87062 2.6
v 13.7944 8.01189 2.6
v 13.5737 8.17557 2.6
v 13.3701 8.3601 2.6
v 13.1856 8.5637 2.6
v 16.4215 12.9269 2.6
v 16.1628 13.0194 2.6
v 15.8963 13.0862 2.6
v 15.6244 13.1265 2.6
v 15.35 13.14 2.6
v 14.5372 13.0194 2.6
v 13.7944 12.6681 2.6
v 13.5737 12.5044 2.6
v 13.3701 12.3199 2.6
v 12.8806 11.6599 2.6
v 12.6038 10.8863 2.6
v 12.5635 10.6144 2.6
v 12.6038 9.79375 2.6
v 108.793 10.4821 2.6
v 108.772 10.6229 2.6
v 108.8 10.34 2.6
v 108.738 10.7609 2.6
v 106.144 11.1456 2.6
v 106.071 11.0235 2.6
v 108.034 9.06121 2.6
v 107.905 9.00038 2.6
v 106.43 9.21914 2.6
v 106.325 9.3147 2.6
v 108.034 11.6188 2.6
v 108.156 11.5456 2.6
v 106.929 11.7276 2.6
v 107.067 11.7621 2.6
v 108.471 11.2599 2.6
v 108.375 11.3653 2.6
v 105.928 10.0571 2.6
v 105.962 9.91909 2.6
v 108.629 11.0235 2.6
v 108.556 11.1456 2.6
v 108.27 11.4609 2.6
v 106.01 9.78511 2.6
v 107.771 8.95244 2.6
v 108.69 10.8949 2.6
v 105.9 10.34 2.6
v 105.907 10.1979 2.6
v 107.208 11.783 2.6
v 107.35 11.79 2.6
v 108.629 9.65648 2.6
v 108.69 9.78511 2.6
v 108.793 10.1979 2.6
v 106.01 10.8949 2.6
v 105.962 10.7609 2.6
v 107.492 8.89698 2.6
v 107.35 8.89 2.6
v 106.325 11.3653 2.6
v 106.43 11.4609 2.6
v 107.633 8.91786 2.6
v 107.905 11.6796 2.6
v 108.375 9.3147 2.6
v 108.471 9.42013 2.6
v 105.928 10.6229 2.6
v 106.229 11.2599 2.6
v 106.929 8.95244 2.6
v 106.795 9.00038 2.6
v 106.666 11.6188 2.6
v 106.795 11.6796 2.6
v 107.208 8.89698 2.6
v 107.067 8.91786 2.6
v 108.772 10.0571 2.6
v 108.156 9.13437 2.6
v 108.738 9.91909 2.6
v 108.27 9.21914 2.6
v 107.492 11.783 2.6
v 107.633 11.7621 2.6
v 107.771 11.7276 2.6
v 106.544 11.5456 2.6
v 106.071 9.65648 2.6
v 106.229 9.42013 2.6
v 105.907 10.4821 2.6
v 106.144 9.53442 2.6
v 106.666 9.06121 2.6
v 106.544 9.13437 2.6
v 108.556 9.53442 2.6
v 110.029 9.5272 1.19
v 109.937 9.26849 1.19
v 109.819 9.02009 1.19
v 109.678 8.7844 1.19
v 109.514 8.5637 1.19
v 109.33 8.3601 1.19
v 109.126 8.17557 1.19
v 108.906 8.01189 1.19
v 108.67 7.87062 1.19
v 108.422 7.75314 1.19
v 110.096 10.8863 2.6
v 110.137 10.6144 2.6
v 110.15 10.34 2.6
v 110.029 11.1528 2.6
v 108.67 7.87062 2.6
v 108.906 8.01189 2.6
v 104.763 9.26849 2.6
v 104.671 9.5272 2.6
v 105.574 8.17557 2.6
v 105.794 8.01189 2.6
v 108.422 7.75314 2.6
v 108.163 7.66057 2.6
v 105.022 11.8956 2.6
v 105.186 12.1163 2.6
v 106.278 12.9269 2.6
v 106.03 12.8094 2.6
v 110.029 9.5272 2.6
v 109.937 9.26849 2.6
v 110.137 10.0656 2.6
v 107.076 7.55348 2.6
v 107.35 7.54 2.6
v 107.624 7.55348 2.6
v 104.671 11.1528 2.6
v 104.763 11.4115 2.6
v 109.126 12.5044 2.6
v 108.906 12.6681 2.6
v 108.67 12.8094 2.6
v 105.022 8.7844 2.6
v 104.881 9.02009 2.6
v 109.33 12.3199 2.6
v 110.096 9.79375 2.6
v 107.076 13.1265 2.6
v 106.804 13.0862 2.6
v 104.563 10.0656 2.6
v 104.55 10.34 2.6
v 109.514 12.1163 2.6
v 109.678 11.8956 2.6
v 109.819 9.02009 2.6
v 109.678 8.7844 2.6
v 109.514 8.5637 2.6
v 109.33 8.3601 2.6
v 109.937 11.4115 2.6
v 109.126 8.17557 2.6
v 109.819 11.6599 2.6
v 107.896 7.5938 2.6
v 106.804 7.5938 2.6
v 106.537 7.66057 2.6
v 106.278 7.75314 2.6
v 106.03 7.87062 2.6
v 105.37 8.3601 2.6
v 105.186 8.5637 2.6
v 108.422 12.9269 2.6
v 108.163 13.0194 2.6
v 107.896 13.0862 2.6
v 107.624 13.1265 2.6
v 107.35 13.14 2.6
v 106.537 13.0194 2.6
v 105.794 12.6681 2.6
v 105.574 12.5044 2.6
v 105.37 12.3199 2.6
v 104.881 11.6599 2.6
v 104.604 10.8863 2.6
v 104.563 10.6144 2.6
v 104.604 9.79375 2.6
v 16.793 60.4821 2.6
v 16.7721 60.6229 2.6
v 16.8 60.34 2.6
v 16.7376 60.7609 2.6
v 14.1444 61.1456 2.6
v 14.0712 61.0235 2.6
v 16.0335 59.0612 2.6
v 15.9049 59.0004 2.6
v 14.4301 59.2191 2.6
v 14.3247 59.3147 2.6
v 16.0335 61.6188 2.6
v 16.1556 61.5456 2.6
v 14.9291 61.7276 2.6
v 15.0671 61.7621 2.6
v 16.4709 61.2599 2.6
v 16.3753 61.3653 2.6
v 13.9279 60.0571 2.6
v 13.9624 59.9191 2.6
v 16.6288 61.0235 2.6
v 16.5556 61.1456 2.6
v 16.2699 61.4609 2.6
v 14.0104 59.7851 2.6
v 15.7709 58.9524 2.6
v 16.6896 60.8949 2.6
v 13.9 60.34 2.6
v 13.907 60.1979 2.6
v 15.2079 61.783 2.6
v 15.35 61.79 2.6
v 16.6288 59.6565 2.6
v 16.6896 59.7851 2.6
v 16.793 60.1979 2.6
v 14.0104 60.8949 2.6
v 13.9624 60.7609 2.6
v 15.4921 58.897 2.6
v 15.35 58.89 2.6
v 14.3247 61.3653 2.6
v 14.4301 61.4609 2.6
v 15.6329 58.9179 2.6
v 15.9049 61.6796 2.6
v 16.3753 59.3147 2.6
v 16.4709 59.4201 2.6
v 13.9279 60.6229 2.6
v 14.2291 61.2599 2.6
v 14.9291 58.9524 2.6
v 14.7951 59.0004 2.6
v 14.6665 61.6188 2.6
v 14.7951 61.6796 2.6
v 15.2079 58.897 2.6
v 15.0671 58.9179 2.6
v 16.7721 60.0571 2.6
v 16.1556 59.1344 2.6
v 16.7376 59.9191 2.6
v 16.2699 59.2191 2.6
v 15.4921 61.783 2.6
v 15.6329 61.7621 2.6
v 15.7709 61.7276 2.6
v 14.5444 61.5456 2.6
v 14.5444 59.1344 2.6
v 14.0712 59.6565 2.6
v 14.2291 59.4201 2.6
v 13.907 60.4821 2.6
v 14.1444 59.5344 2.6
v 16.5556 59.5344 2.6
v 14.6665 59.0612 2.6
v 18.0962 60.8863 2.6
v 18.1365 60.6144 2.6
v 18.15 60.34 2.6
v 18.0294 61.1528 2.6
v 16.6699 57.8706 2.6
v 16.9056 58.0119 2.6
v 12.7631 59.2685 2.6
v 12.6706 59.5272 2.6
v 13.5737 58.1756 2.6
v 13.7944 58.0119 2.6
v 16.1628 57.6606 2.6
v 16.4215 57.7531 2.6
v 13.0219 61.8956 2.6
v 13.1856 62.1163 2.6
v 14.2785 62.9269 2.6
v 14.0301 62.8094 2.6
v 18.0294 59.5272 2.6
v 17.9369 59.2685 2.6
v 18.1365 60.0656 2.6
v 15.0756 57.5535 2.6
v 15.35 57.54 2.6
v 15.6244 57.5535 2.6
v 12.6706 61.1528 2.6
v 12.7631 61.4115 2.6
v 17.1263 62.5044 2.6
v 16.9056 62.6681 2.6
v 16.6699 62.8094 2.6
v 13.0219 58.7844 2.6
v 12.8806 59.0201 2.6
v 17.3299 62.3199 2.6
v 18.0962 59.7937 2.6
v 15.0756 63.1265 2.6
v 14.8037 63.0862 2.6
v 12.5635 60.0656 2.6
v 12.55 60.34 2.6
v 17.5144 62.1163 2.6
v 17.6781 61.8956 2.6
v 17.8194 59.0201 2.6
v 17.6781 58.7844 2.6
v 17.5144 58.5637 2.6
v 17.3299 58.3601 2.6
v 17.9369 61.4115 2.6
v 17.1263 58.1756 2.6
v 17.8194 61.6599 2.6
v 15.8963 57.5938 2.6
v 14.8037 57.5938 2.6
v 14.5372 57.6606 2.6
v 14.2785 57.7531 2.6
v 14.0301 57.8706 2.6
v 13.3701 58.3601 2.6
v 13.1856 58.5637 2.6
v 16.4215 62.9269 2.6
v 16.1628 63.0194 2.6
v 15.8963 63.0862 2.6
v 15.6244 63.1265 2.6
v 15.35 63.14 2.6
v 14.5372 63.0194 2.6
v 13.7944 62.6681 2.6
v 13.5737 62.5044 2.6
v 13.3701 62.3199 2.6
v 12.8806 61.6599 2.6
v 12.6038 60.8863 2.6
v 12.5635 60.6144 2.6
v 12.6038 59.7937 2.6
v 108.793 60.4821 2.6
v 108.772 60.6229 2.6
v 108.8 60.34 2.6
v 108.738 60.7609 2.6
v 106.144 61.1456 2.6
v 106.071 61.0235 2.6
v 108.034 59.0612 2.6
v 107.905 59.0004 2.6
v 106.43 59.2191 2.6
v 106.325 59.3147 2.6
v 108.034 61.6188 2.6
v 108.156 61.5456 2.6
v 106.929 61.7276 2.6
v 107.067 61.7621 2.6
v 108.471 61.2599 2.6
v 108.375 61.3653 2.6
v 105.928 60.0571 2.6
v 105.962 59.9191 2.6
v 108.629 61.0235 2.6
v 108.556 61.1456 2.6
v 108.27 61.4609 2.6
v 106.01 59.7851 2.6
v 107.771 58.9524 2.6
v 108.69 60.8949 2.6
v 105.9 60.34 2.6
v 105.907 60.1979 2.6
v 107.208 61.783 2.6
v 107.35 61.79 2.6
v 108.629 59.6565 2.6
v 108.69 59.7851 2.6
v 108.793 60.1979 2.6
v 106.01 60.8949 2.6
v 105.962 60.7609 2.6
v 107.492 58.897 2.6
v 107.35 58.89 2.6
v 106.325 61.3653 2.6
v 106.43 61.4609 2.6
v 107.633 58.9179 2.6
v 107.905 61.6796 2.6
v 108.375 59.3147 2.6
v 108.471 59.4201 2.6
v 105.928 60.6229 2.6
v 106.229 61.2599 2.6
v 106.929 58.9524 2.6
v 106.795 59.0004 2.6
v 106.666 61.6188 2.6
v 106.795 61.6796 2.6
v 107.208 58.897 2.6
v 107.067 58.9179 2.6
v 108.772 60.0571 2.6
v 108.156 59.1344 2.6
v 108.738 59.9191 2.6
v 108.27 59.2191 2.6
v 107.492 61.783 2.6
v 107.633 61.7621 2.6
v 107.771 61.7276 2.6
v 106.544 61.5456 2.6
v 106.544 59.1344 2.6
v 106.071 59.6565 2.6
v 106.229 59.4201 2.6
v 105.907 60.4821 2.6
v 106.144 59.5344 2.6
v 108.556 59.5344 2.6
v 106.666 59.0612 2.6
v 110.029 61.1528 1.19
v 109.937 61.4115 1.19
v 109.819 61.6599 1.19
v 109.678 61.8956 1.19
v 109.514 62.1163 1.19
v 109.33 62.3199 1.19
v 109.126 62.5044 1.19
v 108.906 62.6681 1.19
v 108.67 62.8094 1.19
v 108.422 62.9269 1.19
v 110.096 60.8863 2.6
v 110.137 60.6144 2.6
v 110.15 60.34 2.6
v 110.029 61.1528 2.6
v 108.67 57.8706 2.6
v 108.906 58.0119 2.6
v 104.763 59.2685 2.6
v 104.671 59.5272 2.6
v 108.163 57.6606 2.6
v 108.422 57.7531 2.6
v 105.022 61.8956 2.6
v 105.186 62.1163 2.6
v 106.278 62.9269 2.6
v 106.03 62.8094 2.6
v 110.029 59.5272 2.6
v 109.937 59.2685 2.6
v 110.137 60.0656 2.6
v 107.076 57.5535 2.6
v 107.35 57.54 2.6
v 107.624 57.5535 2.6
v 104.671 61.1528 2.6
v 104.763 61.4115 2.6
v 109.126 62.5044 2.6
v 108.906 62.6681 2.6
v 108.67 62.8094 2.6
v 105.022 58.7844 2.6
v 104.881 59.0201 2.6
v 109.33 62.3199 2.6
v 110.096 59.7937 2.6
v 107.076 63.1265 2.6
v 106.804 63.0862 2.6
v 104.563 60.0656 2.6
v 104.55 60.34 2.6
v 109.514 62.1163 2.6
v 109.678 61.8956 2.6
v 109.819 59.0201 2.6
v 109.678 58.7844 2.6
v 109.514 58.5637 2.6
v 109.33 58.3601 2.6
v 109.937 61.4115 2.6
v 109.126 58.1756 2.6
v 109.819 61.6599 2.6
v 107.896 57.5938 2.6
v 106.804 57.5938 2.6
v 106.537 57.6606 2.6
v 106.278 57.7531 2.6
v 106.03 57.8706 2.6
v 105.794 58.0119 2.6
v 105.574 58.1756 2.6
v 105.37 58.3601 2.6
v 105.186 58.5637 2.6
v 108.422 62.9269 2.6
v 108.163 63.0194 2.6
v 107.896 63.0862 2.6
v 107.624 63.1265 2.6
v 107.35 63.14 2.6
v 106.537 63.0194 2.6
v 105.794 62.6681 2.6
v 105.574 62.5044 2.6
v 105.37 62.3199 2.6
v 104.881 61.6599 2.6
v 104.604 60.8863 2.6
v 104.563 60.6144 2.6
v 104.604 59.7937 2.6
v 32.0846 67.93 23.3978
v 32.2694 70.18 23.4639
v 32.2694 67.93 23.4639
v 32.0846 70.18 23.3978
v 32.95 67.93 23.55
v 33.146 70.18 23.5404
v 33.146 67.93 23.5404
v 32.95 70.18 23.55
v 33.3402 70.18 19.4884
v 33.5306 67.93 19.5361
v 33.5306 70.18 19.5361
v 33.3402 67.93 19.4884
v 34.7978 67.93 20.6846
v 34.8639 70.18 20.8694
v 34.7978 70.18 20.6846
v 34.8639 67.93 20.8694
v 32.4598 70.18 19.4884
v 32.654 67.93 19.4596
v 32.654 70.18 19.4596
v 32.4598 67.93 19.4884
v 30.85 67.93 21.45
v 30.8596 70.18 21.254
v 30.85 70.18 21.45
v 30.8596 67.93 21.254
v 31.0862 67.93 20.5072
v 31.1871 70.18 20.3389
v 31.0862 70.18 20.5072
v 31.1871 67.93 20.3389
v 30.9361 67.93 20.8694
v 31.0022 70.18 20.6846
v 30.9361 70.18 20.8694
v 31.0022 67.93 20.6846
v 31.5812 67.93 23.096
v 31.7389 70.18 23.2129
v 31.7389 67.93 23.2129
v 31.5812 70.18 23.096
v 33.146 70.18 19.4596
v 33.146 67.93 19.4596
v 32.4598 67.93 23.5116
v 32.654 70.18 23.5404
v 32.654 67.93 23.5404
v 32.4598 70.18 23.5116
v 31.1871 67.93 22.6611
v 31.0862 70.18 22.4928
v 31.1871 70.18 22.6611
v 31.0862 67.93 22.4928
v 34.7138 67.93 20.5072
v 34.7138 70.18 20.5072
v 30.9361 67.93 22.1306
v 30.8884 70.18 21.9402
v 30.9361 70.18 22.1306
v 30.8884 67.93 21.9402
v 31.9072 70.18 23.3138
v 31.9072 67.93 23.3138
v 31.4358 67.93 22.9642
v 31.4358 70.18 22.9642
v 31.304 67.93 22.8188
v 31.304 70.18 22.8188
v 30.85 67.93 21.55
v 30.85 70.18 21.55
v 34.9116 67.93 21.9402
v 34.8639 70.18 22.1306
v 34.9116 70.18 21.9402
v 34.8639 67.93 22.1306
v 32.85 70.18 23.55
v 32.85 67.93 23.55
v 33.7154 70.18 19.6022
v 33.8928 67.93 19.6862
v 33.8928 70.18 19.6862
v 33.7154 67.93 19.6022
v 30.8596 70.18 21.746
v 30.8596 67.93 21.746
v 32.85 67.93 19.45
v 32.85 70.18 19.45
v 31.304 70.18 20.1812
v 31.304 67.93 20.1812
v 34.0611 70.18 19.7871
v 34.2188 67.93 19.904
v 34.2188 70.18 19.904
v 34.0611 67.93 19.7871
v 31.4358 70.18 20.0358
v 31.4358 67.93 20.0358
v 34.3642 67.93 20.0358
v 34.3642 70.18 20.0358
v 30.8884 70.18 21.0598
v 30.8884 67.93 21.0598
v 32.95 70.18 19.45
v 32.95 67.93 19.45
v 34.7978 70.18 22.3154
v 34.7978 67.93 22.3154
v 34.95 67.93 21.45
v 34.95 70.18 21.55
v 34.95 70.18 21.45
v 34.95 67.93 21.55
v 33.8928 67.93 23.3138
v 34.0611 70.18 23.2129
v 34.0611 67.93 23.2129
v 33.8928 70.18 23.3138
v 34.9404 67.93 21.746
v 34.9404 70.18 21.746
v 31.5812 67.93 19.904
v 31.5812 70.18 19.904
v 33.7154 67.93 23.3978
v 33.7154 70.18 23.3978
v 32.2694 70.18 19.5361
v 32.2694 67.93 19.5361
v 34.9116 70.18 21.0598
v 34.9116 67.93 21.0598
v 31.0022 67.93 22.3154
v 31.0022 70.18 22.3154
v 34.6129 67.93 22.6611
v 34.496 70.18 22.8188
v 34.6129 70.18 22.6611
v 34.496 67.93 22.8188
v 34.3642 70.18 22.9642
v 34.3642 67.93 22.9642
v 34.6129 67.93 20.3389
v 34.6129 70.18 20.3389
v 34.496 67.93 20.1812
v 34.496 70.18 20.1812
v 31.9072 70.18 19.6862
v 32.0846 67.93 19.6022
v 32.0846 70.18 19.6022
v 31.9072 67.93 19.6862
v 34.9404 70.18 21.254
v 34.9404 67.93 21.254
v 32.9 67.93 24.8
v 32.5765 67.93 24.7841
v 32.2562 67.93 24.7366
v 31.9421 67.93 24.6579
v 33.2235 67.93 24.7841
v 31.6371 67.93 24.5488
v 31.3444 67.93 24.4103
v 33.5438 67.93 24.7366
v 31.0666 67.93 24.2438
v 33.3402 67.93 23.5116
v 30.8065 67.93 24.0509
v 33.8579 67.93 24.6579
v 30.5665 67.93 23.8335
v 33.5306 67.93 23.4639
v 30.3491 67.93 23.5935
v 34.1629 67.93 24.5488
v 30.1561 67.93 23.3334
v 29.9897 67.93 23.0556
v 29.8512 67.93 22.7629
v 29.7421 67.93 22.4579
v 29.6634 67.93 22.1438
v 29.6159 67.93 21.8235
v 29.6 67.93 21.5
v 29.6159 67.93 21.1765
v 29.6634 67.93 20.8562
v 29.7421 67.93 20.5421
v 29.8512 67.93 20.2371
v 29.9897 67.93 19.9444
v 30.1561 67.93 19.6666
v 30.3491 67.93 19.4065
v 30.5665 67.93 19.1665
v 30.8065 67.93 18.9491
v 31.7389 67.93 19.7871
v 31.0666 67.93 18.7561
v 31.6371 67.93 18.4512
v 31.3444 67.93 18.5897
v 34.4556 67.93 24.4103
v 34.7334 67.93 24.2438
v 34.9935 67.93 24.0509
v 34.2188 67.93 23.096
v 35.2335 67.93 23.8335
v 35.4509 67.93 23.5935
v 35.6438 67.93 23.3334
v 34.7138 67.93 22.4928
v 35.8103 67.93 23.0556
v 35.9488 67.93 22.7629
v 36.0579 67.93 22.4579
v 36.1366 67.93 22.1438
v 36.1841 67.93 21.8235
v 36.2 67.93 21.5
v 36.1841 67.93 21.1765
v 36.1366 67.93 20.8562
v 36.0579 67.93 20.5421
v 35.9488 67.93 20.2371
v 35.8103 67.93 19.9444
v 35.6438 67.93 19.6666
v 35.4509 67.93 19.4065
v 35.2335 67.93 19.1665
v 34.9935 67.93 18.9491
v 34.7334 67.93 18.7561
v 34.4556 67.93 18.5897
v 34.1629 67.93 18.4512
v 33.8579 67.93 18.3421
v 33.5438 67.93 18.2634
v 33.2235 67.93 18.2159
v 31.9421 67.93 18.3421
v 32.2562 67.93 18.2634
v 32.5765 67.93 18.2159
v 32.9 67.93 18.2
v 34.2188 70.18 23.096
v 34.7138 70.18 22.4928
v 31.7389 70.18 19.7871
v 33.5306 70.18 23.4639
v 33.3402 70.18 23.5116
v 36.8231 70.18 20.7196
v 36.8807 70.18 21.1079
v 36.9 70.18 21.5
v 36.7278 70.18 20.3389
v 30.0716 70.18 24.3284
v 29.808 70.18 24.0376
v 34.7856 70.18 17.9723
v 34.4307 70.18 17.8045
v 33.6804 70.18 25.4231
v 34.0611 70.18 25.3278
v 29.5741 70.18 23.7223
v 31.3693 70.18 25.1955
v 31.7389 70.18 25.3278
v 29.808 70.18 18.9624
v 30.0716 70.18 18.6716
v 34.0611 70.18 17.6722
v 36.8807 70.18 21.8921
v 33.2921 70.18 17.5193
v 32.9 70.18 17.5
v 32.9 70.18 25.5
v 33.2921 70.18 25.4807
v 32.5079 70.18 17.5193
v 32.1196 70.18 17.5769
v 36.8231 70.18 22.2804
v 29.3723 70.18 23.3856
v 36.7278 70.18 22.6611
v 36.5955 70.18 23.0307
v 36.4277 70.18 23.3856
v 29.0722 70.18 22.6611
v 28.9769 70.18 22.2804
v 29.3723 70.18 19.6144
v 29.5741 70.18 19.2777
v 32.1196 70.18 25.4231
v 35.4376 70.18 18.408
v 35.1223 70.18 18.1741
v 35.7284 70.18 18.6716
v 35.992 70.18 18.9624
v 36.2259 70.18 19.2777
v 30.3624 70.18 24.592
v 30.6777 70.18 24.8259
v 29.0722 70.18 20.3389
v 29.2045 70.18 19.9693
v 31.7389 70.18 17.6722
v 31.3693 70.18 17.8045
v 28.9193 70.18 21.8921
v 28.9769 70.18 20.7196
v 29.2045 70.18 23.0307
v 30.3624 70.18 18.408
v 35.1223 70.18 24.8259
v 35.4376 70.18 24.592
v 36.5955 70.18 19.9693
v 34.4307 70.18 25.1955
v 34.7856 70.18 25.0277
v 36.2259 70.18 23.7223
v 35.992 70.18 24.0376
v 36.4277 70.18 19.6144
v 32.5079 70.18 25.4807
v 31.0144 70.18 17.9723
v 30.6777 70.18 18.1741
v 28.9193 70.18 21.1079
v 35.7284 70.18 24.3284
v 33.6804 70.18 17.5769
v 31.0144 70.18 25.0277
v 28.9 70.18 21.5
v 0.5 27.5246 20.5137
v 1.2 27.4785 20.8243
v 0.5 27.4785 20.8243
v 1.2 27.5246 20.5137
v 0.5 24.9643 17.0615
v 1.2 24.6537 17.0154
v 1.2 24.9643 17.0615
v 0.5 24.6537 17.0154
v 0.5 25.2689 17.1378
v 1.2 25.2689 17.1378
v 0.5 24.34 17.0
v 1.2 24.0263 17.0154
v 1.2 24.34 17.0
v 0.5 24.0263 17.0154
v 0.5 27.4022 21.1289
v 1.2 27.2964 21.4246
v 0.5 27.2964 21.4246
v 1.2 27.4022 21.1289
v 0.5 22.3099 22.6736
v 1.2 22.5622 22.8607
v 1.2 22.3099 22.6736
v 0.5 22.5622 22.8607
v 1.2 21.5179 18.6915
v 0.5 21.3836 18.9754
v 1.2 21.3836 18.9754
v 0.5 21.5179 18.6915
v 1.2 21.6793 18.4222
v 0.5 21.6793 18.4222
v 0.5 26.1178 22.8607
v 1.2 26.3701 22.6736
v 1.2 26.1178 22.8607
v 0.5 26.3701 22.6736
v 1.2 22.0773 17.9373
v 0.5 21.8664 18.1699
v 1.2 21.8664 18.1699
v 0.5 22.0773 17.9373
v 0.5 23.4111 17.1378
v 1.2 23.1154 17.2436
v 1.2 23.4111 17.1378
v 0.5 23.1154 17.2436
v 1.2 21.14 20.2
v 0.5 21.1554 20.5137
v 1.2 21.1554 20.5137
v 0.5 21.14 20.2
v 0.5 21.2778 19.2711
v 1.2 21.2778 19.2711
v 0.5 27.0007 21.9778
v 1.2 26.8136 22.2301
v 0.5 26.8136 22.2301
v 1.2 27.0007 21.9778
v 1.2 27.1621 21.7085
v 0.5 27.1621 21.7085
v 1.2 22.8315 17.3779
v 0.5 22.8315 17.3779
v 0.5 26.8136 18.1699
v 1.2 27.0007 18.4222
v 0.5 27.0007 18.4222
v 1.2 26.8136 18.1699
v 0.5 26.3701 17.7264
v 1.2 26.1178 17.5393
v 1.2 26.3701 17.7264
v 0.5 26.1178 17.5393
v 1.2 23.7157 17.0615
v 0.5 23.7157 17.0615
v 1.2 22.5622 17.5393
v 0.5 22.5622 17.5393
v 0.5 25.8485 17.3779
v 1.2 25.5646 17.2436
v 1.2 25.8485 17.3779
v 0.5 25.5646 17.2436
v 0.5 26.6027 17.9373
v 1.2 26.6027 17.9373
v 1.2 21.2015 19.5757
v 0.5 21.1554 19.8863
v 1.2 21.1554 19.8863
v 0.5 21.2015 19.5757
v 1.2 21.2015 20.8243
v 0.5 21.2778 21.1289
v 1.2 21.2778 21.1289
v 0.5 21.2015 20.8243
v 2.8 23.8744 24.9271
v 2.8 23.4133 24.8587
v 2.8 22.9611 24.7455
v 2.8 22.5223 24.5884
v 2.8 22.1009 24.3891
v 2.8 21.701 24.1495
v 2.8 21.3266 23.8718
v 0.5 27.1621 18.6915
v 1.2 27.2964 18.9754
v 0.5 27.2964 18.9754
v 1.2 27.1621 18.6915
v 0.5 22.0773 22.4627
v 1.2 22.0773 22.4627
v 0.5 24.0263 23.3846
v 1.2 24.34 23.4
v 1.2 24.0263 23.3846
v 0.5 24.34 23.4
v 0.5 24.9643 23.3385
v 1.2 25.2689 23.2622
v 1.2 24.9643 23.3385
v 0.5 25.2689 23.2622
v 1.2 27.4022 19.2711
v 0.5 27.4022 19.2711
v 1.2 22.3099 17.7264
v 0.5 22.3099 17.7264
v 0.5 27.54 20.2
v 1.2 27.54 20.2
v 0.5 24.6537 23.3846
v 1.2 24.6537 23.3846
v 1.2 26.6027 22.4627
v 0.5 26.6027 22.4627
v 0.5 23.4111 23.2622
v 1.2 23.7157 23.3385
v 1.2 23.4111 23.2622
v 0.5 23.7157 23.3385
v 0.5 23.1154 23.1564
v 1.2 23.1154 23.1564
v 1.2 21.8664 22.2301
v 0.5 21.8664 22.2301
v 0.5 21.3836 21.4246
v 1.2 21.3836 21.4246
v 1.2 27.4785 19.5757
v 0.5 27.4785 19.5757
v 0.5 27.5246 19.8863
v 1.2 27.5246 19.8863
v 1.2 21.6793 21.9778
v 0.5 21.6793 21.9778
v 1.2 25.5646 23.1564
v 0.5 25.5646 23.1564
v 0.5 21.5179 21.7085
v 1.2 21.5179 21.7085
v 1.2 25.8485 23.0221
v 0.5 25.8485 23.0221
v 0.5 22.8315 23.0221
v 1.2 22.8315 23.0221
v 1.2 25.7189 15.6545
v 1.2 25.2667 15.5413
v 1.2 19.9516 22.0177
v 1.2 19.7945 21.5789
v 1.2 29.0671 20.6656
v 1.2 28.9987 21.1267
v 1.2 28.5291 17.9609
v 1.2 28.7284 18.3823
v 1.2 28.0118 23.2134
v 1.2 27.6988 23.5588
v 1.2 26.1577 15.8116
v 1.2 24.8056 15.4729
v 1.2 24.34 15.45
v 1.2 27.6988 16.8412
v 1.2 28.0118 17.1866
v 1.2 28.2895 17.561
v 1.2 27.3534 16.5282
v 1.2 23.8744 15.4729
v 1.2 29.09 20.2
v 1.2 29.0671 19.7344
v 1.2 28.8855 21.5789
v 1.2 28.7284 22.0177
v 1.2 28.9987 19.2733
v 1.2 28.5291 22.4391
v 1.2 28.2895 22.839
v 1.2 28.8855 18.8211
v 1.2 27.3534 23.8718
v 1.2 26.979 24.1495
v 1.2 26.5791 24.3891
v 1.2 26.1577 24.5884
v 1.2 25.7189 24.7455
v 1.2 25.2667 24.8587
v 1.2 24.8056 24.9271
v 1.2 24.34 24.95
v 1.2 23.8744 24.9271
v 1.2 23.4133 24.8587
v 1.2 22.9611 24.7455
v 1.2 22.5223 24.5884
v 1.2 22.1009 24.3891
v 1.2 21.701 24.1495
v 1.2 21.3266 23.8718
v 1.2 20.9812 23.5588
v 1.2 20.6682 23.2134
v 1.2 20.3905 22.839
v 1.2 20.1509 22.4391
v 1.2 26.979 16.2505
v 1.2 26.5791 16.0109
v 1.2 23.4133 15.5413
v 1.2 22.9611 15.6545
v 1.2 22.5223 15.8116
v 1.2 22.1009 16.0109
v 1.2 21.701 16.2505
v 1.2 21.3266 16.5282
v 1.2 20.9812 16.8412
v 1.2 20.6682 17.1866
v 1.2 20.3905 17.561
v 1.2 20.1509 17.9609
v 1.2 19.9516 18.3823
v 1.2 19.7945 18.8211
v 1.2 19.6813 19.2733
v 1.2 19.6129 19.7344
v 1.2 19.6813 21.1267
v 1.2 19.6129 20.6656
v 1.2 19.59 20.2
v 0.5 19.8185 21.5716
v 0.5 19.9747 22.0082
v 0.5 25.2618 15.5658
v 0.5 25.7116 15.6785
v 0.5 25.2618 24.8342
v 0.5 24.8031 24.9022
v 0.5 24.34 15.475
v 0.5 24.8031 15.4978
v 0.5 28.2687 22.8251
v 0.5 28.5071 22.4273
v 0.5 20.1729 22.4273
v 0.5 20.4113 22.8251
v 0.5 28.8615 21.5716
v 0.5 28.9742 21.1218
v 0.5 26.1482 15.8347
v 0.5 26.5673 16.0329
v 0.5 19.8185 18.8284
v 0.5 19.7058 19.2782
v 0.5 20.6875 23.1975
v 0.5 20.4113 17.5749
v 0.5 20.1729 17.9727
v 0.5 21.3425 16.5475
v 0.5 21.7149 16.2713
v 0.5 27.9925 23.1975
v 0.5 27.3375 23.8525
v 0.5 26.9651 24.1287
v 0.5 23.4182 15.5658
v 0.5 23.8769 15.4978
v 0.5 26.1482 24.5653
v 0.5 25.7116 24.7215
v 0.5 28.7053 18.3918
v 0.5 28.5071 17.9727
v 0.5 22.1126 24.3671
v 0.5 21.7149 24.1287
v 0.5 19.7058 21.1218
v 0.5 19.615 20.2
v 0.5 19.6378 20.6631
v 0.5 22.9684 24.7215
v 0.5 22.5318 24.5653
v 0.5 22.9684 15.6785
v 0.5 29.0422 20.6631
v 0.5 29.065 20.2
v 0.5 28.2687 17.5749
v 0.5 26.9651 16.2713
v 0.5 27.3375 16.5475
v 0.5 28.7053 22.0082
v 0.5 27.6811 23.5411
v 0.5 19.9747 18.3918
v 0.5 28.8615 18.8284
v 0.5 26.5673 24.3671
v 0.5 29.0422 19.7369
v 0.5 28.9742 19.2782
v 0.5 22.1126 16.0329
v 0.5 22.5318 15.8347
v 0.5 20.9989 23.5411
v 0.5 27.9925 17.2025
v 0.5 19.6378 19.7369
v 0.5 24.34 24.925
v 0.5 23.8769 24.9022
v 0.5 20.9989 16.8589
v 0.5 20.6875 17.2025
v 0.5 27.6811 16.8589
v 0.5 23.4182 24.8342
v 0.5 21.3425 23.8525
v 0.5 49.5246 20.5137
v 1.2 49.4785 20.8243
v 0.5 49.4785 20.8243
v 1.2 49.5246 20.5137
v 0.5 47.2689 17.1378
v 1.2 46.9643 17.0615
v 1.2 47.2689 17.1378
v 0.5 46.9643 17.0615
v 0.5 46.34 17.0
v 1.2 46.0263 17.0154
v 1.2 46.34 17.0
v 0.5 46.0263 17.0154
v 0.5 49.4022 21.1289
v 1.2 49.2964 21.4246
v 0.5 49.2964 21.4246
v 1.2 49.4022 21.1289
v 0.5 44.3099 22.6736
v 1.2 44.5622 22.8607
v 1.2 44.3099 22.6736
v 0.5 44.5622 22.8607
v 1.2 43.5179 18.6915
v 0.5 43.3836 18.9754
v 1.2 43.3836 18.9754
v 0.5 43.5179 18.6915
v 1.2 43.6793 18.4222
v 0.5 43.6793 18.4222
v 0.5 46.6537 17.0154
v 1.2 46.6537 17.0154
v 0.5 48.1178 22.8607
v 1.2 48.3701 22.6736
v 1.2 48.1178 22.8607
v 0.5 48.3701 22.6736
v 1.2 44.0773 17.9373
v 0.5 43.8664 18.1699
v 1.2 43.8664 18.1699
v 0.5 44.0773 17.9373
v 0.5 45.4111 17.1378
v 1.2 45.1154 17.2436
v 1.2 45.4111 17.1378
v 0.5 45.1154 17.2436
v 1.2 43.14 20.2
v 0.5 43.1554 20.5137
v 1.2 43.1554 20.5137
v 0.5 43.14 20.2
v 0.5 43.2778 19.2711
v 1.2 43.2778 19.2711
v 0.5 49.0007 21.9778
v 1.2 48.8136 22.2301
v 0.5 48.8136 22.2301
v 1.2 49.0007 21.9778
v 1.2 49.1621 21.7085
v 0.5 49.1621 21.7085
v 1.2 44.8315 17.3779
v 0.5 44.8315 17.3779
v 0.5 48.8136 18.1699
v 1.2 49.0007 18.4222
v 0.5 49.0007 18.4222
v 1.2 48.8136 18.1699
v 0.5 48.3701 17.7264
v 1.2 48.1178 17.5393
v 1.2 48.3701 17.7264
v 0.5 48.1178 17.5393
v 1.2 45.7157 17.0615
v 0.5 45.7157 17.0615
v 1.2 44.5622 17.5393
v 0.5 44.5622 17.5393
v 0.5 47.8485 17.3779
v 1.2 47.5646 17.2436
v 1.2 47.8485 17.3779
v 0.5 47.5646 17.2436
v 0.5 48.6027 17.9373
v 1.2 48.6027 17.9373
v 1.2 43.2015 19.5757
v 0.5 43.1554 19.8863
v 1.2 43.1554 19.8863
v 0.5 43.2015 19.5757
v 2.8 49.3534 23.8718
v 2.8 48.979 24.1495
v 2.8 48.5791 24.3891
v 2.8 48.1577 24.5884
v 2.8 47.7189 24.7455
v 2.8 47.2667 24.8587
v 2.8 46.8056 24.9271
v 0.5 49.1621 18.6915
v 1.2 49.2964 18.9754
v 0.5 49.2964 18.9754
v 1.2 49.1621 18.6915
v 0.5 44.0773 22.4627
v 1.2 44.0773 22.4627
v 0.5 46.0263 23.3846
v 1.2 46.34 23.4
v 1.2 46.0263 23.3846
v 0.5 46.34 23.4
v 0.5 46.9643 23.3385
v 1.2 47.2689 23.2622
v 1.2 46.9643 23.3385
v 0.5 47.2689 23.2622
v 1.2 49.4022 19.2711
v 0.5 49.4022 19.2711
v 1.2 44.3099 17.7264
v 0.5 44.3099 17.7264
v 0.5 49.54 20.2
v 1.2 49.54 20.2
v 0.5 46.6537 23.3846
v 1.2 46.6537 23.3846
v 1.2 48.6027 22.4627
v 0.5 48.6027 22.4627
v 0.5 45.4111 23.2622
v 1.2 45.7157 23.3385
v 1.2 45.4111 23.2622
v 0.5 45.7157 23.3385
v 0.5 45.1154 23.1564
v 1.2 45.1154 23.1564
v 1.2 43.8664 22.2301
v 0.5 43.8664 22.2301
v 1.2 43.2778 21.1289
v 0.5 43.3836 21.4246
v 1.2 43.3836 21.4246
v 0.5 43.2778 21.1289
v 1.2 49.4785 19.5757
v 0.5 49.4785 19.5757
v 0.5 49.5246 19.8863
v 1.2 49.5246 19.8863
v 1.2 43.6793 21.9778
v 0.5 43.6793 21.9778
v 1.2 47.5646 23.1564
v 0.5 47.5646 23.1564
v 0.5 43.5179 21.7085
v 1.2 43.5179 21.7085
v 1.2 47.8485 23.0221
v 0.5 47.8485 23.0221
v 0.5 44.8315 23.0221
v 1.2 44.8315 23.0221
v 0.5 43.2015 20.8243
v 1.2 43.2015 20.8243
v 1.2 47.7189 15.6545
v 1.2 47.2667 15.5413
v 1.2 41.9516 22.0177
v 1.2 41.7945 21.5789
v 1.2 51.0671 20.6656
v 1.2 50.9987 21.1267
v 1.2 50.5291 17.9609
v 1.2 50.7284 18.3823
v 1.2 50.5291 22.4391
v 1.2 50.2895 22.839
v 1.2 49.6988 23.5588
v 1.2 50.0118 23.2134
v 1.2 48.1577 15.8116
v 1.2 44.1009 16.0109
v 1.2 43.701 16.2505
v 1.2 46.8056 15.4729
v 1.2 46.34 15.45
v 1.2 49.6988 16.8412
v 1.2 50.0118 17.1866
v 1.2 48.1577 24.5884
v 1.2 48.5791 24.3891
v 1.2 50.2895 17.561
v 1.2 49.3534 16.5282
v 1.2 45.8744 15.4729
v 1.2 51.09 20.2
v 1.2 51.0671 19.7344
v 1.2 50.8855 21.5789
v 1.2 50.7284 22.0177
v 1.2 50.9987 19.2733
v 1.2 50.8855 18.8211
v 1.2 49.3534 23.8718
v 1.2 48.979 24.1495
v 1.2 47.7189 24.7455
v 1.2 47.2667 24.8587
v 1.2 46.8056 24.9271
v 1.2 46.34 24.95
v 1.2 45.8744 24.9271
v 1.2 45.4133 24.8587
v 1.2 44.9611 24.7455
v 1.2 44.5223 24.5884
v 1.2 44.1009 24.3891
v 1.2 43.701 24.1495
v 1.2 43.3266 23.8718
v 1.2 42.9812 23.5588
v 1.2 42.6682 23.2134
v 1.2 42.3905 22.839
v 1.2 42.1509 22.4391
v 1.2 48.979 16.2505
v 1.2 48.5791 16.0109
v 1.2 45.4133 15.5413
v 1.2 44.9611 15.6545
v 1.2 44.5223 15.8116
v 1.2 43.3266 16.5282
v 1.2 42.9812 16.8412
v 1.2 42.6682 17.1866
v 1.2 42.3905 17.561
v 1.2 42.1509 17.9609
v 1.2 41.9516 18.3823
v 1.2 41.7945 18.8211
v 1.2 41.6813 19.2733
v 1.2 41.6129 19.7344
v 1.2 41.6813 21.1267
v 1.2 41.6129 20.6656
v 1.2 41.59 20.2
v 0.5 41.8185 21.5716
v 0.5 41.9747 22.0082
v 0.5 47.2618 15.5658
v 0.5 47.7116 15.6785
v 0.5 47.2618 24.8342
v 0.5 46.8031 24.9022
v 0.5 46.34 15.475
v 0.5 46.8031 15.4978
v 0.5 50.2687 22.8251
v 0.5 50.5071 22.4273
v 0.5 42.1729 22.4273
v 0.5 42.4113 22.8251
v 0.5 50.8615 21.5716
v 0.5 50.9742 21.1218
v 0.5 41.8185 18.8284
v 0.5 41.7058 19.2782
v 0.5 42.6875 23.1975
v 0.5 42.4113 17.5749
v 0.5 42.1729 17.9727
v 0.5 43.3425 16.5475
v 0.5 43.7149 16.2713
v 0.5 49.9925 23.1975
v 0.5 41.9747 18.3918
v 0.5 49.3375 23.8525
v 0.5 48.9651 24.1287
v 0.5 45.4182 15.5658
v 0.5 45.8769 15.4978
v 0.5 48.1482 24.5653
v 0.5 47.7116 24.7215
v 0.5 50.7053 18.3918
v 0.5 50.5071 17.9727
v 0.5 44.1126 24.3671
v 0.5 43.7149 24.1287
v 0.5 41.7058 21.1218
v 0.5 41.615 20.2
v 0.5 41.6378 20.6631
v 0.5 44.9684 24.7215
v 0.5 44.5318 24.5653
v 0.5 44.9684 15.6785
v 0.5 51.0422 20.6631
v 0.5 51.065 20.2
v 0.5 50.2687 17.5749
v 0.5 48.9651 16.2713
v 0.5 49.3375 16.5475
v 0.5 50.7053 22.0082
v 0.5 49.6811 23.5411
v 0.5 50.8615 18.8284
v 0.5 48.5673 24.3671
v 0.5 51.0422 19.7369
v 0.5 50.9742 19.2782
v 0.5 44.1126 16.0329
v 0.5 44.5318 15.8347
v 0.5 42.9989 23.5411
v 0.5 49.9925 17.2025
v 0.5 41.6378 19.7369
v 0.5 48.1482 15.8347
v 0.5 46.34 24.925
v 0.5 45.8769 24.9022
v 0.5 48.5673 16.0329
v 0.5 42.9989 16.8589
v 0.5 42.6875 17.2025
v 0.5 49.6811 16.8589
v 0.5 45.4182 24.8342
v 0.5 43.3425 23.8525
v 117.7 46.9 17.5
v 117.7 47.096 17.5096
v 117.7 37.9858 18.0858
v 117.7 38.1312 17.954
v 117.7 37.4861 18.9194
v 117.7 37.4384 19.1098
v 117.7 37.4096 22.696
v 117.7 37.4384 22.8902
v 117.7 47.4806 17.5861
v 117.7 47.6654 17.6522
v 117.7 39.204 17.5096
v 117.7 39.4 17.5
v 117.7 48.1688 24.046
v 117.7 48.0111 24.1629
v 117.7 37.5522 23.2654
v 117.7 37.6362 23.4428
v 117.7 48.8616 22.8902
v 117.7 48.8904 22.696
v 117.7 38.6346 17.6522
v 117.7 38.8194 17.5861
v 117.7 37.4861 23.0806
v 117.7 38.6346 24.3478
v 117.7 38.4572 24.2638
v 117.7 48.6638 23.4428
v 117.7 48.7478 23.2654
v 117.7 39.0098 17.5384
v 117.7 48.0111 17.8371
v 117.7 48.1688 17.954
v 117.7 38.2889 24.1629
v 117.7 47.4806 24.4139
v 117.7 47.2902 24.4616
v 117.7 39.204 24.4904
v 117.7 39.0098 24.4616
v 117.7 37.4 22.5
v 117.7 48.9 22.5
v 117.7 37.5522 18.7346
v 117.7 39.4 24.5
v 117.7 47.8428 24.2638
v 117.7 47.6654 24.3478
v 117.7 37.7371 23.6111
v 117.7 47.096 24.4904
v 117.7 46.9 24.5
v 117.7 38.8194 24.4139
v 117.7 48.3142 23.9142
v 117.7 38.4572 17.7362
v 117.7 37.854 23.7688
v 117.7 38.1312 24.046
v 117.7 37.4096 19.304
v 117.7 38.2889 17.8371
v 117.7 48.9 19.5
v 117.7 48.8904 19.304
v 117.7 48.446 23.7688
v 117.7 37.854 18.2312
v 117.7 37.7371 18.3889
v 117.7 37.4 19.5
v 117.7 48.8139 18.9194
v 117.7 48.7478 18.7346
v 117.7 37.6362 18.5572
v 117.7 48.8616 19.1098
v 117.7 48.6638 18.5572
v 117.7 48.8139 23.0806
v 117.7 37.9858 23.9142
v 117.7 48.5629 23.6111
v 117.7 48.5629 18.3889
v 117.7 48.446 18.2312
v 117.7 47.8428 17.7362
v 117.7 48.3142 18.0858
v 117.7 47.2902 17.5384
v 117.7 48.596 16.0096
v 117.7 48.4 16.0
v 117.7 37.704 25.9904
v 117.7 37.9 26.0
v 117.7 37.9 16.0
v 117.7 37.704 16.0096
v 117.7 49.8142 16.5858
v 117.7 49.946 16.7312
v 117.7 49.5111 25.6629
v 117.7 49.6688 25.546
v 117.7 36.354 16.7312
v 117.7 36.4858 16.5858
v 117.7 36.7889 25.6629
v 117.7 36.9572 25.7638
v 117.7 37.5098 25.9616
v 117.7 36.4858 25.4142
v 117.7 36.6312 25.546
v 117.7 49.3428 25.7638
v 117.7 48.4 26.0
v 117.7 37.3194 25.9139
v 117.7 37.1346 25.8478
v 117.7 37.5098 16.0384
v 117.7 37.3194 16.0861
v 117.7 37.1346 16.1522
v 117.7 50.0629 16.8889
v 117.7 50.3904 17.804
v 117.7 50.4 18.0
v 117.7 36.6312 16.454
v 117.7 36.9572 16.2362
v 117.7 36.0522 24.7654
v 117.7 35.9861 24.5806
v 117.7 35.9096 24.196
v 117.7 35.9 24.0
v 117.7 35.9 18.0
v 117.7 36.2371 16.8889
v 117.7 36.2371 25.1111
v 117.7 36.1362 24.9428
v 117.7 36.7889 16.3371
v 117.7 50.3616 24.3902
v 117.7 50.3139 24.5806
v 117.7 50.4 24.0
v 117.7 50.3904 24.196
v 117.7 50.2478 24.7654
v 117.7 50.1638 24.9428
v 117.7 50.0629 25.1111
v 117.7 49.946 25.2688
v 117.7 49.8142 25.4142
v 117.7 50.3616 17.6098
v 117.7 50.3139 17.4194
v 117.7 49.1654 25.8478
v 117.7 48.9806 25.9139
v 117.7 50.2478 17.2346
v 117.7 50.1638 17.0572
v 117.7 48.7902 25.9616
v 117.7 48.596 25.9904
v 117.7 36.354 25.2688
v 117.7 49.6688 16.454
v 117.7 49.5111 16.3371
v 117.7 49.3428 16.2362
v 117.7 49.1654 16.1522
v 117.7 48.9806 16.0861
v 117.7 48.7902 16.0384
v 117.7 35.9861 17.4194
v 117.7 35.9096 17.804
v 117.7 35.9384 24.3902
v 117.7 36.1362 17.0572
v 117.7 36.0522 17.2346
v 117.7 35.9384 17.6098
v 67.6651 70.18 22.6751
v 67.4995 70.18 22.7166
v 67.16 70.18 22.75
v 54.64 70.18 22.75
v 67.3305 70.18 22.7416
v 67.6651 70.18 19.3249
v 67.8259 70.18 19.3825
v 54.1349 70.18 22.6751
v 53.9741 70.18 22.6175
v 53.8198 70.18 22.5445
v 67.3305 70.18 19.2584
v 67.4995 70.18 19.2834
v 67.9802 70.18 19.4555
v 68.1267 70.18 19.5432
v 53.5362 70.18 22.355
v 53.4096 70.18 22.2404
v 67.16 70.18 19.25
v 53.4096 70.18 19.7596
v 53.295 70.18 19.8862
v 54.3005 70.18 19.2834
v 54.4695 70.18 19.2584
v 68.6945 70.18 20.1698
v 68.6068 70.18 20.0233
v 67.8259 70.18 22.6175
v 53.295 70.18 22.1138
v 54.3005 70.18 22.7166
v 54.64 70.18 19.25
v 53.5362 70.18 19.645
v 53.6733 70.18 19.5432
v 53.6733 70.18 22.4568
v 54.1349 70.18 19.3249
v 68.1267 70.18 22.4568
v 67.9802 70.18 22.5445
v 68.8916 70.18 21.1805
v 68.9 70.18 21.01
v 53.9741 70.18 19.3825
v 68.6945 70.18 21.8302
v 68.7675 70.18 21.6759
v 52.9084 70.18 21.1805
v 52.9334 70.18 21.3495
v 52.9749 70.18 20.4849
v 52.9334 70.18 20.6505
v 54.4695 70.18 22.7416
v 68.2638 70.18 19.645
v 68.3904 70.18 19.7596
v 53.1932 70.18 20.0233
v 52.9084 70.18 20.8195
v 68.8666 70.18 20.6505
v 68.8251 70.18 20.4849
v 53.0325 70.18 21.6759
v 53.1055 70.18 21.8302
v 53.1932 70.18 21.9767
v 52.9 70.18 20.99
v 52.9 70.18 21.01
v 68.9 70.18 20.99
v 68.8916 70.18 20.8195
v 68.505 70.18 19.8862
v 53.1055 70.18 20.1698
v 53.0325 70.18 20.3241
v 53.8198 70.18 19.4555
v 68.7675 70.18 20.3241
v 68.3904 70.18 22.2404
v 68.2638 70.18 22.355
v 68.8251 70.18 21.5151
v 52.9749 70.18 21.5151
v 68.8666 70.18 21.3495
v 68.505 70.18 22.1138
v 68.6068 70.18 21.9767
v 50.9572 70.18 24.7638
v 51.1346 70.18 24.8478
v 69.9 70.18 25.0
v 70.096 70.18 24.9904
v 70.2902 70.18 17.0384
v 70.096 70.18 17.0096
v 71.7478 70.18 18.2346
v 71.8139 70.18 18.4194
v 71.8904 70.18 23.196
v 71.8616 70.18 23.3902
v 51.5098 70.18 24.9616
v 51.704 70.18 24.9904
v 49.9 70.18 23.0
v 49.9 70.18 19.0
v 69.9 70.18 17.0
v 51.9 70.18 17.0
v 51.704 70.18 17.0096
v 49.9096 70.18 18.804
v 50.4858 70.18 24.4142
v 50.354 70.18 24.2688
v 50.6312 70.18 17.454
v 50.4858 70.18 17.5858
v 50.0522 70.18 23.7654
v 49.9861 70.18 23.5806
v 51.9 70.18 25.0
v 51.3194 70.18 24.9139
v 49.9096 70.18 23.196
v 50.6312 70.18 24.546
v 50.7889 70.18 24.6629
v 70.4806 70.18 24.9139
v 70.6654 70.18 24.8478
v 71.8139 70.18 23.5806
v 71.7478 70.18 23.7654
v 51.3194 70.18 17.0861
v 51.1346 70.18 17.1522
v 51.5098 70.18 17.0384
v 50.2371 70.18 24.1111
v 50.1362 70.18 23.9428
v 71.9 70.18 23.0
v 71.8616 70.18 18.6098
v 71.8904 70.18 18.804
v 71.1688 70.18 17.454
v 71.0111 70.18 17.3371
v 49.9861 70.18 18.4194
v 50.0522 70.18 18.2346
v 70.4806 70.18 17.0861
v 70.6654 70.18 17.1522
v 71.6638 70.18 23.9428
v 50.354 70.18 17.7312
v 71.1688 70.18 24.546
v 71.3142 70.18 24.4142
v 49.9384 70.18 18.6098
v 71.9 70.18 19.0
v 71.5629 70.18 24.1111
v 49.9384 70.18 23.3902
v 71.446 70.18 17.7312
v 71.5629 70.18 17.8889
v 50.2371 70.18 17.8889
v 70.8428 70.18 17.2362
v 70.8428 70.18 24.7638
v 71.0111 70.18 24.6629
v 50.7889 70.18 17.3371
v 71.3142 70.18 17.5858
v 71.446 70.18 24.2688
v 50.9572 70.18 17.2362
v 70.2902 70.18 24.9616
v 71.6638 70.18 18.0572
v 50.1362 70.18 18.0572
v 41.5301 12.0136 5.0
v 41.4081 12.1481 4.0
v 41.4081 12.1481 5.0
v 41.5301 12.0136 4.0
v 41.5301 12.0136 9.95
v 41.4081 12.1481 6.0
v 41.4081 12.1481 9.95
v 41.5301 12.0136 6.0
v 41.9411 11.0213 5.0
v 41.9145 11.2009 4.0
v 41.9145 11.2009 5.0
v 41.9411 11.0213 4.0
v 41.9411 11.0213 9.95
v 41.9145 11.2009 6.0
v 41.9145 11.2009 9.95
v 41.9411 11.0213 6.0
v 41.95 10.84 9.95
v 41.95 10.84 6.0
v 41.95 10.84 5.0
v 41.95 10.84 4.0
v 41.2736 12.2701 4.0
v 41.1278 12.3782 5.0
v 41.2736 12.2701 5.0
v 41.1278 12.3782 4.0
v 41.2736 12.2701 6.0
v 41.1278 12.3782 9.95
v 41.2736 12.2701 9.95
v 41.1278 12.3782 6.0
v 38.4684 11.7121 6.0
v 38.5618 11.8678 9.95
v 38.5618 11.8678 6.0
v 38.4684 11.7121 9.95
v 38.4684 11.7121 4.0
v 38.5618 11.8678 5.0
v 38.5618 11.8678 4.0
v 38.4684 11.7121 5.0
v 40.637 9.06966 6.0
v 40.808 9.13082 9.95
v 40.637 9.06966 9.95
v 40.808 9.13082 6.0
v 40.637 9.06966 4.0
v 40.808 9.13082 5.0
v 40.637 9.06966 5.0
v 40.808 9.13082 4.0
v 38.2589 10.6587 4.0
v 38.25 10.84 5.0
v 38.25 10.84 4.0
v 38.2589 10.6587 5.0
v 38.2589 10.6587 6.0
v 38.25 10.84 9.95
v 38.25 10.84 6.0
v 38.2589 10.6587 9.95
v 38.9264 12.2701 4.0
v 38.7919 12.1481 5.0
v 38.9264 12.2701 5.0
v 38.7919 12.1481 4.0
v 38.9264 12.2701 6.0
v 38.7919 12.1481 9.95
v 38.9264 12.2701 9.95
v 38.7919 12.1481 6.0
v 38.3297 10.303 4.0
v 38.2855 10.4791 5.0
v 38.2855 10.4791 4.0
v 38.3297 10.303 5.0
v 38.3297 10.303 6.0
v 38.2855 10.4791 9.95
v 38.2855 10.4791 6.0
v 38.3297 10.303 9.95
v 40.6362 10.8189 4.0
v 41.9411 10.6587 4.0
v 40.63 10.7561 4.0
v 41.9145 10.4791 4.0
v 40.6373 10.84 4.0
v 40.6218 10.7147 4.0
v 41.8703 10.303 4.0
v 40.6362 10.8611 4.0
v 40.6035 10.6543 4.0
v 41.8092 10.132 4.0
v 40.5873 10.6153 4.0
v 41.7316 9.96792 4.0
v 40.6347 10.8927 4.0
v 40.5576 10.5597 4.0
v 41.6382 9.8122 4.0
v 40.63 10.9239 4.0
v 40.5341 10.5245 4.0
v 41.5301 9.66637 4.0
v 40.4941 10.4758 4.0
v 41.4081 9.53185 4.0
v 40.6269 10.9448 4.0
v 40.4642 10.4459 4.0
v 41.2736 9.40993 4.0
v 40.6218 10.9653 4.0
v 41.8703 11.377 4.0
v 40.4155 10.4059 4.0
v 41.1278 9.30178 4.0
v 40.6141 10.996 4.0
v 40.3803 10.3824 4.0
v 40.9721 9.20845 4.0
v 40.6035 11.0257 4.0
v 40.3247 10.3527 4.0
v 41.8092 11.548 4.0
v 40.5964 11.0456 4.0
v 40.2857 10.3365 4.0
v 40.6347 10.7873 4.0
v 40.6269 10.7352 4.0
v 40.6141 10.684 4.0
v 40.5964 10.6344 4.0
v 40.5738 10.5867 4.0
v 40.5467 10.5415 4.0
v 40.5153 10.4992 4.0
v 40.4799 10.4601 4.0
v 40.2253 10.3182 4.0
v 40.4609 9.02555 4.0
v 40.4408 10.4247 4.0
v 40.3985 10.3933 4.0
v 40.3533 10.3662 4.0
v 40.3056 10.3436 4.0
v 40.1839 10.31 4.0
v 40.2813 8.99891 4.0
v 40.256 10.3259 4.0
v 40.2048 10.3131 4.0
v 40.1527 10.3053 4.0
v 40.1211 10.3038 4.0
v 40.1 8.99 4.0
v 40.1 10.3027 4.0
v 40.0789 10.3038 4.0
v 39.9187 8.99891 4.0
v 40.0473 10.3053 4.0
v 40.0161 10.31 4.0
v 39.7391 9.02555 4.0
v 39.9952 10.3131 4.0
v 39.9747 10.3182 4.0
v 39.563 9.06966 4.0
v 39.944 10.3259 4.0
v 39.9143 10.3365 4.0
v 39.392 9.13082 4.0
v 39.8944 10.3436 4.0
v 39.8753 10.3527 4.0
v 39.2279 9.20845 4.0
v 39.8467 10.3662 4.0
v 39.8197 10.3824 4.0
v 39.0722 9.30178 4.0
v 39.8015 10.3933 4.0
v 39.7845 10.4059 4.0
v 38.9264 9.40993 4.0
v 39.7592 10.4247 4.0
v 39.7358 10.4459 4.0
v 38.7919 9.53185 4.0
v 39.7201 10.4601 4.0
v 39.7059 10.4758 4.0
v 38.6699 9.66637 4.0
v 39.6847 10.4992 4.0
v 39.6659 10.5245 4.0
v 38.5618 9.8122 4.0
v 39.6533 10.5415 4.0
v 39.6424 10.5597 4.0
v 38.4684 9.96792 4.0
v 39.6262 10.5867 4.0
v 39.6127 10.6153 4.0
v 38.3908 10.132 4.0
v 39.6036 10.6344 4.0
v 40.5873 11.0647 4.0
v 41.7316 11.7121 4.0
v 40.5738 11.0933 4.0
v 40.5576 11.1203 4.0
v 41.6382 11.8678 4.0
v 40.5467 11.1385 4.0
v 40.5341 11.1555 4.0
v 40.5153 11.1808 4.0
v 40.4941 11.2042 4.0
v 40.4799 11.2199 4.0
v 40.4642 11.2341 4.0
v 40.4408 11.2553 4.0
v 40.4155 11.2741 4.0
v 40.3985 11.2867 4.0
v 40.3803 11.2976 4.0
v 40.9721 12.4716 4.0
v 40.3533 11.3138 4.0
v 40.3247 11.3273 4.0
v 40.808 12.5492 4.0
v 40.3056 11.3364 4.0
v 40.2857 11.3435 4.0
v 40.637 12.6103 4.0
v 40.256 11.3541 4.0
v 40.2253 11.3618 4.0
v 40.4609 12.6545 4.0
v 40.2048 11.3669 4.0
v 40.1839 11.37 4.0
v 40.2813 12.6811 4.0
v 40.1527 11.3747 4.0
v 40.1211 11.3762 4.0
v 40.1 12.69 4.0
v 40.1 11.3773 4.0
v 40.0789 11.3762 4.0
v 39.9187 12.6811 4.0
v 40.0473 11.3747 4.0
v 40.0161 11.37 4.0
v 39.7391 12.6545 4.0
v 39.9952 11.3669 4.0
v 39.9747 11.3618 4.0
v 39.563 12.6103 4.0
v 39.944 11.3541 4.0
v 39.9143 11.3435 4.0
v 39.392 12.5492 4.0
v 39.8944 11.3364 4.0
v 39.8753 11.3273 4.0
v 39.2279 12.4716 4.0
v 39.8467 11.3138 4.0
v 39.8197 11.2976 4.0
v 39.0722 12.3782 4.0
v 39.8015 11.2867 4.0
v 39.7845 11.2741 4.0
v 39.7592 11.2553 4.0
v 39.7358 11.2341 4.0
v 39.7201 11.2199 4.0
v 39.7059 11.2042 4.0
v 38.6699 12.0136 4.0
v 39.6847 11.1808 4.0
v 39.6659 11.1555 4.0
v 39.6533 11.1385 4.0
v 39.6424 11.1203 4.0
v 39.6262 11.0933 4.0
v 39.6127 11.0647 4.0
v 38.3908 11.548 4.0
v 39.6036 11.0456 4.0
v 39.5965 11.0257 4.0
v 38.3297 11.377 4.0
v 39.5859 10.996 4.0
v 39.5782 10.9653 4.0
v 38.2855 11.2009 4.0
v 39.5731 10.9448 4.0
v 39.57 10.9239 4.0
v 38.2589 11.0213 4.0
v 39.5653 10.8927 4.0
v 39.5638 10.8611 4.0
v 39.5627 10.84 4.0
v 39.5965 10.6543 4.0
v 39.5859 10.684 4.0
v 39.5782 10.7147 4.0
v 39.5731 10.7352 4.0
v 39.57 10.7561 4.0
v 39.5653 10.7873 4.0
v 39.5638 10.8189 4.0
v 41.9145 10.4791 9.95
v 41.9411 10.6587 6.0
v 41.9411 10.6587 9.95
v 41.9145 10.4791 6.0
v 41.9145 10.4791 5.0
v 41.9411 10.6587 5.0
v 39.2279 12.4716 5.0
v 39.392 12.5492 5.0
v 39.392 12.5492 6.0
v 39.2279 12.4716 9.95
v 39.392 12.5492 9.95
v 39.2279 12.4716 6.0
v 38.3908 10.132 5.0
v 38.3908 10.132 6.0
v 38.3908 10.132 9.95
v 40.9721 12.4716 5.0
v 40.9721 12.4716 9.95
v 40.9721 12.4716 6.0
v 39.563 12.6103 5.0
v 39.7391 12.6545 5.0
v 39.7391 12.6545 6.0
v 39.563 12.6103 9.95
v 39.7391 12.6545 9.95
v 39.563 12.6103 6.0
v 39.0722 9.30178 5.0
v 38.9264 9.40993 5.0
v 38.9264 9.40993 6.0
v 39.0722 9.30178 9.95
v 38.9264 9.40993 9.95
v 39.0722 9.30178 6.0
v 38.3297 11.377 5.0
v 38.2855 11.2009 5.0
v 38.2855 11.2009 6.0
v 38.3297 11.377 9.95
v 38.3297 11.377 6.0
v 38.2855 11.2009 9.95
v 38.3908 11.548 5.0
v 38.3908 11.548 9.95
v 38.3908 11.548 6.0
v 40.808 12.5492 5.0
v 40.808 12.5492 9.95
v 40.808 12.5492 6.0
v 41.7316 11.7121 9.95
v 41.6382 11.8678 6.0
v 41.6382 11.8678 9.95
v 41.7316 11.7121 6.0
v 41.7316 11.7121 5.0
v 41.6382 11.8678 5.0
v 41.8092 11.548 9.95
v 41.8092 11.548 6.0
v 41.8092 11.548 5.0
v 40.4609 12.6545 5.0
v 40.637 12.6103 5.0
v 40.637 12.6103 6.0
v 40.4609 12.6545 9.95
v 40.637 12.6103 9.95
v 40.4609 12.6545 6.0
v 39.2279 9.20845 6.0
v 39.392 9.13082 9.95
v 39.2279 9.20845 9.95
v 39.392 9.13082 6.0
v 39.392 9.13082 5.0
v 39.2279 9.20845 5.0
v 40.2813 8.99891 6.0
v 40.4609 9.02555 9.95
v 40.2813 8.99891 9.95
v 40.4609 9.02555 6.0
v 40.4609 9.02555 5.0
v 40.2813 8.99891 5.0
v 41.8703 11.377 9.95
v 41.8703 11.377 6.0
v 41.8703 11.377 5.0
v 40.9721 9.20845 9.95
v 40.9721 9.20845 6.0
v 40.9721 9.20845 5.0
v 39.563 9.06966 5.0
v 39.563 9.06966 9.95
v 39.563 9.06966 6.0
v 40.1 12.69 6.0
v 39.9187 12.6811 9.95
v 40.1 12.69 9.95
v 39.9187 12.6811 6.0
v 39.9187 12.6811 5.0
v 40.1 12.69 5.0
v 39.0722 12.3782 5.0
v 39.0722 12.3782 6.0
v 39.0722 12.3782 9.95
v 38.4684 9.96792 5.0
v 38.4684 9.96792 6.0
v 38.4684 9.96792 9.95
v 38.6699 12.0136 5.0
v 38.6699 12.0136 6.0
v 38.6699 12.0136 9.95
v 40.1 8.99 5.0
v 40.1 8.99 6.0
v 40.1 8.99 9.95
v 41.6382 9.8122 9.95
v 41.7316 9.96792 6.0
v 41.7316 9.96792 9.95
v 41.6382 9.8122 6.0
v 41.6382 9.8122 5.0
v 41.7316 9.96792 5.0
v 41.4081 9.53185 5.0
v 41.5301 9.66637 5.0
v 41.4081 9.53185 9.95
v 41.5301 9.66637 6.0
v 41.5301 9.66637 9.95
v 41.4081 9.53185 6.0
v 41.8092 10.132 9.95
v 41.8703 10.303 6.0
v 41.8703 10.303 9.95
v 41.8092 10.132 6.0
v 41.8092 10.132 5.0
v 41.8703 10.303 5.0
v 39.7391 9.02555 6.0
v 39.9187 8.99891 9.95
v 39.7391 9.02555 9.95
v 39.9187 8.99891 6.0
v 39.9187 8.99891 5.0
v 39.7391 9.02555 5.0
v 41.2736 9.40993 5.0
v 41.1278 9.30178 5.0
v 41.1278 9.30178 6.0
v 41.2736 9.40993 9.95
v 41.1278 9.30178 9.95
v 41.2736 9.40993 6.0
v 38.2589 11.0213 5.0
v 38.2589 11.0213 6.0
v 38.2589 11.0213 9.95
v 40.2813 12.6811 6.0
v 40.2813 12.6811 9.95
v 40.2813 12.6811 5.0
v 38.6699 9.66637 5.0
v 38.7919 9.53185 5.0
v 38.7919 9.53185 6.0
v 38.6699 9.66637 9.95
v 38.6699 9.66637 6.0
v 38.7919 9.53185 9.95
v 38.5618 9.8122 6.0
v 38.5618 9.8122 9.95
v 38.5618 9.8122 5.0
v 43.1851 11.1439 6.0
v 43.1404 11.4448 5.0
v 43.1404 11.4448 6.0
v 43.1851 11.1439 5.0
v 43.2 10.84 6.0
v 43.2 10.84 5.0
v 43.0665 11.7399 5.0
v 43.0665 11.7399 6.0
v 42.4963 8.87338 6.0
v 42.6776 9.11773 5.0
v 42.6776 9.11773 6.0
v 42.4963 8.87338 5.0
v 40.1 7.74 5.0
v 40.4039 7.75493 6.0
v 40.1 7.74 6.0
v 40.4039 7.75493 5.0
v 41.5613 8.10604 5.0
v 41.8223 8.26244 6.0
v 41.5613 8.10604 6.0
v 41.8223 8.26244 5.0
v 38.9137 13.704 5.0
v 38.6387 13.574 6.0
v 38.9137 13.704 6.0
v 38.6387 13.574 5.0
v 41.8223 13.4176 5.0
v 41.5613 13.574 6.0
v 41.8223 13.4176 6.0
v 41.5613 13.574 5.0
v 40.1 13.94 5.0
v 39.7961 13.9251 6.0
v 40.1 13.94 6.0
v 39.7961 13.9251 5.0
v 37.7037 8.87338 5.0
v 37.5224 9.11773 6.0
v 37.5224 9.11773 5.0
v 37.7037 8.87338 6.0
v 42.964 12.0263 5.0
v 42.964 12.0263 6.0
v 42.964 9.65368 6.0
v 43.0665 9.94012 5.0
v 43.0665 9.94012 6.0
v 42.964 9.65368 5.0
v 37.366 9.37867 6.0
v 37.366 9.37867 5.0
v 40.7048 7.79957 5.0
v 40.9999 7.87349 6.0
v 40.7048 7.79957 6.0
v 40.9999 7.87349 5.0
v 43.1851 10.5361 6.0
v 43.1851 10.5361 5.0
v 37.0596 10.2352 5.0
v 37.0149 10.5361 6.0
v 37.0149 10.5361 5.0
v 37.0596 10.2352 6.0
v 38.3777 13.4176 5.0
v 38.1334 13.2363 6.0
v 38.3777 13.4176 6.0
v 38.1334 13.2363 5.0
v 42.0666 13.2363 5.0
v 42.0666 13.2363 6.0
v 42.292 8.64797 6.0
v 42.292 8.64797 5.0
v 37.236 9.65368 5.0
v 37.1335 9.94012 6.0
v 37.1335 9.94012 5.0
v 37.236 9.65368 6.0
v 43.1404 10.2352 6.0
v 43.1404 10.2352 5.0
v 37.366 12.3013 5.0
v 37.5224 12.5623 6.0
v 37.5224 12.5623 5.0
v 37.366 12.3013 6.0
v 41.2863 7.97597 5.0
v 41.2863 7.97597 6.0
v 42.834 12.3013 6.0
v 42.6776 12.5623 6.0
v 42.4963 12.8066 6.0
v 42.292 13.032 6.0
v 42.834 9.37867 6.0
v 41.2863 13.704 6.0
v 40.9999 13.8065 6.0
v 40.7048 13.8804 6.0
v 40.4039 13.9251 6.0
v 39.4952 13.8804 6.0
v 39.2001 13.8065 6.0
v 37.908 13.032 6.0
v 37.7037 12.8066 6.0
v 42.0666 8.44367 6.0
v 39.7961 7.75493 6.0
v 39.4952 7.79957 6.0
v 39.2001 7.87349 6.0
v 38.9137 7.97597 6.0
v 38.6387 8.10604 6.0
v 38.3777 8.26244 6.0
v 38.1334 8.44367 6.0
v 37.908 8.64797 6.0
v 37.236 12.0263 6.0
v 37.1335 11.7399 6.0
v 37.0596 11.4448 6.0
v 37.0149 11.1439 6.0
v 37.0 10.84 6.0
v 42.292 13.032 5.0
v 39.2001 13.8065 5.0
v 41.2863 13.704 5.0
v 37.0 10.84 5.0
v 37.0149 11.1439 5.0
v 42.4963 12.8066 5.0
v 42.6776 12.5623 5.0
v 40.4039 13.9251 5.0
v 37.908 13.032 5.0
v 39.2001 7.87349 5.0
v 39.4952 7.79957 5.0
v 42.834 12.3013 5.0
v 42.834 9.37867 5.0
v 40.9999 13.8065 5.0
v 39.4952 13.8804 5.0
v 37.7037 12.8066 5.0
v 37.0596 11.4448 5.0
v 37.1335 11.7399 5.0
v 38.9137 7.97597 5.0
v 37.908 8.64797 5.0
v 38.1334 8.44367 5.0
v 40.7048 13.8804 5.0
v 37.236 12.0263 5.0
v 42.0666 8.44367 5.0
v 38.3777 8.26244 5.0
v 38.6387 8.10604 5.0
v 39.7961 7.75493 5.0
v 55.5301 12.0136 5.0
v 55.4081 12.1481 4.0
v 55.4081 12.1481 5.0
v 55.5301 12.0136 4.0
v 55.5301 12.0136 9.95
v 55.4081 12.1481 6.0
v 55.4081 12.1481 9.95
v 55.5301 12.0136 6.0
v 55.9411 11.0213 5.0
v 55.9145 11.2009 4.0
v 55.9145 11.2009 5.0
v 55.9411 11.0213 4.0
v 55.9411 11.0213 9.95
v 55.9145 11.2009 6.0
v 55.9145 11.2009 9.95
v 55.9411 11.0213 6.0
v 55.95 10.84 9.95
v 55.95 10.84 6.0
v 55.95 10.84 5.0
v 55.95 10.84 4.0
v 55.2736 12.2701 4.0
v 55.1278 12.3782 5.0
v 55.2736 12.2701 5.0
v 55.1278 12.3782 4.0
v 55.2736 12.2701 6.0
v 55.1278 12.3782 9.95
v 55.2736 12.2701 9.95
v 55.1278 12.3782 6.0
v 52.4684 11.7121 6.0
v 52.5618 11.8678 9.95
v 52.5618 11.8678 6.0
v 52.4684 11.7121 9.95
v 52.4684 11.7121 4.0
v 52.5618 11.8678 5.0
v 52.5618 11.8678 4.0
v 52.4684 11.7121 5.0
v 54.637 9.06966 6.0
v 54.808 9.13082 9.95
v 54.637 9.06966 9.95
v 54.808 9.13082 6.0
v 54.637 9.06966 4.0
v 54.808 9.13082 5.0
v 54.637 9.06966 5.0
v 54.808 9.13082 4.0
v 52.2589 10.6587 4.0
v 52.25 10.84 5.0
v 52.25 10.84 4.0
v 52.2589 10.6587 5.0
v 52.2589 10.6587 6.0
v 52.25 10.84 9.95
v 52.25 10.84 6.0
v 52.2589 10.6587 9.95
v 52.9264 12.2701 4.0
v 52.7919 12.1481 5.0
v 52.9264 12.2701 5.0
v 52.7919 12.1481 4.0
v 52.9264 12.2701 6.0
v 52.7919 12.1481 9.95
v 52.9264 12.2701 9.95
v 52.7919 12.1481 6.0
v 52.3297 10.303 4.0
v 52.2855 10.4791 5.0
v 52.2855 10.4791 4.0
v 52.3297 10.303 5.0
v 52.3297 10.303 6.0
v 52.2855 10.4791 9.95
v 52.2855 10.4791 6.0
v 52.3297 10.303 9.95
v 54.6362 10.8189 4.0
v 55.9411 10.6587 4.0
v 54.63 10.7561 4.0
v 55.9145 10.4791 4.0
v 54.6373 10.84 4.0
v 54.6218 10.7147 4.0
v 55.8703 10.303 4.0
v 54.6362 10.8611 4.0
v 54.6035 10.6543 4.0
v 55.8092 10.132 4.0
v 54.5873 10.6153 4.0
v 55.7316 9.96792 4.0
v 54.6347 10.8927 4.0
v 54.5576 10.5597 4.0
v 55.6382 9.8122 4.0
v 54.63 10.9239 4.0
v 54.5341 10.5245 4.0
v 55.5301 9.66637 4.0
v 54.4941 10.4758 4.0
v 55.4081 9.53185 4.0
v 54.6269 10.9448 4.0
v 54.4642 10.4459 4.0
v 55.2736 9.40993 4.0
v 54.6218 10.9653 4.0
v 55.8703 11.377 4.0
v 54.4155 10.4059 4.0
v 55.1278 9.30178 4.0
v 54.6141 10.996 4.0
v 54.3803 10.3824 4.0
v 54.9721 9.20845 4.0
v 54.6035 11.0257 4.0
v 54.3247 10.3527 4.0
v 55.8092 11.548 4.0
v 54.5964 11.0456 4.0
v 54.2857 10.3365 4.0
v 54.6347 10.7873 4.0
v 54.6269 10.7352 4.0
v 54.6141 10.684 4.0
v 54.5964 10.6344 4.0
v 54.5738 10.5867 4.0
v 54.5467 10.5415 4.0
v 54.5153 10.4992 4.0
v 54.4799 10.4601 4.0
v 54.2253 10.3182 4.0
v 54.4609 9.02555 4.0
v 54.4408 10.4247 4.0
v 54.3985 10.3933 4.0
v 54.3533 10.3662 4.0
v 54.3056 10.3436 4.0
v 54.1839 10.31 4.0
v 54.2813 8.99891 4.0
v 54.256 10.3259 4.0
v 54.2048 10.3131 4.0
v 54.1527 10.3053 4.0
v 54.1211 10.3038 4.0
v 54.1 8.99 4.0
v 54.1 10.3027 4.0
v 54.0789 10.3038 4.0
v 53.9187 8.99891 4.0
v 54.0473 10.3053 4.0
v 54.0161 10.31 4.0
v 53.7391 9.02555 4.0
v 53.9952 10.3131 4.0
v 53.9747 10.3182 4.0
v 53.563 9.06966 4.0
v 53.944 10.3259 4.0
v 53.9143 10.3365 4.0
v 53.392 9.13082 4.0
v 53.8944 10.3436 4.0
v 53.8753 10.3527 4.0
v 53.2279 9.20845 4.0
v 53.8467 10.3662 4.0
v 53.8197 10.3824 4.0
v 53.0722 9.30178 4.0
v 53.8015 10.3933 4.0
v 53.7845 10.4059 4.0
v 52.9264 9.40993 4.0
v 53.7592 10.4247 4.0
v 53.7358 10.4459 4.0
v 52.7919 9.53185 4.0
v 53.7201 10.4601 4.0
v 53.7059 10.4758 4.0
v 52.6699 9.66637 4.0
v 53.6847 10.4992 4.0
v 53.6659 10.5245 4.0
v 52.5618 9.8122 4.0
v 53.6533 10.5415 4.0
v 53.6424 10.5597 4.0
v 52.4684 9.96792 4.0
v 53.6262 10.5867 4.0
v 53.6127 10.6153 4.0
v 52.3908 10.132 4.0
v 53.6036 10.6344 4.0
v 54.5873 11.0647 4.0
v 55.7316 11.7121 4.0
v 54.5738 11.0933 4.0
v 54.5576 11.1203 4.0
v 55.6382 11.8678 4.0
v 54.5467 11.1385 4.0
v 54.5341 11.1555 4.0
v 54.5153 11.1808 4.0
v 54.4941 11.2042 4.0
v 54.4799 11.2199 4.0
v 54.4642 11.2341 4.0
v 54.4408 11.2553 4.0
v 54.4155 11.2741 4.0
v 54.3985 11.2867 4.0
v 54.3803 11.2976 4.0
v 54.9721 12.4716 4.0
v 54.3533 11.3138 4.0
v 54.3247 11.3273 4.0
v 54.808 12.5492 4.0
v 54.3056 11.3364 4.0
v 54.2857 11.3435 4.0
v 54.637 12.6103 4.0
v 54.256 11.3541 4.0
v 54.2253 11.3618 4.0
v 54.4609 12.6545 4.0
v 54.2048 11.3669 4.0
v 54.1839 11.37 4.0
v 54.2813 12.6811 4.0
v 54.1527 11.3747 4.0
v 54.1211 11.3762 4.0
v 54.1 12.69 4.0
v 54.1 11.3773 4.0
v 54.0789 11.3762 4.0
v 53.9187 12.6811 4.0
v 54.0473 11.3747 4.0
v 54.0161 11.37 4.0
v 53.7391 12.6545 4.0
v 53.9952 11.3669 4.0
v 53.9747 11.3618 4.0
v 53.563 12.6103 4.0
v 53.944 11.3541 4.0
v 53.9143 11.3435 4.0
v 53.392 12.5492 4.0
v 53.8944 11.3364 4.0
v 53.8753 11.3273 4.0
v 53.2279 12.4716 4.0
v 53.8467 11.3138 4.0
v 53.8197 11.2976 4.0
v 53.0722 12.3782 4.0
v 53.8015 11.2867 4.0
v 53.7845 11.2741 4.0
v 53.7592 11.2553 4.0
v 53.7358 11.2341 4.0
v 53.7201 11.2199 4.0
v 53.7059 11.2042 4.0
v 52.6699 12.0136 4.0
v 53.6847 11.1808 4.0
v 53.6659 11.1555 4.0
v 53.6533 11.1385 4.0
v 53.6424 11.1203 4.0
v 53.6262 11.0933 4.0
v 53.6127 11.0647 4.0
v 52.3908 11.548 4.0
v 53.6036 11.0456 4.0
v 53.5965 11.0257 4.0
v 52.3297 11.377 4.0
v 53.5859 10.996 4.0
v 53.5782 10.9653 4.0
v 52.2855 11.2009 4.0
v 53.5731 10.9448 4.0
v 53.57 10.9239 4.0
v 52.2589 11.0213 4.0
v 53.5653 10.8927 4.0
v 53.5638 10.8611 4.0
v 53.5627 10.84 4.0
v 53.5965 10.6543 4.0
v 53.5859 10.684 4.0
v 53.5782 10.7147 4.0
v 53.5731 10.7352 4.0
v 53.57 10.7561 4.0
v 53.5653 10.7873 4.0
v 53.5638 10.8189 4.0
v 55.9145 10.4791 9.95
v 55.9411 10.6587 6.0
v 55.9411 10.6587 9.95
v 55.9145 10.4791 6.0
v 55.9145 10.4791 5.0
v 55.9411 10.6587 5.0
v 53.2279 12.4716 5.0
v 53.392 12.5492 5.0
v 53.392 12.5492 6.0
v 53.2279 12.4716 9.95
v 53.392 12.5492 9.95
v 53.2279 12.4716 6.0
v 52.3908 10.132 5.0
v 52.3908 10.132 6.0
v 52.3908 10.132 9.95
v 54.9721 12.4716 5.0
v 54.9721 12.4716 9.95
v 54.9721 12.4716 6.0
v 53.563 12.6103 5.0
v 53.7391 12.6545 5.0
v 53.7391 12.6545 6.0
v 53.563 12.6103 9.95
v 53.7391 12.6545 9.95
v 53.563 12.6103 6.0
v 53.0722 9.30178 5.0
v 52.9264 9.40993 5.0
v 52.9264 9.40993 6.0
v 53.0722 9.30178 9.95
v 52.9264 9.40993 9.95
v 53.0722 9.30178 6.0
v 52.3297 11.377 5.0
v 52.2855 11.2009 5.0
v 52.2855 11.2009 6.0
v 52.3297 11.377 9.95
v 52.3297 11.377 6.0
v 52.2855 11.2009 9.95
v 52.3908 11.548 5.0
v 52.3908 11.548 9.95
v 52.3908 11.548 6.0
v 54.808 12.5492 5.0
v 54.808 12.5492 9.95
v 54.808 12.5492 6.0
v 55.7316 11.7121 9.95
v 55.6382 11.8678 6.0
v 55.6382 11.8678 9.95
v 55.7316 11.7121 6.0
v 55.7316 11.7121 5.0
v 55.6382 11.8678 5.0
v 55.8092 11.548 9.95
v 55.8092 11.548 6.0
v 55.8092 11.548 5.0
v 54.4609 12.6545 5.0
v 54.637 12.6103 5.0
v 54.637 12.6103 6.0
v 54.4609 12.6545 9.95
v 54.637 12.6103 9.95
v 54.4609 12.6545 6.0
v 53.2279 9.20845 6.0
v 53.392 9.13082 9.95
v 53.2279 9.20845 9.95
v 53.392 9.13082 6.0
v 53.392 9.13082 5.0
v 53.2279 9.20845 5.0
v 54.2813 8.99891 6.0
v 54.4609 9.02555 9.95
v 54.2813 8.99891 9.95
v 54.4609 9.02555 6.0
v 54.4609 9.02555 5.0
v 54.2813 8.99891 5.0
v 55.8703 11.377 9.95
v 55.8703 11.377 6.0
v 55.8703 11.377 5.0
v 54.9721 9.20845 9.95
v 54.9721 9.20845 6.0
v 54.9721 9.20845 5.0
v 53.563 9.06966 5.0
v 53.563 9.06966 9.95
v 53.563 9.06966 6.0
v 54.1 12.69 6.0
v 53.9187 12.6811 9.95
v 54.1 12.69 9.95
v 53.9187 12.6811 6.0
v 53.9187 12.6811 5.0
v 54.1 12.69 5.0
v 53.0722 12.3782 5.0
v 53.0722 12.3782 6.0
v 53.0722 12.3782 9.95
v 52.4684 9.96792 5.0
v 52.4684 9.96792 6.0
v 52.4684 9.96792 9.95
v 52.6699 12.0136 5.0
v 52.6699 12.0136 6.0
v 52.6699 12.0136 9.95
v 54.1 8.99 5.0
v 54.1 8.99 6.0
v 54.1 8.99 9.95
v 55.6382 9.8122 9.95
v 55.7316 9.96792 6.0
v 55.7316 9.96792 9.95
v 55.6382 9.8122 6.0
v 55.6382 9.8122 5.0
v 55.7316 9.96792 5.0
v 55.4081 9.53185 5.0
v 55.5301 9.66637 5.0
v 55.4081 9.53185 9.95
v 55.5301 9.66637 6.0
v 55.5301 9.66637 9.95
v 55.4081 9.53185 6.0
v 55.8092 10.132 9.95
v 55.8703 10.303 6.0
v 55.8703 10.303 9.95
v 55.8092 10.132 6.0
v 55.8092 10.132 5.0
v 55.8703 10.303 5.0
v 53.7391 9.02555 6.0
v 53.9187 8.99891 9.95
v 53.7391 9.02555 9.95
v 53.9187 8.99891 6.0
v 53.9187 8.99891 5.0
v 53.7391 9.02555 5.0
v 55.2736 9.40993 5.0
v 55.1278 9.30178 5.0
v 55.1278 9.30178 6.0
v 55.2736 9.40993 9.95
v 55.1278 9.30178 9.95
v 55.2736 9.40993 6.0
v 52.2589 11.0213 5.0
v 52.2589 11.0213 6.0
v 52.2589 11.0213 9.95
v 54.2813 12.6811 6.0
v 54.2813 12.6811 9.95
v 54.2813 12.6811 5.0
v 52.6699 9.66637 5.0
v 52.7919 9.53185 5.0
v 52.7919 9.53185 6.0
v 52.6699 9.66637 9.95
v 52.6699 9.66637 6.0
v 52.7919 9.53185 9.95
v 52.5618 9.8122 6.0
v 52.5618 9.8122 9.95
v 52.5618 9.8122 5.0
v 57.1851 11.1439 6.0
v 57.1404 11.4448 5.0
v 57.1404 11.4448 6.0
v 57.1851 11.1439 5.0
v 57.2 10.84 6.0
v 57.2 10.84 5.0
v 57.0665 11.7399 5.0
v 57.0665 11.7399 6.0
v 56.4963 8.87338 6.0
v 56.6776 9.11773 5.0
v 56.6776 9.11773 6.0
v 56.4963 8.87338 5.0
v 54.1 7.74 5.0
v 54.4039 7.75493 6.0
v 54.1 7.74 6.0
v 54.4039 7.75493 5.0
v 55.5613 8.10604 5.0
v 55.8223 8.26244 6.0
v 55.5613 8.10604 6.0
v 55.8223 8.26244 5.0
v 52.9137 13.704 5.0
v 52.6387 13.574 6.0
v 52.9137 13.704 6.0
v 52.6387 13.574 5.0
v 55.8223 13.4176 5.0
v 55.5613 13.574 6.0
v 55.8223 13.4176 6.0
v 55.5613 13.574 5.0
v 54.1 13.94 5.0
v 53.7961 13.9251 6.0
v 54.1 13.94 6.0
v 53.7961 13.9251 5.0
v 51.7037 8.87338 5.0
v 51.5224 9.11773 6.0
v 51.5224 9.11773 5.0
v 51.7037 8.87338 6.0
v 56.964 12.0263 5.0
v 56.964 12.0263 6.0
v 56.964 9.65368 6.0
v 57.0665 9.94012 5.0
v 57.0665 9.94012 6.0
v 56.964 9.65368 5.0
v 51.366 9.37867 6.0
v 51.366 9.37867 5.0
v 54.7048 7.79957 5.0
v 54.9999 7.87349 6.0
v 54.7048 7.79957 6.0
v 54.9999 7.87349 5.0
v 57.1851 10.5361 6.0
v 57.1851 10.5361 5.0
v 51.0596 10.2352 5.0
v 51.0149 10.5361 6.0
v 51.0149 10.5361 5.0
v 51.0596 10.2352 6.0
v 52.3777 13.4176 5.0
v 52.1334 13.2363 6.0
v 52.3777 13.4176 6.0
v 52.1334 13.2363 5.0
v 56.0666 13.2363 5.0
v 56.0666 13.2363 6.0
v 56.292 8.64797 6.0
v 56.292 8.64797 5.0
v 51.236 9.65368 5.0
v 51.1335 9.94012 6.0
v 51.1335 9.94012 5.0
v 51.236 9.65368 6.0
v 57.1404 10.2352 6.0
v 57.1404 10.2352 5.0
v 51.366 12.3013 5.0
v 51.5224 12.5623 6.0
v 51.5224 12.5623 5.0
v 51.366 12.3013 6.0
v 55.2863 7.97597 5.0
v 55.2863 7.97597 6.0
v 56.834 12.3013 6.0
v 56.6776 12.5623 6.0
v 56.4963 12.8066 6.0
v 56.292 13.032 6.0
v 56.834 9.37867 6.0
v 55.2863 13.704 6.0
v 54.9999 13.8065 6.0
v 54.7048 13.8804 6.0
v 54.4039 13.9251 6.0
v 53.4952 13.8804 6.0
v 53.2001 13.8065 6.0
v 51.908 13.032 6.0
v 51.7037 12.8066 6.0
v 56.0666 8.44367 6.0
v 53.7961 7.75493 6.0
v 53.4952 7.79957 6.0
v 53.2001 7.87349 6.0
v 52.9137 7.97597 6.0
v 52.6387 8.10604 6.0
v 52.3777 8.26244 6.0
v 52.1334 8.44367 6.0
v 51.908 8.64797 6.0
v 51.236 12.0263 6.0
v 51.1335 11.7399 6.0
v 51.0596 11.4448 6.0
v 51.0149 11.1439 6.0
v 51.0 10.84 6.0
v 56.292 13.032 5.0
v 53.2001 13.8065 5.0
v 55.2863 13.704 5.0
v 51.0 10.84 5.0
v 51.0149 11.1439 5.0
v 56.4963 12.8066 5.0
v 56.6776 12.5623 5.0
v 54.4039 13.9251 5.0
v 51.908 13.032 5.0
v 53.2001 7.87349 5.0
v 53.4952 7.79957 5.0
v 56.834 12.3013 5.0
v 56.834 9.37867 5.0
v 54.9999 13.8065 5.0
v 53.4952 13.8804 5.0
v 51.7037 12.8066 5.0
v 51.0596 11.4448 5.0
v 51.1335 11.7399 5.0
v 52.9137 7.97597 5.0
v 51.908 8.64797 5.0
v 52.1334 8.44367 5.0
v 54.7048 13.8804 5.0
v 51.236 12.0263 5.0
v 56.0666 8.44367 5.0
v 52.3777 8.26244 5.0
v 52.6387 8.10604 5.0
v 53.7961 7.75493 5.0
v 69.5301 12.0136 5.0
v 69.4081 12.1481 4.0
v 69.4081 12.1481 5.0
v 69.5301 12.0136 4.0
v 69.5301 12.0136 9.95
v 69.4081 12.1481 6.0
v 69.4081 12.1481 9.95
v 69.5301 12.0136 6.0
v 69.9411 11.0213 5.0
v 69.9145 11.2009 4.0
v 69.9145 11.2009 5.0
v 69.9411 11.0213 4.0
v 69.9411 11.0213 9.95
v 69.9145 11.2009 6.0
v 69.9145 11.2009 9.95
v 69.9411 11.0213 6.0
v 69.95 10.84 9.95
v 69.95 10.84 6.0
v 69.95 10.84 5.0
v 69.95 10.84 4.0
v 69.2736 12.2701 4.0
v 69.1278 12.3782 5.0
v 69.2736 12.2701 5.0
v 69.1278 12.3782 4.0
v 69.2736 12.2701 6.0
v 69.1278 12.3782 9.95
v 69.2736 12.2701 9.95
v 69.1278 12.3782 6.0
v 66.4684 11.7121 6.0
v 66.5618 11.8678 9.95
v 66.5618 11.8678 6.0
v 66.4684 11.7121 9.95
v 66.4684 11.7121 4.0
v 66.5618 11.8678 5.0
v 66.5618 11.8678 4.0
v 66.4684 11.7121 5.0
v 68.637 9.06966 6.0
v 68.808 9.13082 9.95
v 68.637 9.06966 9.95
v 68.808 9.13082 6.0
v 68.637 9.06966 4.0
v 68.808 9.13082 5.0
v 68.637 9.06966 5.0
v 68.808 9.13082 4.0
v 66.2589 10.6587 4.0
v 66.25 10.84 5.0
v 66.25 10.84 4.0
v 66.2589 10.6587 5.0
v 66.2589 10.6587 6.0
v 66.25 10.84 9.95
v 66.25 10.84 6.0
v 66.2589 10.6587 9.95
v 66.9264 12.2701 4.0
v 66.7919 12.1481 5.0
v 66.9264 12.2701 5.0
v 66.7919 12.1481 4.0
v 66.9264 12.2701 6.0
v 66.7919 12.1481 9.95
v 66.9264 12.2701 9.95
v 66.7919 12.1481 6.0
v 66.3297 10.303 4.0
v 66.2855 10.4791 5.0
v 66.2855 10.4791 4.0
v 66.3297 10.303 5.0
v 66.3297 10.303 6.0
v 66.2855 10.4791 9.95
v 66.2855 10.4791 6.0
v 66.3297 10.303 9.95
v 68.6362 10.8189 4.0
v 69.9411 10.6587 4.0
v 68.63 10.7561 4.0
v 69.9145 10.4791 4.0
v 68.6373 10.84 4.0
v 68.6218 10.7147 4.0
v 69.8703 10.303 4.0
v 68.6362 10.8611 4.0
v 68.6035 10.6543 4.0
v 69.8092 10.132 4.0
v 68.5873 10.6153 4.0
v 69.7316 9.96792 4.0
v 68.6347 10.8927 4.0
v 68.5576 10.5597 4.0
v 69.6382 9.8122 4.0
v 68.63 10.9239 4.0
v 68.5341 10.5245 4.0
v 69.5301 9.66637 4.0
v 68.4941 10.4758 4.0
v 69.4081 9.53185 4.0
v 68.6269 10.9448 4.0
v 68.4642 10.4459 4.0
v 69.2736 9.40993 4.0
v 68.6218 10.9653 4.0
v 69.8703 11.377 4.0
v 68.4155 10.4059 4.0
v 69.1278 9.30178 4.0
v 68.6141 10.996 4.0
v 68.3803 10.3824 4.0
v 68.9721 9.20845 4.0
v 68.6035 11.0257 4.0
v 68.3247 10.3527 4.0
v 69.8092 11.548 4.0
v 68.5964 11.0456 4.0
v 68.2857 10.3365 4.0
v 68.6347 10.7873 4.0
v 68.6269 10.7352 4.0
v 68.6141 10.684 4.0
v 68.5964 10.6344 4.0
v 68.5738 10.5867 4.0
v 68.5467 10.5415 4.0
v 68.5153 10.4992 4.0
v 68.4799 10.4601 4.0
v 68.2253 10.3182 4.0
v 68.4609 9.02555 4.0
v 68.4408 10.4247 4.0
v 68.3985 10.3933 4.0
v 68.3533 10.3662 4.0
v 68.3056 10.3436 4.0
v 68.1839 10.31 4.0
v 68.2813 8.99891 4.0
v 68.256 10.3259 4.0
v 68.2048 10.3131 4.0
v 68.1527 10.3053 4.0
v 68.1211 10.3038 4.0
v 68.1 8.99 4.0
v 68.1 10.3027 4.0
v 68.0789 10.3038 4.0
v 67.9187 8.99891 4.0
v 68.0473 10.3053 4.0
v 68.0161 10.31 4.0
v 67.7391 9.02555 4.0
v 67.9952 10.3131 4.0
v 67.9747 10.3182 4.0
v 67.563 9.06966 4.0
v 67.944 10.3259 4.0
v 67.9143 10.3365 4.0
v 67.392 9.13082 4.0
v 67.8944 10.3436 4.0
v 67.8753 10.3527 4.0
v 67.2279 9.20845 4.0
v 67.8467 10.3662 4.0
v 67.8197 10.3824 4.0
v 67.0722 9.30178 4.0
v 67.8015 10.3933 4.0
v 67.7845 10.4059 4.0
v 66.9264 9.40993 4.0
v 67.7592 10.4247 4.0
v 67.7358 10.4459 4.0
v 66.7919 9.53185 4.0
v 67.7201 10.4601 4.0
v 67.7059 10.4758 4.0
v 66.6699 9.66637 4.0
v 67.6847 10.4992 4.0
v 67.6659 10.5245 4.0
v 66.5618 9.8122 4.0
v 67.6533 10.5415 4.0
v 67.6424 10.5597 4.0
v 66.4684 9.96792 4.0
v 67.6262 10.5867 4.0
v 67.6127 10.6153 4.0
v 66.3908 10.132 4.0
v 67.6036 10.6344 4.0
v 68.5873 11.0647 4.0
v 69.7316 11.7121 4.0
v 68.5738 11.0933 4.0
v 68.5576 11.1203 4.0
v 69.6382 11.8678 4.0
v 68.5467 11.1385 4.0
v 68.5341 11.1555 4.0
v 68.5153 11.1808 4.0
v 68.4941 11.2042 4.0
v 68.4799 11.2199 4.0
v 68.4642 11.2341 4.0
v 68.4408 11.2553 4.0
v 68.4155 11.2741 4.0
v 68.3985 11.2867 4.0
v 68.3803 11.2976 4.0
v 68.9721 12.4716 4.0
v 68.3533 11.3138 4.0
v 68.3247 11.3273 4.0
v 68.808 12.5492 4.0
v 68.3056 11.3364 4.0
v 68.2857 11.3435 4.0
v 68.637 12.6103 4.0
v 68.256 11.3541 4.0
v 68.2253 11.3618 4.0
v 68.4609 12.6545 4.0
v 68.2048 11.3669 4.0
v 68.1839 11.37 4.0
v 68.2813 12.6811 4.0
v 68.1527 11.3747 4.0
v 68.1211 11.3762 4.0
v 68.1 12.69 4.0
v 68.1 11.3773 4.0
v 68.0789 11.3762 4.0
v 67.9187 12.6811 4.0
v 68.0473 11.3747 4.0
v 68.0161 11.37 4.0
v 67.7391 12.6545 4.0
v 67.9952 11.3669 4.0
v 67.9747 11.3618 4.0
v 67.563 12.6103 4.0
v 67.944 11.3541 4.0
v 67.9143 11.3435 4.0
v 67.392 12.5492 4.0
v 67.8944 11.3364 4.0
v 67.8753 11.3273 4.0
v 67.2279 12.4716 4.0
v 67.8467 11.3138 4.0
v 67.8197 11.2976 4.0
v 67.0722 12.3782 4.0
v 67.8015 11.2867 4.0
v 67.7845 11.2741 4.0
v 67.7592 11.2553 4.0
v 67.7358 11.2341 4.0
v 67.7201 11.2199 4.0
v 67.7059 11.2042 4.0
v 66.6699 12.0136 4.0
v 67.6847 11.1808 4.0
v 67.6659 11.1555 4.0
v 67.6533 11.1385 4.0
v 67.6424 11.1203 4.0
v 67.6262 11.0933 4.0
v 67.6127 11.0647 4.0
v 66.3908 11.548 4.0
v 67.6036 11.0456 4.0
v 67.5965 11.0257 4.0
v 66.3297 11.377 4.0
v 67.5859 10.996 4.0
v 67.5782 10.9653 4.0
v 66.2855 11.2009 4.0
v 67.5731 10.9448 4.0
v 67.57 10.9239 4.0
v 66.2589 11.0213 4.0
v 67.5653 10.8927 4.0
v 67.5638 10.8611 4.0
v 67.5627 10.84 4.0
v 67.5965 10.6543 4.0
v 67.5859 10.684 4.0
v 67.5782 10.7147 4.0
v 67.5731 10.7352 4.0
v 67.57 10.7561 4.0
v 67.5653 10.7873 4.0
v 67.5638 10.8189 4.0
v 69.9145 10.4791 9.95
v 69.9411 10.6587 6.0
v 69.9411 10.6587 9.95
v 69.9145 10.4791 6.0
v 69.9145 10.4791 5.0
v 69.9411 10.6587 5.0
v 67.2279 12.4716 5.0
v 67.392 12.5492 5.0
v 67.392 12.5492 6.0
v 67.2279 12.4716 9.95
v 67.392 12.5492 9.95
v 67.2279 12.4716 6.0
v 66.3908 10.132 5.0
v 66.3908 10.132 6.0
v 66.3908 10.132 9.95
v 68.9721 12.4716 5.0
v 68.9721 12.4716 9.95
v 68.9721 12.4716 6.0
v 67.563 12.6103 5.0
v 67.7391 12.6545 5.0
v 67.7391 12.6545 6.0
v 67.563 12.6103 9.95
v 67.7391 12.6545 9.95
v 67.563 12.6103 6.0
v 67.0722 9.30178 5.0
v 66.9264 9.40993 5.0
v 66.9264 9.40993 6.0
v 67.0722 9.30178 9.95
v 66.9264 9.40993 9.95
v 67.0722 9.30178 6.0
v 66.3297 11.377 5.0
v 66.2855 11.2009 5.0
v 66.2855 11.2009 6.0
v 66.3297 11.377 9.95
v 66.3297 11.377 6.0
v 66.2855 11.2009 9.95
v 66.3908 11.548 5.0
v 66.3908 11.548 9.95
v 66.3908 11.548 6.0
v 68.808 12.5492 5.0
v 68.808 12.5492 9.95
v 68.808 12.5492 6.0
v 69.7316 11.7121 9.95
v 69.6382 11.8678 6.0
v 69.6382 11.8678 9.95
v 69.7316 11.7121 6.0
v 69.7316 11.7121 5.0
v 69.6382 11.8678 5.0
v 69.8092 11.548 9.95
v 69.8092 11.548 6.0
v 69.8092 11.548 5.0
v 68.4609 12.6545 5.0
v 68.637 12.6103 5.0
v 68.637 12.6103 6.0
v 68.4609 12.6545 9.95
v 68.637 12.6103 9.95
v 68.4609 12.6545 6.0
v 67.2279 9.20845 6.0
v 67.392 9.13082 9.95
v 67.2279 9.20845 9.95
v 67.392 9.13082 6.0
v 67.392 9.13082 5.0
v 67.2279 9.20845 5.0
v 68.2813 8.99891 6.0
v 68.4609 9.02555 9.95
v 68.2813 8.99891 9.95
v 68.4609 9.02555 6.0
v 68.4609 9.02555 5.0
v 68.2813 8.99891 5.0
v 69.8703 11.377 9.95
v 69.8703 11.377 6.0
v 69.8703 11.377 5.0
v 68.9721 9.20845 9.95
v 68.9721 9.20845 6.0
v 68.9721 9.20845 5.0
v 67.563 9.06966 5.0
v 67.563 9.06966 9.95
v 67.563 9.06966 6.0
v 68.1 12.69 6.0
v 67.9187 12.6811 9.95
v 68.1 12.69 9.95
v 67.9187 12.6811 6.0
v 67.9187 12.6811 5.0
v 68.1 12.69 5.0
v 67.0722 12.3782 5.0
v 67.0722 12.3782 6.0
v 67.0722 12.3782 9.95
v 66.4684 9.96792 5.0
v 66.4684 9.96792 6.0
v 66.4684 9.96792 9.95
v 66.6699 12.0136 5.0
v 66.6699 12.0136 6.0
v 66.6699 12.0136 9.95
v 68.1 8.99 5.0
v 68.1 8.99 6.0
v 68.1 8.99 9.95
v 69.6382 9.8122 9.95
v 69.7316 9.96792 6.0
v 69.7316 9.96792 9.95
v 69.6382 9.8122 6.0
v 69.6382 9.8122 5.0
v 69.7316 9.96792 5.0
v 69.4081 9.53185 5.0
v 69.5301 9.66637 5.0
v 69.4081 9.53185 9.95
v 69.5301 9.66637 6.0
v 69.5301 9.66637 9.95
v 69.4081 9.53185 6.0
v 69.8092 10.132 9.95
v 69.8703 10.303 6.0
v 69.8703 10.303 9.95
v 69.8092 10.132 6.0
v 69.8092 10.132 5.0
v 69.8703 10.303 5.0
v 67.7391 9.02555 6.0
v 67.9187 8.99891 9.95
v 67.7391 9.02555 9.95
v 67.9187 8.99891 6.0
v 67.9187 8.99891 5.0
v 67.7391 9.02555 5.0
v 69.2736 9.40993 5.0
v 69.1278 9.30178 5.0
v 69.1278 9.30178 6.0
v 69.2736 9.40993 9.95
v 69.1278 9.30178 9.95
v 69.2736 9.40993 6.0
v 66.2589 11.0213 5.0
v 66.2589 11.0213 6.0
v 66.2589 11.0213 9.95
v 68.2813 12.6811 6.0
v 68.2813 12.6811 9.95
v 68.2813 12.6811 5.0
v 66.6699 9.66637 5.0
v 66.7919 9.53185 5.0
v 66.7919 9.53185 6.0
v 66.6699 9.66637 9.95
v 66.6699 9.66637 6.0
v 66.7919 9.53185 9.95
v 66.5618 9.8122 6.0
v 66.5618 9.8122 9.95
v 66.5618 9.8122 5.0
v 71.1851 11.1439 6.0
v 71.1404 11.4448 5.0
v 71.1404 11.4448 6.0
v 71.1851 11.1439 5.0
v 71.2 10.84 6.0
v 71.2 10.84 5.0
v 71.0665 11.7399 5.0
v 71.0665 11.7399 6.0
v 70.4963 8.87338 6.0
v 70.6776 9.11773 5.0
v 70.6776 9.11773 6.0
v 70.4963 8.87338 5.0
v 68.1 7.74 5.0
v 68.4039 7.75493 6.0
v 68.1 7.74 6.0
v 68.4039 7.75493 5.0
v 69.5613 8.10604 5.0
v 69.8223 8.26244 6.0
v 69.5613 8.10604 6.0
v 69.8223 8.26244 5.0
v 66.9137 13.704 5.0
v 66.6387 13.574 6.0
v 66.9137 13.704 6.0
v 66.6387 13.574 5.0
v 69.8223 13.4176 5.0
v 69.5613 13.574 6.0
v 69.8223 13.4176 6.0
v 69.5613 13.574 5.0
v 68.1 13.94 5.0
v 67.7962 13.9251 6.0
v 68.1 13.94 6.0
v 67.7962 13.9251 5.0
v 65.7037 8.87338 5.0
v 65.5224 9.11773 6.0
v 65.5224 9.11773 5.0
v 65.7037 8.87338 6.0
v 70.964 12.0263 5.0
v 70.964 12.0263 6.0
v 70.964 9.65368 6.0
v 71.0665 9.94012 5.0
v 71.0665 9.94012 6.0
v 70.964 9.65368 5.0
v 65.366 9.37867 6.0
v 65.366 9.37867 5.0
v 68.7048 7.79957 5.0
v 68.9999 7.87349 6.0
v 68.7048 7.79957 6.0
v 68.9999 7.87349 5.0
v 71.1851 10.5361 6.0
v 71.1851 10.5361 5.0
v 65.0596 10.2352 5.0
v 65.0149 10.5361 6.0
v 65.0149 10.5361 5.0
v 65.0596 10.2352 6.0
v 66.3777 13.4176 5.0
v 66.1334 13.2363 6.0
v 66.3777 13.4176 6.0
v 66.1334 13.2363 5.0
v 70.0666 13.2363 5.0
v 70.0666 13.2363 6.0
v 70.292 8.64797 6.0
v 70.292 8.64797 5.0
v 65.236 9.65368 5.0
v 65.1335 9.94012 6.0
v 65.1335 9.94012 5.0
v 65.236 9.65368 6.0
v 71.1404 10.2352 6.0
v 71.1404 10.2352 5.0
v 65.366 12.3013 5.0
v 65.5224 12.5623 6.0
v 65.5224 12.5623 5.0
v 65.366 12.3013 6.0
v 69.2863 7.97597 5.0
v 69.2863 7.97597 6.0
v 70.834 12.3013 6.0
v 70.6776 12.5623 6.0
v 70.4963 12.8066 6.0
v 70.292 13.032 6.0
v 70.834 9.37867 6.0
v 69.2863 13.704 6.0
v 68.9999 13.8065 6.0
v 68.7048 13.8804 6.0
v 68.4039 13.9251 6.0
v 67.4952 13.8804 6.0
v 67.2001 13.8065 6.0
v 65.908 13.032 6.0
v 65.7037 12.8066 6.0
v 70.0666 8.44367 6.0
v 67.7962 7.75493 6.0
v 67.4952 7.79957 6.0
v 67.2001 7.87349 6.0
v 66.9137 7.97597 6.0
v 66.6387 8.10604 6.0
v 66.3777 8.26244 6.0
v 66.1334 8.44367 6.0
v 65.908 8.64797 6.0
v 65.236 12.0263 6.0
v 65.1335 11.7399 6.0
v 65.0596 11.4448 6.0
v 65.0149 11.1439 6.0
v 65.0 10.84 6.0
v 70.292 13.032 5.0
v 67.2001 13.8065 5.0
v 69.2863 13.704 5.0
v 65.0 10.84 5.0
v 65.0149 11.1439 5.0
v 70.4963 12.8066 5.0
v 70.6776 12.5623 5.0
v 68.4039 13.9251 5.0
v 65.908 13.032 5.0
v 67.2001 7.87349 5.0
v 67.4952 7.79957 5.0
v 70.834 12.3013 5.0
v 70.834 9.37867 5.0
v 68.9999 13.8065 5.0
v 67.4952 13.8804 5.0
v 65.7037 12.8066 5.0
v 65.0596 11.4448 5.0
v 65.1335 11.7399 5.0
v 66.9137 7.97597 5.0
v 65.908 8.64797 5.0
v 66.1334 8.44367 5.0
v 68.7048 13.8804 5.0
v 65.236 12.0263 5.0
v 70.0666 8.44367 5.0
v 66.3777 8.26244 5.0
v 66.6387 8.10604 5.0
v 67.7962 7.75493 5.0
v 83.5301 12.0136 5.0
v 83.4081 12.1481 4.0
v 83.4081 12.1481 5.0
v 83.5301 12.0136 4.0
v 83.5301 12.0136 9.95
v 83.4081 12.1481 6.0
v 83.4081 12.1481 9.95
v 83.5301 12.0136 6.0
v 83.9411 11.0213 5.0
v 83.9145 11.2009 4.0
v 83.9145 11.2009 5.0
v 83.9411 11.0213 4.0
v 83.9411 11.0213 9.95
v 83.9145 11.2009 6.0
v 83.9145 11.2009 9.95
v 83.9411 11.0213 6.0
v 83.95 10.84 9.95
v 83.95 10.84 6.0
v 83.95 10.84 5.0
v 83.95 10.84 4.0
v 83.2736 12.2701 4.0
v 83.1278 12.3782 5.0
v 83.2736 12.2701 5.0
v 83.1278 12.3782 4.0
v 83.2736 12.2701 6.0
v 83.1278 12.3782 9.95
v 83.2736 12.2701 9.95
v 83.1278 12.3782 6.0
v 80.4684 11.7121 6.0
v 80.5618 11.8678 9.95
v 80.5618 11.8678 6.0
v 80.4684 11.7121 9.95
v 80.4684 11.7121 4.0
v 80.5618 11.8678 5.0
v 80.5618 11.8678 4.0
v 80.4684 11.7121 5.0
v 82.637 9.06966 6.0
v 82.808 9.13082 9.95
v 82.637 9.06966 9.95
v 82.808 9.13082 6.0
v 82.637 9.06966 4.0
v 82.808 9.13082 5.0
v 82.637 9.06966 5.0
v 82.808 9.13082 4.0
v 80.2589 10.6587 4.0
v 80.25 10.84 5.0
v 80.25 10.84 4.0
v 80.2589 10.6587 5.0
v 80.2589 10.6587 6.0
v 80.25 10.84 9.95
v 80.25 10.84 6.0
v 80.2589 10.6587 9.95
v 80.9264 12.2701 4.0
v 80.7919 12.1481 5.0
v 80.9264 12.2701 5.0
v 80.7919 12.1481 4.0
v 80.9264 12.2701 6.0
v 80.7919 12.1481 9.95
v 80.9264 12.2701 9.95
v 80.7919 12.1481 6.0
v 80.3297 10.303 4.0
v 80.2855 10.4791 5.0
v 80.2855 10.4791 4.0
v 80.3297 10.303 5.0
v 80.3297 10.303 6.0
v 80.2855 10.4791 9.95
v 80.2855 10.4791 6.0
v 80.3297 10.303 9.95
v 82.6362 10.8189 4.0
v 83.9411 10.6587 4.0
v 82.63 10.7561 4.0
v 83.9145 10.4791 4.0
v 82.6373 10.84 4.0
v 82.6218 10.7147 4.0
v 83.8703 10.303 4.0
v 82.6362 10.8611 4.0
v 82.6035 10.6543 4.0
v 83.8092 10.132 4.0
v 82.5873 10.6153 4.0
v 83.7316 9.96792 4.0
v 82.6347 10.8927 4.0
v 82.5576 10.5597 4.0
v 83.6382 9.8122 4.0
v 82.63 10.9239 4.0
v 82.5341 10.5245 4.0
v 83.5301 9.66637 4.0
v 82.4941 10.4758 4.0
v 83.4081 9.53185 4.0
v 82.6269 10.9448 4.0
v 82.4642 10.4459 4.0
v 83.2736 9.40993 4.0
v 82.6218 10.9653 4.0
v 83.8703 11.377 4.0
v 82.4155 10.4059 4.0
v 83.1278 9.30178 4.0
v 82.6141 10.996 4.0
v 82.3803 10.3824 4.0
v 82.9721 9.20845 4.0
v 82.6035 11.0257 4.0
v 82.3247 10.3527 4.0
v 83.8092 11.548 4.0
v 82.5964 11.0456 4.0
v 82.2857 10.3365 4.0
v 82.6347 10.7873 4.0
v 82.6269 10.7352 4.0
v 82.6141 10.684 4.0
v 82.5964 10.6344 4.0
v 82.5738 10.5867 4.0
v 82.5467 10.5415 4.0
v 82.5153 10.4992 4.0
v 82.4799 10.4601 4.0
v 82.2253 10.3182 4.0
v 82.4609 9.02555 4.0
v 82.4408 10.4247 4.0
v 82.3985 10.3933 4.0
v 82.3533 10.3662 4.0
v 82.3056 10.3436 4.0
v 82.1839 10.31 4.0
v 82.2813 8.99891 4.0
v 82.256 10.3259 4.0
v 82.2048 10.3131 4.0
v 82.1527 10.3053 4.0
v 82.1211 10.3038 4.0
v 82.1 8.99 4.0
v 82.1 10.3027 4.0
v 82.0789 10.3038 4.0
v 81.9187 8.99891 4.0
v 82.0473 10.3053 4.0
v 82.0161 10.31 4.0
v 81.7391 9.02555 4.0
v 81.9952 10.3131 4.0
v 81.9747 10.3182 4.0
v 81.563 9.06966 4.0
v 81.944 10.3259 4.0
v 81.9143 10.3365 4.0
v 81.392 9.13082 4.0
v 81.8944 10.3436 4.0
v 81.8753 10.3527 4.0
v 81.2279 9.20845 4.0
v 81.8467 10.3662 4.0
v 81.8197 10.3824 4.0
v 81.0722 9.30178 4.0
v 81.8015 10.3933 4.0
v 81.7845 10.4059 4.0
v 80.9264 9.40993 4.0
v 81.7592 10.4247 4.0
v 81.7358 10.4459 4.0
v 80.7919 9.53185 4.0
v 81.7201 10.4601 4.0
v 81.7059 10.4758 4.0
v 80.6699 9.66637 4.0
v 81.6847 10.4992 4.0
v 81.6659 10.5245 4.0
v 80.5618 9.8122 4.0
v 81.6533 10.5415 4.0
v 81.6424 10.5597 4.0
v 80.4684 9.96792 4.0
v 81.6262 10.5867 4.0
v 81.6127 10.6153 4.0
v 80.3908 10.132 4.0
v 81.6036 10.6344 4.0
v 82.5873 11.0647 4.0
v 83.7316 11.7121 4.0
v 82.5738 11.0933 4.0
v 82.5576 11.1203 4.0
v 83.6382 11.8678 4.0
v 82.5467 11.1385 4.0
v 82.5341 11.1555 4.0
v 82.5153 11.1808 4.0
v 82.4941 11.2042 4.0
v 82.4799 11.2199 4.0
v 82.4642 11.2341 4.0
v 82.4408 11.2553 4.0
v 82.4155 11.2741 4.0
v 82.3985 11.2867 4.0
v 82.3803 11.2976 4.0
v 82.9721 12.4716 4.0
v 82.3533 11.3138 4.0
v 82.3247 11.3273 4.0
v 82.808 12.5492 4.0
v 82.3056 11.3364 4.0
v 82.2857 11.3435 4.0
v 82.637 12.6103 4.0
v 82.256 11.3541 4.0
v 82.2253 11.3618 4.0
v 82.4609 12.6545 4.0
v 82.2048 11.3669 4.0
v 82.1839 11.37 4.0
v 82.2813 12.6811 4.0
v 82.1527 11.3747 4.0
v 82.1211 11.3762 4.0
v 82.1 12.69 4.0
v 82.1 11.3773 4.0
v 82.0789 11.3762 4.0
v 81.9187 12.6811 4.0
v 82.0473 11.3747 4.0
v 82.0161 11.37 4.0
v 81.7391 12.6545 4.0
v 81.9952 11.3669 4.0
v 81.9747 11.3618 4.0
v 81.563 12.6103 4.0
v 81.944 11.3541 4.0
v 81.9143 11.3435 4.0
v 81.392 12.5492 4.0
v 81.8944 11.3364 4.0
v 81.8753 11.3273 4.0
v 81.2279 12.4716 4.0
v 81.8467 11.3138 4.0
v 81.8197 11.2976 4.0
v 81.0722 12.3782 4.0
v 81.8015 11.2867 4.0
v 81.7845 11.2741 4.0
v 81.7592 11.2553 4.0
v 81.7358 11.2341 4.0
v 81.7201 11.2199 4.0
v 81.7059 11.2042 4.0
v 80.6699 12.0136 4.0
v 81.6847 11.1808 4.0
v 81.6659 11.1555 4.0
v 81.6533 11.1385 4.0
v 81.6424 11.1203 4.0
v 81.6262 11.0933 4.0
v 81.6127 11.0647 4.0
v 80.3908 11.548 4.0
v 81.6036 11.0456 4.0
v 81.5965 11.0257 4.0
v 80.3297 11.377 4.0
v 81.5859 10.996 4.0
v 81.5782 10.9653 4.0
v 80.2855 11.2009 4.0
v 81.5731 10.9448 4.0
v 81.57 10.9239 4.0
v 80.2589 11.0213 4.0
v 81.5653 10.8927 4.0
v 81.5638 10.8611 4.0
v 81.5627 10.84 4.0
v 81.5965 10.6543 4.0
v 81.5859 10.684 4.0
v 81.5782 10.7147 4.0
v 81.5731 10.7352 4.0
v 81.57 10.7561 4.0
v 81.5653 10.7873 4.0
v 81.5638 10.8189 4.0
v 83.9145 10.4791 9.95
v 83.9411 10.6587 6.0
v 83.9411 10.6587 9.95
v 83.9145 10.4791 6.0
v 83.9145 10.4791 5.0
v 83.9411 10.6587 5.0
v 81.2279 12.4716 5.0
v 81.392 12.5492 5.0
v 81.392 12.5492 6.0
v 81.2279 12.4716 9.95
v 81.392 12.5492 9.95
v 81.2279 12.4716 6.0
v 80.3908 10.132 5.0
v 80.3908 10.132 6.0
v 80.3908 10.132 9.95
v 82.9721 12.4716 5.0
v 82.9721 12.4716 9.95
v 82.9721 12.4716 6.0
v 81.563 12.6103 5.0
v 81.7391 12.6545 5.0
v 81.7391 12.6545 6.0
v 81.563 12.6103 9.95
v 81.7391 12.6545 9.95
v 81.563 12.6103 6.0
v 81.0722 9.30178 5.0
v 80.9264 9.40993 5.0
v 80.9264 9.40993 6.0
v 81.0722 9.30178 9.95
v 80.9264 9.40993 9.95
v 81.0722 9.30178 6.0
v 80.3297 11.377 5.0
v 80.2855 11.2009 5.0
v 80.2855 11.2009 6.0
v 80.3297 11.377 9.95
v 80.3297 11.377 6.0
v 80.2855 11.2009 9.95
v 80.3908 11.548 5.0
v 80.3908 11.548 9.95
v 80.3908 11.548 6.0
v 82.808 12.5492 5.0
v 82.808 12.5492 9.95
v 82.808 12.5492 6.0
v 83.7316 11.7121 9.95
v 83.6382 11.8678 6.0
v 83.6382 11.8678 9.95
v 83.7316 11.7121 6.0
v 83.7316 11.7121 5.0
v 83.6382 11.8678 5.0
v 83.8092 11.548 9.95
v 83.8092 11.548 6.0
v 83.8092 11.548 5.0
v 82.4609 12.6545 5.0
v 82.637 12.6103 5.0
v 82.637 12.6103 6.0
v 82.4609 12.6545 9.95
v 82.637 12.6103 9.95
v 82.4609 12.6545 6.0
v 81.2279 9.20845 6.0
v 81.392 9.13082 9.95
v 81.2279 9.20845 9.95
v 81.392 9.13082 6.0
v 81.392 9.13082 5.0
v 81.2279 9.20845 5.0
v 82.2813 8.99891 6.0
v 82.4609 9.02555 9.95
v 82.2813 8.99891 9.95
v 82.4609 9.02555 6.0
v 82.4609 9.02555 5.0
v 82.2813 8.99891 5.0
v 83.8703 11.377 9.95
v 83.8703 11.377 6.0
v 83.8703 11.377 5.0
v 82.9721 9.20845 9.95
v 82.9721 9.20845 6.0
v 82.9721 9.20845 5.0
v 81.563 9.06966 5.0
v 81.563 9.06966 9.95
v 81.563 9.06966 6.0
v 82.1 12.69 6.0
v 81.9187 12.6811 9.95
v 82.1 12.69 9.95
v 81.9187 12.6811 6.0
v 81.9187 12.6811 5.0
v 82.1 12.69 5.0
v 81.0722 12.3782 5.0
v 81.0722 12.3782 6.0
v 81.0722 12.3782 9.95
v 80.4684 9.96792 5.0
v 80.4684 9.96792 6.0
v 80.4684 9.96792 9.95
v 80.6699 12.0136 5.0
v 80.6699 12.0136 6.0
v 80.6699 12.0136 9.95
v 82.1 8.99 5.0
v 82.1 8.99 6.0
v 82.1 8.99 9.95
v 83.6382 9.8122 9.95
v 83.7316 9.96792 6.0
v 83.7316 9.96792 9.95
v 83.6382 9.8122 6.0
v 83.6382 9.8122 5.0
v 83.7316 9.96792 5.0
v 83.4081 9.53185 5.0
v 83.5301 9.66637 5.0
v 83.4081 9.53185 9.95
v 83.5301 9.66637 6.0
v 83.5301 9.66637 9.95
v 83.4081 9.53185 6.0
v 83.8092 10.132 9.95
v 83.8703 10.303 6.0
v 83.8703 10.303 9.95
v 83.8092 10.132 6.0
v 83.8092 10.132 5.0
v 83.8703 10.303 5.0
v 81.7391 9.02555 6.0
v 81.9187 8.99891 9.95
v 81.7391 9.02555 9.95
v 81.9187 8.99891 6.0
v 81.9187 8.99891 5.0
v 81.7391 9.02555 5.0
v 83.2736 9.40993 5.0
v 83.1278 9.30178 5.0
v 83.1278 9.30178 6.0
v 83.2736 9.40993 9.95
v 83.1278 9.30178 9.95
v 83.2736 9.40993 6.0
v 80.2589 11.0213 5.0
v 80.2589 11.0213 6.0
v 80.2589 11.0213 9.95
v 82.2813 12.6811 6.0
v 82.2813 12.6811 9.95
v 82.2813 12.6811 5.0
v 80.6699 9.66637 5.0
v 80.7919 9.53185 5.0
v 80.7919 9.53185 6.0
v 80.6699 9.66637 9.95
v 80.6699 9.66637 6.0
v 80.7919 9.53185 9.95
v 80.5618 9.8122 6.0
v 80.5618 9.8122 9.95
v 80.5618 9.8122 5.0
v 85.1851 11.1439 6.0
v 85.1404 11.4448 5.0
v 85.1404 11.4448 6.0
v 85.1851 11.1439 5.0
v 85.2 10.84 6.0
v 85.2 10.84 5.0
v 85.0665 11.7399 5.0
v 85.0665 11.7399 6.0
v 84.4963 8.87338 6.0
v 84.6776 9.11773 5.0
v 84.6776 9.11773 6.0
v 84.4963 8.87338 5.0
v 82.1 7.74 5.0
v 82.4039 7.75493 6.0
v 82.1 7.74 6.0
v 82.4039 7.75493 5.0
v 83.5613 8.10604 5.0
v 83.8223 8.26244 6.0
v 83.5613 8.10604 6.0
v 83.8223 8.26244 5.0
v 80.9137 13.704 5.0
v 80.6387 13.574 6.0
v 80.9137 13.704 6.0
v 80.6387 13.574 5.0
v 83.8223 13.4176 5.0
v 83.5613 13.574 6.0
v 83.8223 13.4176 6.0
v 83.5613 13.574 5.0
v 82.1 13.94 5.0
v 81.7962 13.9251 6.0
v 82.1 13.94 6.0
v 81.7962 13.9251 5.0
v 79.7037 8.87338 5.0
v 79.5224 9.11773 6.0
v 79.5224 9.11773 5.0
v 79.7037 8.87338 6.0
v 84.964 12.0263 5.0
v 84.964 12.0263 6.0
v 84.964 9.65368 6.0
v 85.0665 9.94012 5.0
v 85.0665 9.94012 6.0
v 84.964 9.65368 5.0
v 79.366 9.37867 6.0
v 79.366 9.37867 5.0
v 82.7048 7.79957 5.0
v 82.9999 7.87349 6.0
v 82.7048 7.79957 6.0
v 82.9999 7.87349 5.0
v 85.1851 10.5361 6.0
v 85.1851 10.5361 5.0
v 79.0596 10.2352 5.0
v 79.0149 10.5361 6.0
v 79.0149 10.5361 5.0
v 79.0596 10.2352 6.0
v 80.3777 13.4176 5.0
v 80.1334 13.2363 6.0
v 80.3777 13.4176 6.0
v 80.1334 13.2363 5.0
v 84.0666 13.2363 5.0
v 84.0666 13.2363 6.0
v 84.292 8.64797 6.0
v 84.292 8.64797 5.0
v 79.236 9.65368 5.0
v 79.1335 9.94012 6.0
v 79.1335 9.94012 5.0
v 79.236 9.65368 6.0
v 85.1404 10.2352 6.0
v 85.1404 10.2352 5.0
v 79.366 12.3013 5.0
v 79.5224 12.5623 6.0
v 79.5224 12.5623 5.0
v 79.366 12.3013 6.0
v 83.2863 7.97597 5.0
v 83.2863 7.97597 6.0
v 84.834 12.3013 6.0
v 84.6776 12.5623 6.0
v 84.4963 12.8066 6.0
v 84.292 13.032 6.0
v 84.834 9.37867 6.0
v 83.2863 13.704 6.0
v 82.9999 13.8065 6.0
v 82.7048 13.8804 6.0
v 82.4039 13.9251 6.0
v 81.4952 13.8804 6.0
v 81.2001 13.8065 6.0
v 79.908 13.032 6.0
v 79.7037 12.8066 6.0
v 84.0666 8.44367 6.0
v 81.7962 7.75493 6.0
v 81.4952 7.79957 6.0
v 81.2001 7.87349 6.0
v 80.9137 7.97597 6.0
v 80.6387 8.10604 6.0
v 80.3777 8.26244 6.0
v 80.1334 8.44367 6.0
v 79.908 8.64797 6.0
v 79.236 12.0263 6.0
v 79.1335 11.7399 6.0
v 79.0596 11.4448 6.0
v 79.0149 11.1439 6.0
v 79.0 10.84 6.0
v 84.292 13.032 5.0
v 81.2001 13.8065 5.0
v 83.2863 13.704 5.0
v 79.0 10.84 5.0
v 79.0149 11.1439 5.0
v 84.4963 12.8066 5.0
v 84.6776 12.5623 5.0
v 82.4039 13.9251 5.0
v 79.908 13.032 5.0
v 81.2001 7.87349 5.0
v 81.4952 7.79957 5.0
v 84.834 12.3013 5.0
v 84.834 9.37867 5.0
v 82.9999 13.8065 5.0
v 81.4952 13.8804 5.0
v 79.7037 12.8066 5.0
v 79.0596 11.4448 5.0
v 79.1335 11.7399 5.0
v 80.9137 7.97597 5.0
v 79.908 8.64797 5.0
v 80.1334 8.44367 5.0
v 82.7048 13.8804 5.0
v 79.236 12.0263 5.0
v 84.0666 8.44367 5.0
v 80.3777 8.26244 5.0
v 80.6387 8.10604 5.0
v 81.7962 7.75493 5.0
v 16.793 10.4821 18.6
v 16.7721 10.6229 23.2
v 16.7721 10.6229 18.6
v 16.793 10.4821 23.2
v 16.8 10.34 18.6
v 16.8 10.34 23.2
v 16.7376 10.7609 23.2
v 16.7376 10.7609 18.6
v 14.0712 11.0235 23.2
v 14.1444 11.1456 18.6
v 14.1444 11.1456 23.2
v 14.0712 11.0235 18.6
v 16.0335 9.06121 18.6
v 15.9049 9.00038 23.2
v 16.0335 9.06121 23.2
v 15.9049 9.00038 18.6
v 14.4301 9.21914 18.6
v 14.3247 9.3147 23.2
v 14.4301 9.21914 23.2
v 14.3247 9.3147 18.6
v 16.0335 11.6188 18.6
v 16.1556 11.5456 23.2
v 16.0335 11.6188 23.2
v 16.1556 11.5456 18.6
v 14.9291 11.7276 18.6
v 15.0671 11.7621 23.2
v 14.9291 11.7276 23.2
v 15.0671 11.7621 18.6
v 16.4709 11.2599 18.6
v 16.3753 11.3653 23.2
v 16.3753 11.3653 18.6
v 16.4709 11.2599 23.2
v 13.9624 9.91909 23.2
v 13.9279 10.0571 18.6
v 13.9279 10.0571 23.2
v 13.9624 9.91909 18.6
v 16.6288 11.0235 18.6
v 16.5556 11.1456 23.2
v 16.5556 11.1456 18.6
v 16.6288 11.0235 23.2
v 16.2699 11.4609 18.6
v 16.2699 11.4609 23.2
v 14.0104 9.78511 23.2
v 14.0104 9.78511 18.6
v 15.7709 8.95244 23.2
v 15.7709 8.95244 18.6
v 16.6896 10.8949 23.2
v 16.6896 10.8949 18.6
v 13.907 10.1979 23.2
v 13.9 10.34 18.6
v 13.9 10.34 23.2
v 13.907 10.1979 18.6
v 15.2079 11.783 18.6
v 15.35 11.79 23.2
v 15.2079 11.783 23.2
v 15.35 11.79 18.6
v 16.6288 9.65648 18.6
v 16.6896 9.78511 23.2
v 16.6896 9.78511 18.6
v 16.6288 9.65648 23.2
v 16.793 10.1979 18.6
v 16.793 10.1979 23.2
v 13.9624 10.7609 23.2
v 14.0104 10.8949 18.6
v 14.0104 10.8949 23.2
v 13.9624 10.7609 18.6
v 15.4921 8.89698 18.6
v 15.35 8.89 23.2
v 15.4921 8.89698 23.2
v 15.35 8.89 18.6
v 14.3247 11.3653 18.6
v 14.4301 11.4609 23.2
v 14.3247 11.3653 23.2
v 14.4301 11.4609 18.6
v 15.6329 8.91786 18.6
v 15.6329 8.91786 23.2
v 15.9049 11.6796 18.6
v 15.9049 11.6796 23.2
v 16.3753 9.3147 18.6
v 16.4709 9.42013 23.2
v 16.4709 9.42013 18.6
v 16.3753 9.3147 23.2
v 13.9279 10.6229 23.2
v 13.9279 10.6229 18.6
v 14.2291 11.2599 23.2
v 14.2291 11.2599 18.6
v 14.9291 8.95244 18.6
v 14.7951 9.00038 23.2
v 14.9291 8.95244 23.2
v 14.7951 9.00038 18.6
v 14.6665 11.6188 18.6
v 14.7951 11.6796 23.2
v 14.6665 11.6188 23.2
v 14.7951 11.6796 18.6
v 15.2079 8.89698 18.6
v 15.0671 8.91786 23.2
v 15.2079 8.89698 23.2
v 15.0671 8.91786 18.6
v 16.7721 10.0571 18.6
v 16.7721 10.0571 23.2
v 16.1556 9.13437 18.6
v 16.1556 9.13437 23.2
v 16.7376 9.91909 23.2
v 16.7376 9.91909 18.6
v 16.2699 9.21914 18.6
v 16.2699 9.21914 23.2
v 15.4921 11.783 18.6
v 15.6329 11.7621 23.2
v 15.4921 11.783 23.2
v 15.6329 11.7621 18.6
v 15.7709 11.7276 18.6
v 15.7709 11.7276 23.2
v 14.5444 11.5456 18.6
v 14.5444 11.5456 23.2
v 14.0712 9.65648 23.2
v 14.0712 9.65648 18.6
v 14.2291 9.42013 18.6
v 14.2291 9.42013 23.2
v 13.907 10.4821 23.2
v 13.907 10.4821 18.6
v 14.1444 9.53442 18.6
v 14.1444 9.53442 23.2
v 14.6665 9.06121 18.6
v 14.5444 9.13437 23.2
v 14.6665 9.06121 23.2
v 14.5444 9.13437 18.6
v 16.5556 9.53442 18.6
v 16.5556 9.53442 23.2
v 18.1365 10.6144 17.2
v 18.0962 10.8863 18.6
v 18.0962 10.8863 17.2
v 18.1365 10.6144 18.6
v 18.15 10.34 17.2
v 18.15 10.34 18.6
v 18.0294 11.1528 18.6
v 18.0294 11.1528 17.2
v 16.9056 8.01189 17.2
v 16.6699 7.87062 18.6
v 16.9056 8.01189 18.6
v 16.6699 7.87062 17.2
v 12.7631 9.26849 18.6
v 12.6706 9.5272 17.2
v 12.6706 9.5272 18.6
v 12.7631 9.26849 17.2
v 13.7944 8.01189 17.2
v 13.5737 8.17557 18.6
v 13.7944 8.01189 18.6
v 13.5737 8.17557 17.2
v 16.4215 7.75314 17.2
v 16.1628 7.66057 18.6
v 16.4215 7.75314 18.6
v 16.1628 7.66057 17.2
v 13.0219 11.8956 18.6
v 13.1856 12.1163 17.2
v 13.1856 12.1163 18.6
v 13.0219 11.8956 17.2
v 14.0301 12.8094 17.2
v 14.2785 12.9269 18.6
v 14.0301 12.8094 18.6
v 14.2785 12.9269 17.2
v 17.9369 9.26849 17.2
v 18.0294 9.5272 18.6
v 18.0294 9.5272 17.2
v 17.9369 9.26849 18.6
v 18.1365 10.0656 17.2
v 18.1365 10.0656 18.6
v 15.35 7.54 17.2
v 15.0756 7.55348 18.6
v 15.35 7.54 18.6
v 15.0756 7.55348 17.2
v 15.6244 7.55348 17.2
v 15.6244 7.55348 18.6
v 12.6706 11.1528 18.6
v 12.7631 11.4115 17.2
v 12.7631 11.4115 18.6
v 12.6706 11.1528 17.2
v 16.9056 12.6681 17.2
v 17.1263 12.5044 18.6
v 16.9056 12.6681 18.6
v 17.1263 12.5044 17.2
v 16.6699 12.8094 17.2
v 16.6699 12.8094 18.6
v 13.0219 8.7844 18.6
v 12.8806 9.02009 17.2
v 12.8806 9.02009 18.6
v 13.0219 8.7844 17.2
v 17.3299 12.3199 18.6
v 17.3299 12.3199 17.2
v 18.0962 9.79375 17.2
v 18.0962 9.79375 18.6
v 14.8037 13.0862 17.2
v 15.0756 13.1265 18.6
v 14.8037 13.0862 18.6
v 15.0756 13.1265 17.2
v 12.5635 10.0656 18.6
v 12.55 10.34 17.2
v 12.55 10.34 18.6
v 12.5635 10.0656 17.2
v 17.6781 11.8956 17.2
v 17.5144 12.1163 18.6
v 17.5144 12.1163 17.2
v 17.6781 11.8956 18.6
v 17.8194 9.02009 18.6
v 17.6781 8.7844 18.6
v 17.5144 8.5637 18.6
v 17.3299 8.3601 18.6
v 17.9369 11.4115 18.6
v 17.1263 8.17557 18.6
v 17.8194 11.6599 18.6
v 15.8963 7.5938 18.6
v 14.8037 7.5938 18.6
v 14.5372 7.66057 18.6
v 14.2785 7.75314 18.6
v 14.0301 7.87062 18.6
v 13.3701 8.3601 18.6
v 13.1856 8.5637 18.6
v 16.4215 12.9269 18.6
v 16.1628 13.0194 18.6
v 15.8963 13.0862 18.6
v 15.6244 13.1265 18.6
v 15.35 13.14 18.6
v 14.5372 13.0194 18.6
v 13.7944 12.6681 18.6
v 13.5737 12.5044 18.6
v 13.3701 12.3199 18.6
v 12.8806 11.6599 18.6
v 12.6038 10.8863 18.6
v 12.5635 10.6144 18.6
v 12.6038 9.79375 18.6
v 12.6038 10.8863 17.2
v 13.1856 8.5637 17.2
v 13.3701 8.3601 17.2
v 15.8963 7.5938 17.2
v 14.5372 13.0194 17.2
v 16.1628 13.0194 17.2
v 16.4215 12.9269 17.2
v 13.5737 12.5044 17.2
v 13.7944 12.6681 17.2
v 12.8806 11.6599 17.2
v 17.9369 11.4115 17.2
v 15.35 13.14 17.2
v 17.1263 8.17557 17.2
v 17.5144 8.5637 17.2
v 17.6781 8.7844 17.2
v 17.8194 11.6599 17.2
v 14.8037 7.5938 17.2
v 15.8963 13.0862 17.2
v 14.5372 7.66057 17.2
v 14.2785 7.75314 17.2
v 15.6244 13.1265 17.2
v 12.6038 9.79375 17.2
v 13.3701 12.3199 17.2
v 17.3299 8.3601 17.2
v 17.8194 9.02009 17.2
v 12.5635 10.6144 17.2
v 14.0301 7.87062 17.2
v 108.793 10.4821 18.6
v 108.772 10.6229 23.2
v 108.772 10.6229 18.6
v 108.793 10.4821 23.2
v 108.8 10.34 18.6
v 108.8 10.34 23.2
v 108.738 10.7609 23.2
v 108.738 10.7609 18.6
v 106.071 11.0235 23.2
v 106.144 11.1456 18.6
v 106.144 11.1456 23.2
v 106.071 11.0235 18.6
v 108.034 9.06121 18.6
v 107.905 9.00038 23.2
v 108.034 9.06121 23.2
v 107.905 9.00038 18.6
v 106.43 9.21914 18.6
v 106.325 9.3147 23.2
v 106.43 9.21914 23.2
v 106.325 9.3147 18.6
v 108.034 11.6188 18.6
v 108.156 11.5456 23.2
v 108.034 11.6188 23.2
v 108.156 11.5456 18.6
v 106.929 11.7276 18.6
v 107.067 11.7621 23.2
v 106.929 11.7276 23.2
v 107.067 11.7621 18.6
v 108.471 11.2599 18.6
v 108.375 11.3653 23.2
v 108.375 11.3653 18.6
v 108.471 11.2599 23.2
v 105.962 9.91909 23.2
v 105.928 10.0571 18.6
v 105.928 10.0571 23.2
v 105.962 9.91909 18.6
v 108.629 11.0235 18.6
v 108.556 11.1456 23.2
v 108.556 11.1456 18.6
v 108.629 11.0235 23.2
v 108.27 11.4609 18.6
v 108.27 11.4609 23.2
v 106.01 9.78511 23.2
v 106.01 9.78511 18.6
v 107.771 8.95244 23.2
v 107.771 8.95244 18.6
v 108.69 10.8949 23.2
v 108.69 10.8949 18.6
v 105.907 10.1979 23.2
v 105.9 10.34 18.6
v 105.9 10.34 23.2
v 105.907 10.1979 18.6
v 107.208 11.783 18.6
v 107.35 11.79 23.2
v 107.208 11.783 23.2
v 107.35 11.79 18.6
v 108.629 9.65648 18.6
v 108.69 9.78511 23.2
v 108.69 9.78511 18.6
v 108.629 9.65648 23.2
v 108.793 10.1979 18.6
v 108.793 10.1979 23.2
v 105.962 10.7609 23.2
v 106.01 10.8949 18.6
v 106.01 10.8949 23.2
v 105.962 10.7609 18.6
v 107.492 8.89698 18.6
v 107.35 8.89 23.2
v 107.492 8.89698 23.2
v 107.35 8.89 18.6
v 106.325 11.3653 18.6
v 106.43 11.4609 23.2
v 106.325 11.3653 23.2
v 106.43 11.4609 18.6
v 107.633 8.91786 18.6
v 107.633 8.91786 23.2
v 107.905 11.6796 18.6
v 107.905 11.6796 23.2
v 108.375 9.3147 18.6
v 108.471 9.42013 23.2
v 108.471 9.42013 18.6
v 108.375 9.3147 23.2
v 105.928 10.6229 23.2
v 105.928 10.6229 18.6
v 106.229 11.2599 23.2
v 106.229 11.2599 18.6
v 106.929 8.95244 18.6
v 106.795 9.00038 23.2
v 106.929 8.95244 23.2
v 106.795 9.00038 18.6
v 106.666 11.6188 18.6
v 106.795 11.6796 23.2
v 106.666 11.6188 23.2
v 106.795 11.6796 18.6
v 107.208 8.89698 18.6
v 107.067 8.91786 23.2
v 107.208 8.89698 23.2
v 107.067 8.91786 18.6
v 108.772 10.0571 18.6
v 108.772 10.0571 23.2
v 108.156 9.13437 18.6
v 108.156 9.13437 23.2
v 108.738 9.91909 23.2
v 108.738 9.91909 18.6
v 108.27 9.21914 18.6
v 108.27 9.21914 23.2
v 107.492 11.783 18.6
v 107.633 11.7621 23.2
v 107.492 11.783 23.2
v 107.633 11.7621 18.6
v 107.771 11.7276 18.6
v 107.771 11.7276 23.2
v 106.544 11.5456 18.6
v 106.544 11.5456 23.2
v 106.071 9.65648 23.2
v 106.071 9.65648 18.6
v 106.229 9.42013 18.6
v 106.229 9.42013 23.2
v 105.907 10.4821 23.2
v 105.907 10.4821 18.6
v 106.144 9.53442 18.6
v 106.144 9.53442 23.2
v 108.556 9.53442 18.6
v 108.556 9.53442 23.2
v 106.666 9.06121 18.6
v 106.544 9.13437 23.2
v 106.666 9.06121 23.2
v 106.544 9.13437 18.6
v 110.137 10.6144 17.2
v 110.096 10.8863 18.6
v 110.096 10.8863 17.2
v 110.137 10.6144 18.6
v 110.15 10.34 17.2
v 110.15 10.34 18.6
v 110.029 11.1528 18.6
v 110.029 11.1528 17.2
v 108.906 8.01189 17.2
v 108.67 7.87062 18.6
v 108.906 8.01189 18.6
v 108.67 7.87062 17.2
v 104.763 9.26849 18.6
v 104.671 9.5272 17.2
v 104.671 9.5272 18.6
v 104.763 9.26849 17.2
v 105.794 8.01189 17.2
v 105.574 8.17557 18.6
v 105.794 8.01189 18.6
v 105.574 8.17557 17.2
v 108.422 7.75314 17.2
v 108.163 7.66057 18.6
v 108.422 7.75314 18.6
v 108.163 7.66057 17.2
v 105.022 11.8956 18.6
v 105.186 12.1163 17.2
v 105.186 12.1163 18.6
v 105.022 11.8956 17.2
v 106.03 12.8094 17.2
v 106.278 12.9269 18.6
v 106.03 12.8094 18.6
v 106.278 12.9269 17.2
v 109.937 9.26849 17.2
v 110.029 9.5272 18.6
v 110.029 9.5272 17.2
v 109.937 9.26849 18.6
v 110.137 10.0656 17.2
v 110.137 10.0656 18.6
v 107.35 7.54 17.2
v 107.076 7.55348 18.6
v 107.35 7.54 18.6
v 107.076 7.55348 17.2
v 107.624 7.55348 17.2
v 107.624 7.55348 18.6
v 104.671 11.1528 18.6
v 104.763 11.4115 17.2
v 104.763 11.4115 18.6
v 104.671 11.1528 17.2
v 108.906 12.6681 17.2
v 109.126 12.5044 18.6
v 108.906 12.6681 18.6
v 109.126 12.5044 17.2
v 108.67 12.8094 17.2
v 108.67 12.8094 18.6
v 105.022 8.7844 18.6
v 104.881 9.02009 17.2
v 104.881 9.02009 18.6
v 105.022 8.7844 17.2
v 109.33 12.3199 18.6
v 109.33 12.3199 17.2
v 110.096 9.79375 17.2
v 110.096 9.79375 18.6
v 106.804 13.0862 17.2
v 107.076 13.1265 18.6
v 106.804 13.0862 18.6
v 107.076 13.1265 17.2
v 104.563 10.0656 18.6
v 104.55 10.34 17.2
v 104.55 10.34 18.6
v 104.563 10.0656 17.2
v 109.678 11.8956 17.2
v 109.514 12.1163 18.6
v 109.514 12.1163 17.2
v 109.678 11.8956 18.6
v 109.819 9.02009 18.6
v 109.678 8.7844 18.6
v 109.514 8.5637 18.6
v 109.33 8.3601 18.6
v 109.937 11.4115 18.6
v 109.126 8.17557 18.6
v 109.819 11.6599 18.6
v 107.896 7.5938 18.6
v 106.804 7.5938 18.6
v 106.537 7.66057 18.6
v 106.278 7.75314 18.6
v 106.03 7.87062 18.6
v 105.37 8.3601 18.6
v 105.186 8.5637 18.6
v 108.422 12.9269 18.6
v 108.163 13.0194 18.6
v 107.896 13.0862 18.6
v 107.624 13.1265 18.6
v 107.35 13.14 18.6
v 106.537 13.0194 18.6
v 105.794 12.6681 18.6
v 105.574 12.5044 18.6
v 105.37 12.3199 18.6
v 104.881 11.6599 18.6
v 104.604 10.8863 18.6
v 104.563 10.6144 18.6
v 104.604 9.79375 18.6
v 104.604 10.8863 17.2
v 105.186 8.5637 17.2
v 105.37 8.3601 17.2
v 107.896 7.5938 17.2
v 106.537 13.0194 17.2
v 107.35 13.14 17.2
v 108.163 13.0194 17.2
v 108.422 12.9269 17.2
v 105.574 12.5044 17.2
v 105.794 12.6681 17.2
v 104.881 11.6599 17.2
v 109.937 11.4115 17.2
v 109.126 8.17557 17.2
v 109.514 8.5637 17.2
v 109.678 8.7844 17.2
v 109.819 11.6599 17.2
v 106.804 7.5938 17.2
v 107.896 13.0862 17.2
v 106.537 7.66057 17.2
v 106.278 7.75314 17.2
v 107.624 13.1265 17.2
v 104.604 9.79375 17.2
v 105.37 12.3199 17.2
v 109.33 8.3601 17.2
v 109.819 9.02009 17.2
v 104.563 10.6144 17.2
v 106.03 7.87062 17.2
v 16.793 60.4821 18.6
v 16.7721 60.6229 23.2
v 16.7721 60.6229 18.6
v 16.793 60.4821 23.2
v 16.8 60.34 18.6
v 16.8 60.34 23.2
v 16.7376 60.7609 23.2
v 16.7376 60.7609 18.6
v 14.0712 61.0235 23.2
v 14.1444 61.1456 18.6
v 14.1444 61.1456 23.2
v 14.0712 61.0235 18.6
v 16.0335 59.0612 18.6
v 15.9049 59.0004 23.2
v 16.0335 59.0612 23.2
v 15.9049 59.0004 18.6
v 14.4301 59.2191 18.6
v 14.3247 59.3147 23.2
v 14.4301 59.2191 23.2
v 14.3247 59.3147 18.6
v 16.0335 61.6188 18.6
v 16.1556 61.5456 23.2
v 16.0335 61.6188 23.2
v 16.1556 61.5456 18.6
v 14.9291 61.7276 18.6
v 15.0671 61.7621 23.2
v 14.9291 61.7276 23.2
v 15.0671 61.7621 18.6
v 16.4709 61.2599 18.6
v 16.3753 61.3653 23.2
v 16.3753 61.3653 18.6
v 16.4709 61.2599 23.2
v 13.9624 59.9191 23.2
v 13.9279 60.0571 18.6
v 13.9279 60.0571 23.2
v 13.9624 59.9191 18.6
v 16.6288 61.0235 18.6
v 16.5556 61.1456 23.2
v 16.5556 61.1456 18.6
v 16.6288 61.0235 23.2
v 16.2699 61.4609 18.6
v 16.2699 61.4609 23.2
v 14.0104 59.7851 23.2
v 14.0104 59.7851 18.6
v 15.7709 58.9524 23.2
v 15.7709 58.9524 18.6
v 16.6896 60.8949 23.2
v 16.6896 60.8949 18.6
v 13.907 60.1979 23.2
v 13.9 60.34 18.6
v 13.9 60.34 23.2
v 13.907 60.1979 18.6
v 15.2079 61.783 18.6
v 15.35 61.79 23.2
v 15.2079 61.783 23.2
v 15.35 61.79 18.6
v 16.6288 59.6565 18.6
v 16.6896 59.7851 23.2
v 16.6896 59.7851 18.6
v 16.6288 59.6565 23.2
v 16.793 60.1979 18.6
v 16.793 60.1979 23.2
v 13.9624 60.7609 23.2
v 14.0104 60.8949 18.6
v 14.0104 60.8949 23.2
v 13.9624 60.7609 18.6
v 15.4921 58.897 18.6
v 15.35 58.89 23.2
v 15.4921 58.897 23.2
v 15.35 58.89 18.6
v 14.3247 61.3653 18.6
v 14.4301 61.4609 23.2
v 14.3247 61.3653 23.2
v 14.4301 61.4609 18.6
v 15.6329 58.9179 18.6
v 15.6329 58.9179 23.2
v 15.9049 61.6796 18.6
v 15.9049 61.6796 23.2
v 16.3753 59.3147 18.6
v 16.4709 59.4201 23.2
v 16.4709 59.4201 18.6
v 16.3753 59.3147 23.2
v 13.9279 60.6229 23.2
v 13.9279 60.6229 18.6
v 14.2291 61.2599 23.2
v 14.2291 61.2599 18.6
v 14.9291 58.9524 18.6
v 14.7951 59.0004 23.2
v 14.9291 58.9524 23.2
v 14.7951 59.0004 18.6
v 14.6665 61.6188 18.6
v 14.7951 61.6796 23.2
v 14.6665 61.6188 23.2
v 14.7951 61.6796 18.6
v 15.2079 58.897 18.6
v 15.0671 58.9179 23.2
v 15.2079 58.897 23.2
v 15.0671 58.9179 18.6
v 16.7721 60.0571 18.6
v 16.7721 60.0571 23.2
v 16.1556 59.1344 18.6
v 16.1556 59.1344 23.2
v 16.7376 59.9191 23.2
v 16.7376 59.9191 18.6
v 16.2699 59.2191 18.6
v 16.2699 59.2191 23.2
v 15.4921 61.783 18.6
v 15.6329 61.7621 23.2
v 15.4921 61.783 23.2
v 15.6329 61.7621 18.6
v 15.7709 61.7276 18.6
v 15.7709 61.7276 23.2
v 14.5444 61.5456 18.6
v 14.5444 61.5456 23.2
v 14.5444 59.1344 18.6
v 14.5444 59.1344 23.2
v 14.0712 59.6565 23.2
v 14.0712 59.6565 18.6
v 14.2291 59.4201 18.6
v 14.2291 59.4201 23.2
v 13.907 60.4821 23.2
v 13.907 60.4821 18.6
v 14.1444 59.5344 18.6
v 14.1444 59.5344 23.2
v 14.6665 59.0612 18.6
v 14.6665 59.0612 23.2
v 16.5556 59.5344 18.6
v 16.5556 59.5344 23.2
v 18.1365 60.6144 17.2
v 18.0962 60.8863 18.6
v 18.0962 60.8863 17.2
v 18.1365 60.6144 18.6
v 18.15 60.34 17.2
v 18.15 60.34 18.6
v 18.0294 61.1528 18.6
v 18.0294 61.1528 17.2
v 16.9056 58.0119 17.2
v 16.6699 57.8706 18.6
v 16.9056 58.0119 18.6
v 16.6699 57.8706 17.2
v 12.7631 59.2685 18.6
v 12.6706 59.5272 17.2
v 12.6706 59.5272 18.6
v 12.7631 59.2685 17.2
v 16.4215 57.7531 17.2
v 16.1628 57.6606 18.6
v 16.4215 57.7531 18.6
v 16.1628 57.6606 17.2
v 13.0219 61.8956 18.6
v 13.1856 62.1163 17.2
v 13.1856 62.1163 18.6
v 13.0219 61.8956 17.2
v 14.0301 62.8094 17.2
v 14.2785 62.9269 18.6
v 14.0301 62.8094 18.6
v 14.2785 62.9269 17.2
v 17.9369 59.2685 17.2
v 18.0294 59.5272 18.6
v 18.0294 59.5272 17.2
v 17.9369 59.2685 18.6
v 18.1365 60.0656 17.2
v 18.1365 60.0656 18.6
v 15.35 57.54 17.2
v 15.0756 57.5535 18.6
v 15.35 57.54 18.6
v 15.0756 57.5535 17.2
v 15.6244 57.5535 17.2
v 15.6244 57.5535 18.6
v 12.6706 61.1528 18.6
v 12.7631 61.4115 17.2
v 12.7631 61.4115 18.6
v 12.6706 61.1528 17.2
v 16.9056 62.6681 17.2
v 17.1263 62.5044 18.6
v 16.9056 62.6681 18.6
v 17.1263 62.5044 17.2
v 16.6699 62.8094 17.2
v 16.6699 62.8094 18.6
v 13.0219 58.7844 18.6
v 12.8806 59.0201 17.2
v 12.8806 59.0201 18.6
v 13.0219 58.7844 17.2
v 17.3299 62.3199 18.6
v 17.3299 62.3199 17.2
v 18.0962 59.7937 17.2
v 18.0962 59.7937 18.6
v 14.8037 63.0862 17.2
v 15.0756 63.1265 18.6
v 14.8037 63.0862 18.6
v 15.0756 63.1265 17.2
v 12.5635 60.0656 18.6
v 12.55 60.34 17.2
v 12.55 60.34 18.6
v 12.5635 60.0656 17.2
v 17.6781 61.8956 17.2
v 17.5144 62.1163 18.6
v 17.5144 62.1163 17.2
v 17.6781 61.8956 18.6
v 17.8194 59.0201 18.6
v 17.6781 58.7844 18.6
v 17.5144 58.5637 18.6
v 17.3299 58.3601 18.6
v 17.9369 61.4115 18.6
v 17.1263 58.1756 18.6
v 17.8194 61.6599 18.6
v 15.8963 57.5938 18.6
v 14.8037 57.5938 18.6
v 14.5372 57.6606 18.6
v 14.2785 57.7531 18.6
v 14.0301 57.8706 18.6
v 13.7944 58.0119 18.6
v 13.5737 58.1756 18.6
v 13.3701 58.3601 18.6
v 13.1856 58.5637 18.6
v 16.4215 62.9269 18.6
v 16.1628 63.0194 18.6
v 15.8963 63.0862 18.6
v 15.6244 63.1265 18.6
v 15.35 63.14 18.6
v 14.5372 63.0194 18.6
v 13.7944 62.6681 18.6
v 13.5737 62.5044 18.6
v 13.3701 62.3199 18.6
v 12.8806 61.6599 18.6
v 12.6038 60.8863 18.6
v 12.5635 60.6144 18.6
v 12.6038 59.7937 18.6
v 12.6038 60.8863 17.2
v 13.1856 58.5637 17.2
v 13.3701 58.3601 17.2
v 13.5737 58.1756 17.2
v 14.5372 63.0194 17.2
v 16.1628 63.0194 17.2
v 16.4215 62.9269 17.2
v 13.5737 62.5044 17.2
v 13.7944 62.6681 17.2
v 12.8806 61.6599 17.2
v 17.9369 61.4115 17.2
v 15.35 63.14 17.2
v 17.1263 58.1756 17.2
v 15.8963 57.5938 17.2
v 17.5144 58.5637 17.2
v 17.6781 58.7844 17.2
v 17.8194 61.6599 17.2
v 14.8037 57.5938 17.2
v 15.8963 63.0862 17.2
v 14.5372 57.6606 17.2
v 14.2785 57.7531 17.2
v 15.6244 63.1265 17.2
v 12.6038 59.7937 17.2
v 13.3701 62.3199 17.2
v 17.3299 58.3601 17.2
v 17.8194 59.0201 17.2
v 12.5635 60.6144 17.2
v 14.0301 57.8706 17.2
v 13.7944 58.0119 17.2
v 108.793 60.4821 18.6
v 108.772 60.6229 23.2
v 108.772 60.6229 18.6
v 108.793 60.4821 23.2
v 108.8 60.34 18.6
v 108.8 60.34 23.2
v 108.738 60.7609 23.2
v 108.738 60.7609 18.6
v 106.071 61.0235 23.2
v 106.144 61.1456 18.6
v 106.144 61.1456 23.2
v 106.071 61.0235 18.6
v 108.034 59.0612 18.6
v 107.905 59.0004 23.2
v 108.034 59.0612 23.2
v 107.905 59.0004 18.6
v 106.43 59.2191 18.6
v 106.325 59.3147 23.2
v 106.43 59.2191 23.2
v 106.325 59.3147 18.6
v 108.034 61.6188 18.6
v 108.156 61.5456 23.2
v 108.034 61.6188 23.2
v 108.156 61.5456 18.6
v 106.929 61.7276 18.6
v 107.067 61.7621 23.2
v 106.929 61.7276 23.2
v 107.067 61.7621 18.6
v 108.471 61.2599 18.6
v 108.375 61.3653 23.2
v 108.375 61.3653 18.6
v 108.471 61.2599 23.2
v 105.962 59.9191 23.2
v 105.928 60.0571 18.6
v 105.928 60.0571 23.2
v 105.962 59.9191 18.6
v 108.629 61.0235 18.6
v 108.556 61.1456 23.2
v 108.556 61.1456 18.6
v 108.629 61.0235 23.2
v 108.27 61.4609 18.6
v 108.27 61.4609 23.2
v 106.01 59.7851 23.2
v 106.01 59.7851 18.6
v 107.771 58.9524 23.2
v 107.771 58.9524 18.6
v 108.69 60.8949 23.2
v 108.69 60.8949 18.6
v 105.907 60.1979 23.2
v 105.9 60.34 18.6
v 105.9 60.34 23.2
v 105.907 60.1979 18.6
v 107.208 61.783 18.6
v 107.35 61.79 23.2
v 107.208 61.783 23.2
v 107.35 61.79 18.6
v 108.629 59.6565 18.6
v 108.69 59.7851 23.2
v 108.69 59.7851 18.6
v 108.629 59.6565 23.2
v 108.793 60.1979 18.6
v 108.793 60.1979 23.2
v 105.962 60.7609 23.2
v 106.01 60.8949 18.6
v 106.01 60.8949 23.2
v 105.962 60.7609 18.6
v 107.492 58.897 18.6
v 107.35 58.89 23.2
v 107.492 58.897 23.2
v 107.35 58.89 18.6
v 106.325 61.3653 18.6
v 106.43 61.4609 23.2
v 106.325 61.3653 23.2
v 106.43 61.4609 18.6
v 107.633 58.9179 18.6
v 107.633 58.9179 23.2
v 107.905 61.6796 18.6
v 107.905 61.6796 23.2
v 108.375 59.3147 18.6
v 108.471 59.4201 23.2
v 108.471 59.4201 18.6
v 108.375 59.3147 23.2
v 105.928 60.6229 23.2
v 105.928 60.6229 18.6
v 106.229 61.2599 23.2
v 106.229 61.2599 18.6
v 106.929 58.9524 18.6
v 106.795 59.0004 23.2
v 106.929 58.9524 23.2
v 106.795 59.0004 18.6
v 106.666 61.6188 18.6
v 106.795 61.6796 23.2
v 106.666 61.6188 23.2
v 106.795 61.6796 18.6
v 107.208 58.897 18.6
v 107.067 58.9179 23.2
v 107.208 58.897 23.2
v 107.067 58.9179 18.6
v 108.772 60.0571 18.6
v 108.772 60.0571 23.2
v 108.156 59.1344 18.6
v 108.156 59.1344 23.2
v 108.738 59.9191 23.2
v 108.738 59.9191 18.6
v 108.27 59.2191 18.6
v 108.27 59.2191 23.2
v 107.492 61.783 18.6
v 107.633 61.7621 23.2
v 107.492 61.783 23.2
v 107.633 61.7621 18.6
v 107.771 61.7276 18.6
v 107.771 61.7276 23.2
v 106.544 61.5456 18.6
v 106.544 61.5456 23.2
v 106.071 59.6565 23.2
v 106.071 59.6565 18.6
v 106.229 59.4201 18.6
v 106.229 59.4201 23.2
v 105.907 60.4821 23.2
v 105.907 60.4821 18.6
v 106.144 59.5344 18.6
v 106.144 59.5344 23.2
v 106.666 59.0612 18.6
v 106.544 59.1344 23.2
v 106.666 59.0612 23.2
v 106.544 59.1344 18.6
v 108.556 59.5344 18.6
v 108.556 59.5344 23.2
v 110.137 60.6144 17.2
v 110.096 60.8863 18.6
v 110.096 60.8863 17.2
v 110.137 60.6144 18.6
v 110.15 60.34 17.2
v 110.15 60.34 18.6
v 110.029 61.1528 18.6
v 110.029 61.1528 17.2
v 108.906 58.0119 17.2
v 108.67 57.8706 18.6
v 108.906 58.0119 18.6
v 108.67 57.8706 17.2
v 104.763 59.2685 18.6
v 104.671 59.5272 17.2
v 104.671 59.5272 18.6
v 104.763 59.2685 17.2
v 105.794 58.0119 17.2
v 105.574 58.1756 18.6
v 105.794 58.0119 18.6
v 105.574 58.1756 17.2
v 108.422 57.7531 17.2
v 108.163 57.6606 18.6
v 108.422 57.7531 18.6
v 108.163 57.6606 17.2
v 105.022 61.8956 18.6
v 105.186 62.1163 17.2
v 105.186 62.1163 18.6
v 105.022 61.8956 17.2
v 106.03 62.8094 17.2
v 106.278 62.9269 18.6
v 106.03 62.8094 18.6
v 106.278 62.9269 17.2
v 109.937 59.2685 17.2
v 110.029 59.5272 18.6
v 110.029 59.5272 17.2
v 109.937 59.2685 18.6
v 110.137 60.0656 17.2
v 110.137 60.0656 18.6
v 107.35 57.54 17.2
v 107.076 57.5535 18.6
v 107.35 57.54 18.6
v 107.076 57.5535 17.2
v 107.624 57.5535 17.2
v 107.624 57.5535 18.6
v 104.671 61.1528 18.6
v 104.763 61.4115 17.2
v 104.763 61.4115 18.6
v 104.671 61.1528 17.2
v 108.906 62.6681 17.2
v 109.126 62.5044 18.6
v 108.906 62.6681 18.6
v 109.126 62.5044 17.2
v 108.67 62.8094 17.2
v 108.67 62.8094 18.6
v 105.022 58.7844 18.6
v 104.881 59.0201 17.2
v 104.881 59.0201 18.6
v 105.022 58.7844 17.2
v 109.33 62.3199 18.6
v 109.33 62.3199 17.2
v 110.096 59.7937 17.2
v 110.096 59.7937 18.6
v 106.804 63.0862 17.2
v 107.076 63.1265 18.6
v 106.804 63.0862 18.6
v 107.076 63.1265 17.2
v 104.563 60.0656 18.6
v 104.55 60.34 17.2
v 104.55 60.34 18.6
v 104.563 60.0656 17.2
v 109.678 61.8956 17.2
v 109.514 62.1163 18.6
v 109.514 62.1163 17.2
v 109.678 61.8956 18.6
v 109.819 59.0201 18.6
v 109.678 58.7844 18.6
v 109.514 58.5637 18.6
v 109.33 58.3601 18.6
v 109.937 61.4115 18.6
v 109.126 58.1756 18.6
v 109.819 61.6599 18.6
v 107.896 57.5938 18.6
v 106.804 57.5938 18.6
v 106.537 57.6606 18.6
v 106.278 57.7531 18.6
v 106.03 57.8706 18.6
v 105.37 58.3601 18.6
v 105.186 58.5637 18.6
v 108.422 62.9269 18.6
v 108.163 63.0194 18.6
v 107.896 63.0862 18.6
v 107.624 63.1265 18.6
v 107.35 63.14 18.6
v 106.537 63.0194 18.6
v 105.794 62.6681 18.6
v 105.574 62.5044 18.6
v 105.37 62.3199 18.6
v 104.881 61.6599 18.6
v 104.604 60.8863 18.6
v 104.563 60.6144 18.6
v 104.604 59.7937 18.6
v 104.604 60.8863 17.2
v 105.186 58.5637 17.2
v 105.37 58.3601 17.2
v 107.896 57.5938 17.2
v 106.537 63.0194 17.2
v 107.35 63.14 17.2
v 108.163 63.0194 17.2
v 108.422 62.9269 17.2
v 105.574 62.5044 17.2
v 105.794 62.6681 17.2
v 104.881 61.6599 17.2
v 109.937 61.4115 17.2
v 109.126 58.1756 17.2
v 109.514 58.5637 17.2
v 109.678 58.7844 17.2
v 109.819 61.6599 17.2
v 106.804 57.5938 17.2
v 107.896 63.0862 17.2
v 106.537 57.6606 17.2
v 106.278 57.7531 17.2
v 107.624 63.1265 17.2
v 104.604 59.7937 17.2
v 105.37 62.3199 17.2
v 109.33 58.3601 17.2
v 109.819 59.0201 17.2
v 104.563 60.6144 17.2
v 106.03 57.8706 17.2
v 113.35 60.34 17.2
v 113.321 59.7519 17.2
v 113.235 59.1695 17.2
v 113.321 60.9281 17.2
v 113.092 58.5983 17.2
v 112.893 58.0439 17.2
v 113.235 61.5105 17.2
v 112.642 57.5116 17.2
v 112.339 57.0066 17.2
v 113.092 62.0817 17.2
v 111.988 56.5336 17.2
v 111.593 56.0974 17.2
v 112.893 62.6361 17.2
v 111.156 55.7019 17.2
v 110.683 55.3512 17.2
v 112.642 63.1684 17.2
v 110.178 55.0485 17.2
v 112.339 63.6734 17.2
v 72.141 35.34 17.2
v 65.5577 45.443 17.2
v 104.522 65.6315 17.2
v 62.1867 33.6901 17.2
v 65.5577 25.237 17.2
v 60.7499 32.2533 17.2
v 64.7568 24.7569 17.2
v 62.5831 35.6831 17.2
v 62.6 35.34 17.2
v 63.6922 24.2534 17.2
v 62.5327 36.0228 17.2
v 62.4493 36.356 17.2
v 60.4394 32.1064 17.2
v 62.5834 23.8567 17.2
v 62.5831 34.9969 17.2
v 62.5327 34.6572 17.2
v 62.4493 34.324 17.2
v 62.3336 34.0006 17.2
v 62.0101 33.3955 17.2
v 61.8055 33.1196 17.2
v 61.5749 32.8651 17.2
v 60.116 31.9907 17.2
v 61.4411 23.5706 17.2
v 61.3204 32.6345 17.2
v 61.0445 32.4299 17.2
v 59.7828 31.9073 17.2
v 60.2762 23.3978 17.2
v 59.4431 31.8569 17.2
v 59.1 23.34 17.2
v 59.1 31.84 17.2
v 58.7569 31.8569 17.2
v 57.9238 23.3978 17.2
v 58.4172 31.9073 17.2
v 56.7589 23.5706 17.2
v 58.084 31.9907 17.2
v 55.6166 23.8567 17.2
v 57.7606 32.1064 17.2
v 54.5078 24.2534 17.2
v 57.4501 32.2533 17.2
v 53.4432 24.7569 17.2
v 53.0649 24.9837 17.2
v 57.1555 32.4299 17.2
v 56.8796 32.6345 17.2
v 56.6251 32.8651 17.2
v 56.3945 33.1196 17.2
v 56.1899 33.3955 17.2
v 56.0133 33.6901 17.2
v 47.0114 35.34 17.2
v 55.8664 34.0006 17.2
v 55.7507 34.324 17.2
v 111.988 64.1463 17.2
v 111.593 64.5826 17.2
v 111.156 64.9781 17.2
v 110.683 65.3288 17.2
v 110.178 65.6315 17.2
v 109.646 65.8833 17.2
v 109.092 66.0816 17.2
v 108.521 66.2247 17.2
v 107.938 66.3111 17.2
v 107.35 66.34 17.2
v 106.762 66.3111 17.2
v 106.179 66.2247 17.2
v 105.608 66.0816 17.2
v 105.054 65.8833 17.2
v 18.1784 5.04848 17.2
v 17.6461 4.79673 17.2
v 17.0917 4.59836 17.2
v 16.5205 4.4553 17.2
v 15.9381 4.3689 17.2
v 15.35 4.34 17.2
v 14.7619 4.3689 17.2
v 14.1795 4.4553 17.2
v 13.6083 4.59836 17.2
v 13.0539 4.79673 17.2
v 12.5216 5.04848 17.2
v 12.0166 5.35117 17.2
v 11.5436 5.70192 17.2
v 11.1074 6.09735 17.2
v 10.7119 6.53363 17.2
v 10.3612 7.00657 17.2
v 53.0649 45.6963 17.2
v 12.5216 55.0485 17.2
v 10.3612 57.0066 17.2
v 10.7119 56.5336 17.2
v 11.1074 56.0974 17.2
v 11.5436 55.7019 17.2
v 12.0166 55.3512 17.2
v 18.1784 65.6315 17.2
v 17.6461 65.8833 17.2
v 17.0917 66.0816 17.2
v 16.5205 66.2247 17.2
v 15.9381 66.3111 17.2
v 15.35 66.34 17.2
v 14.7619 66.3111 17.2
v 14.1795 66.2247 17.2
v 13.6083 66.0816 17.2
v 13.0539 65.8833 17.2
v 12.5216 65.6315 17.2
v 12.0166 65.3288 17.2
v 11.5436 64.9781 17.2
v 11.1074 64.5826 17.2
v 10.7119 64.1463 17.2
v 10.3612 63.6734 17.2
v 10.0585 63.1684 17.2
v 9.80673 62.6361 17.2
v 9.60836 62.0817 17.2
v 9.4653 61.5105 17.2
v 9.3789 60.9281 17.2
v 10.0585 57.5116 17.2
v 9.80673 58.0439 17.2
v 9.60836 58.5983 17.2
v 9.4653 59.1695 17.2
v 9.3789 59.7519 17.2
v 9.35 60.34 17.2
v 62.3336 36.6794 17.2
v 62.1867 36.9899 17.2
v 62.0101 37.2845 17.2
v 61.8055 37.5604 17.2
v 61.5749 37.8149 17.2
v 61.3204 38.0455 17.2
v 61.0445 38.2501 17.2
v 60.7499 38.4267 17.2
v 64.7568 45.9231 17.2
v 63.6922 46.4265 17.2
v 60.4394 38.5736 17.2
v 62.5834 46.8233 17.2
v 60.116 38.6893 17.2
v 61.4411 47.1094 17.2
v 59.7828 38.7727 17.2
v 60.2762 47.2822 17.2
v 59.4431 38.8231 17.2
v 59.1 38.84 17.2
v 59.1 47.34 17.2
v 58.7569 38.8231 17.2
v 57.9238 47.2822 17.2
v 58.4172 38.7727 17.2
v 56.7589 47.1094 17.2
v 58.084 38.6893 17.2
v 55.6166 46.8233 17.2
v 57.7606 38.5736 17.2
v 54.5078 46.4265 17.2
v 57.4501 38.4267 17.2
v 57.1555 38.2501 17.2
v 56.8796 38.0455 17.2
v 56.6251 37.8149 17.2
v 56.3945 37.5604 17.2
v 56.1899 37.2845 17.2
v 56.0133 36.9899 17.2
v 55.8664 36.6794 17.2
v 55.7507 36.356 17.2
v 55.6673 36.0228 17.2
v 55.6169 35.6831 17.2
v 55.6 35.34 17.2
v 55.6673 34.6572 17.2
v 55.6169 34.9969 17.2
v 53.4432 45.9231 17.2
v 12.5216 15.6315 17.2
v 12.0166 15.3288 17.2
v 11.5436 14.9781 17.2
v 11.1074 14.5826 17.2
v 10.7119 14.1464 17.2
v 10.3612 13.6734 17.2
v 10.0585 13.1684 17.2
v 9.80673 12.6361 17.2
v 9.60836 12.0817 17.2
v 9.4653 11.5105 17.2
v 9.3789 10.9281 17.2
v 10.0585 7.51162 17.2
v 9.80673 8.04389 17.2
v 9.60836 8.59829 17.2
v 9.4653 9.16945 17.2
v 9.3789 9.7519 17.2
v 9.35 10.34 17.2
v 113.35 10.34 17.2
v 113.321 9.7519 17.2
v 113.235 9.16945 17.2
v 113.321 10.9281 17.2
v 113.092 8.59829 17.2
v 112.893 8.04389 17.2
v 113.235 11.5105 17.2
v 112.642 7.51162 17.2
v 112.339 7.00657 17.2
v 113.092 12.0817 17.2
v 111.988 6.53363 17.2
v 111.593 6.09735 17.2
v 112.893 12.6361 17.2
v 111.156 5.70192 17.2
v 110.683 5.35117 17.2
v 112.642 13.1684 17.2
v 110.178 5.04848 17.2
v 112.339 13.6734 17.2
v 109.646 4.79673 17.2
v 109.092 4.59836 17.2
v 108.521 4.4553 17.2
v 107.938 4.3689 17.2
v 107.35 4.34 17.2
v 106.762 4.3689 17.2
v 106.179 4.4553 17.2
v 105.608 4.59836 17.2
v 105.054 4.79673 17.2
v 104.522 5.04848 17.2
v 111.988 14.1464 17.2
v 111.593 14.5826 17.2
v 111.156 14.9781 17.2
v 110.683 15.3288 17.2
v 110.178 15.6315 17.2
v 18.1784 65.6315 23.2
v 17.6461 65.8833 23.2
v 17.0917 66.0816 23.2
v 16.5205 66.2247 23.2
v 15.9381 66.3111 23.2
v 15.35 66.34 23.2
v 14.7619 66.3111 23.2
v 14.1795 66.2247 23.2
v 13.6083 66.0816 23.2
v 13.0539 65.8833 23.2
v 12.5216 65.6315 23.2
v 12.0166 65.3288 23.2
v 11.5436 64.9781 23.2
v 11.1074 64.5826 23.2
v 10.7119 64.1463 23.2
v 113.35 10.34 23.2
v 113.321 10.9281 23.2
v 113.235 11.5105 23.2
v 113.321 9.7519 23.2
v 113.092 12.0817 23.2
v 112.893 12.6361 23.2
v 113.235 9.16945 23.2
v 112.642 13.1684 23.2
v 112.339 13.6734 23.2
v 113.092 8.59829 23.2
v 111.988 14.1464 23.2
v 111.593 14.5826 23.2
v 112.893 8.04389 23.2
v 111.156 14.9781 23.2
v 110.683 15.3288 23.2
v 112.642 7.51162 23.2
v 110.178 15.6315 23.2
v 112.339 7.00657 23.2
v 111.988 6.53363 23.2
v 72.141 35.34 23.2
v 104.522 5.04848 23.2
v 105.054 4.79673 23.2
v 105.608 4.59836 23.2
v 65.5577 25.237 23.2
v 65.6241 35.34 23.2
v 62.362 29.69 23.2
v 64.7568 24.7569 23.2
v 63.6922 24.2534 23.2
v 62.5834 23.8567 23.2
v 61.4411 23.5706 23.2
v 60.2762 23.3978 23.2
v 59.1 23.34 23.2
v 55.838 29.69 23.2
v 57.9238 23.3978 23.2
v 56.7589 23.5706 23.2
v 55.6166 23.8567 23.2
v 54.5078 24.2534 23.2
v 53.4432 24.7569 23.2
v 53.0649 24.9837 23.2
v 52.5759 35.34 23.2
v 47.0114 35.34 23.2
v 18.1784 5.04848 23.2
v 12.5216 15.6315 23.2
v 9.35 10.34 23.2
v 13.0539 4.79673 23.2
v 13.6083 4.59836 23.2
v 9.3789 10.9281 23.2
v 12.0166 15.3288 23.2
v 11.5436 14.9781 23.2
v 11.1074 14.5826 23.2
v 10.7119 14.1464 23.2
v 10.3612 13.6734 23.2
v 12.5216 5.04848 23.2
v 12.0166 5.35117 23.2
v 10.0585 13.1684 23.2
v 11.5436 5.70192 23.2
v 11.1074 6.09735 23.2
v 9.80673 12.6361 23.2
v 10.7119 6.53363 23.2
v 10.3612 7.00657 23.2
v 9.60836 12.0817 23.2
v 10.0585 7.51162 23.2
v 9.80673 8.04389 23.2
v 9.4653 11.5105 23.2
v 9.60836 8.59829 23.2
v 9.4653 9.16945 23.2
v 9.3789 9.7519 23.2
v 111.593 6.09735 23.2
v 111.156 5.70192 23.2
v 110.683 5.35117 23.2
v 110.178 5.04848 23.2
v 109.646 4.79673 23.2
v 109.092 4.59836 23.2
v 108.521 4.4553 23.2
v 107.938 4.3689 23.2
v 107.35 4.34 23.2
v 106.762 4.3689 23.2
v 106.179 4.4553 23.2
v 17.6461 4.79673 23.2
v 17.0917 4.59836 23.2
v 16.5205 4.4553 23.2
v 15.9381 4.3689 23.2
v 15.35 4.34 23.2
v 14.7619 4.3689 23.2
v 14.1795 4.4553 23.2
v 113.321 60.9281 23.2
v 109.646 65.8833 23.2
v 109.092 66.0816 23.2
v 108.521 66.2247 23.2
v 107.938 66.3111 23.2
v 107.35 66.34 23.2
v 106.762 66.3111 23.2
v 106.179 66.2247 23.2
v 105.608 66.0816 23.2
v 105.054 65.8833 23.2
v 104.522 65.6315 23.2
v 113.35 60.34 23.2
v 113.235 61.5105 23.2
v 113.321 59.7519 23.2
v 113.092 62.0817 23.2
v 112.893 62.6361 23.2
v 113.235 59.1695 23.2
v 112.642 63.1684 23.2
v 112.339 63.6734 23.2
v 113.092 58.5983 23.2
v 111.988 64.1463 23.2
v 111.593 64.5826 23.2
v 112.893 58.0439 23.2
v 111.156 64.9781 23.2
v 110.683 65.3288 23.2
v 112.642 57.5116 23.2
v 110.178 65.6315 23.2
v 112.339 57.0066 23.2
v 111.988 56.5336 23.2
v 111.593 56.0974 23.2
v 111.156 55.7019 23.2
v 110.683 55.3512 23.2
v 110.178 55.0485 23.2
v 65.5577 45.443 23.2
v 62.362 40.99 23.2
v 64.7568 45.9231 23.2
v 63.6922 46.4265 23.2
v 62.5834 46.8233 23.2
v 61.4411 47.1094 23.2
v 60.2762 47.2822 23.2
v 59.1 47.34 23.2
v 55.838 40.99 23.2
v 57.9238 47.2822 23.2
v 56.7589 47.1094 23.2
v 55.6166 46.8233 23.2
v 54.5078 46.4265 23.2
v 53.4432 45.9231 23.2
v 53.0649 45.6963 23.2
v 12.5216 55.0485 23.2
v 10.3612 63.6734 23.2
v 10.0585 63.1684 23.2
v 9.80673 62.6361 23.2
v 12.0166 55.3512 23.2
v 11.5436 55.7019 23.2
v 11.1074 56.0974 23.2
v 10.7119 56.5336 23.2
v 10.3612 57.0066 23.2
v 10.0585 57.5116 23.2
v 9.80673 58.0439 23.2
v 9.60836 62.0817 23.2
v 9.4653 61.5105 23.2
v 9.3789 60.9281 23.2
v 9.35 60.34 23.2
v 9.60836 58.5983 23.2
v 9.3789 59.7519 23.2
v 9.4653 59.1695 23.2
v 107.938 4.3689 19.4
v 108.15 4.40033 19.4
v 108.15 4.40033 21.0
v 107.938 4.3689 21.0
v 108.15 66.2797 21.0
v 108.15 66.2797 19.4
v 107.938 66.3111 19.4
v 107.938 66.3111 21.0
v 107.35 66.34 19.4
v 107.35 66.34 21.0
v 106.762 66.3111 19.4
v 106.762 66.3111 21.0
v 106.55 66.2797 19.4
v 106.55 66.2797 21.0
v 16.15 66.2797 21.0
v 16.15 66.2797 19.4
v 15.9381 66.3111 19.4
v 15.9381 66.3111 21.0
v 15.35 66.34 19.4
v 15.35 66.34 21.0
v 14.7619 66.3111 19.4
v 14.7619 66.3111 21.0
v 14.55 66.2797 19.4
v 14.55 66.2797 21.0
v 14.55 4.40033 21.0
v 14.55 4.40033 19.4
v 14.7619 4.3689 19.4
v 14.7619 4.3689 21.0
v 15.35 4.34 19.4
v 15.35 4.34 21.0
v 15.9381 4.3689 19.4
v 15.9381 4.3689 21.0
v 16.15 4.40033 19.4
v 16.15 4.40033 21.0
v 106.55 4.40033 21.0
v 106.55 4.40033 19.4
v 106.762 4.3689 19.4
v 106.762 4.3689 21.0
v 107.35 4.34 19.4
v 107.35 4.34 21.0
v 57.7606 32.1064 19.8
v 58.084 31.9907 19.8
v 62.5327 36.0228 19.8
v 62.5831 35.6831 19.8
v 62.6 35.34 19.8
v 62.4493 36.356 19.8
v 55.6169 35.6831 19.8
v 55.6673 36.0228 19.8
v 58.4172 31.9073 19.8
v 60.4394 38.5736 19.8
v 60.116 38.6893 19.8
v 57.4501 38.4267 19.8
v 57.1555 38.2501 19.8
v 56.0133 33.6901 19.8
v 55.8664 34.0006 19.8
v 58.4172 38.7727 19.8
v 58.084 38.6893 19.8
v 56.1899 33.3955 19.8
v 59.7828 31.9073 19.8
v 60.116 31.9907 19.8
v 56.8796 32.6345 19.8
v 57.1555 32.4299 19.8
v 60.7499 32.2533 19.8
v 61.0445 32.4299 19.8
v 62.0101 33.3955 19.8
v 61.8055 33.1196 19.8
v 59.7828 38.7727 19.8
v 59.4431 38.8231 19.8
v 56.8796 38.0455 19.8
v 60.4394 32.1064 19.8
v 56.1899 37.2845 19.8
v 56.3945 37.5604 19.8
v 62.5831 34.9969 19.8
v 62.5327 34.6572 19.8
v 55.7507 36.356 19.8
v 55.8664 36.6794 19.8
v 60.7499 38.4267 19.8
v 55.7507 34.324 19.8
v 62.4493 34.324 19.8
v 59.1 38.84 19.8
v 58.7569 38.8231 19.8
v 61.5749 37.8149 19.8
v 61.3204 38.0455 19.8
v 57.7606 38.5736 19.8
v 56.6251 37.8149 19.8
v 61.8055 37.5604 19.8
v 62.0101 37.2845 19.8
v 56.0133 36.9899 19.8
v 62.3336 34.0006 19.8
v 62.1867 33.6901 19.8
v 62.1867 36.9899 19.8
v 56.6251 32.8651 19.8
v 61.0445 38.2501 19.8
v 57.4501 32.2533 19.8
v 59.4431 31.8569 19.8
v 62.3336 36.6794 19.8
v 55.6169 34.9969 19.8
v 55.6 35.34 19.8
v 58.7569 31.8569 19.8
v 61.3204 32.6345 19.8
v 61.5749 32.8651 19.8
v 59.1 31.84 19.8
v 55.6673 34.6572 19.8
v 56.3945 33.1196 19.8
v 62.362 29.69 19.8
v 55.838 29.69 19.8
v 55.838 40.99 19.8
v 62.362 40.99 19.8
v 65.6241 35.34 19.8
v 52.5759 35.34 19.8
f 1 2 3
f 2 1 4
f 5 6 7
f 6 5 8
f 9 10 11
f 10 9 12
f 13 14 15
f 14 13 16
f 17 18 19
f 18 17 20
f 21 22 23
f 22 21 24
f 20 3 18
f 3 20 1
f 25 26 27
f 26 25 28
f 29 30 31
f 30 29 32
f 33 34 35
f 34 33 36
f 37 38 39
f 40 39 41
f 38 37 42
f 40 41 43
f 44 43 45
f 44 45 46
f 39 40 37
f 44 46 47
f 48 47 49
f 44 47 48
f 43 44 40
f 50 42 37
f 51 42 50
f 52 53 54
f 54 53 55
f 42 51 52
f 51 50 56
f 51 56 57
f 52 51 53
f 58 57 59
f 58 59 60
f 58 60 61
f 57 58 51
f 62 61 63
f 62 63 64
f 61 62 58
f 65 62 64
f 66 65 67
f 66 67 68
f 65 66 62
f 69 68 70
f 68 69 66
f 71 70 72
f 70 71 69
f 73 72 74
f 72 75 71
f 76 74 77
f 72 78 75
f 72 73 78
f 79 77 80
f 74 81 73
f 74 82 81
f 79 80 83
f 74 84 82
f 74 85 84
f 74 76 85
f 79 83 86
f 77 87 76
f 77 88 87
f 79 86 89
f 77 79 90
f 77 91 88
f 77 92 91
f 79 89 93
f 77 94 92
f 77 95 94
f 77 96 95
f 77 90 96
f 97 79 93
f 98 79 97
f 99 79 98
f 100 79 99
f 101 100 102
f 101 102 103
f 101 103 104
f 101 104 105
f 101 105 106
f 101 106 107
f 101 107 108
f 101 108 109
f 101 109 110
f 101 110 111
f 101 111 112
f 101 112 113
f 101 113 114
f 101 114 115
f 100 101 79
f 116 101 115
f 117 101 116
f 101 117 118
f 119 120 121
f 122 123 120
f 122 124 123
f 122 125 124
f 122 126 125
f 122 127 126
f 122 128 127
f 122 129 128
f 122 130 129
f 122 131 130
f 122 132 131
f 122 133 132
f 122 134 133
f 122 135 134
f 122 136 135
f 122 137 136
f 122 138 137
f 139 138 122
f 138 139 140
f 140 139 141
f 142 141 139
f 143 144 145
f 143 146 144
f 143 147 146
f 143 148 147
f 143 149 148
f 143 150 149
f 151 150 143
f 150 151 152
f 152 151 153
f 153 151 154
f 154 151 155
f 155 151 156
f 157 151 158
f 151 159 156
f 160 158 161
f 151 162 159
f 160 161 163
f 160 163 164
f 151 165 162
f 160 164 166
f 151 167 165
f 160 166 168
f 151 169 167
f 160 168 170
f 151 171 169
f 172 170 173
f 151 174 171
f 172 173 175
f 151 176 174
f 172 175 177
f 151 178 176
f 172 177 179
f 172 179 180
f 151 181 178
f 172 180 182
f 151 157 181
f 183 182 184
f 158 160 157
f 183 184 185
f 170 172 160
f 186 185 187
f 182 183 172
f 186 187 188
f 189 188 190
f 185 186 183
f 188 189 186
f 191 190 192
f 190 191 189
f 192 193 191
f 192 194 193
f 195 194 192
f 195 196 194
f 195 197 196
f 198 195 199
f 195 198 197
f 199 200 198
f 199 201 200
f 199 202 201
f 203 202 199
f 203 204 202
f 203 205 204
f 203 206 205
f 207 206 203
f 208 206 207
f 206 208 209
f 209 208 210
f 211 207 212
f 213 210 208
f 214 210 213
f 210 214 215
f 211 212 216
f 207 211 208
f 215 214 217
f 218 219 220
f 217 214 221
f 218 214 219
f 222 214 218
f 221 214 222
f 223 224 225
f 224 223 226
f 223 225 227
f 226 223 228
f 229 227 230
f 228 223 231
f 229 230 232
f 231 223 233
f 229 232 234
f 233 223 235
f 229 234 236
f 235 223 237
f 229 236 238
f 237 223 239
f 229 238 240
f 239 223 241
f 229 240 242
f 241 223 243
f 229 242 244
f 243 223 245
f 229 244 246
f 245 223 247
f 229 246 248
f 247 223 249
f 229 248 250
f 249 223 251
f 229 250 252
f 251 223 253
f 229 252 254
f 253 223 255
f 229 254 256
f 255 223 257
f 229 256 258
f 257 223 259
f 229 258 260
f 229 260 261
f 227 229 223
f 259 223 262
f 263 229 261
f 264 229 263
f 265 229 264
f 266 229 265
f 267 229 266
f 268 229 267
f 269 229 268
f 270 229 269
f 271 229 270
f 272 229 271
f 273 229 272
f 274 273 275
f 274 275 276
f 274 276 277
f 274 277 278
f 274 278 279
f 274 279 280
f 273 274 229
f 262 223 281
f 223 282 281
f 223 283 282
f 223 284 283
f 223 285 284
f 223 286 285
f 223 287 286
f 223 288 287
f 223 289 288
f 223 290 289
f 223 291 290
f 223 292 291
f 223 293 292
f 223 294 293
f 223 295 294
f 223 296 295
f 223 297 296
f 223 298 297
f 299 298 223
f 298 299 300
f 301 302 303
f 302 301 304
f 305 304 301
f 306 304 305
f 307 304 306
f 304 307 308
f 309 308 307
f 310 308 309
f 311 308 310
f 311 312 308
f 313 312 311
f 314 312 313
f 315 312 314
f 316 312 315
f 317 316 318
f 317 318 319
f 316 317 312
f 320 317 319
f 321 317 320
f 322 321 323
f 322 323 324
f 321 322 317
f 325 322 324
f 326 322 325
f 327 326 328
f 327 328 329
f 330 329 331
f 326 327 322
f 330 331 332
f 330 332 333
f 330 333 300
f 330 299 334
f 299 330 300
f 329 330 327
f 330 335 327
f 330 336 335
f 337 336 330
f 338 337 339
f 338 339 340
f 338 340 341
f 337 338 336
f 342 338 341
f 343 338 342
f 344 338 343
f 345 344 346
f 345 346 347
f 345 347 348
f 349 348 350
f 351 350 352
f 353 352 354
f 344 345 338
f 355 354 356
f 357 356 358
f 359 358 360
f 361 360 362
f 121 362 119
f 120 119 363
f 362 121 361
f 360 361 359
f 358 359 357
f 356 357 355
f 354 355 353
f 352 353 351
f 350 351 349
f 348 349 364
f 348 364 345
f 365 345 364
f 366 345 365
f 367 345 366
f 367 368 345
f 369 368 367
f 370 368 369
f 371 368 370
f 372 368 371
f 373 368 372
f 374 368 373
f 375 374 376
f 374 375 368
f 377 375 376
f 378 375 377
f 379 375 378
f 380 375 379
f 381 375 380
f 382 381 383
f 382 383 384
f 381 382 375
f 385 382 384
f 386 382 385
f 387 382 386
f 388 387 389
f 388 389 390
f 388 390 391
f 388 391 392
f 388 392 393
f 394 393 395
f 394 395 396
f 394 396 101
f 397 101 118
f 398 101 397
f 399 101 398
f 400 101 399
f 401 101 400
f 402 101 401
f 403 402 404
f 405 404 406
f 387 388 382
f 402 403 101
f 405 406 407
f 405 407 408
f 409 410 411
f 409 412 410
f 413 412 409
f 413 414 412
f 415 414 413
f 415 416 414
f 417 416 415
f 416 417 418
f 417 419 418
f 420 419 417
f 420 421 419
f 422 421 420
f 421 422 423
f 424 423 422
f 423 424 425
f 426 425 424
f 425 426 427
f 428 427 426
f 427 428 429
f 430 429 428
f 429 430 431
f 431 430 432
f 433 432 430
f 432 433 434
f 435 434 433
f 434 435 436
f 437 436 435
f 438 439 440
f 439 441 442
f 439 438 441
f 442 441 443
f 443 441 444
f 445 444 441
f 444 445 446
f 447 446 445
f 448 446 447
f 446 448 449
f 450 449 448
f 451 449 450
f 452 449 451
f 453 449 452
f 454 449 453
f 449 454 455
f 456 455 454
f 457 455 456
f 458 455 457
f 459 458 460
f 459 460 461
f 459 461 462
f 458 459 455
f 463 462 464
f 463 464 465
f 466 465 467
f 466 467 468
f 469 468 470
f 436 437 471
f 472 471 437
f 471 472 473
f 473 472 470
f 469 470 472
f 468 469 474
f 468 474 475
f 476 474 477
f 462 463 459
f 476 477 478
f 479 480 481
f 482 481 483
f 480 479 484
f 482 483 485
f 486 485 487
f 486 487 488
f 481 482 479
f 486 488 489
f 490 489 491
f 486 489 490
f 485 486 482
f 492 484 479
f 493 484 492
f 494 495 496
f 496 495 497
f 484 493 494
f 493 492 498
f 493 498 499
f 494 493 495
f 500 499 501
f 500 501 502
f 500 502 503
f 499 500 493
f 504 503 505
f 504 505 506
f 503 504 500
f 507 504 506
f 508 507 509
f 508 509 510
f 507 508 504
f 511 510 512
f 510 511 508
f 513 512 514
f 512 513 511
f 515 514 516
f 514 517 513
f 518 516 519
f 514 520 517
f 514 515 520
f 521 519 522
f 516 523 515
f 516 524 523
f 521 522 525
f 516 526 524
f 516 527 526
f 516 518 527
f 521 525 528
f 519 529 518
f 519 530 529
f 521 528 531
f 519 521 532
f 519 533 530
f 519 534 533
f 521 531 535
f 519 536 534
f 519 537 536
f 519 538 537
f 519 532 538
f 539 521 535
f 540 521 539
f 541 521 540
f 542 521 541
f 439 542 543
f 439 543 544
f 439 544 545
f 439 545 546
f 439 546 547
f 439 547 548
f 439 548 549
f 439 549 550
f 440 550 551
f 440 551 552
f 440 552 553
f 440 553 554
f 440 554 555
f 440 555 556
f 542 439 521
f 440 556 557
f 440 557 558
f 440 558 559
f 560 561 562
f 563 564 561
f 563 565 564
f 563 566 565
f 563 567 566
f 563 568 567
f 563 569 568
f 563 570 569
f 563 571 570
f 563 572 571
f 563 573 572
f 563 574 573
f 563 575 574
f 563 576 575
f 563 577 576
f 563 578 577
f 563 579 578
f 563 580 579
f 563 581 580
f 563 582 581
f 563 583 582
f 563 584 583
f 585 584 563
f 584 585 586
f 586 585 587
f 588 589 590
f 588 591 589
f 592 591 588
f 591 592 593
f 593 592 594
f 594 592 595
f 595 592 596
f 596 592 597
f 598 592 599
f 592 600 597
f 601 599 602
f 592 603 600
f 601 602 604
f 601 604 605
f 592 606 603
f 601 605 607
f 592 608 606
f 601 607 609
f 592 610 608
f 601 609 611
f 592 612 610
f 613 611 614
f 592 615 612
f 613 614 616
f 592 617 615
f 613 616 618
f 592 619 617
f 613 618 620
f 613 620 621
f 592 622 619
f 613 621 623
f 592 598 622
f 624 623 625
f 599 601 598
f 624 625 626
f 611 613 601
f 627 626 628
f 623 624 613
f 627 628 629
f 630 629 631
f 626 627 624
f 629 630 627
f 632 631 633
f 631 632 630
f 633 634 632
f 633 635 634
f 636 635 633
f 636 637 635
f 636 638 637
f 639 636 640
f 636 639 638
f 640 641 639
f 640 642 641
f 640 643 642
f 644 643 640
f 644 645 643
f 644 646 645
f 644 647 646
f 648 647 644
f 649 647 648
f 647 649 650
f 650 649 651
f 652 648 653
f 651 649 654
f 654 649 655
f 655 649 656
f 652 653 657
f 656 649 658
f 658 649 659
f 659 649 660
f 648 652 649
f 660 649 661
f 661 662 663
f 661 649 662
f 664 665 666
f 665 667 668
f 665 664 667
f 666 669 664
f 670 669 666
f 669 670 671
f 671 670 672
f 672 670 673
f 666 674 670
f 674 675 676
f 677 674 666
f 674 677 675
f 666 678 677
f 666 679 678
f 666 680 679
f 666 681 680
f 682 681 666
f 683 681 682
f 681 683 684
f 684 685 686
f 687 686 685
f 686 687 688
f 689 688 687
f 690 691 689
f 691 690 692
f 587 585 590
f 693 590 585
f 590 693 588
f 694 588 693
f 695 588 694
f 696 588 695
f 697 588 696
f 698 588 697
f 699 698 700
f 701 700 702
f 703 702 704
f 703 704 705
f 706 705 707
f 708 707 709
f 710 709 711
f 712 711 713
f 714 713 715
f 698 699 588
f 692 716 717
f 700 701 699
f 702 703 701
f 705 706 703
f 707 708 706
f 709 710 708
f 711 712 710
f 713 714 712
f 715 718 714
f 719 718 715
f 718 719 720
f 721 720 719
f 717 720 721
f 720 717 716
f 716 692 690
f 688 689 691
f 685 684 683
f 666 722 682
f 666 723 722
f 724 723 666
f 723 724 725
f 725 724 726
f 726 724 727
f 727 724 728
f 728 724 729
f 729 724 730
f 731 732 733
f 440 732 731
f 734 731 733
f 735 731 734
f 736 731 735
f 737 731 736
f 724 737 738
f 724 738 739
f 737 724 731
f 724 739 740
f 724 740 741
f 724 741 742
f 730 724 742
f 724 438 743
f 441 438 724
f 731 724 743
f 666 744 724
f 666 745 744
f 666 746 745
f 666 747 746
f 748 747 666
f 747 748 749
f 750 749 748
f 749 750 751
f 465 466 463
f 752 478 753
f 468 475 466
f 474 754 475
f 755 753 756
f 475 754 757
f 758 759 760
f 761 758 762
f 763 757 754
f 764 756 765
f 766 765 767
f 768 767 769
f 770 769 771
f 772 771 773
f 774 773 775
f 776 775 777
f 778 777 779
f 780 779 781
f 758 761 759
f 782 751 750
f 762 783 761
f 762 763 783
f 757 763 762
f 474 476 754
f 756 764 784
f 478 752 476
f 756 784 755
f 752 755 785
f 786 785 787
f 303 302 788
f 788 302 786
f 785 786 302
f 787 785 755
f 753 755 752
f 765 766 764
f 767 768 766
f 769 770 768
f 771 772 770
f 773 774 772
f 775 776 774
f 777 778 776
f 779 780 778
f 781 789 780
f 790 789 781
f 789 790 782
f 751 782 790
f 750 748 791
f 791 748 792
f 792 748 793
f 793 748 794
f 334 794 748
f 794 334 795
f 795 334 796
f 796 334 797
f 797 334 798
f 799 334 299
f 800 334 799
f 801 334 800
f 802 334 801
f 803 334 802
f 804 334 803
f 805 334 804
f 806 334 805
f 807 334 806
f 808 334 807
f 809 334 808
f 810 334 809
f 798 334 811
f 811 334 810
f 812 813 814
f 812 815 813
f 812 816 815
f 812 817 816
f 818 817 812
f 817 818 819
f 819 818 820
f 821 820 818
f 820 821 822
f 823 822 821
f 822 823 824
f 143 825 823
f 825 143 826
f 826 143 827
f 120 363 828
f 120 828 829
f 120 829 830
f 120 830 831
f 120 831 832
f 120 832 122
f 141 142 833
f 833 142 145
f 834 145 142
f 145 834 143
f 835 143 834
f 836 143 835
f 837 143 836
f 838 143 837
f 839 143 838
f 840 143 841
f 841 143 839
f 827 143 840
f 824 823 825
f 334 748 812
f 812 842 818
f 812 843 842
f 812 844 843
f 812 845 844
f 812 846 845
f 812 847 846
f 812 848 847
f 812 849 848
f 812 850 849
f 812 851 850
f 852 812 748
f 812 853 851
f 812 854 853
f 812 855 854
f 812 852 855
f 852 748 856
f 856 748 857
f 857 748 858
f 858 748 859
f 859 748 860
f 405 408 861
f 393 394 388
f 862 861 863
f 101 403 394
f 748 863 864
f 404 405 403
f 861 862 405
f 748 864 865
f 863 866 862
f 863 748 866
f 867 868 869
f 868 867 748
f 870 748 867
f 871 748 870
f 866 748 871
f 872 748 865
f 873 748 872
f 874 748 873
f 875 748 874
f 876 748 875
f 877 748 876
f 878 748 877
f 879 748 878
f 880 748 879
f 860 748 880
f 881 665 668
f 882 665 881
f 883 665 882
f 884 665 883
f 885 665 884
f 886 665 885
f 887 665 886
f 888 665 887
f 889 665 888
f 890 665 889
f 891 665 890
f 892 665 891
f 893 665 892
f 894 665 893
f 895 665 894
f 896 665 895
f 897 665 896
f 898 897 899
f 759 900 760
f 901 900 759
f 900 901 902
f 903 902 901
f 902 903 904
f 905 904 903
f 904 905 906
f 907 906 905
f 906 907 908
f 909 908 907
f 908 909 910
f 911 910 909
f 910 911 912
f 913 912 911
f 912 913 914
f 915 914 913
f 914 915 916
f 917 916 915
f 916 917 918
f 919 918 917
f 918 919 920
f 921 920 919
f 920 921 922
f 923 922 921
f 922 923 924
f 925 924 923
f 924 925 899
f 926 899 925
f 898 899 926
f 897 898 665
f 868 898 927
f 868 927 928
f 869 868 929
f 929 868 930
f 930 868 931
f 931 868 932
f 932 868 933
f 933 868 934
f 934 868 935
f 898 868 665
f 936 868 928
f 937 868 936
f 938 868 937
f 939 868 938
f 940 868 939
f 941 868 940
f 942 868 941
f 943 868 942
f 935 868 943
f 944 673 670
f 673 944 945
f 945 944 946
f 944 947 946
f 948 944 949
f 944 948 947
f 949 950 948
f 951 949 678
f 951 678 679
f 949 951 950
f 951 952 950
f 951 953 952
f 954 953 951
f 955 953 954
f 956 955 957
f 956 957 958
f 956 958 959
f 955 956 953
f 960 956 959
f 961 956 960
f 962 961 963
f 962 963 964
f 962 964 965
f 966 965 967
f 968 967 969
f 970 969 971
f 972 971 973
f 961 962 956
f 562 973 560
f 561 560 974
f 561 974 975
f 561 975 976
f 561 977 563
f 561 976 977
f 973 562 978
f 973 978 972
f 971 972 970
f 969 970 968
f 967 968 979
f 967 979 966
f 965 966 962
f 980 962 966
f 981 962 980
f 982 981 983
f 981 982 962
f 984 982 983
f 985 982 984
f 986 982 985
f 987 982 986
f 988 982 987
f 989 982 988
f 990 989 991
f 990 991 992
f 989 990 982
f 993 990 992
f 994 990 993
f 995 990 994
f 996 990 995
f 997 996 998
f 997 998 999
f 997 999 1000
f 997 1000 1001
f 996 997 990
f 1002 997 1001
f 1003 997 1002
f 1004 997 1003
f 442 1004 1005
f 442 1005 1006
f 442 1006 1007
f 442 1007 1008
f 442 1008 1009
f 442 1009 1010
f 442 1010 1011
f 440 559 1012
f 440 1012 1013
f 440 1013 1014
f 440 1014 1015
f 440 1015 1016
f 440 1016 1017
f 440 1017 1018
f 440 1018 1019
f 1004 442 997
f 439 442 1011
f 550 440 439
f 440 1019 1020
f 440 1020 732
f 1021 1022 1023
f 1024 1022 1021
f 1025 1022 1024
f 1025 1026 1022
f 1027 1026 1025
f 1028 1026 1027
f 1028 1029 1026
f 1030 1029 1028
f 1031 1029 1030
f 1031 1032 1029
f 1033 1031 1034
f 1035 1034 1036
f 1031 1033 1032
f 1037 1036 1038
f 1039 1038 1040
f 1041 1032 1033
f 1039 1040 1042
f 1039 1042 1043
f 1032 1041 1044
f 1039 1043 1045
f 1039 1045 1046
f 1047 1044 1041
f 1038 1039 1037
f 1036 1037 1035
f 1034 1035 1033
f 1044 1047 1048
f 1049 1048 1047
f 1048 1049 1050
f 1051 1052 1053
f 1054 1052 1051
f 1055 1052 1054
f 1056 1054 1057
f 1058 1052 1055
f 1059 1057 1060
f 1061 1052 1058
f 1062 1060 1063
f 1052 1061 1064
f 1062 1063 1065
f 1066 1064 1061
f 1062 1065 1067
f 1064 1066 1068
f 1062 1067 1069
f 1070 1068 1066
f 1062 1069 1071
f 1068 1070 1072
f 1073 1071 1074
f 1072 1070 1075
f 1062 1071 1073
f 1076 1075 1070
f 1060 1062 1077
f 1075 1076 1078
f 1060 1077 1059
f 1079 1078 1076
f 1057 1059 1056
f 1078 1079 1080
f 1054 1056 1081
f 1054 1081 1082
f 1054 1082 1083
f 1084 1079 1085
f 1054 1083 1055
f 1085 1079 1086
f 1080 1079 1087
f 1085 1086 1088
f 1087 1079 1089
f 1089 1079 1084
f 1090 1091 1092
f 1093 1091 1090
f 1094 1091 1093
f 1094 1095 1091
f 1096 1095 1094
f 1097 1095 1096
f 1098 1095 1097
f 1098 1097 1099
f 1100 1099 1101
f 1102 1095 1098
f 1103 1101 1104
f 1105 1104 1106
f 1105 1106 1107
f 1095 1102 1108
f 1105 1107 1109
f 1105 1109 1110
f 1111 1108 1102
f 1105 1110 1112
f 1105 1112 1113
f 1108 1111 1114
f 1105 1113 1115
f 1104 1105 1103
f 1116 1114 1111
f 1101 1103 1100
f 1099 1100 1098
f 1114 1116 1117
f 1117 1116 1118
f 1118 1116 1119
f 1120 1121 1122
f 1123 1121 1120
f 1124 1121 1123
f 1125 1121 1124
f 1126 1121 1125
f 1127 1121 1126
f 1128 1121 1127
f 1129 1128 1130
f 1129 1130 1131
f 1129 1131 1132
f 1129 1132 1133
f 1129 1133 1134
f 1135 1134 1136
f 1135 1136 1137
f 1135 1137 1138
f 1128 1129 1121
f 1134 1135 1129
f 1139 1140 1141
f 1142 1140 1139
f 1142 1143 1140
f 1144 1143 1142
f 1144 1145 1143
f 1146 1145 1144
f 1146 1147 1145
f 1148 1147 1146
f 1148 1149 1147
f 1150 1149 1148
f 1150 1151 1149
f 1152 1151 1150
f 1153 1151 1152
f 1154 1152 1155
f 1151 1153 1156
f 1157 1155 1158
f 1159 1156 1153
f 1160 1158 1161
f 1156 1159 1162
f 1160 1161 1163
f 1164 1162 1159
f 1160 1163 1165
f 1162 1164 1166
f 1160 1165 1167
f 1168 1166 1164
f 1160 1167 1169
f 1170 1171 1168
f 1160 1169 1172
f 1171 1170 1173
f 1160 1172 1174
f 1173 1170 1175
f 1158 1160 1157
f 1175 1176 1177
f 1155 1157 1154
f 1175 1170 1176
f 1152 1154 1153
f 1166 1168 1171
f 1178 1179 1180
f 1179 1178 1181
f 1182 1183 1184
f 1183 1182 1185
f 28 1186 26
f 1186 28 1187
f 1188 1189 1190
f 1189 1188 1191
f 666 1192 1193
f 1192 666 665
f 32 1194 30
f 1194 32 1195
f 1196 1197 1198
f 1197 1196 1199
f 1187 1200 1186
f 1200 1187 1201
f 1202 1203 1204
f 1205 1206 1207
f 1208 1203 1202
f 1205 1209 1206
f 1203 1208 1210
f 1205 1211 1209
f 1212 1210 1208
f 1205 1213 1211
f 1214 1210 1212
f 1205 1215 1213
f 1210 1214 1216
f 1205 1217 1215
f 1216 1214 1218
f 1205 1219 1217
f 1220 1218 1214
f 1205 1221 1219
f 1222 1218 1220
f 1205 1223 1221
f 1218 1222 1224
f 1205 1225 1223
f 1226 1224 1222
f 1205 1227 1225
f 1224 1226 1228
f 1205 1229 1227
f 1230 1228 1226
f 1205 1231 1229
f 1232 1228 1230
f 1205 1233 1231
f 1234 1228 1232
f 1205 1235 1233
f 1228 1234 1236
f 1205 1237 1235
f 1238 1236 1234
f 1205 1239 1237
f 1236 1238 1240
f 1205 1241 1239
f 1242 1240 1238
f 1205 1243 1241
f 1244 1240 1242
f 1205 1245 1243
f 1246 1240 1244
f 1205 1247 1245
f 1248 1240 1246
f 1249 1247 1205
f 1250 1240 1248
f 1247 1249 1251
f 1252 1240 1250
f 1251 1249 1253
f 1254 1240 1252
f 1253 1249 1255
f 1256 1240 1254
f 1255 1249 1257
f 1258 1240 1256
f 1257 1249 1259
f 1260 1240 1258
f 1259 1249 1261
f 1262 1240 1260
f 1261 1249 1263
f 1240 1262 1249
f 1263 1249 1264
f 1265 1249 1266
f 1264 1249 1265
f 1267 1249 1262
f 1249 1267 1266
f 1268 1267 1262
f 1268 1269 1267
f 1270 1269 1268
f 1270 1271 1269
f 1272 1271 1270
f 1272 1273 1271
f 1274 1273 1272
f 1274 1275 1273
f 1276 1275 1274
f 1276 1277 1275
f 1278 1277 1276
f 1278 1279 1277
f 1280 1279 1278
f 1280 1281 1279
f 1282 1281 1280
f 1282 1283 1281
f 1284 1283 1282
f 1284 1285 1283
f 1286 1285 1284
f 1286 1287 1285
f 1288 1287 1286
f 1288 1289 1287
f 1290 1289 1288
f 1290 1291 1289
f 1292 1291 1290
f 1292 1293 1291
f 1294 1293 1292
f 1294 1295 1293
f 1296 1295 1294
f 1296 1297 1295
f 1298 1297 1296
f 1298 1299 1297
f 1300 1299 1298
f 1300 1301 1299
f 1302 1301 1300
f 1302 1303 1301
f 1304 1303 1302
f 1304 1305 1303
f 1306 1305 1304
f 1306 1307 1305
f 1308 1307 1306
f 1308 1309 1307
f 1310 1309 1308
f 1310 1311 1309
f 1312 1311 1310
f 1312 1313 1311
f 1314 1313 1312
f 1314 1315 1313
f 1316 1315 1314
f 1316 1317 1315
f 1318 1317 1316
f 1318 1319 1317
f 1320 1319 1318
f 1320 1321 1319
f 1322 1321 1320
f 1322 1323 1321
f 748 1322 1324
f 1322 748 1323
f 748 1324 1325
f 666 1323 748
f 748 1325 1326
f 1323 666 1327
f 748 1326 1328
f 1327 666 1329
f 1330 1331 1332
f 1333 1334 1335
f 1336 1331 1330
f 1333 1337 1334
f 1338 1331 1336
f 1333 1339 1337
f 1340 1331 1338
f 1333 1341 1339
f 1342 1331 1340
f 1333 1343 1341
f 1344 1331 1342
f 1333 1345 1343
f 1346 1331 1344
f 1333 1347 1345
f 1348 1331 1346
f 1333 1349 1347
f 1350 1331 1348
f 1333 1351 1349
f 1352 1331 1350
f 1333 1353 1351
f 1354 1331 1352
f 1333 1355 1353
f 1356 1331 1354
f 1333 1357 1355
f 1358 1331 1356
f 1333 1359 1357
f 1360 1331 1358
f 1333 1361 1359
f 1362 1331 1360
f 1333 1363 1361
f 1331 1362 1333
f 1333 1364 1363
f 1365 1333 1362
f 1333 1365 1364
f 1366 1365 1362
f 1366 1367 1365
f 1368 1367 1366
f 1368 1369 1367
f 1370 1369 1368
f 1370 1371 1369
f 1372 1371 1370
f 1372 1373 1371
f 1374 1373 1372
f 1374 1375 1373
f 1376 1375 1374
f 1376 1377 1375
f 1378 1377 1376
f 1378 1379 1377
f 1380 1379 1378
f 1380 1381 1379
f 1382 1381 1380
f 1382 1383 1381
f 1384 1383 1382
f 1384 1385 1383
f 1240 1385 1384
f 1240 1249 1385
f 1386 1387 1388
f 1204 1388 1387
f 1389 1390 1386
f 1387 1386 1390
f 1390 1389 1391
f 1388 1204 1203
f 1391 1389 1392
f 1205 1207 1393
f 1394 1395 1396
f 1397 1395 1394
f 1395 1397 1398
f 1399 1398 1397
f 1398 1399 1400
f 1401 1400 1399
f 1400 1401 1402
f 1402 1401 1403
f 1403 1404 1405
f 1404 1403 1406
f 1406 1403 1401
f 1407 1408 1409
f 1410 1411 1412
f 1413 1409 1408
f 1410 1414 1411
f 1409 1413 1415
f 1410 1416 1414
f 1415 1413 1417
f 1410 1418 1416
f 1419 1417 1413
f 1410 1420 1418
f 1417 1419 1421
f 1410 1422 1420
f 1421 1419 1423
f 1424 1422 1410
f 1425 1426 1427
f 1428 1422 1424
f 1426 1425 1428
f 1422 1428 1425
f 1427 1423 1419
f 1423 1427 1426
f 1429 1413 1408
f 1429 1430 1413
f 1431 1430 1429
f 1431 1432 1430
f 1433 1432 1431
f 1433 1434 1432
f 1435 1434 1433
f 1435 1436 1434
f 1437 1436 1435
f 1437 1438 1436
f 1439 1438 1437
f 1439 1440 1438
f 1441 1440 1439
f 1441 1442 1440
f 1443 1441 1444
f 1441 1443 1442
f 1443 1444 1445
f 1446 1442 1443
f 1443 1445 1447
f 1442 1446 1448
f 1443 1447 1449
f 1448 1446 1450
f 1443 1449 1451
f 1450 1446 1452
f 1443 1451 1453
f 1452 1446 1454
f 1443 1453 1455
f 1454 1446 1456
f 1443 1455 1457
f 1456 1446 1458
f 1443 1457 1459
f 1458 1446 1460
f 1443 1459 1461
f 1460 1446 1462
f 1443 1461 1463
f 1462 1446 1464
f 1443 1463 1465
f 1464 1446 1466
f 1443 1465 1467
f 1466 1446 1468
f 1443 1467 1469
f 1468 1446 1470
f 1443 1469 1471
f 1470 1446 1472
f 1473 1474 1475
f 1476 1477 1478
f 1479 1474 1473
f 1476 1480 1477
f 1474 1479 1476
f 1476 1481 1480
f 1482 1476 1479
f 1476 1482 1481
f 1483 1482 1479
f 1483 1484 1482
f 1485 1484 1483
f 1485 1486 1484
f 1487 1486 1485
f 1487 1488 1486
f 1489 1488 1487
f 1489 1490 1488
f 1491 1490 1489
f 1491 1492 1490
f 1493 1492 1491
f 1493 1494 1492
f 1495 1494 1493
f 1495 1496 1494
f 1497 1496 1495
f 1497 1498 1496
f 1499 1498 1497
f 1499 1500 1498
f 1501 1500 1499
f 1501 1502 1500
f 1503 1502 1501
f 1503 1504 1502
f 1505 1504 1503
f 1505 1506 1504
f 1507 1506 1505
f 1507 1508 1506
f 1509 1508 1507
f 1509 1510 1508
f 1511 1510 1509
f 1511 1512 1510
f 1513 1512 1511
f 1513 1514 1512
f 1515 1514 1513
f 1515 1516 1514
f 1517 1516 1515
f 1517 1518 1516
f 1519 1518 1517
f 1519 1520 1518
f 1521 1520 1519
f 1521 1522 1520
f 1523 1522 1521
f 1523 1524 1522
f 1407 1524 1523
f 1407 1409 1524
f 1525 1526 1527
f 1526 1525 1528
f 1529 1527 1526
f 1408 1528 1525
f 1530 1531 1532
f 1527 1532 1531
f 1531 1530 1533
f 1532 1527 1529
f 1534 1535 1536
f 1533 1536 1535
f 1535 1534 1537
f 1536 1533 1530
f 1538 1537 1539
f 1539 1537 1534
f 1537 1538 1540
f 1528 1408 1541
f 1540 1542 1543
f 1542 1540 1538
f 1544 1543 1542
f 1541 1408 1407
f 1545 1543 1544
f 1410 1412 1546
f 1543 1545 1547
f 1546 1412 1548
f 1549 1547 1545
f 1548 1412 1550
f 1551 1547 1549
f 1550 1412 1552
f 1547 1551 1553
f 1552 1412 1554
f 1553 1551 1555
f 1554 1412 1556
f 1556 1412 1557
f 1555 1558 1553
f 1555 1559 1558
f 1559 1555 1560
f 1561 1474 1562
f 1563 1474 1564
f 1561 1562 1565
f 1475 1474 1563
f 1566 1565 1567
f 1568 1476 1478
f 1569 1567 1197
f 1570 1476 1568
f 1571 1197 1199
f 1572 1476 1570
f 1571 1199 1573
f 1574 1476 1572
f 1575 1476 1574
f 1474 1576 1564
f 1474 1577 1576
f 1474 1578 1577
f 1474 1579 1578
f 1474 1580 1579
f 1571 1573 1581
f 1474 1582 1580
f 1583 1581 1584
f 1474 1585 1582
f 1474 1586 1585
f 1474 1587 1586
f 1588 1584 1589
f 1474 1561 1587
f 1590 1589 4
f 1565 1566 1561
f 1567 1591 1566
f 1567 1569 1591
f 1592 4 1
f 1197 1571 1569
f 1593 1 20
f 1581 1583 1571
f 1584 1588 1583
f 1594 20 17
f 1589 1590 1588
f 4 1592 1590
f 1 1593 1592
f 1594 17 1595
f 1596 1595 1195
f 20 1594 1593
f 1597 1195 32
f 1595 1596 1594
f 1195 1597 1596
f 32 1598 1597
f 32 1599 1598
f 32 1600 1599
f 32 1601 1600
f 32 1602 1601
f 32 1603 1602
f 32 1604 1603
f 32 1605 1604
f 32 1606 1605
f 32 1607 1606
f 32 1608 1607
f 32 1609 1608
f 32 1610 1609
f 32 1611 1610
f 1612 1613 1614
f 1613 1615 1616
f 1617 1618 1619
f 1620 1621 1622
f 1623 1624 1625
f 1626 1627 1628
f 1629 1630 1631
f 1629 1631 1632
f 1633 1632 1634
f 1633 1634 1635
f 1636 1637 1627
f 1636 1638 1637
f 1624 1639 1635
f 1636 1640 1638
f 1621 1620 1625
f 1630 1641 1640
f 1630 1629 1641
f 1642 1622 1643
f 1642 1643 1644
f 1632 1633 1629
f 1635 1639 1633
f 1624 1623 1639
f 1625 1620 1623
f 1622 1642 1620
f 1620 1642 1645
f 1472 1446 1646
f 1647 1443 1471
f 1648 1443 1647
f 1649 1443 1648
f 1650 1443 1649
f 1651 1443 1650
f 1645 1642 1651
f 1652 1644 1653
f 1652 1653 1654
f 1652 1654 1655
f 1652 1655 1656
f 1657 1656 1658
f 1657 1658 1618
f 1651 1642 1443
f 1657 1618 1617
f 1642 1652 1659
f 1644 1652 1642
f 1660 1617 1615
f 1661 1615 1613
f 1656 1657 1652
f 1662 1613 1612
f 1657 1660 1663
f 1617 1660 1657
f 1664 1612 1665
f 1664 1665 1666
f 1615 1661 1660
f 1661 1667 1668
f 1613 1667 1661
f 1613 1669 1667
f 1670 1666 1671
f 1670 1671 1611
f 1672 1673 1674
f 1667 1669 1672
f 1675 1672 1669
f 1676 1677 1678
f 1679 1673 1675
f 1680 1611 32
f 1681 1676 1682
f 1683 1331 1684
f 1685 1677 1686
f 1331 1687 1684
f 1677 1687 1331
f 1687 1677 1688
f 1688 1677 1689
f 1689 1677 1685
f 1677 1690 1686
f 1676 1690 1677
f 1690 1676 1681
f 1676 1691 1682
f 1673 1691 1676
f 1692 1673 1679
f 1693 1673 1692
f 1694 1695 1692
f 1696 1695 1694
f 1695 1696 1697
f 1698 1697 1696
f 1699 1697 1698
f 1393 1207 1700
f 1701 1392 1389
f 1392 1701 1702
f 1703 1702 1701
f 1702 1703 1704
f 1705 1704 1703
f 1704 1705 1706
f 1707 1706 1705
f 1706 1707 1708
f 1708 1707 1709
f 1710 1709 1707
f 1709 1710 1711
f 1712 1711 1710
f 1713 1712 1714
f 1715 1714 1716
f 1717 1716 1718
f 1697 1699 1719
f 1712 1713 1711
f 1714 1720 1713
f 1714 1715 1720
f 1716 1717 1715
f 1718 1721 1717
f 1718 1722 1721
f 1723 1722 1718
f 1722 1723 1724
f 1724 1723 1725
f 1726 1725 1723
f 1725 1726 1727
f 1728 1727 1726
f 1727 1728 1729
f 1719 1729 1728
f 1729 1719 1730
f 1730 1719 1699
f 1693 1692 1695
f 1691 1673 1693
f 1672 1675 1673
f 1613 1731 1669
f 1613 1662 1731
f 1612 1732 1662
f 1612 1664 1732
f 1666 1733 1664
f 1666 1670 1733
f 1611 1734 1670
f 1611 1680 1734
f 29 1680 32
f 1680 29 1735
f 1735 29 1736
f 1736 29 1737
f 29 1738 1739
f 29 1740 1741
f 29 1742 1743
f 1737 29 1739
f 1738 29 1741
f 1740 29 1744
f 29 1745 1744
f 29 1743 1745
f 1742 29 1746
f 29 1747 1746
f 29 1748 1747
f 1201 1748 29
f 1748 1201 1749
f 1187 1749 1201
f 1749 1187 1750
f 28 1750 1187
f 25 1750 28
f 1750 25 1751
f 1752 1751 25
f 1751 1752 1753
f 1754 1753 1752
f 1753 1754 1755
f 1756 1755 1754
f 1755 1756 1757
f 1758 1757 1756
f 1757 1758 1759
f 1760 1759 1758
f 1759 1760 1761
f 1762 1761 1760
f 1763 1761 1762
f 1182 1761 1763
f 1761 1182 1764
f 1184 1764 1182
f 1764 1184 1765
f 1765 1184 1766
f 1767 1766 1184
f 1766 1767 1768
f 1769 1768 1767
f 748 1768 1769
f 1770 748 1771
f 1771 748 1772
f 1772 748 1773
f 1773 748 1328
f 1768 748 1774
f 1775 1476 1575
f 1776 1476 1775
f 1777 1476 1776
f 1778 1476 1777
f 1779 1476 1778
f 1476 1779 1780
f 1780 1779 1781
f 1782 1781 1779
f 1781 1782 12
f 1783 12 1782
f 1784 12 1783
f 12 1784 10
f 1785 10 1784
f 10 1785 1786
f 1786 1785 1787
f 1787 1785 8
f 1788 8 1785
f 8 1788 6
f 1789 6 1788
f 6 1789 1188
f 1790 1188 1789
f 1188 1790 1191
f 1791 1191 1790
f 1191 1791 1792
f 1793 1792 1791
f 1792 1793 1794
f 1795 1794 1793
f 1794 1795 1796
f 1796 1795 1797
f 1798 1797 1795
f 1797 1798 1799
f 1800 1799 1798
f 1799 1800 1801
f 1802 1801 1800
f 1803 1801 1802
f 1804 1801 1803
f 1805 1801 1804
f 1806 1801 1805
f 1807 1801 1806
f 1808 1801 1807
f 1809 1801 1808
f 1810 1801 1809
f 1811 1801 1810
f 1812 1801 1811
f 1813 1801 1812
f 1814 1801 1813
f 1815 1801 1814
f 1816 1815 1817
f 1818 1819 1820
f 1821 1818 1822
f 1823 1824 1825
f 1826 1827 1828
f 1829 1830 1831
f 1832 1833 1834
f 1835 1405 1404
f 1405 1835 1836
f 1836 1835 1837
f 1837 1835 1838
f 1839 1838 1835
f 1840 1838 1839
f 1838 1840 1841
f 1841 1840 1842
f 1843 1842 1840
f 1842 1843 1844
f 1844 1843 1834
f 1832 1834 1843
f 1845 1833 1832
f 1833 1845 1831
f 1829 1831 1845
f 1830 1829 1846
f 1659 1846 1829
f 1846 1659 1847
f 1659 1829 1848
f 1659 1848 1849
f 1646 1446 1850
f 1850 1446 1851
f 1851 1446 1852
f 1446 1853 1852
f 1446 1854 1853
f 1446 1849 1854
f 1659 1849 1446
f 1847 1659 1855
f 1856 1855 1659
f 1855 1856 1857
f 1857 1856 1826
f 1826 1856 1827
f 1663 1827 1856
f 1827 1663 1858
f 1856 1659 1652
f 1858 1663 1823
f 1823 1663 1824
f 1859 1824 1663
f 1824 1859 1821
f 1668 1821 1859
f 1859 1663 1660
f 1821 1668 1818
f 1860 1818 1668
f 1861 1818 1860
f 1862 1818 1861
f 1860 1668 1667
f 1863 1818 1862
f 1861 1860 1674
f 1818 1863 1819
f 1864 1674 1673
f 1865 1674 1864
f 1866 1864 1678
f 1867 1678 1677
f 1868 1678 1867
f 1866 1678 1869
f 1870 1867 1333
f 1332 1331 1683
f 1870 1333 1335
f 1867 1870 1871
f 1867 1871 1872
f 1867 1872 1873
f 1867 1873 1874
f 1868 1867 1874
f 1678 1868 1875
f 1678 1875 1869
f 1864 1866 1876
f 1864 1876 1877
f 1674 1865 1861
f 1877 1876 1878
f 1879 1878 1880
f 1881 1880 1882
f 1883 1882 1884
f 1885 1884 1886
f 1887 1886 1888
f 1889 1888 1890
f 1700 1207 1891
f 1207 1892 1891
f 1207 1893 1892
f 1207 1894 1893
f 1207 1895 1894
f 1207 1896 1895
f 1207 1897 1896
f 1207 1898 1897
f 1207 1899 1898
f 1207 1900 1899
f 1207 1901 1900
f 1207 1902 1901
f 1207 1903 1902
f 1904 1903 1207
f 1903 1904 1905
f 1906 1905 1904
f 1907 1905 1906
f 1905 1907 1908
f 1909 1908 1907
f 1908 1909 1890
f 1910 1890 1909
f 1889 1890 1910
f 1888 1889 1911
f 1888 1911 1887
f 1886 1887 1885
f 1884 1885 1883
f 1882 1883 1912
f 1882 1912 1881
f 1880 1881 1913
f 1880 1913 1879
f 1878 1879 1914
f 1878 1914 1877
f 1864 1877 1915
f 1864 1915 1865
f 1916 1819 1863
f 1917 1819 1916
f 1819 1917 1918
f 1918 1917 1816
f 1919 1816 1917
f 1920 1816 1919
f 1816 1920 1815
f 1921 1815 1920
f 1922 1815 1921
f 1815 1922 1801
f 1923 1922 1924
f 1923 1924 1925
f 1923 1925 1926
f 1923 1926 1927
f 1923 1928 1929
f 1923 1930 1931
f 1923 1932 1933
f 1923 1934 1935
f 1922 1923 1801
f 1928 1923 1927
f 1930 1923 1929
f 1932 1923 1931
f 1936 1923 1933
f 1937 1923 1936
f 1934 1923 1937
f 1938 1935 1939
f 1940 1939 1941
f 1935 1938 1923
f 1939 1940 1938
f 1942 1941 1943
f 1178 1943 1944
f 1181 1944 1945
f 1941 1946 1940
f 33 1945 1947
f 36 1947 1948
f 1941 1942 1946
f 1949 1948 1950
f 1943 1178 1942
f 1951 1950 1952
f 15 1952 1953
f 15 1953 1954
f 1944 1181 1178
f 13 1954 1955
f 1945 33 1181
f 666 1955 1956
f 666 1956 1957
f 666 1957 1958
f 1947 36 33
f 666 1958 1959
f 1948 1949 36
f 666 1959 1960
f 666 1960 1961
f 666 1961 1962
f 666 1962 1963
f 666 1963 1964
f 666 1964 1965
f 1955 666 1193
f 1329 666 1966
f 1774 748 1967
f 1966 666 1965
f 1967 748 1968
f 1950 23 1949
f 1968 748 1969
f 1950 21 23
f 1969 748 1970
f 1950 1951 21
f 1970 748 1770
f 1952 15 1951
f 1954 13 15
f 1955 1193 13
f 1557 1412 1971
f 1972 1971 1412
f 1973 1971 1972
f 1971 1973 1974
f 1975 1976 1977
f 1978 1975 1979
f 1628 1979 1626
f 1975 1978 1976
f 1627 1626 1980
f 1627 1980 1981
f 1627 1981 1982
f 1627 1982 1983
f 1979 1628 1978
f 1627 1983 1636
f 1640 1636 1630
f 1984 1985 1986
f 1985 1987 1988
f 1989 1986 1990
f 1991 1988 1987
f 1989 1990 9
f 1992 1988 1991
f 1993 9 11
f 1994 1988 1992
f 1993 11 1995
f 1996 1988 1994
f 1997 1995 1998
f 1999 1988 1996
f 1997 1998 5
f 1988 1999 2000
f 2001 5 7
f 2002 2000 1999
f 2001 7 1190
f 2000 2002 2003
f 2004 1190 1189
f 2003 2002 2005
f 2004 1189 2006
f 2007 2005 2002
f 2005 2007 1198
f 1985 2008 1987
f 1985 2009 2008
f 2010 2006 2011
f 1985 2012 2009
f 1985 1984 2012
f 1986 1989 1984
f 2010 2011 2013
f 9 1993 1989
f 1995 1997 1993
f 2014 2013 2015
f 5 2001 1997
f 2014 2015 2016
f 1190 2004 2001
f 2006 2010 2004
f 2017 2016 2018
f 2013 2014 2010
f 2016 2017 2014
f 2018 2019 2017
f 2018 2020 2019
f 2018 2021 2020
f 2018 2022 2021
f 2018 2023 2022
f 2024 2023 2018
f 2024 2025 2023
f 2024 2026 2025
f 2024 2027 2026
f 2024 2028 2027
f 2029 2028 2024
f 2028 2029 2030
f 2031 2030 2029
f 2032 2030 2031
f 2030 2032 2033
f 2034 2033 2032
f 1180 2033 2034
f 2033 1180 2035
f 1179 2035 1180
f 35 2035 1179
f 2035 35 2036
f 34 2036 35
f 2037 2036 34
f 2036 2037 2038
f 22 2038 2037
f 24 2038 22
f 2039 2040 24
f 2038 24 2040
f 1198 2007 1196
f 2041 1196 2007
f 1196 2041 2042
f 2042 2041 2043
f 2044 2043 2041
f 2043 2044 2045
f 2045 2044 2046
f 2047 2046 2044
f 2046 2047 2
f 2 2047 3
f 2048 3 2047
f 3 2048 18
f 18 2048 19
f 2049 19 2048
f 19 2049 2050
f 2050 2049 1194
f 2051 1194 2049
f 1194 2051 30
f 2052 30 2051
f 2053 30 2052
f 2054 30 2053
f 2055 30 2054
f 2056 30 2055
f 2056 31 30
f 2057 31 2056
f 2058 31 2057
f 2059 31 2058
f 2060 31 2059
f 1200 2060 2061
f 26 2061 2062
f 2063 2062 2064
f 2060 1200 31
f 2065 2064 2066
f 2061 1186 1200
f 2067 2066 2068
f 2069 2068 2070
f 2061 26 1186
f 1183 2070 2071
f 2072 2071 2073
f 868 2073 2074
f 2062 27 26
f 868 2074 2075
f 868 2075 2076
f 868 2076 2077
f 2062 2063 27
f 2078 665 2077
f 14 2040 2039
f 868 2077 665
f 2040 14 2079
f 2073 868 2072
f 16 2079 14
f 2064 2080 2063
f 1192 2079 16
f 2064 2065 2080
f 2079 1192 2081
f 2066 2082 2065
f 665 2081 1192
f 2066 2067 2082
f 2081 665 2083
f 2068 2084 2067
f 2083 665 2085
f 2068 2069 2084
f 2085 665 2086
f 2070 1185 2069
f 2086 665 2078
f 2070 1183 1185
f 2071 2087 1183
f 2071 2072 2087
f 1756 2080 2065
f 2080 1756 1754
f 1942 1180 2034
f 1180 1942 1178
f 1195 2050 1194
f 2050 1195 1595
f 1184 2087 1767
f 2087 1184 1183
f 1760 2084 1762
f 2084 1760 2067
f 1595 19 2050
f 19 1595 17
f 1792 2011 2006
f 2011 1792 1794
f 2000 1474 1988
f 1474 2000 1562
f 1794 2013 2011
f 2013 1794 1796
f 2088 2089 2090
f 2088 2091 2089
f 2088 2092 2091
f 2088 2093 2092
f 2094 2093 2088
f 2095 2093 2094
f 2093 2095 2096
f 2097 2096 2095
f 2094 2088 2098
f 2088 2099 2098
f 2088 2100 2099
f 2088 2101 2100
f 2088 2102 2101
f 2088 2103 2102
f 2088 2104 2103
f 2088 2105 2104
f 2088 2106 2105
f 2088 2107 2106
f 2088 2108 2107
f 2088 2109 2108
f 2088 2110 2109
f 2088 2111 2110
f 2088 2112 2111
f 2088 2113 2112
f 2088 2114 2113
f 2088 2115 2114
f 2088 2116 2115
f 2088 2117 2116
f 2118 2119 2117
f 2119 2120 2121
f 2119 2122 2120
f 2119 2123 2122
f 2119 2118 2123
f 2117 2124 2118
f 2117 2125 2124
f 2117 2126 2125
f 2117 2127 2126
f 2117 2128 2127
f 2129 2128 2117
f 2128 2129 2130
f 2117 2131 2129
f 2117 2132 2131
f 2117 2133 2132
f 2117 2134 2133
f 2117 2135 2134
f 2117 2136 2135
f 2117 2137 2136
f 2117 2138 2137
f 2117 2139 2138
f 2140 2117 2088
f 2117 2141 2139
f 2117 2142 2141
f 2117 2143 2142
f 2117 2144 2143
f 2117 2145 2144
f 2117 2146 2145
f 2117 2140 2146
f 2088 2147 2140
f 2088 2148 2147
f 2149 2148 2088
f 2148 2149 2150
f 2150 2149 2151
f 2152 2153 2154
f 2153 2152 2155
f 2156 2152 2154
f 2157 2152 2156
f 2158 2152 2157
f 2159 2152 2158
f 2160 2152 2159
f 2161 2152 2160
f 2162 2152 2161
f 2163 2152 2162
f 2164 2152 2163
f 2165 2152 2164
f 2166 2152 2165
f 2167 2152 2166
f 2168 2152 2167
f 2169 2152 2168
f 2152 2151 2149
f 2151 2152 2169
f 2170 2171 2172
f 2171 2173 2174
f 2175 2174 2173
f 2174 2175 2176
f 2177 2176 2175
f 2176 2177 2178
f 2179 2178 2177
f 2178 2179 2180
f 2181 2180 2179
f 2182 2183 2181
f 2183 2182 2184
f 2184 2182 2185
f 2186 2182 2187
f 2188 2182 2189
f 2189 2182 2190
f 2187 2182 2188
f 2185 2182 2186
f 2191 2181 2183
f 2180 2181 2191
f 2177 2175 2192
f 2193 2192 2175
f 2192 2193 2194
f 2195 2194 2193
f 2194 2195 2196
f 2197 2196 2195
f 2196 2197 2198
f 2199 2198 2197
f 2198 2199 2200
f 2201 2200 2199
f 2200 2201 2202
f 2202 2201 2203
f 2203 2201 2204
f 2204 2201 2205
f 2205 2201 2206
f 2206 2201 2207
f 2171 2170 2173
f 2152 2149 2172
f 2172 2149 2170
f 2208 2149 2209
f 2170 2149 2208
f 2210 1985 2211
f 1985 2212 2211
f 1985 2213 2212
f 1985 2214 2213
f 1985 2215 2214
f 1985 2216 2215
f 1985 2217 2216
f 1985 2218 2217
f 1985 2219 2218
f 1985 2220 2219
f 1985 2221 2220
f 1985 2222 2221
f 1985 2223 2222
f 1985 2224 2223
f 1985 2225 2224
f 1985 2226 2225
f 1985 2227 2226
f 1985 2228 2227
f 1988 2228 1985
f 2229 1988 2230
f 2231 1988 2229
f 2232 1988 2231
f 2233 1988 2232
f 2234 1988 2233
f 2235 1988 2234
f 2236 1988 2235
f 2237 1988 2236
f 2238 1988 2237
f 2239 1988 2238
f 2240 1988 2239
f 2241 1988 2240
f 2242 1988 2241
f 2243 1988 2242
f 2244 1988 2243
f 2245 1988 2244
f 2228 1988 2245
f 2246 1985 2210
f 1985 2246 1476
f 2247 1476 2246
f 2248 1476 2247
f 2249 1476 2248
f 2250 1476 2249
f 2251 1476 2250
f 2252 1476 2251
f 2253 1476 2252
f 2254 1476 2253
f 2255 1476 2254
f 2256 1476 2255
f 2257 1476 2256
f 2258 2257 2259
f 2260 2259 2261
f 2262 2261 2263
f 2264 2263 2088
f 2265 2088 2090
f 2266 2088 2265
f 2264 2088 2266
f 2263 2264 2262
f 2261 2262 2260
f 2259 2260 2258
f 2257 2258 2267
f 2257 2267 1476
f 2268 1476 2267
f 2269 1476 2268
f 2270 1476 2269
f 2271 1476 2270
f 2272 1476 2271
f 2273 1476 2272
f 2274 1476 2273
f 2275 1476 2274
f 2276 1476 2275
f 2277 1476 2276
f 2278 1476 2277
f 2119 1476 2278
f 2279 2119 2121
f 2280 2119 2279
f 2281 2119 2280
f 2282 2119 2281
f 2283 2119 2282
f 2284 2119 2283
f 2285 2119 2284
f 2286 2119 2285
f 2287 2119 2286
f 2288 2119 2287
f 2289 2119 2288
f 2290 2119 2289
f 2291 2119 2290
f 2292 2119 2291
f 2293 2119 2292
f 2294 2119 2293
f 2295 2119 2294
f 2119 2295 1476
f 2296 1476 2295
f 2297 1476 2296
f 2298 2297 2299
f 2300 2299 2301
f 2302 2301 2303
f 2302 2303 2304
f 2305 2304 2306
f 2307 2306 2308
f 2309 2308 2310
f 2153 2155 2311
f 2312 2311 2155
f 2313 2311 2312
f 2314 2311 2313
f 2315 2311 2314
f 2311 2315 2316
f 2316 2315 2317
f 2318 2317 2315
f 2317 2318 2319
f 2320 2319 2318
f 2319 2320 2321
f 2322 2321 2320
f 2321 2322 2323
f 2324 2323 2322
f 2323 2324 2325
f 2326 2325 2324
f 2325 2326 2327
f 2327 2326 2328
f 2329 2328 2326
f 2328 2329 2330
f 2331 2330 2329
f 2330 2331 2310
f 2309 2310 2331
f 2308 2309 2307
f 2306 2307 2305
f 2304 2305 2302
f 2301 2302 2300
f 2299 2300 2298
f 2297 2298 1476
f 2332 1476 2298
f 2333 1476 2332
f 2334 1476 2333
f 1474 2334 2335
f 1474 2335 2336
f 1474 2336 2337
f 1474 2337 2338
f 2149 2339 2209
f 2149 2340 2339
f 2149 2341 2340
f 2149 2342 2341
f 2343 2342 2149
f 2342 2343 2344
f 2345 2344 2343
f 2344 2345 2346
f 2346 2345 2347
f 2348 2347 2345
f 2347 2348 2349
f 2350 2349 2348
f 2349 2350 2351
f 2352 2351 2350
f 1474 2351 2352
f 1474 2352 2353
f 1988 2354 2230
f 1474 2354 1988
f 2354 1474 2355
f 2355 1474 2356
f 2356 1474 2357
f 2357 1474 2358
f 2358 1474 2359
f 2359 1474 2360
f 2360 1474 2361
f 2361 1474 2362
f 2362 1474 2353
f 2351 1474 2363
f 2363 1474 2364
f 2364 1474 2338
f 2334 1474 1476
f 2096 2097 2365
f 2366 2365 2097
f 2365 2366 2367
f 2368 2367 2366
f 2367 2368 2369
f 2370 2369 2368
f 2371 2369 2370
f 2369 2371 2372
f 2373 2372 2371
f 2372 2373 2374
f 2375 2374 2373
f 2374 2375 2376
f 2377 2376 2375
f 2376 2377 2378
f 2379 2378 2377
f 2379 2380 2378
f 2381 2380 2379
f 2381 2382 2380
f 2383 2382 2381
f 2384 2382 2383
f 2384 2385 2382
f 2386 2385 2384
f 2386 2387 2385
f 2388 2387 2386
f 2388 2389 2387
f 2390 2389 2388
f 2389 2390 2391
f 2129 2392 2130
f 2129 2393 2392
f 2129 2394 2393
f 2129 2395 2394
f 2129 2396 2395
f 2129 2397 2396
f 2129 2398 2397
f 2129 2399 2398
f 2129 2400 2399
f 2129 2401 2400
f 2129 2402 2401
f 2129 2403 2402
f 2129 2404 2403
f 2129 2405 2404
f 2129 2406 2405
f 2129 2407 2406
f 2129 2408 2407
f 2409 2408 2129
f 2408 2409 2410
f 2410 2409 2411
f 2411 2409 2412
f 2413 2409 2414
f 2413 2414 2415
f 2413 2415 2416
f 2409 2417 2412
f 2413 2416 2418
f 2413 2418 2419
f 2413 2419 2420
f 2409 2421 2417
f 2413 2420 2422
f 2413 2422 2423
f 2409 2424 2421
f 2413 2423 2425
f 2426 2425 2427
f 2426 2427 2428
f 2409 2429 2424
f 2426 2428 2430
f 2426 2430 2431
f 2409 2432 2429
f 2426 2431 2433
f 2434 2433 2435
f 2409 2413 2432
f 2434 2435 2436
f 2425 2426 2413
f 2434 2436 2437
f 2433 2434 2426
f 2438 2437 2439
f 2437 2438 2434
f 2440 2439 2441
f 2439 2440 2438
f 2441 2442 2440
f 2441 2443 2442
f 2444 2443 2441
f 2444 2445 2443
f 2444 2446 2445
f 2447 2444 2448
f 2444 2447 2446
f 2448 2449 2447
f 2448 2450 2449
f 2451 2448 2452
f 2448 2451 2450
f 2452 2453 2451
f 2452 2454 2453
f 2455 2452 2456
f 2452 2455 2454
f 2454 2455 2457
f 2458 2457 2455
f 2459 2456 2460
f 2457 2458 2461
f 2462 2461 2458
f 2461 2462 2463
f 2459 2460 2464
f 2463 2462 2465
f 2466 2462 2467
f 2467 2462 2468
f 2456 2459 2455
f 2469 2462 2470
f 2470 2462 2471
f 2468 2462 2469
f 2465 2462 2466
f 2472 2473 2474
f 2473 2475 2476
f 2472 2474 2477
f 2472 2477 2478
f 2479 2478 2480
f 2473 2472 2475
f 2479 2480 2481
f 2479 2481 2482
f 2479 2482 2483
f 2478 2479 2472
f 2484 2476 2475
f 2476 2484 2485
f 2485 2486 2487
f 2487 2486 2488
f 2485 2484 2486
f 2489 2486 2484
f 2490 2489 2491
f 2489 2490 2486
f 2492 2490 2491
f 2493 2492 2494
f 2493 2494 2495
f 2493 2495 2496
f 2492 2493 2490
f 2497 2496 2498
f 2497 2498 2499
f 2496 2497 2493
f 2500 2497 2499
f 2501 2500 2502
f 2501 2502 2503
f 2500 2501 2497
f 2504 2503 2505
f 2506 2505 2507
f 2503 2504 2501
f 2505 2506 2504
f 2508 2507 2509
f 2507 2510 2506
f 2511 2509 2512
f 2507 2508 2510
f 2513 2512 2514
f 2509 2515 2508
f 2516 2514 2517
f 2509 2511 2515
f 2518 2517 2519
f 2512 2520 2511
f 2512 2521 2520
f 2518 2519 2522
f 2512 2523 2521
f 2518 2522 2524
f 2512 2525 2523
f 2518 2524 2526
f 2514 2527 2528
f 2518 2526 2529
f 2514 2516 2527
f 2518 2529 2530
f 2514 2528 2531
f 2518 2530 2532
f 2517 2518 2516
f 2518 2532 2533
f 2512 2534 2525
f 2512 2513 2534
f 2518 2533 2535
f 2514 2531 2536
f 2518 2535 2537
f 2514 2536 2538
f 2514 2538 2513
f 2539 2518 2537
f 2540 2518 2539
f 2541 2518 2540
f 2542 2518 2541
f 2543 2518 2542
f 2544 2518 2543
f 2311 2544 2545
f 2311 2545 2546
f 2311 2546 2547
f 2311 2547 2548
f 2311 2548 2549
f 2311 2549 2550
f 2311 2550 2551
f 2311 2551 2552
f 2311 2552 2553
f 2311 2553 2554
f 2311 2554 2555
f 2311 2555 2556
f 2311 2556 2557
f 2311 2557 2558
f 2311 2558 2559
f 2311 2559 2560
f 2544 2311 2518
f 2561 2311 2560
f 2562 2311 2561
f 2563 2311 2562
f 2564 2311 2563
f 2565 2311 2564
f 2566 2311 2565
f 2567 2311 2566
f 2568 2311 2567
f 2569 2311 2568
f 2570 2311 2569
f 2311 2570 2153
f 2206 2207 2571
f 2572 2573 2574
f 2575 2574 2576
f 2572 2574 2575
f 2573 2572 2577
f 2578 2576 2579
f 2580 2577 2572
f 2576 2578 2575
f 2581 2579 2582
f 2583 2584 2580
f 2585 2583 2586
f 2579 2581 2578
f 2587 2583 2588
f 2588 2583 2589
f 2589 2590 2591
f 2589 2583 2590
f 2586 2583 2587
f 2584 2583 2585
f 2577 2580 2584
f 2575 2592 2572
f 2593 2592 2575
f 2593 2594 2592
f 2593 2595 2594
f 2596 2595 2593
f 2596 2597 2595
f 2596 2598 2597
f 2599 2598 2596
f 2600 2599 2601
f 2599 2600 2598
f 2602 2603 2604
f 2603 2605 2606
f 2607 2604 2608
f 2609 2606 2605
f 2610 2608 2611
f 2604 2607 2602
f 2612 2611 2613
f 2606 2609 2614
f 2612 2613 2615
f 2608 2610 2607
f 2616 2615 2617
f 2618 2619 2609
f 2616 2617 2620
f 2611 2612 2610
f 2616 2620 2621
f 2615 2616 2612
f 2619 2618 2622
f 2623 2624 2625
f 2625 2624 2626
f 2627 2624 2628
f 2626 2624 2627
f 2622 2624 2623
f 2624 2622 2618
f 2614 2609 2619
f 2603 2602 2605
f 2602 2629 2605
f 2630 2629 2602
f 2630 2631 2629
f 2632 2631 2630
f 2632 2633 2631
f 2634 2633 2632
f 2634 2635 2633
f 2636 2635 2634
f 2636 2637 2635
f 2638 2637 2636
f 2639 2637 2638
f 2637 2639 2640
f 1985 1780 1986
f 1780 1985 1476
f 1752 27 2063
f 27 1752 25
f 1940 2032 2031
f 2032 1940 1946
f 1754 2063 2080
f 2063 1754 1752
f 2043 1573 2042
f 1573 2043 1581
f 1181 35 1179
f 35 1181 33
f 2641 2024 2018
f 2024 2642 2643
f 2024 2641 2642
f 2644 2642 2641
f 2642 2644 2645
f 2646 2645 2644
f 2641 2018 2647
f 2018 2648 2647
f 2018 2649 2648
f 2018 2650 2649
f 2018 2651 2650
f 2018 2652 2651
f 2018 2653 2652
f 2018 2654 2653
f 2018 2655 2654
f 2018 2656 2655
f 2018 2657 2656
f 2018 2658 2657
f 2018 2659 2658
f 2018 2660 2659
f 2018 2661 2660
f 2018 2662 2661
f 2018 2663 2662
f 2018 2664 2663
f 2018 2665 2664
f 1801 2665 2018
f 2665 1801 2666
f 2666 1801 2667
f 2667 1801 2668
f 2668 1801 2669
f 2669 1801 2670
f 2670 1801 2671
f 2671 1801 2672
f 2672 1801 2673
f 2673 1801 2674
f 2674 1801 2675
f 2675 1801 2676
f 2677 2678 2679
f 2680 2678 2681
f 2682 2681 2683
f 2678 2684 2679
f 2678 2685 2684
f 2678 2686 2685
f 2678 2687 2686
f 2678 2688 2687
f 2678 2689 2688
f 2678 2690 2689
f 2678 2691 2690
f 2692 2683 2693
f 2678 2694 2691
f 2678 2695 2694
f 2678 2696 2695
f 2678 2697 2696
f 2678 2698 2697
f 2678 2699 2698
f 2678 2700 2699
f 2678 2701 2700
f 2678 2702 2701
f 2676 1801 2693
f 2678 2703 2704
f 2678 2704 2702
f 2704 2703 2705
f 2705 2703 2706
f 2706 2703 2707
f 2707 2703 2708
f 2708 2703 2709
f 2709 2703 2710
f 2710 2703 2711
f 2711 2703 2712
f 2712 2703 2713
f 2713 2703 2714
f 2714 2703 2715
f 2715 2703 2716
f 2716 2703 2717
f 2717 2703 2718
f 2718 2703 2719
f 2719 2703 2720
f 2720 2703 2721
f 2721 2703 2722
f 2722 2703 2723
f 2723 2703 2724
f 2724 2703 2725
f 2725 2703 2726
f 2726 2703 2727
f 2727 2703 2728
f 2728 2703 2729
f 2729 2703 2730
f 2730 2703 2731
f 2732 2731 2703
f 2731 2732 2733
f 2733 2732 2734
f 2734 2732 2735
f 2735 2732 2736
f 2736 2732 2737
f 2737 2732 2738
f 2738 2732 2739
f 2739 2732 2740
f 2740 2732 2741
f 2742 2743 2744
f 2745 2743 2746
f 2747 2748 2745
f 2748 2749 2750
f 2750 2751 2752
f 2753 2752 2751
f 2754 2744 2755
f 2752 2753 2756
f 2757 2755 2758
f 2756 2753 2759
f 2732 2758 2760
f 2751 2750 2749
f 2759 2761 2762
f 2732 2760 2763
f 2762 2761 2764
f 2732 2763 2765
f 2761 2759 2753
f 2766 2767 2761
f 2732 2765 2768
f 2764 2761 2767
f 2732 2768 2769
f 2767 2766 2770
f 2741 2732 2771
f 2758 2732 2757
f 2749 2748 2747
f 2770 2766 2772
f 2773 2774 2766
f 2774 2773 2775
f 2775 2773 2776
f 2776 2773 2777
f 2777 2778 2779
f 2779 2778 2780
f 2781 2780 2778
f 2771 2732 2769
f 2782 2693 1801
f 2678 2783 2703
f 2678 2784 2783
f 2678 2785 2784
f 2678 2786 2785
f 2678 2787 2786
f 2678 2680 2787
f 2681 2682 2680
f 2683 2692 2682
f 2693 2782 2692
f 2782 1801 2788
f 2788 1801 2789
f 2790 1801 2791
f 2792 1801 2790
f 2793 1801 2792
f 2794 1801 2793
f 2795 1801 2794
f 2796 1801 2795
f 2789 1801 2796
f 2797 2024 2643
f 2798 2024 2797
f 2799 2024 2798
f 2800 2024 2799
f 2801 2024 2800
f 2802 2024 2801
f 2803 2024 2802
f 2804 2024 2803
f 2805 2024 2804
f 2806 2024 2805
f 2807 2024 2806
f 2808 2024 2807
f 2809 2024 2808
f 2810 2024 2809
f 2811 2024 2810
f 2812 2024 2811
f 2813 2024 2812
f 2814 2024 2813
f 2815 2024 2814
f 1923 2815 2816
f 2817 2816 2818
f 2819 2818 2820
f 2821 2820 2822
f 2823 2822 2824
f 2825 2824 2826
f 2827 2826 2828
f 2829 2828 2830
f 2831 2830 2832
f 2833 2834 2835
f 2836 2837 2838
f 2836 2838 2839
f 2836 2839 2840
f 2836 2840 2841
f 2842 2841 2843
f 2844 2843 2845
f 2678 2677 2845
f 2846 2845 2677
f 2847 2845 2846
f 2848 2677 2849
f 2848 2849 2850
f 2848 2850 2851
f 2677 2848 2846
f 2852 2835 2853
f 2835 2852 2854
f 2854 2855 2856
f 2857 2856 2855
f 2856 2857 2858
f 2859 2860 2861
f 2860 2859 2862
f 2863 2862 2859
f 2864 2862 2863
f 2862 2864 2865
f 2866 2865 2864
f 2865 2866 2832
f 2867 2832 2866
f 2831 2832 2867
f 2830 2831 2868
f 2830 2868 2869
f 2830 2869 2829
f 2828 2829 2870
f 2828 2870 2871
f 2828 2871 2827
f 2826 2827 2872
f 2826 2872 2825
f 2824 2825 2873
f 2824 2873 2823
f 2822 2823 2874
f 2822 2874 2821
f 2820 2821 2819
f 2818 2819 2875
f 2818 2875 2817
f 2816 2817 2876
f 2816 2876 2877
f 2877 2876 2878
f 2877 2878 2879
f 2877 2879 2880
f 2877 2880 2881
f 2877 2881 2882
f 2877 2882 2883
f 2877 2883 2884
f 2877 2884 2885
f 2877 2885 2886
f 2877 2886 2887
f 2877 2887 2888
f 2877 2888 2889
f 2877 2889 2890
f 2877 2890 2891
f 2877 2892 2893
f 2877 2894 2892
f 2877 2895 2894
f 2877 2891 2895
f 2816 2877 1923
f 2896 2897 2898
f 2897 2896 2899
f 2899 2896 1923
f 1923 2896 2791
f 1923 2791 1801
f 2815 1923 2024
f 2899 1923 2877
f 2645 2646 2900
f 2901 2900 2646
f 2900 2901 2902
f 2903 2902 2901
f 2902 2903 2904
f 2905 2904 2903
f 2904 2905 2906
f 2907 2906 2905
f 2907 2908 2906
f 2909 2908 2907
f 2910 2908 2909
f 2910 2911 2908
f 2912 2911 2910
f 2913 2912 2914
f 2912 2913 2911
f 2915 2914 2916
f 2917 2916 2918
f 2914 2915 2913
f 2919 2918 2920
f 2919 2920 2921
f 2916 2917 2915
f 2922 2921 2923
f 2918 2919 2917
f 2924 2923 2925
f 2921 2922 2919
f 2923 2924 2922
f 2925 2926 2924
f 2925 2927 2926
f 2925 2928 2927
f 2929 2928 2925
f 2928 2929 2930
f 2930 2929 2931
f 2932 2931 2929
f 2931 2932 2933
f 2934 2933 2932
f 2933 2934 2935
f 2936 2935 2934
f 2937 2936 2938
f 2936 2937 2935
f 2937 2938 2939
f 2935 2937 2940
f 2937 2939 2941
f 2940 2937 2942
f 2937 2941 2943
f 2942 2937 2944
f 2937 2943 2945
f 2944 2937 2946
f 2937 2945 2947
f 2937 2947 2837
f 2946 2937 2948
f 2948 2937 2949
f 2949 2937 2833
f 2950 2833 2937
f 2834 2833 2950
f 2951 2780 2781
f 2755 2757 2952
f 2780 2951 2953
f 2755 2952 2954
f 2955 2951 2956
f 2755 2954 2957
f 2755 2957 2958
f 2956 2951 2959
f 2755 2958 2960
f 2755 2960 2754
f 2961 2951 2962
f 2744 2754 2963
f 2744 2963 2964
f 2959 2951 2961
f 2744 2964 2965
f 2744 2965 2966
f 2953 2951 2955
f 2744 2966 2967
f 2744 2967 2742
f 2778 2773 2968
f 2743 2742 2746
f 2743 2745 2748
f 2778 2777 2773
f 2772 2766 2774
f 2961 2962 2969
f 2970 2971 2972
f 2971 2968 2773
f 2968 2971 2970
f 2973 2974 2975
f 2976 2974 2973
f 2976 2977 2974
f 2978 2977 2976
f 2978 2979 2977
f 2980 2979 2978
f 2981 2979 2980
f 2981 2982 2979
f 2983 2982 2981
f 2984 2983 2985
f 2983 2984 2982
f 2986 2984 2985
f 2987 2986 2988
f 2986 2987 2984
f 2989 2987 2988
f 2989 2990 2987
f 2991 2990 2989
f 2991 2992 2990
f 2991 2993 2992
f 2994 2993 2991
f 2995 2993 2994
f 2996 2993 2995
f 2997 2996 2998
f 2997 2998 2999
f 2996 2997 2993
f 3000 3001 3002
f 3001 3000 3003
f 3004 3005 3006
f 3007 3008 3009
f 3010 3008 3007
f 3008 3010 3011
f 3012 3009 3013
f 3011 3010 3014
f 3015 3014 3010
f 3016 3013 3017
f 3014 3015 3018
f 3018 3015 3019
f 3020 3017 3021
f 3022 3019 3015
f 3019 3022 3023
f 3024 3021 3025
f 3023 3022 3026
f 3026 3022 3027
f 3028 3025 3029
f 3027 3022 3030
f 3030 3022 3031
f 3028 3029 3032
f 3031 3022 3033
f 3033 3022 3034
f 3025 3028 3024
f 3035 3034 3022
f 3034 3035 3036
f 3021 3024 3037
f 3038 3024 3039
f 3009 3040 3007
f 3041 3039 3042
f 3043 2863 3044
f 2863 3043 2864
f 3045 2859 2861
f 3046 3045 3047
f 3045 3046 2859
f 3048 3046 3047
f 3049 3046 3048
f 3050 3046 3049
f 3051 3046 3050
f 3052 3051 3053
f 3052 3053 3054
f 3051 3052 3046
f 3055 3052 3054
f 3052 3055 3056
f 2855 3057 2857
f 2855 3058 3057
f 2855 3059 3058
f 2855 3060 3059
f 2855 3061 3060
f 3062 3061 2855
f 3061 3062 3063
f 3063 3062 3064
f 3064 3062 3065
f 3065 3062 3066
f 3062 3067 3066
f 3062 3068 3067
f 3062 3069 3068
f 3062 3070 3069
f 3070 3062 3071
f 2858 2861 2860
f 2861 2858 2857
f 2855 2854 2852
f 3072 2852 2853
f 3073 2852 3072
f 3074 2852 3073
f 3075 2852 3074
f 3076 2852 3075
f 3077 2852 3076
f 3078 2852 3077
f 3079 2852 3078
f 3080 2852 3079
f 3081 2852 3080
f 3082 2852 3081
f 3083 2852 3082
f 3084 2852 3083
f 3085 2852 3084
f 3086 2852 3085
f 3087 3086 3088
f 3087 3088 3089
f 3005 3090 3006
f 3005 3091 3090
f 3005 3092 3091
f 3005 3093 3092
f 3005 3094 3093
f 3087 3094 3005
f 3094 3087 3095
f 3095 3087 3096
f 3096 3087 3097
f 3097 3087 3098
f 3098 3087 3099
f 3099 3087 3100
f 3100 3087 3101
f 3086 3087 2852
f 3102 3087 3089
f 3103 3087 3102
f 3104 3087 3103
f 3105 3087 3104
f 3106 3087 3105
f 3107 3087 3106
f 3108 3087 3107
f 3109 3087 3108
f 3110 3087 3109
f 3111 3087 3110
f 3112 3087 3111
f 3113 3087 3112
f 3101 3087 3113
f 3114 2845 2847
f 3115 2848 2851
f 3116 2848 3115
f 3117 2848 3116
f 3118 2848 3117
f 3119 2848 3118
f 3120 2848 3119
f 3121 2848 3120
f 3122 2848 3121
f 3123 2848 3122
f 3124 2848 3123
f 3125 2848 3124
f 3126 2848 3125
f 3127 2848 3126
f 3128 2848 3127
f 3129 3042 3130
f 3129 3130 3131
f 3132 3131 3133
f 3132 3133 3134
f 3132 3134 3135
f 3132 3135 3136
f 3132 3136 3137
f 3009 3012 3040
f 3131 3132 3129
f 3042 3129 3041
f 3039 3041 3038
f 3024 3038 3037
f 3021 3037 3020
f 3017 3020 3138
f 3017 3138 3139
f 3017 3139 3016
f 3013 3016 3140
f 3013 3140 3141
f 3013 3141 3012
f 3036 3035 3142
f 3142 3035 3143
f 3143 3035 3144
f 3144 3035 3145
f 3145 3035 3146
f 3146 3035 3147
f 3148 3147 3035
f 3149 3147 3148
f 3150 3147 3149
f 3151 3147 3150
f 3152 3147 3151
f 3153 3147 3152
f 3154 3147 3153
f 3155 3147 3154
f 3156 3147 3155
f 3147 3156 3128
f 3157 3128 3156
f 3158 3128 3157
f 3159 3128 3158
f 3160 3128 3159
f 3161 3128 3160
f 3162 3128 3161
f 3163 3128 3162
f 3164 3128 3163
f 3165 3128 3164
f 3166 3128 3165
f 3167 3128 3166
f 3168 3128 3167
f 3169 3128 3168
f 3170 3128 3169
f 3171 3128 3170
f 3172 3128 3171
f 3173 3128 3172
f 3174 3128 3173
f 3128 3174 2848
f 3175 2848 3174
f 3176 2848 3175
f 3177 2848 3176
f 3178 2848 3177
f 3179 2848 3178
f 2897 3179 3180
f 2897 3180 3181
f 2897 3181 3182
f 2897 3182 3183
f 2897 3183 3184
f 2897 3184 3185
f 3179 2897 2848
f 3186 2897 3185
f 3187 2897 3186
f 3188 2897 3187
f 3189 2897 3188
f 3190 2897 3189
f 3191 2897 3190
f 3192 2897 3191
f 3193 2897 3192
f 3194 2897 3193
f 3195 2897 3194
f 3196 2897 3195
f 3197 2897 3196
f 2898 2897 3198
f 3198 2897 3197
f 3199 2845 3114
f 3200 2845 3199
f 3201 2845 3200
f 3202 2845 3201
f 3203 2845 3202
f 3204 2845 3203
f 3205 2845 3204
f 2853 2835 3206
f 3206 2835 2834
f 3207 2845 3205
f 3208 2845 3207
f 3209 2845 3208
f 3210 2845 3209
f 3211 2845 3210
f 3212 2845 3211
f 3213 2845 3212
f 3214 2845 3213
f 3215 2845 3214
f 3216 2845 3215
f 3217 2845 3216
f 3218 2845 3217
f 3219 2845 3218
f 3220 2845 3219
f 3221 2845 3220
f 3222 2845 3221
f 3223 2845 3222
f 3224 2845 3223
f 3225 2845 3224
f 3226 2845 3225
f 3227 2845 3226
f 3228 2845 3227
f 2844 2845 3228
f 2843 2844 2842
f 2841 2842 3229
f 2841 3229 2836
f 2836 3229 3230
f 2836 3230 3231
f 2836 3231 3232
f 2836 3232 3233
f 2836 3233 3234
f 2836 3234 3235
f 2836 3235 3236
f 2836 3236 3237
f 2836 3237 3238
f 2836 3238 3239
f 2837 2836 2937
f 2836 3087 3005
f 2836 2999 3087
f 2836 2997 2999
f 2836 3044 2997
f 2836 3043 3044
f 2836 3000 3043
f 2836 3003 3000
f 2836 2877 3003
f 2836 2899 2877
f 2899 2836 3239
f 3240 3241 3242
f 3243 3241 3244
f 3245 3241 3243
f 3241 3245 3246
f 3247 3246 3245
f 3248 3249 3247
f 3250 3248 3251
f 3251 3252 3253
f 3254 3253 3252
f 3255 3254 3256
f 3256 3254 3257
f 3258 3254 3259
f 3260 3254 3261
f 3259 3254 3260
f 3257 3254 3258
f 3253 3254 3255
f 3252 3251 3248
f 3249 3248 3250
f 3246 3247 3249
f 3243 3244 3262
f 3262 3244 3263
f 3263 3244 3264
f 3264 3244 3265
f 3265 3244 3266
f 3266 3244 3267
f 3268 3267 3244
f 3267 3268 3269
f 3269 3268 3270
f 3270 3268 3271
f 3271 3268 3272
f 3272 3268 3273
f 3273 3268 3274
f 3274 3268 3275
f 3275 3268 3276
f 3277 3268 3278
f 3241 3240 3244
f 3276 3268 3277
f 3279 3280 3281
f 3280 3282 3283
f 3284 3283 3282
f 3285 3283 3284
f 3286 3283 3285
f 3283 3286 3287
f 3288 3287 3286
f 3289 3287 3288
f 3290 3291 3289
f 3291 3290 3292
f 3293 3294 3295
f 3292 3294 3293
f 3294 3292 3290
f 3287 3289 3291
f 3289 3288 3296
f 3297 3296 3288
f 3296 3297 3298
f 3298 3297 3299
f 3299 3297 3300
f 3300 3297 3301
f 3301 3297 3302
f 3303 3297 3304
f 3304 3297 3305
f 3306 3297 3307
f 3307 3297 3308
f 3305 3297 3306
f 3280 3279 3282
f 3302 3297 3303
f 3309 3310 3311
f 3310 3312 3313
f 3314 3313 3312
f 3315 3313 3314
f 3316 3313 3315
f 3313 3316 3317
f 3317 3318 3319
f 3320 3319 3318
f 3321 3320 3322
f 3323 3320 3321
f 3319 3320 3323
f 3318 3317 3316
f 3316 3315 3324
f 3325 3324 3315
f 3324 3325 3326
f 3327 3326 3325
f 3326 3327 3328
f 3329 3328 3327
f 3328 3329 3330
f 3330 3329 3331
f 3332 3329 3333
f 3333 3329 3334
f 3335 3336 3337
f 3338 3329 3335
f 3335 3329 3336
f 3334 3329 3338
f 3310 3309 3312
f 3331 3329 3332
f 1923 2029 2024
f 2029 1923 1938
f 15 2039 1951
f 2039 15 14
f 1946 2034 2032
f 2034 1946 1942
f 1758 2067 1760
f 2067 1758 2082
f 1796 2015 2013
f 2015 1796 1797
f 1193 16 13
f 16 1193 1192
f 1191 2006 1189
f 2006 1191 1792
f 1949 34 36
f 34 1949 2037
f 1767 2072 1769
f 2072 1767 2087
f 23 2037 1949
f 2037 23 22
f 1198 1567 2005
f 1567 1198 1197
f 1763 1185 1182
f 1185 1763 2069
f 2005 1565 2003
f 1565 2005 1567
f 1201 31 1200
f 31 1201 29
f 1762 2069 1763
f 2069 1762 2084
f 1990 12 9
f 12 1990 1781
f 1758 2065 2082
f 2065 1758 1756
f 1938 2031 2029
f 2031 1938 1940
f 2042 1199 1196
f 1199 2042 1573
f 1769 868 748
f 868 1769 2072
f 1589 2045 2046
f 2045 1589 1584
f 1998 8 5
f 8 1998 1787
f 1995 1787 1998
f 1787 1995 1786
f 11 1786 1995
f 1786 11 10
f 1799 2018 2016
f 2018 1799 1801
f 1986 1781 1990
f 1781 1986 1780
f 6 1190 7
f 1190 6 1188
f 1797 2016 2015
f 2016 1797 1799
f 4 2046 2
f 2046 4 1589
f 1951 24 21
f 24 1951 2039
f 2003 1562 2000
f 1562 2003 1565
f 2045 1581 2043
f 1581 2045 1584
f 2068 3339 2070
f 3339 2068 3340
f 3341 2053 2052
f 2053 3341 3342
f 3343 2002 3344
f 2002 3343 2007
f 2081 3345 2079
f 3345 2081 3346
f 3347 2059 2058
f 2059 3347 3348
f 3349 2020 2021
f 2020 3349 3350
f 3351 2026 2027
f 2026 3351 3352
f 2075 3353 2076
f 3353 2075 3354
f 3355 2062 2061
f 2062 3355 3356
f 3357 1996 3358
f 1996 3357 1999
f 3359 1992 3360
f 1992 3359 1994
f 3361 2035 2036
f 2035 3361 3362
f 3363 3364 3365
f 3365 3366 3367
f 3365 3368 3369
f 3368 3365 3370
f 3371 3372 3373
f 3372 3371 3363
f 3373 2055 3374
f 3375 3374 2055
f 3376 3377 3378
f 3377 3376 3371
f 3364 3371 3376
f 3371 3364 3363
f 3374 3378 3377
f 3378 3374 3375
f 2055 3379 3375
f 3364 3376 3379
f 3380 3365 3364
f 3365 3380 3366
f 3364 3379 2055
f 3372 2055 3373
f 2055 3372 2056
f 3369 2056 3372
f 3368 2056 3369
f 3381 2056 3368
f 3382 3381 3383
f 3365 3367 3370
f 3370 3367 3383
f 3382 3383 3367
f 3381 3382 2056
f 3384 2056 3382
f 3384 3380 2056
f 3366 3380 3384
f 3344 1999 3357
f 1999 3344 2002
f 3362 2033 2035
f 2033 3362 3385
f 2083 3346 2081
f 3346 2083 3386
f 3387 3388 1987
f 3389 3388 3387
f 3390 3391 3392
f 3393 3388 3394
f 3388 3392 3391
f 3392 3388 3393
f 3388 3395 3394
f 3388 3396 3395
f 3388 3389 3396
f 3387 3397 3389
f 3387 3398 3397
f 3387 3399 3398
f 3387 3400 3399
f 3387 3401 3400
f 3387 3402 3401
f 3387 3403 3402
f 3387 3404 3403
f 3387 3405 3404
f 3387 3406 3405
f 3387 3407 3406
f 3387 3408 3407
f 3387 3409 3408
f 3410 3409 3387
f 3409 3410 3411
f 3411 3410 3412
f 3412 3410 3413
f 3414 3415 3416
f 3417 3415 3414
f 3418 3415 3417
f 3419 3415 3418
f 3420 3415 3419
f 3421 3415 3420
f 3422 3415 3421
f 3423 3415 3422
f 3410 3423 3424
f 3410 3424 3425
f 3410 3425 3426
f 3410 3426 3427
f 3413 3410 3427
f 3423 3410 3415
f 1991 3428 3410
f 3415 3410 3428
f 3429 1987 3388
f 3430 1987 3429
f 3431 3391 3390
f 3432 3391 3431
f 3433 3391 3432
f 3434 3391 3433
f 3435 3391 3434
f 3436 3391 3435
f 3437 3391 3436
f 3438 3391 3437
f 3439 3391 3438
f 3440 3391 3439
f 3441 3391 3440
f 3442 3391 3441
f 3391 3442 3430
f 3443 3430 3442
f 3444 3430 3443
f 3445 3430 3444
f 3446 3430 3445
f 3447 3430 3446
f 3448 3430 3447
f 3449 3448 3450
f 3449 3450 3451
f 3449 3451 3452
f 3415 3453 3416
f 3415 3454 3453
f 3415 3455 3454
f 3415 3456 3455
f 3415 3457 3456
f 3449 3457 3415
f 3457 3449 3458
f 3458 3449 3459
f 3459 3449 3460
f 3460 3449 3461
f 3461 3449 3462
f 3462 3449 3463
f 3463 3449 3452
f 3448 3449 3430
f 3449 1987 3430
f 1991 3449 3464
f 3449 1991 1987
f 3428 1991 3464
f 3465 3466 3467
f 3466 3468 3467
f 3466 3469 3468
f 3466 3470 3469
f 3466 3471 3470
f 3466 3472 3471
f 3466 3473 3472
f 3474 3466 3475
f 3466 3474 3473
f 3466 2023 3476
f 3477 3476 2023
f 3478 3475 3479
f 3475 3480 3474
f 3475 3481 3480
f 3475 3482 3481
f 3475 3483 3482
f 3475 3484 3483
f 3475 3485 3484
f 3475 3486 3485
f 3475 3487 3486
f 3475 3488 3487
f 3475 3489 3488
f 3478 3479 3477
f 3476 3477 3479
f 2023 3490 3477
f 3491 3492 3490
f 3492 3493 3494
f 3492 3495 3493
f 3492 3496 3495
f 3492 3497 3496
f 3492 3498 3497
f 3492 3491 3498
f 3498 3491 3499
f 3499 3491 3500
f 3500 3491 3501
f 3501 3491 3502
f 3503 3491 3504
f 3502 3491 3503
f 3491 3490 2023
f 3505 2023 3466
f 2023 3505 2022
f 3506 2022 3505
f 3507 3506 3508
f 3509 3505 3510
f 3511 3512 3513
f 3514 3513 3515
f 3516 3515 3517
f 3518 3517 3519
f 3520 3519 3521
f 3522 3505 3509
f 3523 3505 3522
f 3524 3505 3523
f 3525 3505 3524
f 3526 3505 3525
f 3527 3505 3526
f 3528 3505 3527
f 3529 3505 3528
f 3505 3529 3530
f 3531 3530 3529
f 3532 3530 3531
f 3533 3530 3532
f 3534 3530 3533
f 3535 3530 3534
f 3536 3530 3535
f 3537 3530 3536
f 3538 3530 3537
f 3539 3530 3538
f 3540 3530 3539
f 3506 3507 2022
f 3541 2022 3507
f 3542 2022 3541
f 3508 3543 3544
f 3543 3545 3546
f 3543 3546 3547
f 3543 3547 3548
f 3549 3550 3551
f 3551 3550 3552
f 3553 3552 3550
f 3552 3553 3554
f 3555 3554 3553
f 3554 3555 3556
f 3557 3556 3555
f 3543 3556 3491
f 3556 3557 3491
f 3491 3557 3558
f 3491 3558 3504
f 3556 3543 3548
f 3542 3543 2022
f 3544 3543 3542
f 3559 3466 3465
f 3560 3466 3559
f 3510 3466 3560
f 3510 3560 3561
f 3510 3561 3562
f 3510 3562 3563
f 3510 3563 3564
f 3466 3510 3505
f 3510 3564 3512
f 3565 3530 3540
f 3566 3530 3565
f 3567 3530 3566
f 3568 3530 3567
f 3569 3530 3568
f 3570 3530 3569
f 3571 3530 3570
f 3572 3530 3571
f 3530 3572 3508
f 3508 3572 3543
f 3543 3572 3573
f 3543 3573 3574
f 3508 3544 3507
f 3543 3575 3545
f 3543 3574 3575
f 3512 3576 3510
f 3512 3577 3576
f 3512 3578 3577
f 3512 3579 3578
f 3512 3580 3579
f 3512 3511 3580
f 3581 3521 3582
f 3513 3514 3511
f 3515 3516 3514
f 3517 3583 3516
f 3517 3518 3583
f 3584 3582 3585
f 3519 3520 3518
f 3521 3581 3520
f 3582 3584 3581
f 3586 3585 3587
f 3585 3588 3584
f 3585 3586 3588
f 3589 3587 3590
f 3587 3591 3586
f 3587 3589 3591
f 3590 3592 3589
f 3593 3592 3590
f 3592 3593 3594
f 3593 3595 3594
f 3596 3595 3593
f 3595 3596 3597
f 3598 3597 3596
f 3597 3598 3599
f 3600 3599 3598
f 3599 3600 3601
f 3601 3600 3602
f 3603 3602 3600
f 3602 3603 3604
f 3605 3604 3603
f 3604 3605 3606
f 3607 3606 3605
f 3606 3607 3608
f 3609 3608 3607
f 3608 3609 3610
f 3611 3610 3609
f 3550 3549 3611
f 3610 3611 3549
f 3475 3478 3489
f 3492 3489 3478
f 3489 3492 3612
f 3612 3492 3613
f 3613 3492 3614
f 3614 3492 3494
f 2066 3340 2068
f 3340 2066 3615
f 3616 3617 3618
f 3619 3617 3616
f 3620 3617 3619
f 3621 3617 3620
f 3622 3617 3621
f 3623 3617 3622
f 3617 3623 3624
f 3625 3626 3627
f 3625 3628 3626
f 3625 3629 3628
f 3625 3630 3629
f 3625 3631 3630
f 3625 3632 3631
f 3632 3625 3633
f 3625 2078 3634
f 2078 3635 3634
f 3635 3636 3637
f 3635 3638 3636
f 3635 3639 3638
f 3635 3640 3639
f 3635 3641 3640
f 3635 3642 3641
f 3635 3643 3642
f 3635 3644 3643
f 3645 3644 3635
f 3644 3645 3646
f 3647 3648 3649
f 3650 3647 3651
f 3652 3651 3653
f 3654 3653 3655
f 3656 3655 3657
f 3658 3657 3659
f 3660 3646 3645
f 3647 3650 3648
f 3651 3652 3650
f 3653 3654 3652
f 3655 3656 3654
f 3657 3658 3656
f 3659 3661 3658
f 3659 3660 3661
f 3646 3660 3659
f 3662 3645 3635
f 3645 3662 3663
f 3663 3662 3664
f 3664 3662 3665
f 3665 3662 3666
f 3666 3662 3667
f 3667 3662 3668
f 3668 3662 3669
f 2078 3662 3635
f 2077 3662 2078
f 3670 2077 3617
f 3662 2077 3670
f 2078 3625 3671
f 3672 3625 3627
f 3673 3625 3672
f 3674 3625 3673
f 3675 3625 3674
f 3625 3675 3671
f 3676 3671 3675
f 3677 3671 3676
f 3678 3671 3677
f 3679 3671 3678
f 3680 3671 3679
f 3681 3671 3680
f 3682 3671 3681
f 3683 3671 3682
f 3684 3671 3683
f 3685 3671 3684
f 3686 3671 3685
f 3687 3671 3686
f 3688 3671 3687
f 3689 3671 3688
f 3690 3689 3691
f 3692 3691 3693
f 3694 3693 3695
f 3648 3696 3649
f 3697 3696 3648
f 3696 3697 3698
f 3699 3698 3697
f 3698 3699 3700
f 3701 3700 3699
f 3700 3701 3702
f 3703 3702 3701
f 3702 3703 3704
f 3705 3704 3703
f 3704 3705 3706
f 3707 3706 3705
f 3706 3707 3708
f 3709 3708 3707
f 3708 3709 3710
f 3711 3710 3709
f 3710 3711 3712
f 3713 3712 3711
f 3712 3713 3714
f 3715 3714 3713
f 3714 3715 3695
f 3716 3695 3715
f 3694 3695 3716
f 3693 3694 3692
f 3690 3691 3692
f 3689 3690 3671
f 3717 3690 3718
f 3717 3718 3719
f 3717 3719 3720
f 3717 3720 3721
f 3717 3721 3722
f 3617 3723 3618
f 3617 3724 3723
f 3617 3725 3724
f 3617 3726 3725
f 3717 3726 3617
f 3726 3717 3727
f 3727 3717 3728
f 3717 3617 2077
f 3728 3717 3729
f 3729 3717 3730
f 3690 3717 3671
f 3731 3717 3722
f 3732 3717 3731
f 3733 3717 3732
f 3734 3717 3733
f 3730 3717 3734
f 3669 3662 3735
f 3736 2009 3737
f 2009 3736 2008
f 3738 2014 2017
f 2014 3738 3739
f 3348 2060 2059
f 2060 3348 3740
f 3741 2001 3742
f 2001 3741 1997
f 3350 2019 2020
f 2019 3350 3743
f 3744 2055 2054
f 2055 3744 3364
f 3739 2010 2014
f 2010 3739 3745
f 2079 3746 2040
f 3746 2079 3345
f 3385 2030 2033
f 2030 3385 3747
f 2086 3748 2085
f 3748 2086 3749
f 3750 2023 2025
f 2023 3750 3491
f 3751 2052 2051
f 2052 3751 3341
f 3342 2054 2053
f 2054 3342 3744
f 3752 2001 2004
f 2001 3752 3742
f 3745 2004 2010
f 2004 3745 3752
f 3753 1997 3741
f 1997 3753 1993
f 2085 3386 2083
f 3386 2085 3748
f 3743 2017 2019
f 2017 3743 3738
f 2073 3754 2074
f 3754 2073 3755
f 3756 2058 2057
f 2058 3756 3347
f 3352 2025 2026
f 2025 3352 3750
f 3380 2057 2056
f 2057 3380 3756
f 3360 1991 3410
f 1991 3360 1992
f 3358 1994 3359
f 1994 3358 1996
f 2040 3757 2038
f 3757 2040 3746
f 3758 1989 3759
f 1989 3758 1984
f 3760 2066 2064
f 2066 3760 3615
f 2070 3761 2071
f 3761 2070 3339
f 3543 2021 2022
f 2021 3543 3349
f 3356 2064 2062
f 2064 3356 3760
f 3762 2048 2047
f 2048 3762 3763
f 3747 2028 2030
f 2028 3747 3764
f 3765 2051 2049
f 2051 3765 3751
f 3766 3767 3768
f 3769 3770 3771
f 3772 3767 3766
f 3769 3773 3770
f 3774 3767 3772
f 3769 3775 3773
f 3776 3767 3774
f 3769 3777 3775
f 3778 3767 3776
f 3769 3779 3777
f 3780 3767 3778
f 3769 3781 3779
f 3782 3767 3780
f 3769 3783 3781
f 3784 3767 3782
f 3769 3785 3783
f 3786 3767 3784
f 3769 3787 3785
f 3788 3767 3786
f 3769 3789 3787
f 3790 3767 3788
f 3769 3791 3789
f 3792 3767 3790
f 3769 3793 3791
f 3794 3767 3792
f 3769 3795 3793
f 3796 3767 3794
f 3769 3797 3795
f 3767 3796 3769
f 3769 3798 3797
f 3799 3769 3796
f 3769 3799 3798
f 3800 3799 3796
f 3800 3801 3799
f 3802 3801 3800
f 3802 3803 3801
f 3804 3803 3802
f 3804 3805 3803
f 3806 3805 3804
f 3806 3807 3805
f 3808 3807 3806
f 3808 3809 3807
f 3810 3809 3808
f 3810 3811 3809
f 3812 3811 3810
f 3812 3813 3811
f 3814 3813 3812
f 3814 3815 3813
f 3816 3815 3814
f 3816 3817 3815
f 3671 3816 3818
f 3816 3671 3817
f 3671 3818 3819
f 3717 3817 3671
f 3671 3819 3820
f 3817 3717 3821
f 3671 3820 3822
f 3821 3717 3823
f 3671 3822 3824
f 3823 3717 3825
f 3671 3824 3826
f 3825 3717 3827
f 3671 3826 3828
f 3827 3717 3829
f 3830 3831 3832
f 3831 3833 3832
f 3831 3834 3833
f 3831 3835 3834
f 3831 3836 3835
f 3831 3837 3836
f 3831 3838 3837
f 3831 3839 3838
f 3831 3840 3839
f 3831 3841 3840
f 3831 3842 3841
f 3831 3843 3842
f 3831 3844 3843
f 3831 3845 3844
f 3846 3845 3831
f 3845 3846 3847
f 3847 3846 3848
f 3848 3846 3849
f 3849 3846 3850
f 3850 3846 3851
f 3851 3846 3852
f 3852 3846 3853
f 3853 3846 3854
f 3854 3846 3855
f 3855 3846 3856
f 3856 3846 3857
f 3857 3846 3858
f 3858 3846 3859
f 3859 3846 3860
f 3860 3846 3861
f 3846 3862 3863
f 3864 3846 3865
f 3866 3846 3864
f 3862 3846 3866
f 3861 3846 3863
f 3867 3868 3869
f 3868 3870 3869
f 3868 3871 3870
f 3868 3872 3871
f 3868 3873 3872
f 3868 3874 3873
f 3868 3875 3874
f 3868 3876 3875
f 3868 3877 3876
f 3868 3878 3877
f 3868 3879 3878
f 3868 3880 3879
f 3868 3881 3880
f 3868 3882 3881
f 3883 3882 3868
f 3882 3883 3884
f 3884 3883 3885
f 3885 3883 3886
f 3886 3883 3887
f 3887 3883 3888
f 3888 3883 3889
f 3889 3883 3890
f 3890 3883 3891
f 3891 3883 3892
f 3892 3883 3893
f 3893 3883 3894
f 3894 3883 3895
f 3895 3883 3896
f 3896 3883 3897
f 3897 3883 3898
f 3883 3899 3900
f 3901 3883 3902
f 3903 3883 3901
f 3899 3883 3903
f 3898 3883 3900
f 3904 3905 3906
f 3905 3907 3906
f 3905 3908 3907
f 3905 3909 3908
f 3905 3910 3909
f 3905 3911 3910
f 3905 3912 3911
f 3905 3913 3912
f 3905 3914 3913
f 3905 3915 3914
f 3905 3916 3915
f 3905 3917 3916
f 3905 3918 3917
f 3905 3919 3918
f 3920 3919 3905
f 3919 3920 3921
f 3921 3920 3922
f 3922 3920 3923
f 3923 3920 3924
f 3924 3920 3925
f 3925 3920 3926
f 3926 3920 3927
f 3927 3920 3928
f 3928 3920 3929
f 3929 3920 3930
f 3930 3920 3931
f 3931 3920 3932
f 3932 3920 3933
f 3933 3920 3934
f 3934 3920 3935
f 3936 3920 3937
f 3938 3920 3936
f 3939 3920 3938
f 3940 3920 3939
f 3935 3920 3940
f 3941 3387 3942
f 3410 3943 3944
f 3945 3387 3941
f 3410 3946 3943
f 3947 3387 3945
f 3410 3948 3946
f 3949 3387 3947
f 3410 3950 3948
f 3387 3949 3410
f 3410 3951 3950
f 3952 3410 3949
f 3410 3952 3951
f 3953 3952 3949
f 3953 3954 3952
f 3955 3954 3953
f 3955 3956 3954
f 3957 3956 3955
f 3957 3958 3956
f 3959 3958 3957
f 3959 3960 3958
f 3961 3960 3959
f 3961 3962 3960
f 3963 3962 3961
f 3963 3964 3962
f 3965 3964 3963
f 3965 3966 3964
f 3967 3966 3965
f 3967 3968 3966
f 3969 3968 3967
f 3969 3970 3968
f 3971 3970 3969
f 3971 3972 3970
f 3973 3972 3971
f 3973 3974 3972
f 3975 3973 3976
f 3973 3975 3974
f 3975 3976 3977
f 3978 3974 3975
f 3975 3977 3979
f 3974 3978 3980
f 3975 3979 3981
f 3980 3978 3982
f 3975 3981 3983
f 3982 3978 3984
f 3975 3983 3985
f 3984 3978 3986
f 3975 3985 3987
f 3986 3978 3988
f 3975 3987 3989
f 3988 3978 3990
f 3975 3989 3991
f 3990 3978 3992
f 3975 3991 3993
f 3992 3978 3994
f 3975 3993 3995
f 3994 3978 3996
f 3975 3995 3997
f 3996 3978 3998
f 3975 3997 3999
f 3998 3978 4000
f 3975 3999 4001
f 4000 3978 4002
f 3975 4001 4003
f 4002 3978 4004
f 3543 3387 3736
f 4005 3387 4006
f 3543 3736 3737
f 3942 3387 4005
f 3543 3737 4007
f 4008 3410 3944
f 3543 4007 3758
f 4009 3410 4008
f 3543 3758 3759
f 4010 3410 4009
f 3543 3759 3753
f 4011 3410 4010
f 3543 3753 3741
f 4012 3410 4011
f 3543 3741 3742
f 4013 3410 4012
f 3543 3742 3752
f 4014 3410 4013
f 3543 3752 3745
f 3364 3410 4014
f 3543 3745 3739
f 3410 3364 3360
f 3543 3739 3738
f 3360 3364 3359
f 3543 3738 3743
f 3359 3364 3358
f 3543 3743 3350
f 3358 3364 3357
f 3543 3350 3349
f 3357 3364 3344
f 3387 3543 4015
f 3344 3364 3343
f 3343 3364 4016
f 3387 4017 4006
f 3387 4018 4017
f 3387 4019 4018
f 3387 4020 4019
f 3387 4021 4020
f 3387 4022 4021
f 3387 4015 4022
f 3543 4023 4015
f 3543 4024 4023
f 3543 4025 4024
f 3543 4026 4025
f 3543 4027 4026
f 3543 4028 4027
f 3543 4029 4028
f 3543 4030 4029
f 3543 4031 4030
f 3543 4032 4031
f 3543 4033 4032
f 3543 4034 4033
f 3543 4035 4034
f 3543 4036 4035
f 4037 4036 3543
f 4004 3978 4038
f 4039 3975 4003
f 4040 3975 4039
f 4041 3975 4040
f 4042 3975 4041
f 4043 4042 4044
f 4043 4044 4045
f 4043 4045 4046
f 4043 4046 4047
f 4048 4047 4049
f 4042 4043 3975
f 4048 4049 4050
f 4036 4037 4050
f 4051 4052 4043
f 4052 4053 4054
f 4052 4055 4053
f 4052 4056 4055
f 4052 4057 4056
f 4052 4058 4057
f 4052 4059 4058
f 4060 4052 4051
f 4052 4061 4059
f 4052 4062 4061
f 4052 4063 4062
f 4052 4064 4063
f 4052 4065 4064
f 4052 4060 4065
f 4060 4051 4066
f 4066 4051 4067
f 4067 4051 4068
f 4068 4051 4069
f 4069 4051 4070
f 4070 4051 4071
f 4071 4051 4072
f 4072 4051 4073
f 4073 4051 4074
f 4074 4051 4075
f 4075 4051 4076
f 4076 4051 4077
f 4077 4051 4078
f 4078 4051 4079
f 4079 4051 4080
f 4080 4051 4081
f 4081 4051 4082
f 4082 4051 4083
f 4051 4043 4048
f 4047 4048 4043
f 4050 4037 4048
f 4084 4085 4037
f 4085 4086 4087
f 4085 4088 4086
f 4085 4089 4088
f 4085 4090 4089
f 4085 4091 4090
f 4085 4092 4091
f 4085 4093 4092
f 4085 4094 4093
f 4085 4095 4094
f 4085 4096 4095
f 4085 4097 4096
f 4085 4098 4097
f 3905 4098 4085
f 4098 3905 4099
f 4099 3905 4100
f 4100 3905 4101
f 4101 3905 4102
f 4102 3905 4103
f 4103 3905 4104
f 4104 3905 4105
f 4105 3905 4106
f 4106 3905 4107
f 4107 3905 4108
f 4108 3905 4109
f 4109 3905 4110
f 4110 3905 4111
f 4111 3905 4112
f 4112 3905 4113
f 3905 4085 4084
f 4113 3905 4114
f 4114 3905 4115
f 4115 3905 3904
f 3543 4084 4037
f 3543 4116 4084
f 4117 3920 4116
f 3920 4118 4119
f 3920 4120 4118
f 3920 4121 4120
f 3920 4122 4121
f 3920 4123 4122
f 3920 4124 4123
f 3920 4125 4124
f 3920 4126 4125
f 3920 4127 4126
f 3920 4128 4127
f 3920 4129 4128
f 3920 4130 4129
f 3868 4130 3920
f 4130 3868 4131
f 4131 3868 4132
f 4132 3868 4133
f 4133 3868 4134
f 4134 3868 4135
f 4135 3868 4136
f 4136 3868 4137
f 4137 3868 4138
f 4138 3868 4139
f 4139 3868 4140
f 4140 3868 4141
f 4141 3868 4142
f 4142 3868 4143
f 4143 3868 4144
f 4144 3868 4145
f 3868 3920 4117
f 4145 3868 4146
f 4146 3868 4147
f 4147 3868 3867
f 3543 4117 4116
f 4148 4117 3543
f 4149 3883 4150
f 3883 4151 4152
f 3883 4153 4151
f 3883 4154 4153
f 3883 4155 4154
f 3883 4156 4155
f 3883 4157 4156
f 3883 4158 4157
f 3883 4159 4158
f 3883 4160 4159
f 3883 4161 4160
f 3883 4162 4161
f 3883 4163 4162
f 3831 4163 3883
f 4163 3831 4164
f 4164 3831 4165
f 4165 3831 4166
f 4166 3831 4167
f 4167 3831 4168
f 4168 3831 4169
f 4169 3831 4170
f 4170 3831 4171
f 4171 3831 4172
f 4172 3831 4173
f 4173 3831 4174
f 4174 3831 4175
f 4175 3831 4176
f 4176 3831 4177
f 4177 3831 4178
f 3831 3883 4149
f 4178 3831 4179
f 4179 3831 4180
f 4180 3831 3830
f 4181 4117 4148
f 4182 4150 4181
f 4183 4184 3846
f 4150 4182 4149
f 4185 4183 4186
f 4187 3767 4188
f 4189 4184 4190
f 4184 4188 3767
f 4188 4184 4191
f 4191 4184 4192
f 4192 4184 4189
f 4184 4193 4190
f 4183 4193 4184
f 4193 4183 4194
f 4194 4183 4185
f 4183 4195 4186
f 4149 4195 4183
f 4195 4149 4182
f 4117 4181 4150
f 3491 4148 3543
f 4148 3491 4196
f 4196 3491 4197
f 4197 3491 4198
f 4198 3491 4199
f 4200 3671 3828
f 4201 3671 4200
f 4202 3671 4201
f 4203 3671 4202
f 3671 4203 3491
f 4204 3491 4203
f 4205 3491 4204
f 4206 3491 4205
f 4207 3491 4206
f 4208 3491 4207
f 4209 3491 4208
f 4210 3491 4209
f 4211 3491 4210
f 4212 3491 4211
f 4213 3491 4212
f 4214 3491 4213
f 4199 3491 4214
f 4016 3364 4215
f 4215 3364 3762
f 3763 3364 3765
f 3765 3364 3751
f 3751 3364 3341
f 3341 3364 3342
f 3342 3364 3744
f 3762 3364 3763
f 4216 3364 4014
f 4217 3364 4216
f 4218 3364 4217
f 4219 3364 4218
f 4220 3364 4219
f 4221 3364 4220
f 4222 3364 4221
f 4223 3364 4222
f 4224 3364 4223
f 4225 3364 4224
f 4226 3364 4225
f 4227 3364 4226
f 4228 3364 4227
f 4229 3364 4228
f 4230 4229 4231
f 4038 3978 4232
f 4232 3978 4233
f 4233 3978 4234
f 3978 4235 4234
f 3978 4236 4235
f 4052 4236 3978
f 4236 4052 4237
f 4238 4237 4052
f 4239 4237 4240
f 4237 4239 4241
f 4242 4241 4243
f 4241 4242 4244
f 4245 4244 4242
f 4246 4052 4054
f 4247 4052 4246
f 4248 4052 4247
f 4249 4052 4248
f 4250 4052 4249
f 4251 4052 4250
f 4252 4052 4251
f 4253 4052 4252
f 4254 4052 4253
f 4255 4052 4254
f 4256 4052 4255
f 4238 4052 4256
f 4237 4238 4240
f 4243 4241 4239
f 4257 4244 4245
f 4244 4257 4258
f 4259 4258 4257
f 4260 4258 4259
f 4258 4260 4261
f 4262 4261 4260
f 4263 4261 4262
f 4261 4263 4231
f 4264 4231 4263
f 4265 4231 4264
f 4266 4231 4265
f 4230 4231 4266
f 4267 4229 4230
f 4229 4267 3364
f 4268 3364 4267
f 4269 3364 4268
f 4270 3364 4269
f 4271 3364 4270
f 4272 3364 4271
f 4273 3364 4272
f 4274 3364 4273
f 4275 4274 4276
f 4275 4276 4277
f 4278 4277 4279
f 4280 4278 4281
f 4282 4283 4284
f 4285 4286 4287
f 4288 4285 4289
f 4290 4288 4291
f 4292 4290 4293
f 4294 4292 4295
f 4085 4296 4297
f 4085 4298 4296
f 4299 4298 4085
f 4298 4299 4300
f 4300 4299 4301
f 4302 4301 4299
f 4303 4301 4302
f 4301 4303 4304
f 4305 4304 4303
f 4306 4085 4087
f 4299 4085 4306
f 4304 4305 4294
f 4307 4294 4305
f 4294 4307 4292
f 4308 4292 4307
f 4309 4292 4308
f 4292 4309 4290
f 4310 4290 4309
f 4311 4290 4310
f 4290 4311 4288
f 4312 4288 4311
f 4313 4288 4312
f 4288 4313 4285
f 4314 4285 4313
f 4315 4285 4314
f 4285 4315 4286
f 4316 4286 4315
f 4317 4286 4316
f 4286 4317 4318
f 4318 4317 4282
f 4319 4282 4317
f 4320 4282 4319
f 4282 4320 4283
f 4321 4283 4320
f 4322 4283 4321
f 4283 4322 4323
f 4323 4322 4324
f 4325 4324 4322
f 4326 4324 4325
f 4324 4326 4327
f 4327 4326 4280
f 4328 4280 4326
f 4329 4280 4328
f 4280 4329 4278
f 4330 4278 4329
f 4331 4278 4330
f 4278 4331 4277
f 4332 4277 4331
f 4333 4277 4332
f 4334 4277 4333
f 4275 4277 4334
f 4274 4275 3364
f 4335 3364 4275
f 4336 3364 4335
f 4337 3364 4336
f 4338 4337 4339
f 4340 4339 4341
f 4340 4341 4342
f 4343 4342 4344
f 4345 4343 4346
f 4347 4348 4349
f 4350 4351 4352
f 4353 4350 4354
f 4355 4353 4356
f 4357 4355 4358
f 4359 4357 4360
f 3920 4361 3937
f 3920 4362 4361
f 4363 4362 3920
f 4362 4363 4364
f 4365 4364 4363
f 4364 4365 4366
f 4367 4366 4365
f 4366 4367 4368
f 4369 4368 4367
f 4370 3920 4119
f 4363 3920 4370
f 4368 4369 4359
f 4371 4359 4369
f 4359 4371 4357
f 4372 4357 4371
f 4373 4357 4372
f 4357 4373 4355
f 4374 4355 4373
f 4375 4355 4374
f 4376 4355 4375
f 4355 4376 4353
f 4377 4353 4376
f 4353 4377 4350
f 4378 4350 4377
f 4379 4350 4378
f 4350 4379 4351
f 4380 4351 4379
f 4381 4351 4380
f 4351 4381 4382
f 4382 4381 4347
f 4383 4347 4381
f 4384 4347 4383
f 4347 4384 4348
f 4385 4348 4384
f 4386 4348 4385
f 4348 4386 4387
f 4387 4386 4388
f 4389 4388 4386
f 4390 4388 4389
f 4388 4390 4391
f 4391 4390 4345
f 4392 4345 4390
f 4393 4345 4392
f 4345 4393 4343
f 4394 4343 4393
f 4395 4343 4394
f 4343 4395 4342
f 4396 4342 4395
f 4397 4342 4396
f 4398 4342 4397
f 4340 4342 4398
f 4339 4340 4338
f 4337 4338 3364
f 4399 3364 4338
f 3380 4399 4400
f 3380 4400 4401
f 4402 4403 4404
f 4405 4402 4406
f 4407 4405 4408
f 4409 4407 4410
f 4411 4409 4412
f 4413 4414 4415
f 4416 4413 4417
f 4418 4416 4419
f 4420 4418 4421
f 4422 4420 4423
f 3883 4424 3902
f 3883 4422 4424
f 4425 4422 3883
f 4426 4422 4425
f 4422 4426 4420
f 4427 4420 4426
f 4420 4427 4418
f 4428 3883 4152
f 4425 3883 4428
f 4429 4418 4427
f 4430 4418 4429
f 4418 4430 4416
f 4431 4416 4430
f 4432 4416 4431
f 4416 4432 4413
f 4433 4413 4432
f 4434 4413 4433
f 4435 4413 4434
f 4413 4435 4414
f 4436 4414 4435
f 4414 4436 4437
f 4437 4436 4438
f 4439 4438 4436
f 4440 4438 4439
f 4438 4440 4441
f 4441 4440 4411
f 4442 4411 4440
f 4443 4411 4442
f 4411 4443 4409
f 4444 4409 4443
f 4445 4409 4444
f 4409 4445 4407
f 4446 4407 4445
f 4447 4407 4446
f 4407 4447 4405
f 4448 4405 4447
f 4449 4405 4448
f 4405 4449 4402
f 4450 4402 4449
f 4451 4402 4450
f 4402 4451 4403
f 4452 4403 4451
f 4453 4403 4452
f 4403 4453 4454
f 4454 4453 4455
f 4456 4455 4453
f 4457 4455 4456
f 4455 4457 4458
f 4458 4457 4401
f 4459 4401 4457
f 4460 4401 4459
f 3380 4401 4460
f 3380 4460 4461
f 3380 4461 4462
f 3380 4462 4463
f 3380 4463 4464
f 4465 4466 4467
f 4468 4465 4469
f 4470 4468 4471
f 4472 4470 4473
f 4474 4472 4475
f 4476 4477 4478
f 4479 4476 4480
f 4481 4479 4482
f 4483 4481 4484
f 4485 4483 4486
f 3846 4487 3865
f 3846 4485 4487
f 3846 4483 4485
f 4488 4483 3846
f 4483 4488 4481
f 4481 4488 4479
f 4479 4488 4476
f 4488 3846 4184
f 4476 4488 4477
f 4489 4477 4488
f 4490 4477 4489
f 4477 4490 4491
f 4491 4490 4492
f 4493 4492 4490
f 4492 4493 4494
f 4494 4493 4474
f 4495 4474 4493
f 3771 4488 3769
f 4496 4488 4497
f 3768 3767 4187
f 4488 3771 4498
f 4488 4498 4497
f 4489 4488 4496
f 4474 4495 4472
f 4499 4472 4495
f 4472 4499 4470
f 4470 4499 4468
f 4500 4468 4499
f 4468 4500 4465
f 4501 4465 4500
f 4465 4501 4466
f 4502 4466 4501
f 4466 4502 4503
f 4503 4502 4504
f 4505 4504 4502
f 4504 4505 4506
f 4506 4505 4464
f 4507 4464 4505
f 4464 4507 3380
f 3380 4507 4508
f 3380 4508 4509
f 3380 4509 4510
f 3380 4510 4511
f 3829 3717 4512
f 4399 3380 3364
f 4513 3380 4511
f 4514 3380 4513
f 4515 3380 4514
f 4516 3380 4515
f 4517 3380 4516
f 4518 3380 4517
f 4519 3380 4518
f 4520 3380 4519
f 4521 3380 4520
f 4522 3380 4521
f 4523 3380 4522
f 3717 4523 4524
f 3717 4524 4525
f 3717 4525 4526
f 4512 3717 4527
f 3671 3491 3750
f 4527 3717 4526
f 3671 3750 3352
f 4523 3717 3380
f 3671 3352 3351
f 3380 3717 3756
f 3671 3351 3764
f 3756 3717 3347
f 3671 3764 3747
f 3347 3717 3348
f 3671 3747 3385
f 3348 3717 3740
f 3671 3385 3362
f 3740 3717 3355
f 3671 3362 3361
f 3355 3717 3356
f 3671 3361 3757
f 3356 3717 3760
f 3671 3757 3746
f 3760 3717 3615
f 3671 3746 3345
f 3615 3717 3340
f 3671 3345 3346
f 3340 3717 3339
f 3671 3346 3386
f 3339 3717 3761
f 3671 3386 3748
f 3761 3717 3755
f 3671 3748 3749
f 3755 3717 3754
f 3754 3717 3354
f 3354 3717 3353
f 4083 4051 4528
f 4051 4529 4528
f 4051 4530 4529
f 4051 4531 4530
f 4051 4532 4531
f 4051 4533 4532
f 4051 4534 4533
f 4051 4535 4534
f 4051 4536 4535
f 4051 4537 4536
f 4051 4538 4537
f 4051 4539 4538
f 4051 4540 4539
f 4051 4541 4540
f 4085 4541 4051
f 4541 4085 4542
f 4542 4085 4543
f 4543 4085 4544
f 4544 4085 4545
f 4545 4085 4546
f 4546 4085 4547
f 4547 4085 4548
f 4548 4085 4549
f 4549 4085 4550
f 4550 4085 4551
f 4551 4085 4552
f 4552 4085 4553
f 4553 4085 4554
f 4554 4085 4555
f 4555 4085 4556
f 4557 4085 4297
f 4558 4085 4557
f 4559 4085 4558
f 4560 4085 4559
f 4556 4085 4560
f 3387 2008 3736
f 2008 3387 1987
f 2074 3354 2075
f 3354 2074 3754
f 4016 2007 3343
f 2007 4016 2041
f 4007 1984 3758
f 1984 4007 2012
f 3737 2012 4007
f 2012 3737 2009
f 2071 3755 2073
f 3755 2071 3761
f 3740 2061 2060
f 2061 3740 3355
f 3764 2027 2028
f 2027 3764 3351
f 2078 3749 2086
f 3749 2078 3671
f 2038 3361 2036
f 3361 2038 3757
f 3759 1993 3753
f 1993 3759 1989
f 3763 2049 2048
f 2049 3763 3765
f 2076 3717 2077
f 3717 2076 3353
f 4215 2041 4016
f 2041 4215 2044
f 4215 2047 2044
f 2047 4215 3762
f 4561 4562 4563
f 4562 4561 4564
f 4564 3466 4562
f 3466 4564 3475
f 3476 4562 3466
f 4562 3476 4563
f 4561 3476 3479
f 3476 4561 4563
f 3479 4564 4561
f 4564 3479 3475
f 4565 4566 4567
f 4566 4565 4568
f 3530 4568 4565
f 4568 3530 3508
f 4568 3506 4566
f 3506 4568 3508
f 3505 4566 3506
f 4566 3505 4567
f 4565 3505 3530
f 3505 4565 4567
f 4569 3368 4570
f 3368 4569 3381
f 3381 4571 3383
f 4571 3381 4569
f 3368 4572 4570
f 4572 3368 3370
f 4572 4569 4570
f 4569 4572 4571
f 3370 4571 4572
f 4571 3370 3383
f 4573 3372 4574
f 3372 4573 3369
f 3369 4575 3365
f 4575 3369 4573
f 3372 4576 4574
f 4576 3372 3363
f 4576 4573 4574
f 4573 4576 4575
f 3363 4575 4576
f 4575 3363 3365
f 4577 3374 4578
f 3374 4577 3373
f 3373 4579 3371
f 4579 3373 4577
f 3374 4580 4578
f 4580 3374 3377
f 4580 4577 4578
f 4577 4580 4579
f 3377 4579 4580
f 4579 3377 3371
f 4581 3415 3428
f 3415 4581 4582
f 4581 3464 4583
f 3464 4581 3428
f 4581 4584 4582
f 4584 4581 4583
f 4584 3464 3449
f 3464 4584 4583
f 3449 4582 4584
f 4582 3449 3415
f 4585 3388 3391
f 3388 4585 4586
f 4585 3430 4587
f 3430 4585 3391
f 4585 4588 4586
f 4588 4585 4587
f 4588 3430 3429
f 3430 4588 4587
f 3429 4586 4588
f 4586 3429 3388
f 4589 4590 4591
f 4589 4592 4590
f 4589 4593 4592
f 3617 4593 4589
f 4593 3617 3624
f 4591 4590 4594
f 4591 4594 4595
f 4591 3662 4596
f 4595 3662 4591
f 3662 4595 3735
f 3670 4589 4597
f 4589 3670 3617
f 3662 4597 4596
f 4597 3662 3670
f 4597 4591 4596
f 4591 4597 4589
f 4598 3634 4599
f 3634 4598 3625
f 3635 4600 4601
f 4602 3635 3637
f 3635 4602 4600
f 4600 4602 4603
f 3634 4601 4599
f 4601 3634 3635
f 4601 4598 4599
f 4598 4601 4600
f 4604 4600 4603
f 4600 4604 4598
f 4605 4598 4604
f 4606 4598 4605
f 3625 4606 3633
f 4606 3625 4598
f 4515 4607 4608
f 4607 4515 4514
f 4609 3773 4610
f 3773 4609 3770
f 4611 3770 4609
f 3770 4611 3771
f 4610 3775 4612
f 3775 4610 3773
f 4512 4613 3829
f 4613 4512 4614
f 4514 4615 4607
f 4615 4514 4513
f 3793 4616 4617
f 4616 3793 3795
f 3809 4618 4619
f 4618 3809 3811
f 4522 4620 4523
f 4620 4522 4621
f 3803 4622 4623
f 4622 3803 3805
f 4521 4621 4522
f 4621 4521 4624
f 4508 4625 4626
f 4625 4508 4507
f 4518 4627 4628
f 4627 4518 4517
f 4502 4629 4630
f 4629 4502 4501
f 4631 4493 4632
f 4493 4631 4495
f 3797 4633 4634
f 4633 3797 3798
f 3811 4635 4618
f 4635 3811 3813
f 4505 4630 4636
f 4630 4505 4502
f 3821 4637 3817
f 4637 3821 4638
f 4639 4498 4640
f 4498 4639 4497
f 3827 4641 3825
f 4641 3827 4642
f 3791 4617 4643
f 4617 3791 3793
f 4523 4644 4524
f 4644 4523 4620
f 4645 4497 4639
f 4497 4645 4496
f 3799 4646 4647
f 4646 3799 3801
f 3785 4648 4649
f 4648 3785 3787
f 3807 4619 4650
f 4619 3807 3809
f 3813 4651 4635
f 4651 3813 3815
f 4507 4636 4625
f 4636 4507 4505
f 3805 4650 4622
f 4650 3805 3807
f 4652 3783 4653
f 3783 4652 3781
f 3823 4638 3821
f 4638 3823 4654
f 4640 3771 4611
f 3771 4640 4498
f 4655 4489 4656
f 4489 4655 4490
f 4657 3781 4652
f 3781 4657 3779
f 4658 4611 4609
f 4659 4609 4610
f 4611 4658 4640
f 4660 4610 4612
f 4661 4640 4658
f 4662 4612 4663
f 4640 4661 4639
f 4664 4663 4657
f 4665 4639 4661
f 4666 4657 4652
f 4639 4665 4645
f 4667 4652 4653
f 4668 4645 4665
f 4669 4653 4649
f 4645 4668 4656
f 4670 4649 4648
f 4671 4656 4668
f 4672 4648 4673
f 4656 4671 4655
f 4674 4673 4643
f 4675 4655 4671
f 4655 4675 4632
f 4609 4659 4658
f 4610 4660 4659
f 4612 4662 4660
f 4663 4664 4662
f 4676 4643 4617
f 4657 4666 4664
f 4652 4667 4666
f 4653 4669 4667
f 4649 4670 4669
f 4677 4617 4616
f 4648 4672 4670
f 4673 4674 4672
f 4643 4676 4674
f 4678 4616 4634
f 4617 4677 4676
f 4616 4678 4677
f 4679 4634 4633
f 4634 4679 4678
f 4633 4680 4679
f 4647 4680 4633
f 4647 4681 4680
f 4647 4682 4681
f 4646 4682 4647
f 4682 4646 4683
f 4623 4683 4646
f 4683 4623 4684
f 4622 4684 4623
f 4684 4622 4685
f 4650 4685 4622
f 4685 4650 4686
f 4619 4686 4650
f 4686 4619 4687
f 4618 4687 4619
f 4687 4618 4688
f 4635 4688 4618
f 4688 4635 4689
f 4651 4689 4635
f 4689 4651 4690
f 4637 4690 4651
f 4690 4637 4691
f 4638 4691 4637
f 4691 4638 4692
f 4693 4632 4675
f 4632 4693 4631
f 4694 4631 4693
f 4631 4694 4695
f 4696 4695 4694
f 4695 4696 4697
f 4698 4697 4696
f 4697 4698 4629
f 4699 4629 4698
f 4629 4699 4630
f 4700 4630 4699
f 4630 4700 4636
f 4701 4636 4700
f 4636 4701 4625
f 4702 4625 4701
f 4625 4702 4626
f 4703 4626 4702
f 4626 4703 4704
f 4705 4704 4703
f 4706 4704 4705
f 4706 4707 4704
f 4708 4707 4706
f 4709 4708 4710
f 4708 4709 4707
f 4615 4710 4711
f 4607 4711 4712
f 4710 4615 4709
f 4608 4712 4713
f 4714 4713 4715
f 4627 4715 4716
f 4711 4607 4615
f 4628 4716 4717
f 4718 4717 4719
f 4720 4719 4721
f 4624 4721 4722
f 4712 4608 4607
f 4621 4722 4723
f 4620 4723 4724
f 4644 4724 4725
f 4726 4725 4727
f 4728 4727 4729
f 4654 4692 4638
f 4713 4714 4608
f 4692 4654 4730
f 4715 4627 4714
f 4641 4730 4654
f 4716 4628 4627
f 4730 4641 4731
f 4717 4718 4628
f 4642 4731 4641
f 4719 4720 4718
f 4731 4642 4732
f 4721 4624 4720
f 4613 4732 4642
f 4722 4621 4624
f 4732 4613 4733
f 4723 4620 4621
f 4614 4733 4613
f 4724 4644 4620
f 4733 4614 4729
f 4725 4726 4644
f 4734 4729 4614
f 4727 4728 4726
f 4729 4734 4728
f 3787 4673 4648
f 4673 3787 3789
f 4517 4714 4627
f 4714 4517 4516
f 3789 4643 4673
f 4643 3789 3791
f 4509 4626 4704
f 4626 4509 4508
f 4612 3777 4663
f 3777 4612 3775
f 4632 4490 4655
f 4490 4632 4493
f 4526 4734 4527
f 4734 4526 4728
f 4656 4496 4645
f 4496 4656 4489
f 4653 3785 4649
f 3785 4653 3783
f 3798 4647 4633
f 4647 3798 3799
f 4663 3779 4657
f 3779 4663 3777
f 4513 4709 4615
f 4709 4513 4511
f 4500 4695 4697
f 4695 4500 4499
f 4511 4707 4709
f 4707 4511 4510
f 3817 4651 3815
f 4651 3817 4637
f 3801 4623 4646
f 4623 3801 3803
f 3825 4654 3823
f 4654 3825 4641
f 4519 4628 4718
f 4628 4519 4518
f 3829 4642 3827
f 4642 3829 4613
f 3795 4634 4616
f 4634 3795 3797
f 4524 4726 4525
f 4726 4524 4644
f 4516 4608 4714
f 4608 4516 4515
f 4519 4720 4520
f 4720 4519 4718
f 4510 4704 4707
f 4704 4510 4509
f 4525 4728 4526
f 4728 4525 4726
f 4501 4697 4629
f 4697 4501 4500
f 4520 4624 4521
f 4624 4520 4720
f 4527 4614 4512
f 4614 4527 4734
f 4695 4495 4631
f 4495 4695 4499
f 4228 4735 4736
f 4735 4228 4227
f 4737 3946 4738
f 3946 4737 3943
f 4739 3943 4737
f 3943 4739 3944
f 4738 3948 4740
f 3948 4738 3946
f 4038 4741 4004
f 4741 4038 4742
f 4227 4743 4735
f 4743 4227 4226
f 3964 4744 4745
f 4744 3964 3966
f 3986 4746 4747
f 4746 3986 3988
f 4237 4748 4236
f 4748 4237 4749
f 3980 4750 4751
f 4750 3980 3982
f 4241 4749 4237
f 4749 4241 4752
f 4222 4753 4754
f 4753 4222 4221
f 4261 4755 4756
f 4755 4261 4231
f 4219 4757 4758
f 4757 4219 4218
f 4759 4013 4760
f 4013 4759 4014
f 3968 4761 4762
f 4761 3968 3970
f 3988 4763 4746
f 4763 3988 3990
f 3996 4764 3994
f 4764 3996 4765
f 4766 4008 4767
f 4008 4766 4009
f 4002 4768 4000
f 4768 4002 4769
f 3962 4745 4770
f 4745 3962 3964
f 4236 4771 4235
f 4771 4236 4748
f 4772 4009 4766
f 4009 4772 4010
f 3972 4773 4774
f 4773 3972 3974
f 3956 4775 4776
f 4775 3956 3958
f 3984 4747 4777
f 4747 3984 3986
f 3990 4778 4763
f 4778 3990 3992
f 4221 4779 4753
f 4779 4221 4220
f 3982 4777 4750
f 4777 3982 3984
f 4780 3954 4781
f 3954 4780 3952
f 3998 4765 3996
f 4765 3998 4782
f 4767 3944 4739
f 3944 4767 4008
f 4783 4011 4784
f 4011 4783 4012
f 4785 3952 4780
f 3952 4785 3951
f 4786 4739 4737
f 4787 4737 4738
f 4739 4786 4767
f 4788 4738 4740
f 4789 4767 4786
f 4790 4740 4791
f 4767 4789 4766
f 4792 4791 4785
f 4793 4766 4789
f 4794 4785 4780
f 4766 4793 4772
f 4795 4780 4781
f 4796 4772 4793
f 4797 4781 4776
f 4772 4796 4784
f 4798 4776 4775
f 4799 4784 4796
f 4800 4775 4801
f 4784 4799 4783
f 4802 4801 4770
f 4803 4783 4799
f 4783 4803 4760
f 4737 4787 4786
f 4738 4788 4787
f 4740 4790 4788
f 4791 4792 4790
f 4804 4770 4745
f 4785 4794 4792
f 4780 4795 4794
f 4781 4797 4795
f 4776 4798 4797
f 4805 4745 4744
f 4775 4800 4798
f 4801 4802 4800
f 4770 4804 4802
f 4806 4744 4762
f 4745 4805 4804
f 4744 4806 4805
f 4807 4762 4761
f 4762 4807 4806
f 4761 4808 4807
f 4774 4808 4761
f 4774 4809 4808
f 4774 4810 4809
f 4773 4810 4774
f 4810 4773 4811
f 4751 4811 4773
f 4811 4751 4812
f 4750 4812 4751
f 4812 4750 4813
f 4777 4813 4750
f 4813 4777 4814
f 4747 4814 4777
f 4814 4747 4815
f 4746 4815 4747
f 4815 4746 4816
f 4763 4816 4746
f 4816 4763 4817
f 4778 4817 4763
f 4817 4778 4818
f 4764 4818 4778
f 4818 4764 4819
f 4765 4819 4764
f 4819 4765 4820
f 4821 4760 4803
f 4760 4821 4759
f 4822 4759 4821
f 4759 4822 4823
f 4824 4823 4822
f 4823 4824 4825
f 4826 4825 4824
f 4825 4826 4757
f 4827 4757 4826
f 4757 4827 4758
f 4828 4758 4827
f 4758 4828 4779
f 4829 4779 4828
f 4779 4829 4753
f 4830 4753 4829
f 4753 4830 4754
f 4831 4754 4830
f 4754 4831 4832
f 4833 4832 4831
f 4834 4832 4833
f 4834 4835 4832
f 4836 4835 4834
f 4837 4836 4838
f 4836 4837 4835
f 4743 4838 4839
f 4735 4839 4840
f 4838 4743 4837
f 4736 4840 4841
f 4842 4841 4843
f 4755 4843 4844
f 4839 4735 4743
f 4756 4844 4845
f 4846 4845 4847
f 4848 4847 4849
f 4752 4849 4850
f 4840 4736 4735
f 4749 4850 4851
f 4748 4851 4852
f 4771 4852 4853
f 4854 4853 4855
f 4856 4855 4857
f 4782 4820 4765
f 4841 4842 4736
f 4820 4782 4858
f 4843 4755 4842
f 4768 4858 4782
f 4844 4756 4755
f 4858 4768 4859
f 4845 4846 4756
f 4769 4859 4768
f 4847 4848 4846
f 4859 4769 4860
f 4849 4752 4848
f 4741 4860 4769
f 4850 4749 4752
f 4860 4741 4861
f 4851 4748 4749
f 4742 4861 4741
f 4852 4771 4748
f 4861 4742 4857
f 4853 4854 4771
f 4862 4857 4742
f 4855 4856 4854
f 4857 4862 4856
f 4258 4756 4846
f 4756 4258 4261
f 3958 4801 4775
f 4801 3958 3960
f 4231 4842 4755
f 4842 4231 4229
f 3960 4770 4801
f 4770 3960 3962
f 4223 4754 4832
f 4754 4223 4222
f 4740 3950 4791
f 3950 4740 3948
f 4760 4012 4783
f 4012 4760 4013
f 4233 4862 4232
f 4862 4233 4856
f 4784 4010 4772
f 4010 4784 4011
f 4781 3956 4776
f 3956 4781 3954
f 3970 4774 4761
f 4774 3970 3972
f 4791 3951 4785
f 3951 4791 3950
f 4226 4837 4743
f 4837 4226 4225
f 4217 4823 4825
f 4823 4217 4216
f 4225 4835 4837
f 4835 4225 4224
f 3994 4778 3992
f 4778 3994 4764
f 3974 4751 4773
f 4751 3974 3980
f 4000 4782 3998
f 4782 4000 4768
f 4004 4769 4002
f 4769 4004 4741
f 3966 4762 4744
f 4762 3966 3968
f 4235 4854 4234
f 4854 4235 4771
f 4229 4736 4842
f 4736 4229 4228
f 4258 4848 4244
f 4848 4258 4846
f 4220 4758 4779
f 4758 4220 4219
f 4224 4832 4835
f 4832 4224 4223
f 4234 4856 4233
f 4856 4234 4854
f 4218 4825 4757
f 4825 4218 4217
f 4244 4752 4241
f 4752 4244 4848
f 4232 4742 4038
f 4742 4232 4862
f 4823 4014 4759
f 4014 4823 4216
f 3806 4863 4864
f 4863 3806 3804
f 4865 4192 4866
f 4192 4865 4191
f 4867 4191 4865
f 4191 4867 4188
f 4866 4189 4868
f 4189 4866 4192
f 4200 4869 4201
f 4869 4200 4870
f 3804 4871 4863
f 4871 3804 3802
f 4148 4872 4873
f 4872 4148 4196
f 4210 4874 4875
f 4874 4210 4209
f 3819 4876 3820
f 4876 3819 4877
f 4213 4878 4879
f 4878 4213 4212
f 3818 4877 3819
f 4877 3818 4880
f 3792 4881 4882
f 4881 3792 3790
f 3812 4883 4884
f 4883 3812 3810
f 3786 4885 4886
f 4885 3786 3784
f 4887 3776 4888
f 3776 4887 3778
f 4197 4889 4890
f 4889 4197 4198
f 4209 4891 4874
f 4891 4209 4208
f 3788 4886 4892
f 4886 3788 3786
f 4205 4893 4206
f 4893 4205 4894
f 4895 4187 4896
f 4187 4895 3768
f 4202 4897 4203
f 4897 4202 4898
f 4181 4873 4899
f 4873 4181 4148
f 3820 4900 3822
f 4900 3820 4876
f 4901 3768 4895
f 3768 4901 3766
f 4199 4902 4903
f 4902 4199 4214
f 4186 4904 4905
f 4904 4186 4195
f 4211 4875 4906
f 4875 4211 4210
f 4208 4907 4891
f 4907 4208 4207
f 3790 4892 4881
f 4892 3790 3788
f 4212 4906 4878
f 4906 4212 4211
f 4908 4185 4909
f 4185 4908 4194
f 4204 4894 4205
f 4894 4204 4910
f 4896 4188 4867
f 4188 4896 4187
f 4911 3772 4912
f 3772 4911 3774
f 4913 4867 4865
f 4914 4865 4866
f 4867 4913 4896
f 4915 4866 4868
f 4916 4896 4913
f 4917 4868 4918
f 4896 4916 4895
f 4919 4918 4920
f 4921 4895 4916
f 4922 4920 4908
f 4895 4921 4901
f 4923 4908 4909
f 4924 4901 4921
f 4925 4909 4905
f 4901 4924 4912
f 4926 4905 4904
f 4927 4912 4924
f 4928 4904 4929
f 4912 4927 4911
f 4930 4929 4899
f 4931 4911 4927
f 4911 4931 4888
f 4865 4914 4913
f 4866 4915 4914
f 4868 4917 4915
f 4918 4919 4917
f 4932 4899 4873
f 4920 4922 4919
f 4908 4923 4922
f 4909 4925 4923
f 4905 4926 4925
f 4933 4873 4872
f 4904 4928 4926
f 4929 4930 4928
f 4899 4932 4930
f 4934 4872 4890
f 4873 4933 4932
f 4872 4934 4933
f 4935 4890 4889
f 4890 4935 4934
f 4889 4936 4935
f 4903 4936 4889
f 4903 4937 4936
f 4903 4938 4937
f 4902 4938 4903
f 4938 4902 4939
f 4879 4939 4902
f 4939 4879 4940
f 4878 4940 4879
f 4940 4878 4941
f 4906 4941 4878
f 4941 4906 4942
f 4875 4942 4906
f 4942 4875 4943
f 4874 4943 4875
f 4943 4874 4944
f 4891 4944 4874
f 4944 4891 4945
f 4907 4945 4891
f 4945 4907 4946
f 4893 4946 4907
f 4946 4893 4947
f 4894 4947 4893
f 4947 4894 4948
f 4949 4888 4931
f 4888 4949 4887
f 4950 4887 4949
f 4887 4950 4951
f 4952 4951 4950
f 4951 4952 4953
f 4954 4953 4952
f 4953 4954 4885
f 4955 4885 4954
f 4885 4955 4886
f 4956 4886 4955
f 4886 4956 4892
f 4957 4892 4956
f 4892 4957 4881
f 4958 4881 4957
f 4881 4958 4882
f 4959 4882 4958
f 4882 4959 4960
f 4961 4960 4959
f 4962 4960 4961
f 4962 4963 4960
f 4964 4963 4962
f 4965 4964 4966
f 4964 4965 4963
f 4871 4966 4967
f 4863 4967 4968
f 4966 4871 4965
f 4864 4968 4969
f 4970 4969 4971
f 4883 4971 4972
f 4967 4863 4871
f 4884 4972 4973
f 4974 4973 4975
f 4976 4975 4977
f 4880 4977 4978
f 4968 4864 4863
f 4877 4978 4979
f 4876 4979 4980
f 4900 4980 4981
f 4982 4981 4983
f 4984 4983 4985
f 4910 4948 4894
f 4969 4970 4864
f 4948 4910 4986
f 4971 4883 4970
f 4897 4986 4910
f 4972 4884 4883
f 4986 4897 4987
f 4973 4974 4884
f 4898 4987 4897
f 4975 4976 4974
f 4987 4898 4988
f 4977 4880 4976
f 4869 4988 4898
f 4978 4877 4880
f 4988 4869 4989
f 4979 4876 4877
f 4870 4989 4869
f 4980 4900 4876
f 4989 4870 4985
f 4981 4982 4900
f 4990 4985 4870
f 4983 4984 4982
f 4985 4990 4984
f 3814 4884 4974
f 4884 3814 3812
f 4195 4929 4904
f 4929 4195 4182
f 3810 4970 4883
f 4970 3810 3808
f 4182 4899 4929
f 4899 4182 4181
f 3794 4882 4960
f 4882 3794 3792
f 4868 4190 4918
f 4190 4868 4189
f 4888 3774 4911
f 3774 4888 3776
f 3826 4990 3828
f 4990 3826 4984
f 4912 3766 4901
f 3766 4912 3772
f 4909 4186 4905
f 4186 4909 4185
f 4198 4903 4889
f 4903 4198 4199
f 4918 4193 4920
f 4193 4918 4190
f 3802 4965 4871
f 4965 3802 3800
f 3782 4951 4953
f 4951 3782 3780
f 4920 4194 4908
f 4194 4920 4193
f 3800 4963 4965
f 4963 3800 3796
f 4206 4907 4207
f 4907 4206 4893
f 4214 4879 4902
f 4879 4214 4213
f 4203 4910 4204
f 4910 4203 4897
f 4201 4898 4202
f 4898 4201 4869
f 4196 4890 4872
f 4890 4196 4197
f 3822 4982 3824
f 4982 3822 4900
f 3808 4864 4970
f 4864 3808 3806
f 3814 4976 3816
f 4976 3814 4974
f 3796 4960 4963
f 4960 3796 3794
f 3824 4984 3826
f 4984 3824 4982
f 3784 4953 4885
f 4953 3784 3782
f 3816 4880 3818
f 4880 3816 4976
f 3828 4870 4200
f 4870 3828 4990
f 4951 3778 4887
f 3778 4951 3780
f 3979 4991 4992
f 4991 3979 3977
f 4993 4018 4994
f 4018 4993 4017
f 4995 4017 4993
f 4017 4995 4006
f 4994 4019 4996
f 4019 4994 4018
f 4039 4997 4040
f 4997 4039 4998
f 3977 4999 4991
f 4999 3977 3976
f 4027 5000 5001
f 5000 4027 4028
f 4036 5002 5003
f 5002 4036 4050
f 3993 5004 3995
f 5004 3993 5005
f 4033 5006 5007
f 5006 4033 4034
f 3991 5005 3993
f 5005 3991 5008
f 3967 5009 5010
f 5009 3967 3965
f 3985 5011 5012
f 5011 3985 3983
f 3961 5013 5014
f 5013 3961 3959
f 5015 3949 5016
f 3949 5015 3953
f 4029 5017 5018
f 5017 4029 4030
f 4050 5019 5002
f 5019 4050 4049
f 3963 5014 5020
f 5014 3963 3961
f 4045 5021 4046
f 5021 4045 5022
f 5023 4005 5024
f 4005 5023 3942
f 4041 5025 4042
f 5025 4041 5026
f 4026 5001 5027
f 5001 4026 4027
f 3995 5028 3997
f 5028 3995 5004
f 5029 3942 5023
f 3942 5029 3941
f 4031 5030 5031
f 5030 4031 4032
f 4023 5032 5033
f 5032 4023 4024
f 4035 5003 5034
f 5003 4035 4036
f 4049 5035 5019
f 5035 4049 4047
f 3965 5020 5009
f 5020 3965 3963
f 4034 5034 5006
f 5034 4034 4035
f 5036 4015 5037
f 4015 5036 4022
f 4044 5022 4045
f 5022 4044 5038
f 5024 4006 4995
f 4006 5024 4005
f 5039 3945 5040
f 3945 5039 3947
f 5041 4022 5036
f 4022 5041 4021
f 5042 4995 4993
f 5043 4993 4994
f 4995 5042 5024
f 5044 4994 4996
f 5045 5024 5042
f 5046 4996 5047
f 5024 5045 5023
f 5048 5047 5041
f 5049 5023 5045
f 5050 5041 5036
f 5023 5049 5029
f 5051 5036 5037
f 5052 5029 5049
f 5053 5037 5033
f 5029 5052 5040
f 5054 5033 5032
f 5055 5040 5052
f 5056 5032 5057
f 5040 5055 5039
f 5058 5057 5027
f 5059 5039 5055
f 5039 5059 5016
f 4993 5043 5042
f 4994 5044 5043
f 4996 5046 5044
f 5047 5048 5046
f 5060 5027 5001
f 5041 5050 5048
f 5036 5051 5050
f 5037 5053 5051
f 5033 5054 5053
f 5061 5001 5000
f 5032 5056 5054
f 5057 5058 5056
f 5027 5060 5058
f 5062 5000 5018
f 5001 5061 5060
f 5000 5062 5061
f 5063 5018 5017
f 5018 5063 5062
f 5017 5064 5063
f 5031 5064 5017
f 5031 5065 5064
f 5031 5066 5065
f 5030 5066 5031
f 5066 5030 5067
f 5007 5067 5030
f 5067 5007 5068
f 5006 5068 5007
f 5068 5006 5069
f 5034 5069 5006
f 5069 5034 5070
f 5003 5070 5034
f 5070 5003 5071
f 5002 5071 5003
f 5071 5002 5072
f 5019 5072 5002
f 5072 5019 5073
f 5035 5073 5019
f 5073 5035 5074
f 5021 5074 5035
f 5074 5021 5075
f 5022 5075 5021
f 5075 5022 5076
f 5077 5016 5059
f 5016 5077 5015
f 5078 5015 5077
f 5015 5078 5079
f 5080 5079 5078
f 5079 5080 5081
f 5082 5081 5080
f 5081 5082 5013
f 5083 5013 5082
f 5013 5083 5014
f 5084 5014 5083
f 5014 5084 5020
f 5085 5020 5084
f 5020 5085 5009
f 5086 5009 5085
f 5009 5086 5010
f 5087 5010 5086
f 5010 5087 5088
f 5089 5088 5087
f 5090 5088 5089
f 5090 5091 5088
f 5092 5091 5090
f 5093 5092 5094
f 5092 5093 5091
f 4999 5094 5095
f 4991 5095 5096
f 5094 4999 5093
f 4992 5096 5097
f 5098 5097 5099
f 5011 5099 5100
f 5095 4991 4999
f 5012 5100 5101
f 5102 5101 5103
f 5104 5103 5105
f 5008 5105 5106
f 5096 4992 4991
f 5005 5106 5107
f 5004 5107 5108
f 5028 5108 5109
f 5110 5109 5111
f 5112 5111 5113
f 5038 5076 5022
f 5097 5098 4992
f 5076 5038 5114
f 5099 5011 5098
f 5025 5114 5038
f 5100 5012 5011
f 5114 5025 5115
f 5101 5102 5012
f 5026 5115 5025
f 5103 5104 5102
f 5115 5026 5116
f 5105 5008 5104
f 4997 5116 5026
f 5106 5005 5008
f 5116 4997 5117
f 5107 5004 5005
f 4998 5117 4997
f 5108 5028 5004
f 5117 4998 5113
f 5109 5110 5028
f 5118 5113 4998
f 5111 5112 5110
f 5113 5118 5112
f 4024 5057 5032
f 5057 4024 4025
f 3983 5098 5011
f 5098 3983 3981
f 4025 5027 5057
f 5027 4025 4026
f 3969 5010 5088
f 5010 3969 3967
f 4996 4020 5047
f 4020 4996 4019
f 5016 3947 5039
f 3947 5016 3949
f 4001 5118 4003
f 5118 4001 5112
f 5040 3941 5029
f 3941 5040 3945
f 5037 4023 5033
f 4023 5037 4015
f 4030 5031 5017
f 5031 4030 4031
f 5047 4021 5041
f 4021 5047 4020
f 3976 5093 4999
f 5093 3976 3973
f 3957 5079 5081
f 5079 3957 3955
f 3973 5091 5093
f 5091 3973 3971
f 4046 5035 4047
f 5035 4046 5021
f 4032 5007 5030
f 5007 4032 4033
f 4042 5038 4044
f 5038 4042 5025
f 3987 5012 5102
f 5012 3987 3985
f 4040 5026 4041
f 5026 4040 4997
f 4028 5018 5000
f 5018 4028 4029
f 3997 5110 3999
f 5110 3997 5028
f 3981 4992 5098
f 4992 3981 3979
f 3987 5104 3989
f 5104 3987 5102
f 3971 5088 5091
f 5088 3971 3969
f 3999 5112 4001
f 5112 3999 5110
f 3959 5081 5013
f 5081 3959 3957
f 3989 5008 3991
f 5008 3989 5104
f 4003 4998 4039
f 4998 4003 5118
f 5079 3953 5015
f 3953 5079 3955
f 5119 5120 5121
f 5122 5120 5119
f 5123 5120 5122
f 5120 5123 5124
f 5125 5124 5123
f 5126 5125 5127
f 5128 5127 5125
f 5127 5128 5129
f 5129 5128 5130
f 5131 5130 5128
f 5130 5131 5132
f 5133 5134 5131
f 5124 5125 5126
f 5121 5135 5119
f 5136 5137 5135
f 5137 5138 5139
f 5137 5140 5138
f 5137 5141 5140
f 5137 5142 5141
f 5137 5143 5142
f 5137 5144 5143
f 5137 5145 5144
f 5137 5146 5145
f 5137 5147 5146
f 5137 5148 5147
f 5137 5149 5148
f 5137 5150 5149
f 5137 5151 5150
f 5137 5152 5151
f 5137 5153 5152
f 5137 5154 5153
f 5137 5155 5154
f 5137 5136 5156
f 5157 5135 5121
f 5135 5157 5136
f 5136 5157 5158
f 5132 5131 5134
f 5134 5133 5159
f 5159 5133 5160
f 5161 5160 5133
f 5160 5161 5162
f 5162 5161 5163
f 5163 5161 5164
f 5165 5164 5161
f 5164 5165 5166
f 5166 5165 5167
f 5167 5165 5168
f 5169 5168 5165
f 5168 5169 5170
f 5170 5169 5171
f 5172 5171 5169
f 5171 5172 5173
f 5174 5172 5175
f 5172 5174 5173
f 5176 5175 5177
f 5175 5178 5174
f 5179 5177 5180
f 5175 5176 5178
f 5181 5180 5182
f 5183 5182 5184
f 5177 5179 5176
f 5139 5184 5185
f 5180 5186 5179
f 5139 5185 5187
f 5139 5187 5188
f 5180 5181 5186
f 5139 5188 5189
f 5139 5189 5190
f 5182 5191 5181
f 5139 5190 5192
f 5139 5192 5193
f 5182 5183 5191
f 5139 5193 5194
f 5139 5194 5195
f 5139 5195 5196
f 5139 5196 5197
f 5139 5197 5198
f 5184 5139 5183
f 5139 5198 5137
f 5137 5156 5155
f 5199 5200 5201
f 5202 5200 5199
f 5200 5202 5203
f 5204 5205 5206
f 5204 5207 5205
f 5204 5208 5207
f 5204 5209 5208
f 5204 5210 5209
f 5204 5211 5210
f 5212 5211 5204
f 5212 5213 5211
f 5212 5214 5213
f 5212 5215 5214
f 5212 5216 5215
f 5212 5217 5216
f 5218 5217 5212
f 5218 5219 5217
f 5218 5220 5219
f 5221 5220 5218
f 5221 5222 5220
f 5223 5222 5221
f 5224 5223 5225
f 5223 5224 5222
f 5226 5224 5225
f 5227 5224 5226
f 5228 5227 5229
f 5228 5229 5230
f 5228 5230 5231
f 5227 5228 5224
f 5232 5228 5231
f 5203 5228 5232
f 5233 5203 5202
f 5203 5233 5228
f 5205 5234 5206
f 5234 5205 5235
f 5236 5235 5205
f 5237 5235 5236
f 5238 5235 5237
f 5239 5235 5238
f 5240 5239 5241
f 5240 5241 5242
f 5240 5242 5243
f 5240 5243 5244
f 5240 5244 5245
f 5239 5240 5235
f 5245 5246 5240
f 5245 5247 5246
f 5245 5248 5247
f 5245 5249 5248
f 5245 5250 5249
f 5245 5251 5250
f 5252 5251 5245
f 5251 5252 5253
f 5253 5252 5254
f 5254 5252 5255
f 5256 5257 5258
f 5259 5256 5260
f 5259 5260 5255
f 5256 5259 5257
f 5259 5255 5252
f 5261 5262 5263
f 5264 5262 5261
f 5265 5262 5264
f 5262 5265 5266
f 5267 5266 5265
f 5268 5267 5269
f 5270 5269 5267
f 5269 5270 5271
f 5272 5271 5270
f 5271 5272 5273
f 5273 5272 5274
f 5275 5274 5272
f 5276 5275 5277
f 5266 5267 5268
f 5263 5278 5261
f 5279 5280 5278
f 5281 5280 5282
f 5280 5283 5284
f 5280 5285 5283
f 5280 5286 5285
f 5280 5287 5286
f 5280 5288 5287
f 5280 5289 5288
f 5280 5290 5289
f 5280 5291 5290
f 5280 5281 5291
f 5279 5278 5292
f 5293 5278 5263
f 5278 5293 5292
f 5292 5293 5294
f 5274 5275 5276
f 5277 5275 5295
f 5296 5295 5275
f 5295 5296 5297
f 5297 5296 5298
f 5298 5296 5299
f 5300 5299 5296
f 5299 5300 5301
f 5301 5300 5302
f 5302 5300 5303
f 5304 5303 5300
f 5303 5304 5305
f 5305 5304 5306
f 5307 5306 5304
f 5306 5307 5308
f 5307 5309 5308
f 5310 5309 5307
f 5311 5310 5312
f 5310 5313 5309
f 5314 5312 5315
f 5316 5315 5317
f 5310 5311 5313
f 5284 5317 5318
f 5312 5314 5311
f 5284 5318 5319
f 5284 5319 5320
f 5315 5321 5314
f 5284 5320 5322
f 5284 5322 5323
f 5315 5316 5321
f 5284 5323 5324
f 5284 5324 5325
f 5284 5325 5326
f 5317 5327 5316
f 5284 5326 5328
f 5284 5328 5329
f 5284 5329 5330
f 5284 5330 5331
f 5284 5331 5332
f 5317 5284 5327
f 5284 5332 5280
f 5280 5279 5282
f 5333 5282 5279
f 5282 5333 5334
f 3006 5136 3004
f 5136 3006 5156
f 3090 5156 3006
f 5156 3090 5155
f 3091 5155 3090
f 5155 3091 5154
f 3092 5154 3091
f 5154 3092 5153
f 3093 5153 3092
f 5153 3093 5152
f 3094 5152 3093
f 5152 3094 5151
f 3095 5151 3094
f 5151 3095 5150
f 3096 5150 3095
f 5150 3096 5149
f 3097 5149 3096
f 5149 3097 5148
f 3098 5148 3097
f 5148 3098 5147
f 3099 5147 3098
f 5147 3099 5146
f 3100 5146 3099
f 5146 3100 5145
f 3101 5145 3100
f 5145 3101 5144
f 3113 5144 3101
f 5144 3113 5143
f 3112 5143 3113
f 5143 3112 5142
f 3112 5141 5142
f 5141 3112 3111
f 3111 5140 5141
f 5140 3111 3110
f 3110 5138 5140
f 5138 3110 3109
f 3109 5139 5138
f 5139 3109 3108
f 3108 5183 5139
f 5183 3108 3107
f 3107 5191 5183
f 5191 3107 3106
f 3106 5181 5191
f 5181 3106 3105
f 3105 5186 5181
f 5186 3105 3104
f 3104 5179 5186
f 5179 3104 3103
f 3103 5176 5179
f 5176 3103 3102
f 3102 5178 5176
f 5178 3102 3089
f 3089 5174 5178
f 5174 3089 3088
f 3088 5173 5174
f 5173 3088 3086
f 3086 5171 5173
f 5171 3086 3085
f 3085 5170 5171
f 5170 3085 3084
f 3084 5168 5170
f 5168 3084 3083
f 3083 5167 5168
f 5167 3083 3082
f 3082 5166 5167
f 5166 3082 3081
f 3081 5164 5166
f 5164 3081 3080
f 3080 5163 5164
f 5163 3080 3079
f 3079 5162 5163
f 5162 3079 3078
f 5162 3077 5160
f 3077 5162 3078
f 5160 3076 5159
f 3076 5160 3077
f 5159 3075 5134
f 3075 5159 3076
f 5134 3074 5132
f 3074 5134 3075
f 5132 3073 5130
f 3073 5132 3074
f 5130 3072 5129
f 3072 5130 3073
f 5129 2853 5127
f 2853 5129 3072
f 5127 3206 5126
f 3206 5127 2853
f 5126 2834 5124
f 2834 5126 3206
f 5124 2950 5120
f 2950 5124 2834
f 5120 2937 5121
f 2937 5120 2950
f 2937 5157 5121
f 5157 2937 2836
f 3005 5157 2836
f 5157 3005 5158
f 3005 5136 5158
f 5136 3005 3004
f 3309 5119 5135
f 5119 3309 3311
f 3310 5119 3311
f 5119 3310 5122
f 3313 5122 3310
f 5122 3313 5123
f 3317 5123 3313
f 5123 3317 5125
f 3319 5125 3317
f 5125 3319 5128
f 3323 5128 3319
f 5128 3323 5131
f 3321 5131 3323
f 5131 3321 5133
f 3321 5161 5133
f 5161 3321 3322
f 3322 5165 5161
f 5165 3322 3320
f 3320 5169 5165
f 5169 3320 3318
f 3318 5172 5169
f 5172 3318 3316
f 3316 5175 5172
f 5175 3316 3324
f 3324 5177 5175
f 5177 3324 3326
f 3326 5180 5177
f 5180 3326 3328
f 3328 5182 5180
f 5182 3328 3330
f 3330 5184 5182
f 5184 3330 3331
f 3331 5185 5184
f 5185 3331 3332
f 3332 5187 5185
f 5187 3332 3333
f 3333 5188 5187
f 5188 3333 3334
f 3334 5189 5188
f 5189 3334 3338
f 5189 3335 5190
f 3335 5189 3338
f 5190 3337 5192
f 3337 5190 3335
f 5192 3336 5193
f 3336 5192 3337
f 5193 3329 5194
f 3329 5193 3336
f 5194 3327 5195
f 3327 5194 3329
f 5195 3325 5196
f 3325 5195 3327
f 5196 3315 5197
f 3315 5196 3325
f 5197 3314 5198
f 3314 5197 3315
f 5198 3312 5137
f 3312 5198 3314
f 5137 3309 5135
f 3309 5137 3312
f 2999 5228 5233
f 5228 2999 2998
f 2998 5224 5228
f 5224 2998 2996
f 2996 5222 5224
f 5222 2996 2995
f 2995 5220 5222
f 5220 2995 2994
f 2994 5219 5220
f 5219 2994 2991
f 2991 5217 5219
f 5217 2991 2989
f 2989 5216 5217
f 5216 2989 2988
f 2988 5215 5216
f 5215 2988 2986
f 2986 5214 5215
f 5214 2986 2985
f 2985 5213 5214
f 5213 2985 2983
f 2983 5211 5213
f 5211 2983 2981
f 2981 5210 5211
f 5210 2981 2980
f 2980 5209 5210
f 5209 2980 2978
f 2978 5208 5209
f 5208 2978 2976
f 2976 5207 5208
f 5207 2976 2973
f 2973 5205 5207
f 5205 2973 2975
f 2975 5236 5205
f 5236 2975 2974
f 2974 5237 5236
f 5237 2974 2977
f 2977 5238 5237
f 5238 2977 2979
f 2979 5239 5238
f 5239 2979 2982
f 2982 5241 5239
f 5241 2982 2984
f 2984 5242 5241
f 5242 2984 2987
f 2987 5243 5242
f 5243 2987 2990
f 2990 5244 5243
f 5244 2990 2992
f 2992 5245 5244
f 5245 2992 2993
f 2993 5252 5245
f 5252 2993 2997
f 3044 5252 2997
f 5252 3044 5259
f 3044 5257 5259
f 5257 3044 2863
f 5257 2859 5258
f 2859 5257 2863
f 2859 5256 5258
f 5256 2859 3046
f 3046 5260 5256
f 5260 3046 3052
f 3052 5255 5260
f 5255 3052 3056
f 3056 5254 5255
f 5254 3056 3055
f 3055 5253 5254
f 5253 3055 3054
f 3054 5251 5253
f 5251 3054 3053
f 3053 5250 5251
f 5250 3053 3051
f 3051 5249 5250
f 5249 3051 3050
f 3050 5248 5249
f 5248 3050 3049
f 3049 5247 5248
f 5247 3049 3048
f 3048 5246 5247
f 5246 3048 3047
f 3047 5240 5246
f 5240 3047 3045
f 3045 5235 5240
f 5235 3045 2861
f 5235 2857 5234
f 2857 5235 2861
f 2857 5206 5234
f 5206 2857 3057
f 3057 5204 5206
f 5204 3057 3058
f 3058 5212 5204
f 5212 3058 3059
f 3059 5218 5212
f 5218 3059 3060
f 3060 5221 5218
f 5221 3060 3061
f 3061 5223 5221
f 5223 3061 3063
f 3063 5225 5223
f 5225 3063 3064
f 3064 5226 5225
f 5226 3064 3065
f 3065 5227 5226
f 5227 3065 3066
f 3066 5229 5227
f 5229 3066 3067
f 3067 5230 5229
f 5230 3067 3068
f 3068 5231 5230
f 5231 3068 3069
f 3069 5232 5231
f 5232 3069 3070
f 3070 5203 5232
f 5203 3070 3071
f 3071 5200 5203
f 5200 3071 3062
f 3062 5201 5200
f 5201 3062 2855
f 5201 2852 5199
f 2852 5201 2855
f 2852 5202 5199
f 5202 2852 3087
f 2999 5202 3087
f 5202 2999 5233
f 3001 5292 3002
f 5292 3001 5279
f 3001 5333 5279
f 5333 3001 3003
f 2877 5333 3003
f 5333 2877 5334
f 2877 5282 5334
f 5282 2877 2893
f 2892 5282 2893
f 5282 2892 5281
f 2894 5281 2892
f 5281 2894 5291
f 2895 5291 2894
f 5291 2895 5290
f 2891 5290 2895
f 5290 2891 5289
f 2890 5289 2891
f 5289 2890 5288
f 2889 5288 2890
f 5288 2889 5287
f 2888 5287 2889
f 5287 2888 5286
f 2888 5285 5286
f 5285 2888 2887
f 2887 5283 5285
f 5283 2887 2886
f 2886 5284 5283
f 5284 2886 2885
f 2885 5327 5284
f 5327 2885 2884
f 2884 5316 5327
f 5316 2884 2883
f 2883 5321 5316
f 5321 2883 2882
f 2882 5314 5321
f 5314 2882 2881
f 2881 5311 5314
f 5311 2881 2880
f 2880 5313 5311
f 5313 2880 2879
f 2879 5309 5313
f 5309 2879 2878
f 2878 5308 5309
f 5308 2878 2876
f 2876 5306 5308
f 5306 2876 2817
f 2817 5305 5306
f 5305 2817 2875
f 2875 5303 5305
f 5303 2875 2819
f 2819 5302 5303
f 5302 2819 2821
f 2821 5301 5302
f 5301 2821 2874
f 2874 5299 5301
f 5299 2874 2823
f 2823 5298 5299
f 5298 2823 2873
f 2873 5297 5298
f 5297 2873 2825
f 5297 2872 5295
f 2872 5297 2825
f 5295 2827 5277
f 2827 5295 2872
f 5277 2871 5276
f 2871 5277 2827
f 5276 2870 5274
f 2870 5276 2871
f 5274 2829 5273
f 2829 5274 2870
f 5273 2869 5271
f 2869 5273 2829
f 5271 2868 5269
f 2868 5271 2869
f 5269 2831 5268
f 2831 5269 2868
f 5268 2867 5266
f 2867 5268 2831
f 5266 2866 5262
f 2866 5266 2867
f 5262 2864 5263
f 2864 5262 2866
f 2864 5293 5263
f 5293 2864 3043
f 3000 5293 3043
f 5293 3000 5294
f 3000 5292 5294
f 5292 3000 3002
f 3279 5261 5278
f 5261 3279 3281
f 3280 5261 3281
f 5261 3280 5264
f 3283 5264 3280
f 5264 3283 5265
f 3287 5265 3283
f 5265 3287 5267
f 3291 5267 3287
f 5267 3291 5270
f 3292 5270 3291
f 5270 3292 5272
f 3293 5272 3292
f 5272 3293 5275
f 3293 5296 5275
f 5296 3293 3295
f 3295 5300 5296
f 5300 3295 3294
f 3294 5304 5300
f 5304 3294 3290
f 3290 5307 5304
f 5307 3290 3289
f 3289 5310 5307
f 5310 3289 3296
f 3296 5312 5310
f 5312 3296 3298
f 3298 5315 5312
f 5315 3298 3299
f 3299 5317 5315
f 5317 3299 3300
f 3300 5318 5317
f 5318 3300 3301
f 3301 5319 5318
f 5319 3301 3302
f 3302 5320 5319
f 5320 3302 3303
f 3303 5322 5320
f 5322 3303 3304
f 5322 3305 5323
f 3305 5322 3304
f 5323 3306 5324
f 3306 5323 3305
f 5324 3307 5325
f 3307 5324 3306
f 5325 3308 5326
f 3308 5325 3307
f 5326 3297 5328
f 3297 5326 3308
f 5328 3288 5329
f 3288 5328 3297
f 5329 3286 5330
f 3286 5329 3288
f 5330 3285 5331
f 3285 5330 3286
f 5331 3284 5332
f 3284 5331 3285
f 5332 3282 5280
f 3282 5332 3284
f 5280 3279 5278
f 3279 5280 3282
f 5335 5336 5337
f 5336 5335 5338
f 5339 5338 5335
f 5338 5339 5340
f 5341 5340 5339
f 5342 5340 5341
f 5340 5342 5343
f 5344 5343 5342
f 5343 5344 5345
f 5346 5345 5344
f 5345 5346 5347
f 5348 5347 5346
f 5349 5347 5348
f 5347 5349 5350
f 5351 5350 5349
f 5350 5351 5352
f 5353 5352 5351
f 5352 5353 5354
f 5355 5354 5353
f 5354 5355 5356
f 5357 5356 5355
f 5358 5359 5357
f 5356 5357 5359
f 5360 5361 5362
f 5363 5361 5360
f 5364 5362 5365
f 5361 5363 5366
f 5367 5365 5368
f 5369 5366 5363
f 5370 5368 5371
f 5372 5366 5369
f 5370 5371 5373
f 5366 5372 5374
f 5375 5373 5376
f 5377 5374 5372
f 5378 5376 5379
f 5374 5377 5380
f 5378 5379 5381
f 5382 5380 5377
f 5383 5381 5384
f 5385 5380 5382
f 5380 5385 5386
f 5383 5384 5387
f 5388 5386 5385
f 5389 5387 5390
f 5386 5388 5391
f 5389 5390 5392
f 5393 5391 5388
f 5391 5393 5394
f 5389 5392 5395
f 5362 5364 5360
f 5365 5367 5364
f 5368 5370 5367
f 5396 5395 5397
f 5373 5375 5370
f 5376 5378 5375
f 5396 5397 5398
f 5381 5383 5378
f 5387 5389 5383
f 5396 5398 5399
f 5395 5396 5389
f 5400 5399 5401
f 5399 5400 5396
f 5402 5400 5401
f 5400 5402 5403
f 5404 5403 5402
f 5403 5404 5405
f 5406 5405 5404
f 5407 5405 5406
f 5405 5407 5408
f 5409 5408 5407
f 5410 5408 5409
f 5408 5410 5411
f 5412 5411 5410
f 5413 5411 5412
f 5414 5411 5413
f 5411 5414 5415
f 5416 5415 5414
f 5417 5415 5416
f 5415 5417 5418
f 5419 5418 5417
f 5420 5418 5419
f 5421 5418 5420
f 5418 5421 5422
f 5423 5422 5421
f 5424 5422 5423
f 5425 5422 5424
f 5426 5422 5425
f 5422 5426 5427
f 5428 5427 5426
f 5429 5427 5428
f 5430 5427 5429
f 5427 5430 5431
f 5432 5431 5430
f 5433 5431 5432
f 5434 5431 5433
f 5431 5434 5435
f 5436 5435 5434
f 5437 5435 5436
f 5438 5435 5437
f 5435 5438 5439
f 5440 5439 5438
f 5441 5439 5440
f 5439 5441 5442
f 5443 5444 5445
f 5446 5445 5444
f 5447 5442 5441
f 5448 5449 5450
f 5451 5442 5447
f 5452 5453 5454
f 5442 5451 5455
f 5456 5457 5452
f 5458 5455 5451
f 5459 5460 5461
f 5462 5455 5458
f 5463 5464 5465
f 5455 5462 5466
f 5467 5465 5464
f 5468 5466 5462
f 5469 5470 5467
f 5466 5468 5471
f 5470 5469 5472
f 5473 5471 5468
f 5474 5472 5469
f 5475 5471 5473
f 5476 5477 5474
f 5471 5475 5443
f 5477 5476 5478
f 5479 5443 5475
f 5444 5443 5479
f 5480 5478 5476
f 5445 5446 5448
f 5478 5480 5481
f 5449 5448 5446
f 5454 5450 5449
f 5482 5481 5480
f 5450 5454 5453
f 5483 5481 5482
f 5453 5452 5457
f 5457 5456 5459
f 5472 5474 5477
f 5460 5459 5456
f 5461 5484 5463
f 5481 5483 5485
f 5484 5461 5460
f 5464 5463 5484
f 5465 5467 5470
f 5486 5485 5483
f 5485 5486 5487
f 5488 5487 5486
f 5487 5488 5489
f 5490 5489 5488
f 5491 5489 5490
f 5489 5491 5492
f 5493 5492 5491
f 5492 5493 5494
f 5495 5494 5493
f 5494 5495 5496
f 5497 5496 5495
f 5496 5497 5498
f 5498 5497 5499
f 5500 5499 5497
f 5499 5500 5501
f 5502 5501 5500
f 5501 5502 5503
f 5504 5503 5502
f 5503 5504 5505
f 5505 5504 5506
f 5507 5506 5504
f 5506 5507 5508
f 5508 5507 5509
f 5509 5507 5510
f 5511 5510 5507
f 5510 5511 5512
f 5512 5511 5513
f 5514 5513 5511
f 5513 5514 5515
f 5515 5514 5516
f 5516 5514 5517
f 5518 5517 5514
f 5517 5518 5519
f 5519 5518 5520
f 5520 5518 5521
f 5522 5521 5518
f 5521 5522 5523
f 5523 5522 5524
f 5524 5522 5525
f 5526 5525 5522
f 5525 5526 5527
f 5527 5526 5528
f 5529 5528 5526
f 5528 5529 5530
f 5530 5529 5531
f 5532 5531 5529
f 5531 5532 5533
f 5533 5532 5534
f 5535 5534 5532
f 5534 5535 5536
f 5537 5536 5535
f 5537 5538 5536
f 5539 5537 5540
f 5537 5539 5538
f 5541 5540 5542
f 5543 5542 5544
f 5540 5545 5539
f 5546 5544 5547
f 5540 5541 5545
f 5548 5547 5549
f 5550 5549 5551
f 5552 5551 5553
f 5542 5554 5541
f 5555 5553 5556
f 5557 5556 5558
f 5359 5358 5559
f 5557 5558 5560
f 5561 5559 5358
f 5556 5557 5555
f 5559 5561 5562
f 5553 5555 5552
f 5562 5561 5563
f 5551 5552 5564
f 5565 5563 5561
f 5551 5564 5550
f 5563 5565 5566
f 5549 5550 5548
f 5567 5566 5565
f 5547 5568 5546
f 5566 5567 5569
f 5544 5546 5570
f 5569 5567 5571
f 5542 5572 5554
f 5573 5571 5567
f 5542 5543 5572
f 5571 5573 5574
f 5544 5575 5543
f 5560 5574 5573
f 5544 5570 5575
f 5574 5560 5558
f 5547 5548 5568
f 5576 5394 5393
f 5394 5576 5577
f 5578 5577 5576
f 5577 5578 5579
f 5580 5579 5578
f 5579 5580 5581
f 5582 5581 5580
f 5581 5582 5583
f 5584 5583 5582
f 5583 5584 5585
f 5585 5584 5586
f 5587 5586 5584
f 5586 5587 5588
f 5589 5588 5587
f 5588 5589 5590
f 5590 5589 5591
f 5592 5591 5589
f 5591 5592 5593
f 5594 5593 5592
f 5593 5594 5595
f 5596 5595 5594
f 5595 5596 5597
f 5598 5599 5600
f 5601 5599 5598
f 5602 5599 5601
f 5599 5602 5603
f 5603 5604 5605
f 5606 5605 5604
f 5605 5606 5607
f 5607 5608 5609
f 5610 5609 5608
f 5609 5611 5612
f 5604 5603 5602
f 5600 5613 5598
f 5614 5615 5613
f 5615 5616 5617
f 5615 5618 5616
f 5615 5619 5618
f 5615 5620 5619
f 5615 5621 5620
f 5615 5622 5621
f 5615 5623 5622
f 5615 5624 5623
f 5615 5625 5624
f 5615 5626 5625
f 5615 5627 5626
f 5615 5628 5627
f 5615 5629 5628
f 5630 5613 5600
f 5614 5613 5630
f 5615 5614 5629
f 5608 5607 5606
f 5611 5609 5610
f 5631 5612 5611
f 5612 5631 5632
f 5633 5632 5631
f 5632 5633 5634
f 5634 5633 5635
f 5636 5635 5633
f 5635 5636 5637
f 5638 5637 5636
f 5637 5638 5639
f 5640 5639 5638
f 5639 5640 5641
f 5642 5641 5640
f 5641 5642 5643
f 5644 5643 5642
f 5643 5644 5645
f 5646 5645 5644
f 5645 5646 5647
f 5647 5646 5648
f 5649 5648 5646
f 5648 5649 5650
f 5651 5650 5649
f 5651 5652 5650
f 5653 5652 5651
f 5654 5653 5655
f 5653 5654 5652
f 5655 5656 5654
f 5657 5656 5655
f 5657 5658 5656
f 5659 5658 5657
f 5659 5660 5658
f 5661 5659 5662
f 5663 5662 5664
f 5659 5661 5660
f 5665 5664 5666
f 5662 5663 5661
f 5667 5666 5668
f 5664 5669 5663
f 5670 5668 5671
f 5664 5665 5669
f 5672 5671 5673
f 5666 5667 5665
f 5617 5673 5674
f 5668 5675 5667
f 5617 5674 5676
f 5617 5676 5677
f 5668 5670 5675
f 5617 5677 5678
f 5617 5678 5679
f 5671 5680 5670
f 5617 5679 5681
f 5617 5681 5682
f 5671 5672 5680
f 5617 5682 5683
f 5617 5683 5684
f 5617 5684 5615
f 5673 5617 5672
f 2898 5557 2896
f 5557 2898 5555
f 3198 5555 2898
f 5555 3198 5552
f 3197 5552 3198
f 5552 3197 5564
f 3196 5564 3197
f 5564 3196 5550
f 3195 5550 3196
f 5550 3195 5548
f 3194 5548 3195
f 5548 3194 5568
f 3193 5568 3194
f 5568 3193 5546
f 3192 5546 3193
f 5546 3192 5570
f 3191 5570 3192
f 5570 3191 5575
f 3190 5575 3191
f 5575 3190 5543
f 3190 5572 5543
f 5572 3190 3189
f 3189 5554 5572
f 5554 3189 3188
f 3188 5541 5554
f 5541 3188 3187
f 3187 5545 5541
f 5545 3187 3186
f 3186 5539 5545
f 5539 3186 3185
f 3185 5538 5539
f 5538 3185 3184
f 3184 5536 5538
f 5536 3184 3183
f 3183 5534 5536
f 5534 3183 3182
f 3182 5533 5534
f 5533 3182 3181
f 3181 5531 5533
f 5531 3181 3180
f 3180 5530 5531
f 5530 3180 3179
f 3179 5528 5530
f 5528 3179 3178
f 3178 5527 5528
f 5527 3178 3177
f 3177 5525 5527
f 5525 3177 3176
f 3176 5524 5525
f 5524 3176 3175
f 3175 5523 5524
f 5523 3175 3174
f 3174 5521 5523
f 5521 3174 3173
f 3173 5520 5521
f 5520 3173 3172
f 3172 5519 5520
f 5519 3172 3171
f 3171 5517 5519
f 5517 3171 3170
f 3170 5516 5517
f 5516 3170 3169
f 3169 5515 5516
f 5515 3169 3168
f 3168 5513 5515
f 5513 3168 3167
f 3167 5512 5513
f 5512 3167 3166
f 5512 3165 5510
f 3165 5512 3166
f 5510 3164 5509
f 3164 5510 3165
f 5509 3163 5508
f 3163 5509 3164
f 5508 3162 5506
f 3162 5508 3163
f 5506 3161 5505
f 3161 5506 3162
f 5505 3160 5503
f 3160 5505 3161
f 5503 3159 5501
f 3159 5503 3160
f 5501 3158 5499
f 3158 5501 3159
f 5499 3157 5498
f 3157 5499 3158
f 5498 3156 5496
f 3156 5498 3157
f 5496 3155 5494
f 3155 5496 3156
f 5494 3154 5492
f 3154 5494 3155
f 5492 3153 5489
f 3153 5492 3154
f 5489 3152 5487
f 3152 5489 3153
f 5487 3151 5485
f 3151 5487 3152
f 5485 3150 5481
f 3150 5485 3151
f 5481 3149 5478
f 3149 5481 3150
f 5478 3148 5477
f 3148 5478 3149
f 5477 3035 5472
f 3035 5477 3148
f 5472 3022 5470
f 3022 5472 3035
f 5470 3015 5465
f 3015 5470 3022
f 5465 3010 5463
f 3010 5465 3015
f 5463 3007 5461
f 3007 5463 3010
f 5461 3040 5459
f 3040 5461 3007
f 5459 3012 5457
f 3012 5459 3040
f 5457 3141 5453
f 3141 5457 3012
f 5453 3140 5450
f 3140 5453 3141
f 5450 3016 5448
f 3016 5450 3140
f 5448 3139 5445
f 3139 5448 3016
f 5445 3138 5443
f 3138 5445 3139
f 5443 3020 5471
f 3020 5443 3138
f 5471 3037 5466
f 3037 5471 3020
f 5466 3038 5455
f 3038 5466 3037
f 5455 3041 5442
f 3041 5455 3038
f 5442 3129 5439
f 3129 5442 3041
f 3129 5435 5439
f 5435 3129 3132
f 3132 5431 5435
f 5431 3132 3137
f 3137 5427 5431
f 5427 3137 3136
f 3136 5422 5427
f 5422 3136 3135
f 3135 5418 5422
f 5418 3135 3134
f 3134 5415 5418
f 5415 3134 3133
f 3133 5411 5415
f 5411 3133 3131
f 3131 5408 5411
f 5408 3131 3130
f 3130 5405 5408
f 5405 3130 3042
f 3042 5403 5405
f 5403 3042 3039
f 3039 5400 5403
f 5400 3039 3024
f 3024 5396 5400
f 5396 3024 3028
f 3028 5389 5396
f 5389 3028 3032
f 3032 5383 5389
f 5383 3032 3029
f 3025 5383 3029
f 5383 3025 5378
f 3021 5378 3025
f 5378 3021 5375
f 3017 5375 3021
f 5375 3017 5370
f 3013 5370 3017
f 5370 3013 5367
f 3009 5367 3013
f 5367 3009 5364
f 3008 5364 3009
f 5364 3008 5360
f 3011 5360 3008
f 5360 3011 5363
f 3014 5363 3011
f 5363 3014 5369
f 3018 5369 3014
f 5369 3018 5372
f 3019 5372 3018
f 5372 3019 5377
f 3023 5377 3019
f 5377 3023 5382
f 3026 5382 3023
f 5382 3026 5385
f 3027 5385 3026
f 5385 3027 5388
f 3030 5388 3027
f 5388 3030 5393
f 3031 5393 3030
f 5393 3031 5576
f 3033 5576 3031
f 5576 3033 5578
f 3034 5578 3033
f 5578 3034 5580
f 3034 5582 5580
f 5582 3034 3036
f 3036 5584 5582
f 5584 3036 3142
f 3142 5587 5584
f 5587 3142 3143
f 3143 5589 5587
f 5589 3143 3144
f 3144 5592 5589
f 5592 3144 3145
f 3145 5594 5592
f 5594 3145 3146
f 3146 5596 5594
f 5596 3146 3147
f 3128 5596 3147
f 5596 3128 5597
f 3128 5595 5597
f 5595 3128 3127
f 3127 5593 5595
f 5593 3127 3126
f 3126 5591 5593
f 5591 3126 3125
f 3125 5590 5591
f 5590 3125 3124
f 3124 5588 5590
f 5588 3124 3123
f 3123 5586 5588
f 5586 3123 3122
f 3122 5585 5586
f 5585 3122 3121
f 5585 3120 5583
f 3120 5585 3121
f 5583 3119 5581
f 3119 5583 3120
f 5581 3118 5579
f 3118 5581 3119
f 5579 3117 5577
f 3117 5579 3118
f 5577 3116 5394
f 3116 5577 3117
f 5394 3115 5391
f 3115 5394 3116
f 5391 2851 5386
f 2851 5391 3115
f 5386 2850 5380
f 2850 5386 2851
f 5380 2849 5374
f 2849 5380 2850
f 5374 2677 5366
f 2677 5374 2849
f 5366 2679 5361
f 2679 5366 2677
f 5361 2684 5362
f 2684 5361 2679
f 5362 2685 5365
f 2685 5362 2684
f 5365 2686 5368
f 2686 5365 2685
f 5368 2687 5371
f 2687 5368 2686
f 5371 2688 5373
f 2688 5371 2687
f 5373 2689 5376
f 2689 5373 2688
f 5376 2690 5379
f 2690 5376 2689
f 5379 2691 5381
f 2691 5379 2690
f 5381 2694 5384
f 2694 5381 2691
f 5384 2695 5387
f 2695 5384 2694
f 5387 2696 5390
f 2696 5387 2695
f 2696 5392 5390
f 5392 2696 2697
f 2697 5395 5392
f 5395 2697 2698
f 2698 5397 5395
f 5397 2698 2699
f 2699 5398 5397
f 5398 2699 2700
f 2700 5399 5398
f 5399 2700 2701
f 2701 5401 5399
f 5401 2701 2702
f 2702 5402 5401
f 5402 2702 2704
f 2704 5404 5402
f 5404 2704 2705
f 2705 5406 5404
f 5406 2705 2706
f 2706 5407 5406
f 5407 2706 2707
f 2707 5409 5407
f 5409 2707 2708
f 2708 5410 5409
f 5410 2708 2709
f 2709 5412 5410
f 5412 2709 2710
f 2710 5413 5412
f 5413 2710 2711
f 2711 5414 5413
f 5414 2711 2712
f 2712 5416 5414
f 5416 2712 2713
f 2713 5417 5416
f 5417 2713 2714
f 2714 5419 5417
f 5419 2714 2715
f 2715 5420 5419
f 5420 2715 2716
f 2716 5421 5420
f 5421 2716 2717
f 2717 5423 5421
f 5423 2717 2718
f 2718 5424 5423
f 5424 2718 2719
f 2719 5425 5424
f 5425 2719 2720
f 2720 5426 5425
f 5426 2720 2721
f 2721 5428 5426
f 5428 2721 2722
f 2722 5429 5428
f 5429 2722 2723
f 2723 5430 5429
f 5430 2723 2724
f 2724 5432 5430
f 5432 2724 2725
f 2726 5432 2725
f 5432 2726 5433
f 2727 5433 2726
f 5433 2727 5434
f 2728 5434 2727
f 5434 2728 5436
f 2729 5436 2728
f 5436 2729 5437
f 2730 5437 2729
f 5437 2730 5438
f 2731 5438 2730
f 5438 2731 5440
f 2733 5440 2731
f 5440 2733 5441
f 2734 5441 2733
f 5441 2734 5447
f 2735 5447 2734
f 5447 2735 5451
f 2736 5451 2735
f 5451 2736 5458
f 2737 5458 2736
f 5458 2737 5462
f 2738 5462 2737
f 5462 2738 5468
f 2739 5468 2738
f 5468 2739 5473
f 2740 5473 2739
f 5473 2740 5475
f 2741 5475 2740
f 5475 2741 5479
f 2771 5479 2741
f 5479 2771 5444
f 2769 5444 2771
f 5444 2769 5446
f 2768 5446 2769
f 5446 2768 5449
f 2765 5449 2768
f 5449 2765 5454
f 2763 5454 2765
f 5454 2763 5452
f 2760 5452 2763
f 5452 2760 5456
f 2758 5456 2760
f 5456 2758 5460
f 2755 5460 2758
f 5460 2755 5484
f 2744 5484 2755
f 5484 2744 5464
f 2743 5464 2744
f 5464 2743 5467
f 2748 5467 2743
f 5467 2748 5469
f 2750 5469 2748
f 5469 2750 5474
f 2752 5474 2750
f 5474 2752 5476
f 2756 5476 2752
f 5476 2756 5480
f 2759 5480 2756
f 5480 2759 5482
f 2762 5482 2759
f 5482 2762 5483
f 2764 5483 2762
f 5483 2764 5486
f 2767 5486 2764
f 5486 2767 5488
f 2770 5488 2767
f 5488 2770 5490
f 2772 5490 2770
f 5490 2772 5491
f 2774 5491 2772
f 5491 2774 5493
f 2775 5493 2774
f 5493 2775 5495
f 2776 5495 2775
f 5495 2776 5497
f 2777 5497 2776
f 5497 2777 5500
f 2779 5500 2777
f 5500 2779 5502
f 2780 5502 2779
f 5502 2780 5504
f 2780 5507 5504
f 5507 2780 2953
f 2953 5511 5507
f 5511 2953 2955
f 2955 5514 5511
f 5514 2955 2956
f 2956 5518 5514
f 5518 2956 2959
f 2959 5522 5518
f 5522 2959 2961
f 2961 5526 5522
f 5526 2961 2969
f 2969 5529 5526
f 5529 2969 2962
f 2962 5532 5529
f 5532 2962 2951
f 2951 5535 5532
f 5535 2951 2781
f 2781 5537 5535
f 5537 2781 2778
f 2778 5540 5537
f 5540 2778 2968
f 2968 5542 5540
f 5542 2968 2970
f 2970 5544 5542
f 5544 2970 2972
f 5544 2971 5547
f 2971 5544 2972
f 5547 2773 5549
f 2773 5547 2971
f 5549 2766 5551
f 2766 5549 2773
f 5551 2761 5553
f 2761 5551 2766
f 5553 2753 5556
f 2753 5553 2761
f 5556 2751 5558
f 2751 5556 2753
f 5558 2749 5574
f 2749 5558 2751
f 5574 2747 5571
f 2747 5574 2749
f 5571 2745 5569
f 2745 5571 2747
f 5569 2746 5566
f 2746 5569 2745
f 5566 2742 5563
f 2742 5566 2746
f 5563 2967 5562
f 2967 5563 2742
f 5562 2966 5559
f 2966 5562 2967
f 5559 2965 5359
f 2965 5559 2966
f 5359 2964 5356
f 2964 5359 2965
f 5356 2963 5354
f 2963 5356 2964
f 5354 2754 5352
f 2754 5354 2963
f 5352 2960 5350
f 2960 5352 2754
f 2960 5347 5350
f 5347 2960 2958
f 2958 5345 5347
f 5345 2958 2957
f 2957 5343 5345
f 5343 2957 2954
f 2954 5340 5343
f 5340 2954 2952
f 2952 5338 5340
f 5338 2952 2757
f 2757 5336 5338
f 5336 2757 2732
f 5336 2703 5337
f 2703 5336 2732
f 2703 5335 5337
f 5335 2703 2783
f 2783 5339 5335
f 5339 2783 2784
f 2784 5341 5339
f 5341 2784 2785
f 2785 5342 5341
f 5342 2785 2786
f 2786 5344 5342
f 5344 2786 2787
f 2787 5346 5344
f 5346 2787 2680
f 2680 5348 5346
f 5348 2680 2682
f 2692 5348 2682
f 5348 2692 5349
f 2782 5349 2692
f 5349 2782 5351
f 2788 5351 2782
f 5351 2788 5353
f 2789 5353 2788
f 5353 2789 5355
f 2796 5355 2789
f 5355 2796 5357
f 2795 5357 2796
f 5357 2795 5358
f 2794 5358 2795
f 5358 2794 5561
f 2793 5561 2794
f 5561 2793 5565
f 2792 5565 2793
f 5565 2792 5567
f 2790 5567 2792
f 5567 2790 5573
f 2791 5573 2790
f 5573 2791 5560
f 2896 5560 2791
f 5560 2896 5557
f 3238 5629 3239
f 5629 3238 5628
f 3237 5628 3238
f 5628 3237 5627
f 3236 5627 3237
f 5627 3236 5626
f 3235 5626 3236
f 5626 3235 5625
f 3234 5625 3235
f 5625 3234 5624
f 3233 5624 3234
f 5624 3233 5623
f 3232 5623 3233
f 5623 3232 5622
f 3231 5622 3232
f 5622 3231 5621
f 3230 5621 3231
f 5621 3230 5620
f 3229 5620 3230
f 5620 3229 5619
f 2842 5619 3229
f 5619 2842 5618
f 2844 5618 2842
f 5618 2844 5616
f 2844 5617 5616
f 5617 2844 3228
f 3228 5672 5617
f 5672 3228 3227
f 3227 5680 5672
f 5680 3227 3226
f 3226 5670 5680
f 5670 3226 3225
f 3225 5675 5670
f 5675 3225 3224
f 3224 5667 5675
f 5667 3224 3223
f 3223 5665 5667
f 5665 3223 3222
f 3222 5669 5665
f 5669 3222 3221
f 3221 5663 5669
f 5663 3221 3220
f 3220 5661 5663
f 5661 3220 3219
f 3219 5660 5661
f 5660 3219 3218
f 3218 5658 5660
f 5658 3218 3217
f 3217 5656 5658
f 5656 3217 3216
f 3216 5654 5656
f 5654 3216 3215
f 3215 5652 5654
f 5652 3215 3214
f 3214 5650 5652
f 5650 3214 3213
f 3213 5648 5650
f 5648 3213 3212
f 3212 5647 5648
f 5647 3212 3211
f 3211 5645 5647
f 5645 3211 3210
f 3210 5643 5645
f 5643 3210 3209
f 3209 5641 5643
f 5641 3209 3208
f 3208 5639 5641
f 5639 3208 3207
f 3207 5637 5639
f 5637 3207 3205
f 5637 3204 5635
f 3204 5637 3205
f 5635 3203 5634
f 3203 5635 3204
f 5634 3202 5632
f 3202 5634 3203
f 5632 3201 5612
f 3201 5632 3202
f 5612 3200 5609
f 3200 5612 3201
f 5609 3199 5607
f 3199 5609 3200
f 5607 3114 5605
f 3114 5607 3199
f 5605 2847 5603
f 2847 5605 3114
f 5603 2846 5599
f 2846 5603 2847
f 5599 2848 5600
f 2848 5599 2846
f 2848 5630 5600
f 5630 2848 2897
f 2899 5630 2897
f 5630 2899 5614
f 3239 5614 2899
f 5614 3239 5629
f 3240 5598 5613
f 5598 3240 3242
f 3241 5598 3242
f 5598 3241 5601
f 3246 5601 3241
f 5601 3246 5602
f 3249 5602 3246
f 5602 3249 5604
f 3250 5604 3249
f 5604 3250 5606
f 3251 5606 3250
f 5606 3251 5608
f 3253 5608 3251
f 5608 3253 5610
f 3255 5610 3253
f 5610 3255 5611
f 3256 5611 3255
f 5611 3256 5631
f 3257 5631 3256
f 5631 3257 5633
f 3258 5633 3257
f 5633 3258 5636
f 3258 5638 5636
f 5638 3258 3259
f 3259 5640 5638
f 5640 3259 3260
f 3260 5642 5640
f 5642 3260 3261
f 3261 5644 5642
f 5644 3261 3254
f 3254 5646 5644
f 5646 3254 3252
f 3252 5649 5646
f 5649 3252 3248
f 3248 5651 5649
f 5651 3248 3247
f 3247 5653 5651
f 5653 3247 3245
f 3245 5655 5653
f 5655 3245 3243
f 3243 5657 5655
f 5657 3243 3262
f 3262 5659 5657
f 5659 3262 3263
f 3263 5662 5659
f 5662 3263 3264
f 3264 5664 5662
f 5664 3264 3265
f 3265 5666 5664
f 5666 3265 3266
f 3266 5668 5666
f 5668 3266 3267
f 3267 5671 5668
f 5671 3267 3269
f 3269 5673 5671
f 5673 3269 3270
f 3270 5674 5673
f 5674 3270 3271
f 3271 5676 5674
f 5676 3271 3272
f 5676 3273 5677
f 3273 5676 3272
f 5677 3274 5678
f 3274 5677 3273
f 5678 3275 5679
f 3275 5678 3274
f 5679 3276 5681
f 3276 5679 3275
f 5681 3277 5682
f 3277 5681 3276
f 5682 3278 5683
f 3278 5682 3277
f 5683 3268 5684
f 3268 5683 3278
f 5684 3244 5615
f 3244 5684 3268
f 5615 3240 5613
f 3240 5615 3244
f 5685 5686 5687
f 5688 5687 5689
f 5688 5689 5690
f 5691 5690 5692
f 5693 5692 5694
f 5695 5694 5696
f 5695 5696 5697
f 5698 5697 5699
f 5700 5699 5701
f 5702 5701 5703
f 5702 5703 5704
f 5692 5693 5691
f 5686 5705 5706
f 5686 5685 5705
f 5687 5688 5685
f 5707 5704 5708
f 5690 5691 5688
f 5694 5695 5693
f 5697 5698 5695
f 5699 5700 5698
f 5709 5708 5710
f 5701 5702 5700
f 5704 5711 5702
f 5704 5707 5711
f 5712 5710 5713
f 5708 5709 5707
f 5710 5712 5709
f 5713 5714 5712
f 5715 5713 5716
f 5713 5715 5714
f 5716 5717 5715
f 5718 5717 5716
f 5718 5719 5717
f 5718 5720 5719
f 5721 5720 5718
f 5721 5722 5720
f 5723 5722 5721
f 5723 5724 5722
f 5725 5724 5723
f 5724 5725 5726
f 5727 5726 5725
f 5726 5727 5728
f 5729 5728 5727
f 5728 5729 5730
f 5731 5730 5729
f 5732 5730 5731
f 5730 5732 5733
f 5734 5733 5732
f 5735 5733 5734
f 5733 5735 5736
f 5737 5738 5739
f 5740 5736 5735
f 5741 5742 5738
f 5743 5736 5740
f 5741 5744 5742
f 5741 5745 5744
f 5741 5746 5745
f 5736 5743 5747
f 5741 5748 5746
f 5741 5749 5748
f 5741 5750 5749
f 5751 5747 5743
f 5741 5752 5750
f 5753 5747 5751
f 5741 5754 5752
f 5755 5747 5753
f 5741 5756 5754
f 5741 5757 5756
f 5741 5758 5757
f 5741 5759 5758
f 5741 5760 5759
f 5741 5761 5760
f 5741 5762 5761
f 5747 5755 5763
f 5741 5764 5762
f 5741 5765 5764
f 5741 5766 5765
f 5767 5763 5755
f 5741 5768 5766
f 5741 5769 5768
f 5741 5770 5769
f 5771 5763 5767
f 5741 5772 5770
f 5741 5773 5772
f 5741 5774 5773
f 5775 5763 5771
f 5741 5776 5774
f 5741 5777 5776
f 5763 5775 5778
f 5741 5779 5777
f 5741 5780 5779
f 5741 5781 5780
f 5778 5775 5782
f 5741 5783 5781
f 5741 5784 5783
f 5741 5785 5784
f 5778 5782 5786
f 5741 5787 5785
f 5741 5788 5787
f 5741 5786 5788
f 5789 5790 5791
f 5790 5792 5793
f 5789 5791 5794
f 5795 5794 5796
f 5797 5793 5792
f 5795 5796 5798
f 5799 5798 5800
f 5799 5800 5801
f 5793 5797 5802
f 5799 5801 5803
f 5804 5803 5805
f 5802 5797 5806
f 5804 5805 5807
f 5808 5807 5809
f 5810 5806 5797
f 5808 5809 5811
f 5808 5811 5812
f 5813 5812 5814
f 5806 5810 5815
f 5813 5814 5816
f 5813 5816 5817
f 5815 5810 5818
f 5819 5817 5820
f 5819 5820 5821
f 5819 5821 5822
f 5823 5818 5810
f 5824 5822 5825
f 5824 5825 5826
f 5818 5823 5827
f 5828 5826 5829
f 5828 5829 5830
f 5831 5830 5832
f 5827 5823 5833
f 5834 5832 5835
f 5834 5835 5836
f 5833 5823 5837
f 5838 5836 5839
f 5840 5839 5841
f 5842 5837 5823
f 5843 5842 5844
f 5837 5842 5843
f 5845 5841 5846
f 5790 5789 5792
f 5794 5795 5789
f 5798 5799 5795
f 5803 5804 5799
f 5807 5808 5804
f 5812 5813 5808
f 5847 5846 5848
f 5817 5819 5813
f 5822 5824 5819
f 5826 5828 5824
f 5830 5831 5828
f 5849 5848 5850
f 5832 5834 5831
f 5836 5838 5834
f 5839 5840 5838
f 5851 5850 5852
f 5841 5845 5840
f 5846 5847 5845
f 5848 5849 5847
f 5853 5852 5854
f 5850 5855 5849
f 5850 5851 5855
f 5856 5854 5857
f 5852 5853 5851
f 5854 5858 5853
f 5859 5857 5860
f 5854 5856 5858
f 5857 5859 5856
f 5861 5860 5862
f 5860 5861 5859
f 5863 5862 5864
f 5862 5863 5861
f 5865 5864 5866
f 5864 5865 5863
f 5867 5866 5868
f 5869 5868 5870
f 5866 5867 5865
f 5871 5870 5872
f 5868 5869 5867
f 5873 5872 5874
f 5875 5874 5876
f 5870 5871 5869
f 5877 5876 5878
f 5879 5878 5880
f 5872 5873 5871
f 5881 5880 5882
f 5739 5882 5737
f 5874 5875 5873
f 5738 5737 5883
f 5738 5883 5884
f 5738 5884 5885
f 5876 5877 5875
f 5738 5885 5886
f 5738 5886 5887
f 5878 5879 5877
f 5738 5887 5888
f 5738 5888 5889
f 5738 5889 5890
f 5738 5890 5891
f 5880 5881 5879
f 5738 5891 5892
f 5738 5892 5893
f 5738 5893 5894
f 5738 5894 5895
f 5738 5895 5896
f 5738 5896 5741
f 5882 5739 5881
f 5786 5741 5778
f 5844 5842 5897
f 5898 5897 5842
f 5897 5898 5899
f 5899 5898 5900
f 5901 5900 5898
f 5900 5901 5902
f 5903 5902 5901
f 5902 5903 5904
f 5904 5903 5905
f 5906 5905 5903
f 5906 5907 5905
f 5908 5907 5906
f 5908 5909 5907
f 5910 5909 5908
f 5910 5911 5909
f 5912 5911 5910
f 5913 5912 5914
f 5912 5913 5911
f 5915 5914 5916
f 5915 5916 5917
f 5914 5915 5913
f 5918 5917 5919
f 5920 5919 5921
f 5917 5918 5915
f 5920 5921 5922
f 5923 5922 5924
f 5919 5920 5918
f 5925 5924 5926
f 5927 5926 5928
f 5929 5928 5930
f 5922 5923 5920
f 5931 5930 5932
f 5933 5932 5934
f 5935 5934 5936
f 5924 5925 5923
f 5937 5936 5938
f 5939 5938 5940
f 5941 5940 5942
f 5943 5942 5944
f 5926 5927 5925
f 5928 5929 5927
f 5930 5931 5929
f 5932 5933 5931
f 5934 5945 5933
f 5934 5935 5945
f 5936 5937 5935
f 5938 5939 5937
f 5940 5946 5939
f 5940 5941 5946
f 5942 5943 5941
f 5943 5944 5947
f 5948 5949 5950
f 5951 5949 5952
f 5953 5949 5951
f 5954 5949 5953
f 5949 5955 5956
f 5949 5957 5955
f 5949 5958 5957
f 5949 5959 5958
f 5949 5960 5959
f 5949 5961 5960
f 5949 5962 5961
f 5949 5954 5963
f 5949 5948 5952
f 5949 5963 5962
f 5964 5965 5966
f 5967 5965 5964
f 5965 5967 5968
f 5969 5968 5967
f 5968 5969 5970
f 5971 5970 5969
f 5970 5971 5972
f 5973 5972 5971
f 5972 5973 5974
f 5975 5974 5973
f 5974 5975 5976
f 5977 5978 5975
f 5964 5966 5979
f 5976 5975 5978
f 5978 5977 5980
f 5981 5980 5977
f 5980 5981 5982
f 5983 5982 5981
f 5982 5983 5984
f 5985 5984 5983
f 5984 5985 5986
f 5986 5985 5987
f 5988 5987 5985
f 5987 5988 5989
f 5990 5989 5988
f 5989 5990 5991
f 5992 5991 5990
f 5991 5992 5993
f 5994 5993 5992
f 5995 5993 5994
f 5993 5995 5996
f 5997 5996 5995
f 5996 5997 5998
f 5999 5998 5997
f 5999 6000 5998
f 6001 6000 5999
f 6002 6000 6001
f 6002 6003 6000
f 6004 6003 6002
f 6005 6004 6006
f 6004 6005 6003
f 6007 6006 6008
f 6007 6008 6009
f 6006 6007 6005
f 6010 6009 6011
f 6012 6011 6013
f 6009 6010 6007
f 6014 6013 6015
f 5956 6015 6016
f 5956 6016 6017
f 6011 6012 6010
f 5956 6017 6018
f 5956 6018 6019
f 5956 6019 6020
f 5956 6020 6021
f 6013 6014 6012
f 5956 6021 6022
f 5956 6022 6023
f 5956 6023 6024
f 5956 6024 6025
f 6015 5956 6014
f 5956 6025 5949
f 6026 6027 6028
f 6029 6030 6027
f 6029 6031 6030
f 6029 6032 6031
f 6029 6033 6032
f 6034 6035 6036
f 6029 6037 6033
f 6029 6038 6037
f 6029 6039 6038
f 6029 6040 6039
f 6041 6036 6042
f 6035 6034 6040
f 6036 6043 6034
f 6036 6041 6043
f 6044 6042 6045
f 6042 6044 6041
f 6045 6046 6044
f 6045 6047 6046
f 6048 6047 6045
f 6048 6049 6047
f 6048 6050 6049
f 6051 6050 6048
f 6051 6052 6050
f 6051 6053 6052
f 6054 6055 6053
f 6055 6054 6056
f 6057 6056 6054
f 6054 6053 6051
f 6027 6058 6059
f 6027 6026 6058
f 6027 6059 6060
f 6026 6028 6061
f 6061 6028 6062
f 6027 6060 6063
f 6062 6028 6064
f 6027 6063 6065
f 6066 6064 6028
f 6064 6066 6067
f 6027 6065 6068
f 6067 6066 6069
f 6027 6068 6070
f 6071 6069 6066
f 6027 6070 6072
f 6069 6071 6073
f 6073 6071 6074
f 6027 6072 6075
f 6074 6071 6076
f 6027 6075 6077
f 6078 6076 6071
f 6076 6078 6079
f 6027 6077 6080
f 6079 6078 6081
f 6027 6080 6082
f 6083 6081 6078
f 6027 6082 6029
f 6081 6083 6084
f 6084 6083 6085
f 6040 6029 6035
f 6086 6085 6083
f 6085 6086 6087
f 6087 6086 6088
f 6089 6088 6086
f 6088 6089 6090
f 6091 6090 6089
f 6090 6091 6092
f 6093 6092 6091
f 6092 6093 6094
f 6094 6095 6096
f 6097 6094 6093
f 6098 6094 6097
f 6094 6099 6095
f 6100 6094 6098
f 6101 6094 6100
f 6094 6102 6099
f 6103 6094 6101
f 6094 6103 6102
f 6104 6103 6105
f 6103 6104 6102
f 6106 6104 6105
f 6107 6104 6106
f 6107 6108 6104
f 6109 6108 6107
f 6110 6108 6109
f 6056 6110 6055
f 6110 6056 6108
f 6111 6112 6113
f 6111 6113 6114
f 6112 6115 6116
f 6111 6114 6117
f 6118 6116 6115
f 6119 6117 6120
f 6119 6120 6121
f 6112 6111 6115
f 6119 6121 6122
f 6123 6124 6118
f 6119 6122 6125
f 6124 6123 6126
f 6119 6125 6127
f 6126 6123 6128
f 6129 6127 6130
f 6129 6130 6131
f 6132 6128 6123
f 6129 6131 6133
f 6128 6132 6134
f 6129 6133 6135
f 6134 6132 6136
f 6137 6135 6138
f 6139 6136 6132
f 6137 6138 6140
f 6137 6140 6141
f 6116 6118 6124
f 6096 6141 6142
f 6136 6139 6143
f 6144 6143 6139
f 6117 6119 6111
f 6127 6129 6119
f 6096 6142 6145
f 6135 6137 6129
f 6096 6145 6094
f 6141 6096 6137
f 6143 6144 6146
f 6146 6144 6147
f 6148 6147 6144
f 6147 6148 6149
f 6150 6149 6148
f 6149 6150 6151
f 6152 6151 6150
f 6151 6152 6153
f 6154 6153 6152
f 6153 6154 6155
f 6156 6155 6154
f 6155 6156 6157
f 6158 6157 6156
f 6157 6158 6159
f 6160 6159 6158
f 6161 6159 6160
f 6159 6161 6162
f 6163 6162 6161
f 6163 6164 6162
f 6165 6164 6163
f 6166 6164 6165
f 6166 6167 6164
f 6168 6167 6166
f 6169 6167 6168
f 6169 6057 6167
f 6056 6057 6169
f 2295 5907 5909
f 5907 2295 2294
f 2294 5905 5907
f 5905 2294 2293
f 2293 5904 5905
f 5904 2293 2292
f 2292 5902 5904
f 5902 2292 2291
f 2291 5900 5902
f 5900 2291 2290
f 2290 5899 5900
f 5899 2290 2289
f 2289 5897 5899
f 5897 2289 2288
f 2288 5844 5897
f 5844 2288 2287
f 2287 5843 5844
f 5843 2287 2286
f 2286 5837 5843
f 5837 2286 2285
f 5837 2284 5833
f 2284 5837 2285
f 5833 2283 5827
f 2283 5833 2284
f 5827 2282 5818
f 2282 5827 2283
f 5818 2281 5815
f 2281 5818 2282
f 5815 2280 5806
f 2280 5815 2281
f 5806 2279 5802
f 2279 5806 2280
f 5802 2121 5793
f 2121 5802 2279
f 5793 2120 5790
f 2120 5793 2121
f 5790 2122 5791
f 2122 5790 2120
f 5791 2123 5794
f 2123 5791 2122
f 5794 2118 5796
f 2118 5794 2123
f 5796 2124 5798
f 2124 5796 2118
f 5798 2125 5800
f 2125 5798 2124
f 5800 2126 5801
f 2126 5800 2125
f 5801 2127 5803
f 2127 5801 2126
f 5803 2128 5805
f 2128 5803 2127
f 5805 2130 5807
f 2130 5805 2128
f 5807 2392 5809
f 2392 5807 2130
f 5809 2393 5811
f 2393 5809 2392
f 5811 2394 5812
f 2394 5811 2393
f 5812 2395 5814
f 2395 5812 2394
f 5814 2396 5816
f 2396 5814 2395
f 5816 2397 5817
f 2397 5816 2396
f 5817 2398 5820
f 2398 5817 2397
f 2398 5821 5820
f 5821 2398 2399
f 2399 5822 5821
f 5822 2399 2400
f 2400 5825 5822
f 5825 2400 2401
f 2401 5826 5825
f 5826 2401 2402
f 2402 5829 5826
f 5829 2402 2403
f 2403 5830 5829
f 5830 2403 2404
f 2404 5832 5830
f 5832 2404 2405
f 2405 5835 5832
f 5835 2405 2406
f 2406 5836 5835
f 5836 2406 2407
f 2407 5839 5836
f 5839 2407 2408
f 2408 5841 5839
f 5841 2408 2410
f 2410 5846 5841
f 5846 2410 2411
f 2411 5848 5846
f 5848 2411 2412
f 2412 5850 5848
f 5850 2412 2417
f 2417 5852 5850
f 5852 2417 2421
f 2421 5854 5852
f 5854 2421 2424
f 2424 5857 5854
f 5857 2424 2429
f 2429 5860 5857
f 5860 2429 2432
f 2432 5862 5860
f 5862 2432 2413
f 2413 5864 5862
f 5864 2413 2426
f 2426 5866 5864
f 5866 2426 2434
f 2434 5868 5866
f 5868 2434 2438
f 2438 5870 5868
f 5870 2438 2440
f 2440 5872 5870
f 5872 2440 2442
f 2442 5874 5872
f 5874 2442 2443
f 2443 5876 5874
f 5876 2443 2445
f 2445 5878 5876
f 5878 2445 2446
f 2446 5880 5878
f 5880 2446 2447
f 2447 5882 5880
f 5882 2447 2449
f 2449 5737 5882
f 5737 2449 2450
f 2450 5883 5737
f 5883 2450 2451
f 2451 5884 5883
f 5884 2451 2453
f 2453 5885 5884
f 5885 2453 2454
f 2454 5886 5885
f 5886 2454 2457
f 2457 5887 5886
f 5887 2457 2461
f 5887 2463 5888
f 2463 5887 2461
f 5888 2465 5889
f 2465 5888 2463
f 5889 2466 5890
f 2466 5889 2465
f 5890 2467 5891
f 2467 5890 2466
f 5891 2468 5892
f 2468 5891 2467
f 5892 2469 5893
f 2469 5892 2468
f 5893 2470 5894
f 2470 5893 2469
f 5894 2471 5895
f 2471 5894 2470
f 5895 2462 5896
f 2462 5895 2471
f 5896 2458 5741
f 2458 5896 2462
f 5741 2455 5778
f 2455 5741 2458
f 5778 2459 5763
f 2459 5778 2455
f 5763 2464 5747
f 2464 5763 2459
f 5747 2460 5736
f 2460 5747 2464
f 2460 5733 5736
f 5733 2460 2456
f 2456 5730 5733
f 5730 2456 2452
f 2452 5728 5730
f 5728 2452 2448
f 2448 5726 5728
f 5726 2448 2444
f 2444 5724 5726
f 5724 2444 2441
f 2441 5722 5724
f 5722 2441 2439
f 2439 5720 5722
f 5720 2439 2437
f 2437 5719 5720
f 5719 2437 2436
f 2436 5717 5719
f 5717 2436 2435
f 2435 5715 5717
f 5715 2435 2433
f 2433 5714 5715
f 5714 2433 2431
f 2431 5712 5714
f 5712 2431 2430
f 2430 5709 5712
f 5709 2430 2428
f 2428 5707 5709
f 5707 2428 2427
f 2427 5711 5707
f 5711 2427 2425
f 2425 5702 5711
f 5702 2425 2423
f 2423 5700 5702
f 5700 2423 2422
f 2420 5700 2422
f 5700 2420 5698
f 2419 5698 2420
f 5698 2419 5695
f 2418 5695 2419
f 5695 2418 5693
f 2416 5693 2418
f 5693 2416 5691
f 2415 5691 2416
f 5691 2415 5688
f 2414 5688 2415
f 5688 2414 5685
f 2409 5685 2414
f 5685 2409 5705
f 2409 5706 5705
f 5706 2409 2129
f 5706 2131 5686
f 2131 5706 2129
f 5686 2132 5687
f 2132 5686 2131
f 5687 2133 5689
f 2133 5687 2132
f 5689 2134 5690
f 2134 5689 2133
f 5690 2135 5692
f 2135 5690 2134
f 5692 2136 5694
f 2136 5692 2135
f 5694 2137 5696
f 2137 5694 2136
f 2137 5697 5696
f 5697 2137 2138
f 2138 5699 5697
f 5699 2138 2139
f 2139 5701 5699
f 5701 2139 2141
f 2141 5703 5701
f 5703 2141 2142
f 2142 5704 5703
f 5704 2142 2143
f 2143 5708 5704
f 5708 2143 2144
f 2144 5710 5708
f 5710 2144 2145
f 2145 5713 5710
f 5713 2145 2146
f 2146 5716 5713
f 5716 2146 2140
f 2140 5718 5716
f 5718 2140 2147
f 2147 5721 5718
f 5721 2147 2148
f 2148 5723 5721
f 5723 2148 2150
f 2150 5725 5723
f 5725 2150 2151
f 2151 5727 5725
f 5727 2151 2169
f 2169 5729 5727
f 5729 2169 2168
f 2168 5731 5729
f 5731 2168 2167
f 2167 5732 5731
f 5732 2167 2166
f 2166 5734 5732
f 5734 2166 2165
f 2165 5735 5734
f 5735 2165 2164
f 2164 5740 5735
f 5740 2164 2163
f 2163 5743 5740
f 5743 2163 2162
f 2162 5751 5743
f 5751 2162 2161
f 2160 5751 2161
f 5751 2160 5753
f 2159 5753 2160
f 5753 2159 5755
f 2158 5755 2159
f 5755 2158 5767
f 2157 5767 2158
f 5767 2157 5771
f 2156 5771 2157
f 5771 2156 5775
f 2154 5775 2156
f 5775 2154 5782
f 2153 5782 2154
f 5782 2153 5786
f 2570 5786 2153
f 5786 2570 5788
f 2569 5788 2570
f 5788 2569 5787
f 2568 5787 2569
f 5787 2568 5785
f 2567 5785 2568
f 5785 2567 5784
f 2566 5784 2567
f 5784 2566 5783
f 2565 5783 2566
f 5783 2565 5781
f 2564 5781 2565
f 5781 2564 5780
f 2563 5780 2564
f 5780 2563 5779
f 2562 5779 2563
f 5779 2562 5777
f 2561 5777 2562
f 5777 2561 5776
f 2560 5776 2561
f 5776 2560 5774
f 2559 5774 2560
f 5774 2559 5773
f 2558 5773 2559
f 5773 2558 5772
f 2557 5772 2558
f 5772 2557 5770
f 2556 5770 2557
f 5770 2556 5769
f 2555 5769 2556
f 5769 2555 5768
f 2554 5768 2555
f 5768 2554 5766
f 2553 5766 2554
f 5766 2553 5765
f 2552 5765 2553
f 5765 2552 5764
f 2551 5764 2552
f 5764 2551 5762
f 2550 5762 2551
f 5762 2550 5761
f 2550 5760 5761
f 5760 2550 2549
f 2549 5759 5760
f 5759 2549 2548
f 2548 5758 5759
f 5758 2548 2547
f 2547 5757 5758
f 5757 2547 2546
f 2546 5756 5757
f 5756 2546 2545
f 2545 5754 5756
f 5754 2545 2544
f 2544 5752 5754
f 5752 2544 2543
f 2543 5750 5752
f 5750 2543 2542
f 2542 5749 5750
f 5749 2542 2541
f 2541 5748 5749
f 5748 2541 2540
f 2540 5746 5748
f 5746 2540 2539
f 2539 5745 5746
f 5745 2539 2537
f 2537 5744 5745
f 5744 2537 2535
f 2535 5742 5744
f 5742 2535 2533
f 2533 5738 5742
f 5738 2533 2532
f 2532 5739 5738
f 5739 2532 2530
f 2530 5881 5739
f 5881 2530 2529
f 2529 5879 5881
f 5879 2529 2526
f 2526 5877 5879
f 5877 2526 2524
f 2524 5875 5877
f 5875 2524 2522
f 2522 5873 5875
f 5873 2522 2519
f 2519 5871 5873
f 5871 2519 2517
f 2517 5869 5871
f 5869 2517 2514
f 2514 5867 5869
f 5867 2514 2512
f 2512 5865 5867
f 5865 2512 2509
f 2509 5863 5865
f 5863 2509 2507
f 2507 5861 5863
f 5861 2507 2505
f 2505 5859 5861
f 5859 2505 2503
f 2503 5856 5859
f 5856 2503 2502
f 2502 5858 5856
f 5858 2502 2500
f 2500 5853 5858
f 5853 2500 2499
f 2499 5851 5853
f 5851 2499 2498
f 2498 5855 5851
f 5855 2498 2496
f 2496 5849 5855
f 5849 2496 2495
f 2495 5847 5849
f 5847 2495 2494
f 2494 5845 5847
f 5845 2494 2492
f 2492 5840 5845
f 5840 2492 2491
f 2491 5838 5840
f 5838 2491 2489
f 2489 5834 5838
f 5834 2489 2484
f 2484 5831 5834
f 5831 2484 2475
f 2475 5828 5831
f 5828 2475 2472
f 2479 5828 2472
f 5828 2479 5824
f 2483 5824 2479
f 5824 2483 5819
f 2482 5819 2483
f 5819 2482 5813
f 2481 5813 2482
f 5813 2481 5808
f 2480 5808 2481
f 5808 2480 5804
f 2478 5804 2480
f 5804 2478 5799
f 2477 5799 2478
f 5799 2477 5795
f 2474 5795 2477
f 5795 2474 5789
f 2473 5789 2474
f 5789 2473 5792
f 2476 5792 2473
f 5792 2476 5797
f 2485 5797 2476
f 5797 2485 5810
f 2487 5810 2485
f 5810 2487 5823
f 2488 5823 2487
f 5823 2488 5842
f 2488 5898 5842
f 5898 2488 2486
f 2486 5901 5898
f 5901 2486 2490
f 2490 5903 5901
f 5903 2490 2493
f 2493 5906 5903
f 5906 2493 2497
f 2497 5908 5906
f 5908 2497 2501
f 2501 5910 5908
f 5910 2501 2504
f 2504 5912 5910
f 5912 2504 2506
f 2506 5914 5912
f 5914 2506 2510
f 2510 5916 5914
f 5916 2510 2508
f 2508 5917 5916
f 5917 2508 2515
f 2515 5919 5917
f 5919 2515 2511
f 2511 5921 5919
f 5921 2511 2520
f 2520 5922 5921
f 5922 2520 2521
f 2521 5924 5922
f 5924 2521 2523
f 2523 5926 5924
f 5926 2523 2525
f 2525 5928 5926
f 5928 2525 2534
f 2534 5930 5928
f 5930 2534 2513
f 2513 5932 5930
f 5932 2513 2538
f 5932 2536 5934
f 2536 5932 2538
f 5934 2531 5936
f 2531 5934 2536
f 5936 2528 5938
f 2528 5936 2531
f 5938 2527 5940
f 2527 5938 2528
f 5940 2516 5942
f 2516 5940 2527
f 5942 2518 5944
f 2518 5942 2516
f 2518 5947 5944
f 5947 2518 2311
f 2316 5947 2311
f 5947 2316 5943
f 2317 5943 2316
f 5943 2317 5941
f 2319 5941 2317
f 5941 2319 5946
f 2321 5946 2319
f 5946 2321 5939
f 2323 5939 2321
f 5939 2323 5937
f 2325 5937 2323
f 5937 2325 5935
f 2327 5935 2325
f 5935 2327 5945
f 2327 5933 5945
f 5933 2327 2328
f 2328 5931 5933
f 5931 2328 2330
f 2330 5929 5931
f 5929 2330 2310
f 2310 5927 5929
f 5927 2310 2308
f 2308 5925 5927
f 5925 2308 2306
f 2306 5923 5925
f 5923 2306 2304
f 2304 5920 5923
f 5920 2304 2303
f 2303 5918 5920
f 5918 2303 2301
f 2301 5915 5918
f 5915 2301 2299
f 2299 5913 5915
f 5913 2299 2297
f 2297 5911 5913
f 5911 2297 2296
f 2296 5909 5911
f 5909 2296 2295
f 2298 5998 6000
f 5998 2298 2300
f 2300 5996 5998
f 5996 2300 2302
f 2302 5993 5996
f 5993 2302 2305
f 2305 5991 5993
f 5991 2305 2307
f 2307 5989 5991
f 5989 2307 2309
f 2309 5987 5989
f 5987 2309 2331
f 2331 5986 5987
f 5986 2331 2329
f 2329 5984 5986
f 5984 2329 2326
f 2326 5982 5984
f 5982 2326 2324
f 5982 2322 5980
f 2322 5982 2324
f 5980 2320 5978
f 2320 5980 2322
f 5978 2318 5976
f 2318 5978 2320
f 5976 2315 5974
f 2315 5976 2318
f 5974 2314 5972
f 2314 5974 2315
f 5972 2313 5970
f 2313 5972 2314
f 5970 2312 5968
f 2312 5970 2313
f 5968 2155 5965
f 2155 5968 2312
f 5965 2152 5966
f 2152 5965 2155
f 2152 5979 5966
f 5979 2152 2172
f 2171 5979 2172
f 5979 2171 5964
f 2174 5964 2171
f 5964 2174 5967
f 2176 5967 2174
f 5967 2176 5969
f 2178 5969 2176
f 5969 2178 5971
f 2180 5971 2178
f 5971 2180 5973
f 2191 5973 2180
f 5973 2191 5975
f 2183 5975 2191
f 5975 2183 5977
f 2184 5977 2183
f 5977 2184 5981
f 2185 5981 2184
f 5981 2185 5983
f 2186 5983 2185
f 5983 2186 5985
f 2186 5988 5985
f 5988 2186 2187
f 2187 5990 5988
f 5990 2187 2188
f 2188 5992 5990
f 5992 2188 2189
f 2189 5994 5992
f 5994 2189 2190
f 2190 5995 5994
f 5995 2190 2182
f 2182 5997 5995
f 5997 2182 2181
f 2181 5999 5997
f 5999 2181 2179
f 2179 6001 5999
f 6001 2179 2177
f 2177 6002 6001
f 6002 2177 2192
f 2192 6004 6002
f 6004 2192 2194
f 2194 6006 6004
f 6006 2194 2196
f 2196 6008 6006
f 6008 2196 2198
f 2198 6009 6008
f 6009 2198 2200
f 2200 6011 6009
f 6011 2200 2202
f 2202 6013 6011
f 6013 2202 2203
f 2203 6015 6013
f 6015 2203 2204
f 2204 6016 6015
f 6016 2204 2205
f 2205 6017 6016
f 6017 2205 2206
f 6017 2571 6018
f 2571 6017 2206
f 6018 2207 6019
f 2207 6018 2571
f 6019 2201 6020
f 2201 6019 2207
f 6020 2199 6021
f 2199 6020 2201
f 6021 2197 6022
f 2197 6021 2199
f 6022 2195 6023
f 2195 6022 2197
f 6023 2193 6024
f 2193 6023 2195
f 6024 2175 6025
f 2175 6024 2193
f 6025 2173 5949
f 2173 6025 2175
f 5949 2170 5950
f 2170 5949 2173
f 2170 5948 5950
f 5948 2170 2208
f 2209 5948 2208
f 5948 2209 5952
f 2339 5952 2209
f 5952 2339 5951
f 2340 5951 2339
f 5951 2340 5953
f 2341 5953 2340
f 5953 2341 5954
f 2342 5954 2341
f 5954 2342 5963
f 2344 5963 2342
f 5963 2344 5962
f 2346 5962 2344
f 5962 2346 5961
f 2347 5961 2346
f 5961 2347 5960
f 2349 5960 2347
f 5960 2349 5959
f 2351 5959 2349
f 5959 2351 5958
f 2351 5957 5958
f 5957 2351 2363
f 2363 5955 5957
f 5955 2363 2364
f 2364 5956 5955
f 5956 2364 2338
f 2338 6014 5956
f 6014 2338 2337
f 2337 6012 6014
f 6012 2337 2336
f 2336 6010 6012
f 6010 2336 2335
f 2335 6007 6010
f 6007 2335 2334
f 2334 6005 6007
f 6005 2334 2333
f 2333 6003 6005
f 6003 2333 2332
f 2332 6000 6003
f 6000 2332 2298
f 2277 6162 6164
f 6162 2277 2276
f 2276 6159 6162
f 6159 2276 2275
f 2275 6157 6159
f 6157 2275 2274
f 2274 6155 6157
f 6155 2274 2273
f 2273 6153 6155
f 6153 2273 2272
f 2272 6151 6153
f 6151 2272 2271
f 2271 6149 6151
f 6149 2271 2270
f 2270 6147 6149
f 6147 2270 2269
f 2269 6146 6147
f 6146 2269 2268
f 2268 6143 6146
f 6143 2268 2267
f 6143 2258 6136
f 2258 6143 2267
f 6136 2260 6134
f 2260 6136 2258
f 6134 2262 6128
f 2262 6134 2260
f 6128 2264 6126
f 2264 6128 2262
f 6126 2266 6124
f 2266 6126 2264
f 6124 2265 6116
f 2265 6124 2266
f 6116 2090 6112
f 2090 6116 2265
f 6112 2089 6113
f 2089 6112 2090
f 6113 2091 6114
f 2091 6113 2089
f 6114 2092 6117
f 2092 6114 2091
f 6117 2093 6120
f 2093 6117 2092
f 6120 2096 6121
f 2096 6120 2093
f 6121 2365 6122
f 2365 6121 2096
f 6122 2367 6125
f 2367 6122 2365
f 6125 2369 6127
f 2369 6125 2367
f 6127 2372 6130
f 2372 6127 2369
f 2372 6131 6130
f 6131 2372 2374
f 2374 6133 6131
f 6133 2374 2376
f 2376 6135 6133
f 6135 2376 2378
f 2378 6138 6135
f 6138 2378 2380
f 2380 6140 6138
f 6140 2380 2382
f 2382 6141 6140
f 6141 2382 2385
f 2385 6142 6141
f 6142 2385 2387
f 2387 6145 6142
f 6145 2387 2389
f 2389 6094 6145
f 6094 2389 2391
f 2391 6092 6094
f 6092 2391 2390
f 2390 6090 6092
f 6090 2390 2388
f 2388 6088 6090
f 6088 2388 2386
f 2386 6087 6088
f 6087 2386 2384
f 2384 6085 6087
f 6085 2384 2383
f 2383 6084 6085
f 6084 2383 2381
f 2381 6081 6084
f 6081 2381 2379
f 2379 6079 6081
f 6079 2379 2377
f 6079 2375 6076
f 2375 6079 2377
f 6076 2373 6074
f 2373 6076 2375
f 6074 2371 6073
f 2371 6074 2373
f 6073 2370 6069
f 2370 6073 2371
f 6069 2368 6067
f 2368 6069 2370
f 6067 2366 6064
f 2366 6067 2368
f 6064 2097 6062
f 2097 6064 2366
f 6062 2095 6061
f 2095 6062 2097
f 6061 2094 6026
f 2094 6061 2095
f 6026 2098 6058
f 2098 6026 2094
f 6058 2099 6059
f 2099 6058 2098
f 6059 2100 6060
f 2100 6059 2099
f 6060 2101 6063
f 2101 6060 2100
f 6063 2102 6065
f 2102 6063 2101
f 6065 2103 6068
f 2103 6065 2102
f 6068 2104 6070
f 2104 6068 2103
f 6070 2105 6072
f 2105 6070 2104
f 2105 6075 6072
f 6075 2105 2106
f 2106 6077 6075
f 6077 2106 2107
f 2107 6080 6077
f 6080 2107 2108
f 2108 6082 6080
f 6082 2108 2109
f 2109 6029 6082
f 6029 2109 2110
f 2110 6035 6029
f 6035 2110 2111
f 2111 6036 6035
f 6036 2111 2112
f 2112 6042 6036
f 6042 2112 2113
f 2113 6045 6042
f 6045 2113 2114
f 2114 6048 6045
f 6048 2114 2115
f 2115 6051 6048
f 6051 2115 2116
f 2116 6054 6051
f 6054 2116 2117
f 2119 6054 2117
f 6054 2119 6057
f 2119 6167 6057
f 6167 2119 2278
f 2278 6164 6167
f 6164 2278 2277
f 6055 2639 6053
f 2639 6055 2640
f 2639 6052 6053
f 6052 2639 2638
f 2638 6050 6052
f 6050 2638 2636
f 2636 6049 6050
f 6049 2636 2634
f 2634 6047 6049
f 6047 2634 2632
f 2632 6046 6047
f 6046 2632 2630
f 2630 6044 6046
f 6044 2630 2602
f 2602 6041 6044
f 6041 2602 2607
f 2607 6043 6041
f 6043 2607 2610
f 2610 6034 6043
f 6034 2610 2612
f 2612 6040 6034
f 6040 2612 2616
f 2616 6039 6040
f 6039 2616 2621
f 2621 6038 6039
f 6038 2621 2620
f 2617 6038 2620
f 6038 2617 6037
f 2615 6037 2617
f 6037 2615 6033
f 2613 6033 2615
f 6033 2613 6032
f 2611 6032 2613
f 6032 2611 6031
f 2608 6031 2611
f 6031 2608 6030
f 2604 6030 2608
f 6030 2604 6027
f 2603 6027 2604
f 6027 2603 6028
f 2606 6028 2603
f 6028 2606 6066
f 2614 6066 2606
f 6066 2614 6071
f 2619 6071 2614
f 6071 2619 6078
f 2622 6078 2619
f 6078 2622 6083
f 2623 6083 2622
f 6083 2623 6086
f 2625 6086 2623
f 6086 2625 6089
f 2626 6089 2625
f 6089 2626 6091
f 2627 6091 2626
f 6091 2627 6093
f 2627 6097 6093
f 6097 2627 2628
f 2628 6098 6097
f 6098 2628 2624
f 2624 6100 6098
f 6100 2624 2618
f 2618 6101 6100
f 6101 2618 2609
f 2609 6103 6101
f 6103 2609 2605
f 2605 6105 6103
f 6105 2605 2629
f 2629 6106 6105
f 6106 2629 2631
f 2631 6107 6106
f 6107 2631 2633
f 2633 6109 6107
f 6109 2633 2635
f 2635 6110 6109
f 6110 2635 2637
f 2637 6055 6110
f 6055 2637 2640
f 6169 2601 6056
f 2601 6169 2600
f 2601 6108 6056
f 6108 2601 2599
f 2599 6104 6108
f 6104 2599 2596
f 2596 6102 6104
f 6102 2596 2593
f 2593 6099 6102
f 6099 2593 2575
f 2575 6095 6099
f 6095 2575 2578
f 2578 6096 6095
f 6096 2578 2581
f 2582 6096 2581
f 6096 2582 6137
f 2579 6137 2582
f 6137 2579 6129
f 2576 6129 2579
f 6129 2576 6119
f 2574 6119 2576
f 6119 2574 6111
f 2573 6111 2574
f 6111 2573 6115
f 2577 6115 2573
f 6115 2577 6118
f 2584 6118 2577
f 6118 2584 6123
f 2585 6123 2584
f 6123 2585 6132
f 2586 6132 2585
f 6132 2586 6139
f 2587 6139 2586
f 6139 2587 6144
f 2588 6144 2587
f 6144 2588 6148
f 2589 6148 2588
f 6148 2589 6150
f 2589 6152 6150
f 6152 2589 2591
f 2591 6154 6152
f 6154 2591 2590
f 2590 6156 6154
f 6156 2590 2583
f 2583 6158 6156
f 6158 2583 2580
f 2580 6160 6158
f 6160 2580 2572
f 2572 6161 6160
f 6161 2572 2592
f 2592 6163 6161
f 6163 2592 2594
f 2594 6165 6163
f 6165 2594 2595
f 2595 6166 6165
f 6166 2595 2597
f 2597 6168 6166
f 6168 2597 2598
f 2598 6169 6168
f 6169 2598 2600
f 6170 6171 6172
f 6173 6172 6174
f 6171 6170 6175
f 6176 6174 6177
f 6171 6178 6179
f 6180 6177 6181
f 6182 6179 6178
f 6183 6181 6184
f 6179 6182 6185
f 6186 6184 6187
f 6188 6185 6182
f 6186 6187 6189
f 6185 6188 6190
f 6191 6189 6192
f 6193 6190 6188
f 6194 6192 6195
f 6190 6193 6196
f 6197 6195 6198
f 6199 6196 6193
f 6200 6198 6201
f 6178 6171 6175
f 6202 6203 6199
f 6196 6199 6203
f 6172 6173 6170
f 6174 6176 6173
f 6177 6180 6176
f 6204 6201 6205
f 6181 6183 6180
f 6184 6186 6183
f 6189 6191 6186
f 6206 6205 6207
f 6192 6194 6191
f 6195 6197 6194
f 6198 6200 6197
f 6208 6207 6209
f 6201 6204 6200
f 6205 6206 6204
f 6210 6209 6211
f 6207 6208 6206
f 6209 6210 6208
f 6212 6211 6213
f 6211 6212 6210
f 6213 6214 6212
f 6215 6214 6213
f 6215 6216 6214
f 6217 6216 6215
f 6217 6218 6216
f 6219 6218 6217
f 6218 6219 6220
f 6219 6221 6220
f 6222 6221 6219
f 6221 6222 6223
f 6224 6223 6222
f 6223 6224 6225
f 6226 6225 6224
f 6225 6226 6227
f 6227 6226 6228
f 6229 6228 6226
f 6228 6229 6230
f 6231 6230 6229
f 6230 6231 6232
f 6233 6232 6231
f 6232 6233 6234
f 6234 6233 6235
f 6236 6235 6233
f 6235 6236 6237
f 6238 6237 6236
f 6237 6238 6239
f 6240 6239 6238
f 6239 6240 6241
f 6241 6240 6242
f 6243 6242 6240
f 6242 6243 6244
f 6245 6244 6243
f 6246 6247 6245
f 6244 6245 6247
f 6203 6202 6248
f 6248 6202 6249
f 6250 6249 6202
f 6249 6250 6251
f 6252 6251 6250
f 6251 6252 6253
f 6254 6253 6252
f 6253 6254 6255
f 6256 6255 6254
f 6255 6256 6257
f 6258 6257 6256
f 6257 6258 6259
f 6260 6259 6258
f 6259 6260 6261
f 6262 6261 6260
f 6261 6262 6263
f 6264 6263 6262
f 6263 6264 6265
f 6266 6265 6264
f 6265 6266 6267
f 6268 6267 6266
f 6268 6269 6267
f 6270 6269 6268
f 6271 6270 6272
f 6270 6271 6269
f 6273 6271 6272
f 6274 6273 6275
f 6274 6275 6276
f 6273 6274 6271
f 6277 6274 6276
f 6278 6277 6279
f 6278 6279 6280
f 6278 6280 6281
f 6282 6281 6283
f 6277 6278 6274
f 6282 6283 6284
f 6285 6284 6286
f 6285 6286 6287
f 6288 6287 6289
f 6281 6282 6278
f 6288 6289 6290
f 6291 6290 6292
f 6293 6292 6294
f 6293 6294 6295
f 6296 6295 6297
f 6296 6297 6298
f 6284 6285 6282
f 6287 6288 6285
f 6290 6291 6288
f 6292 6293 6291
f 6295 6296 6293
f 6296 6298 6299
f 6300 6301 6302
f 6247 6246 6303
f 6303 6246 6304
f 6305 6304 6246
f 6306 6304 6305
f 6307 6304 6306
f 6308 6304 6307
f 6309 6304 6308
f 6304 6309 6300
f 6300 6310 6301
f 6310 6300 6309
f 6311 6312 6313
f 6314 6313 6315
f 6314 6315 6316
f 6317 6316 6318
f 6319 6318 6320
f 6321 6320 6322
f 6321 6322 6323
f 6324 6323 6325
f 6326 6325 6327
f 6328 6327 6329
f 6318 6319 6317
f 6312 6330 6331
f 6312 6311 6330
f 6313 6314 6311
f 6332 6329 6333
f 6316 6317 6314
f 6320 6321 6319
f 6323 6324 6321
f 6334 6333 6335
f 6325 6326 6324
f 6327 6328 6326
f 6329 6332 6328
f 6336 6335 6337
f 6333 6334 6332
f 6335 6336 6334
f 6338 6337 6339
f 6337 6340 6336
f 6337 6338 6340
f 6341 6339 6342
f 6339 6341 6338
f 6342 6343 6341
f 6344 6342 6345
f 6342 6344 6343
f 6345 6346 6344
f 6347 6346 6345
f 6347 6348 6346
f 6349 6348 6347
f 6349 6350 6348
f 6351 6350 6349
f 6351 6352 6350
f 6353 6352 6351
f 6352 6353 6354
f 6355 6354 6353
f 6356 6354 6355
f 6354 6356 6357
f 6358 6357 6356
f 6357 6358 6359
f 6360 6359 6358
f 6361 6359 6360
f 6359 6361 6362
f 6363 6362 6361
f 6364 6365 6366
f 6367 6368 6365
f 6367 6369 6368
f 6367 6370 6369
f 6367 6371 6370
f 6367 6372 6371
f 6373 6374 6375
f 6367 6376 6372
f 6367 6377 6376
f 6367 6378 6377
f 6367 6379 6378
f 6380 6375 6381
f 6367 6382 6379
f 6367 6383 6382
f 6384 6381 6385
f 6367 6386 6383
f 6367 6387 6386
f 6367 6388 6387
f 6389 6385 6390
f 6367 6391 6388
f 6374 6373 6391
f 6392 6390 6393
f 6375 6380 6373
f 6381 6384 6380
f 6394 6393 6395
f 6385 6389 6384
f 6390 6392 6389
f 6396 6395 6397
f 6393 6394 6392
f 6398 6397 6399
f 6395 6396 6394
f 6397 6398 6396
f 6400 6399 6401
f 6399 6400 6398
f 6402 6401 6403
f 6401 6402 6400
f 6404 6403 6405
f 6403 6404 6402
f 6406 6405 6407
f 6408 6407 6409
f 6405 6406 6404
f 6410 6409 6411
f 6410 6411 6412
f 6407 6408 6406
f 6413 6412 6414
f 6415 6414 6416
f 6409 6410 6408
f 6415 6416 6417
f 6418 6417 6419
f 6420 6419 6421
f 6412 6413 6410
f 6422 6421 6423
f 6424 6423 6425
f 6426 6425 6427
f 6414 6415 6413
f 6428 6427 6429
f 6430 6429 6431
f 6432 6431 6433
f 6434 6433 6435
f 6417 6418 6415
f 6436 6435 6437
f 6438 6437 6439
f 6440 6439 6441
f 6442 6441 6443
f 6444 6443 6445
f 6446 6445 6447
f 6419 6420 6418
f 6448 6447 6449
f 6450 6449 6451
f 6452 6362 6363
f 6421 6422 6420
f 6423 6424 6422
f 6453 6362 6452
f 6425 6426 6424
f 6362 6453 6454
f 6449 6450 6448
f 6427 6455 6426
f 6447 6448 6456
f 6427 6428 6455
f 6457 6454 6453
f 6447 6456 6446
f 6429 6430 6428
f 6458 6454 6457
f 6445 6446 6459
f 6445 6459 6444
f 6431 6460 6430
f 6461 6454 6458
f 6431 6432 6460
f 6433 6462 6432
f 6454 6461 6463
f 6433 6434 6462
f 6435 6464 6434
f 6435 6465 6464
f 6466 6463 6461
f 6435 6436 6465
f 6437 6467 6436
f 6468 6463 6466
f 6451 6469 6450
f 6463 6468 6451
f 6451 6468 6469
f 6441 6442 6470
f 6443 6471 6442
f 6443 6472 6471
f 6437 6473 6467
f 6443 6444 6472
f 6441 6470 6440
f 6439 6474 6438
f 6439 6440 6475
f 6439 6475 6474
f 6437 6438 6473
f 6365 6476 6477
f 6365 6364 6476
f 6365 6477 6478
f 6365 6478 6479
f 6365 6479 6480
f 6364 6366 6481
f 6365 6480 6482
f 6365 6482 6483
f 6365 6483 6484
f 6481 6366 6485
f 6365 6484 6486
f 6365 6486 6487
f 6488 6485 6366
f 6365 6487 6489
f 6365 6489 6490
f 6365 6490 6491
f 6485 6488 6492
f 6365 6491 6493
f 6365 6493 6494
f 6365 6494 6495
f 6492 6488 6496
f 6365 6495 6497
f 6365 6497 6498
f 6365 6498 6499
f 6496 6488 6500
f 6365 6499 6501
f 6365 6501 6502
f 6365 6502 6503
f 6504 6500 6488
f 6365 6503 6505
f 6365 6505 6506
f 6365 6506 6507
f 6500 6504 6508
f 6365 6507 6509
f 6365 6509 6510
f 6365 6510 6511
f 6508 6504 6512
f 6365 6511 6513
f 6365 6513 6514
f 6365 6514 6515
f 6512 6504 6516
f 6365 6515 6517
f 6365 6517 6518
f 6365 6518 6519
f 6520 6516 6504
f 6365 6519 6521
f 6365 6521 6367
f 6391 6367 6374
f 6516 6520 6522
f 6522 6520 6523
f 6524 6523 6520
f 6523 6524 6525
f 6525 6524 6526
f 6527 6526 6524
f 6526 6527 6528
f 6528 6527 6529
f 6530 6529 6527
f 6529 6530 6531
f 6532 6531 6530
f 6531 6532 6533
f 6534 6533 6532
f 6534 6535 6533
f 6536 6535 6534
f 6536 6537 6535
f 6538 6537 6536
f 6539 6538 6540
f 6538 6539 6537
f 6541 6539 6540
f 6542 6541 6543
f 6541 6542 6539
f 6544 6543 6545
f 6544 6545 6546
f 6547 6546 6548
f 6543 6544 6542
f 6549 6548 6550
f 6551 6550 6552
f 6551 6552 6553
f 6546 6547 6544
f 6554 6553 6555
f 6556 6555 6557
f 6558 6557 6559
f 6560 6559 6561
f 6548 6549 6547
f 6562 6561 6563
f 6564 6563 6565
f 6566 6565 6567
f 6568 6567 6569
f 6550 6551 6549
f 6553 6570 6551
f 6553 6554 6570
f 6555 6556 6554
f 6557 6558 6556
f 6559 6571 6558
f 6559 6560 6571
f 6561 6562 6560
f 6563 6564 6562
f 6565 6572 6564
f 6565 6566 6572
f 6567 6568 6566
f 6568 6569 6573
f 6574 6575 6576
f 6577 6575 6574
f 6575 6577 6578
f 6577 6579 6578
f 6580 6579 6577
f 6580 6581 6579
f 6582 6581 6580
f 6583 6581 6582
f 6581 6583 6584
f 6585 6584 6583
f 6584 6585 6586
f 6587 6586 6585
f 6586 6587 6588
f 6589 6588 6587
f 6588 6589 6590
f 6591 6590 6589
f 6592 6590 6591
f 6590 6592 6593
f 6594 6593 6592
f 6595 6593 6594
f 6593 6595 6596
f 6597 6596 6595
f 6596 6597 6598
f 6599 6598 6597
f 6600 6598 6599
f 6601 6602 6600
f 6598 6600 6602
f 6574 6603 6604
f 6576 6603 6574
f 6603 6576 6605
f 6606 6605 6576
f 6607 6606 6608
f 6606 6607 6605
f 6609 6607 6608
f 6609 6610 6607
f 6611 6610 6609
f 6611 6612 6610
f 6613 6611 6614
f 6615 6614 6616
f 6611 6613 6612
f 6617 6616 6618
f 6619 6618 6620
f 6614 6621 6613
f 6622 6620 6623
f 6624 6623 6625
f 6626 6625 6627
f 6614 6615 6621
f 6628 6602 6601
f 6602 6628 6629
f 6630 6629 6628
f 6631 6629 6630
f 6629 6631 6632
f 6633 6632 6631
f 6634 6632 6633
f 6632 6634 6635
f 6636 6635 6634
f 6637 6635 6636
f 6635 6637 6638
f 6639 6638 6637
f 6640 6638 6639
f 6638 6640 6641
f 6642 6641 6640
f 6641 6642 6643
f 6644 6643 6642
f 6645 6643 6644
f 6643 6645 6627
f 6646 6627 6645
f 6626 6627 6646
f 6625 6626 6647
f 6616 6648 6615
f 6625 6647 6624
f 6616 6617 6648
f 6623 6649 6650
f 6623 6624 6649
f 6618 6651 6617
f 6623 6650 6622
f 6620 6652 6653
f 6620 6622 6652
f 6618 6619 6651
f 6620 6653 6619
f 6222 794 795
f 794 6222 6219
f 6224 795 796
f 795 6224 6222
f 6226 796 797
f 796 6226 6224
f 6229 797 798
f 797 6229 6226
f 6231 798 811
f 798 6231 6229
f 6233 811 810
f 811 6233 6231
f 6236 810 809
f 810 6236 6233
f 6238 809 808
f 809 6238 6236
f 6240 808 807
f 808 6240 6238
f 6243 807 806
f 807 6243 6240
f 6245 806 805
f 806 6245 6243
f 6246 805 804
f 805 6246 6245
f 6305 804 803
f 804 6305 6246
f 6306 803 802
f 803 6306 6305
f 6307 802 801
f 802 6307 6306
f 6308 801 800
f 801 6308 6307
f 6309 800 799
f 800 6309 6308
f 6309 299 6310
f 299 6309 799
f 6301 299 223
f 299 6301 6310
f 229 6301 223
f 6301 229 6302
f 6300 229 274
f 229 6300 6302
f 280 6300 274
f 6300 280 6304
f 6303 280 279
f 280 6303 6304
f 6247 279 278
f 279 6247 6303
f 6244 278 277
f 278 6244 6247
f 6242 277 276
f 277 6242 6244
f 6241 276 275
f 276 6241 6242
f 6239 275 273
f 275 6239 6241
f 6237 273 272
f 273 6237 6239
f 6235 272 271
f 272 6235 6237
f 6234 271 270
f 271 6234 6235
f 6232 270 269
f 270 6232 6234
f 6230 269 268
f 269 6230 6232
f 6228 268 267
f 268 6228 6230
f 6227 267 266
f 267 6227 6228
f 6225 266 265
f 266 6225 6227
f 6223 265 264
f 265 6223 6225
f 6221 264 263
f 264 6221 6223
f 6220 263 261
f 263 6220 6221
f 6218 261 260
f 261 6218 6220
f 6216 260 258
f 260 6216 6218
f 6214 258 256
f 258 6214 6216
f 6212 256 254
f 256 6212 6214
f 6210 254 252
f 254 6210 6212
f 6208 252 250
f 252 6208 6210
f 6206 250 248
f 250 6206 6208
f 6204 248 246
f 248 6204 6206
f 6200 246 244
f 246 6200 6204
f 6200 242 6197
f 242 6200 244
f 6197 240 6194
f 240 6197 242
f 6194 238 6191
f 238 6194 240
f 6191 236 6186
f 236 6191 238
f 6186 234 6183
f 234 6186 236
f 6183 232 6180
f 232 6183 234
f 6180 230 6176
f 230 6180 232
f 6176 227 6173
f 227 6176 230
f 6173 225 6170
f 225 6173 227
f 6170 224 6175
f 224 6170 225
f 6175 226 6178
f 226 6175 224
f 6178 228 6182
f 228 6178 226
f 6182 231 6188
f 231 6182 228
f 6188 233 6193
f 233 6188 231
f 6193 235 6199
f 235 6193 233
f 6199 237 6202
f 237 6199 235
f 6202 239 6250
f 239 6202 237
f 6250 241 6252
f 241 6250 239
f 6252 243 6254
f 243 6252 241
f 6254 245 6256
f 245 6254 243
f 6258 245 247
f 245 6258 6256
f 6260 247 249
f 247 6260 6258
f 6262 249 251
f 249 6262 6260
f 6264 251 253
f 251 6264 6262
f 6266 253 255
f 253 6266 6264
f 6268 255 257
f 255 6268 6266
f 6270 257 259
f 257 6270 6268
f 6272 259 262
f 259 6272 6270
f 6273 262 281
f 262 6273 6272
f 6275 281 282
f 281 6275 6273
f 6276 282 283
f 282 6276 6275
f 6277 283 284
f 283 6277 6276
f 6279 284 285
f 284 6279 6277
f 6280 285 286
f 285 6280 6279
f 6281 286 287
f 286 6281 6280
f 6283 287 288
f 287 6283 6281
f 6284 288 289
f 288 6284 6283
f 6286 289 290
f 289 6286 6284
f 6287 290 291
f 290 6287 6286
f 6289 291 292
f 291 6289 6287
f 293 6289 292
f 6289 293 6290
f 294 6290 293
f 6290 294 6292
f 295 6292 294
f 6292 295 6294
f 296 6294 295
f 6294 296 6295
f 297 6295 296
f 6295 297 6297
f 298 6297 297
f 6297 298 6298
f 6299 298 300
f 298 6299 6298
f 6299 333 6296
f 333 6299 300
f 6296 332 6293
f 332 6296 333
f 6293 331 6291
f 331 6293 332
f 6288 331 329
f 331 6288 6291
f 6285 329 328
f 329 6285 6288
f 6282 328 326
f 328 6282 6285
f 6278 326 325
f 326 6278 6282
f 6274 325 324
f 325 6274 6278
f 6271 324 323
f 324 6271 6274
f 6269 323 321
f 323 6269 6271
f 6267 321 320
f 321 6267 6269
f 6265 320 319
f 320 6265 6267
f 6263 319 318
f 319 6263 6265
f 6261 318 316
f 318 6261 6263
f 6259 316 315
f 316 6259 6261
f 6257 315 314
f 315 6257 6259
f 6255 314 313
f 314 6255 6257
f 6253 313 311
f 313 6253 6255
f 310 6253 311
f 6253 310 6251
f 309 6251 310
f 6251 309 6249
f 307 6249 309
f 6249 307 6248
f 306 6248 307
f 6248 306 6203
f 305 6203 306
f 6203 305 6196
f 301 6196 305
f 6196 301 6190
f 303 6190 301
f 6190 303 6185
f 788 6185 303
f 6185 788 6179
f 786 6179 788
f 6179 786 6171
f 787 6171 786
f 6171 787 6172
f 755 6172 787
f 6172 755 6174
f 784 6174 755
f 6174 784 6177
f 764 6177 784
f 6177 764 6181
f 766 6181 764
f 6181 766 6184
f 768 6184 766
f 6184 768 6187
f 770 6187 768
f 6187 770 6189
f 772 6189 770
f 6189 772 6192
f 774 6192 772
f 6192 774 6195
f 6198 774 776
f 774 6198 6195
f 6201 776 778
f 776 6201 6198
f 6205 778 780
f 778 6205 6201
f 6207 780 789
f 780 6207 6205
f 6209 789 782
f 789 6209 6207
f 6211 782 750
f 782 6211 6209
f 6213 750 791
f 750 6213 6211
f 6215 791 792
f 791 6215 6213
f 6217 792 793
f 792 6217 6215
f 6219 793 794
f 793 6219 6217
f 6351 857 858
f 857 6351 6349
f 6353 858 859
f 858 6353 6351
f 6355 859 860
f 859 6355 6353
f 6356 860 880
f 860 6356 6355
f 6358 880 879
f 880 6358 6356
f 6360 879 878
f 879 6360 6358
f 6361 878 877
f 878 6361 6360
f 6363 877 876
f 877 6363 6361
f 6452 876 875
f 876 6452 6363
f 6453 875 874
f 875 6453 6452
f 6453 873 6457
f 873 6453 874
f 6457 872 6458
f 872 6457 873
f 6458 865 6461
f 865 6458 872
f 6461 864 6466
f 864 6461 865
f 6466 863 6468
f 863 6466 864
f 6468 861 6469
f 861 6468 863
f 6469 408 6450
f 408 6469 861
f 6450 407 6448
f 407 6450 408
f 6448 406 6456
f 406 6448 407
f 6456 404 6446
f 404 6456 406
f 6446 402 6459
f 402 6446 404
f 6459 401 6444
f 401 6459 402
f 6444 400 6472
f 400 6444 401
f 6472 399 6471
f 399 6472 400
f 6471 398 6442
f 398 6471 399
f 6442 397 6470
f 397 6442 398
f 6470 118 6440
f 118 6470 397
f 6440 117 6475
f 117 6440 118
f 6475 116 6474
f 116 6475 117
f 6474 115 6438
f 115 6474 116
f 6438 114 6473
f 114 6438 115
f 6473 113 6467
f 113 6473 114
f 6467 112 6436
f 112 6467 113
f 6436 111 6465
f 111 6436 112
f 6464 111 110
f 111 6464 6465
f 6434 110 109
f 110 6434 6464
f 6462 109 108
f 109 6462 6434
f 6432 108 107
f 108 6432 6462
f 6460 107 106
f 107 6460 6432
f 6430 106 105
f 106 6430 6460
f 6428 105 104
f 105 6428 6430
f 6455 104 103
f 104 6455 6428
f 6426 103 102
f 103 6426 6455
f 6424 102 100
f 102 6424 6426
f 6422 100 99
f 100 6422 6424
f 6420 99 98
f 99 6420 6422
f 6418 98 97
f 98 6418 6420
f 6415 97 93
f 97 6415 6418
f 6413 93 89
f 93 6413 6415
f 6410 89 86
f 89 6410 6413
f 6408 86 83
f 86 6408 6410
f 6406 83 80
f 83 6406 6408
f 6404 80 77
f 80 6404 6406
f 6402 77 74
f 77 6402 6404
f 6400 74 72
f 74 6400 6402
f 6398 72 70
f 72 6398 6400
f 6396 70 68
f 70 6396 6398
f 6394 68 67
f 68 6394 6396
f 6392 67 65
f 67 6392 6394
f 6389 65 64
f 65 6389 6392
f 6384 64 63
f 64 6384 6389
f 6380 63 61
f 63 6380 6384
f 6373 61 60
f 61 6373 6380
f 6391 60 59
f 60 6391 6373
f 6388 59 57
f 59 6388 6391
f 6387 57 56
f 57 6387 6388
f 6386 56 50
f 56 6386 6387
f 6383 50 37
f 50 6383 6386
f 6382 37 40
f 37 6382 6383
f 6382 44 6379
f 44 6382 40
f 6379 48 6378
f 48 6379 44
f 6378 49 6377
f 49 6378 48
f 6377 47 6376
f 47 6377 49
f 6376 46 6372
f 46 6376 47
f 6372 45 6371
f 45 6372 46
f 6371 43 6370
f 43 6371 45
f 6370 41 6369
f 41 6370 43
f 6369 39 6368
f 39 6369 41
f 6368 38 6365
f 38 6368 39
f 6365 42 6366
f 42 6365 38
f 6366 52 6488
f 52 6366 42
f 6488 54 6504
f 54 6488 52
f 6504 55 6520
f 55 6504 54
f 6524 55 53
f 55 6524 6520
f 6527 53 51
f 53 6527 6524
f 6530 51 58
f 51 6530 6527
f 6532 58 62
f 58 6532 6530
f 6534 62 66
f 62 6534 6532
f 6536 66 69
f 66 6536 6534
f 6538 69 71
f 69 6538 6536
f 6540 71 75
f 71 6540 6538
f 6541 75 78
f 75 6541 6540
f 6543 78 73
f 78 6543 6541
f 6545 73 81
f 73 6545 6543
f 6546 81 82
f 81 6546 6545
f 6548 82 84
f 82 6548 6546
f 6550 84 85
f 84 6550 6548
f 6552 85 76
f 85 6552 6550
f 6553 76 87
f 76 6553 6552
f 6555 87 88
f 87 6555 6553
f 91 6555 88
f 6555 91 6557
f 92 6557 91
f 6557 92 6559
f 94 6559 92
f 6559 94 6561
f 95 6561 94
f 6561 95 6563
f 96 6563 95
f 6563 96 6565
f 90 6565 96
f 6565 90 6567
f 79 6567 90
f 6567 79 6569
f 6573 79 101
f 79 6573 6569
f 6573 396 6568
f 396 6573 101
f 6568 395 6566
f 395 6568 396
f 6566 393 6572
f 393 6566 395
f 6572 392 6564
f 392 6572 393
f 6564 391 6562
f 391 6564 392
f 6562 390 6560
f 390 6562 391
f 6560 389 6571
f 389 6560 390
f 6558 389 387
f 389 6558 6571
f 6556 387 386
f 387 6556 6558
f 6554 386 385
f 386 6554 6556
f 6570 385 384
f 385 6570 6554
f 6551 384 383
f 384 6551 6570
f 6549 383 381
f 383 6549 6551
f 6547 381 380
f 381 6547 6549
f 6544 380 379
f 380 6544 6547
f 6542 379 378
f 379 6542 6544
f 6539 378 377
f 378 6539 6542
f 6537 377 376
f 377 6537 6539
f 6535 376 374
f 376 6535 6537
f 6533 374 373
f 374 6533 6535
f 6531 373 372
f 373 6531 6533
f 6529 372 371
f 372 6529 6531
f 6528 371 370
f 371 6528 6529
f 6526 370 369
f 370 6526 6528
f 6525 369 367
f 369 6525 6526
f 6523 367 366
f 367 6523 6525
f 6522 366 365
f 366 6522 6523
f 6516 365 364
f 365 6516 6522
f 6512 364 349
f 364 6512 6516
f 351 6512 349
f 6512 351 6508
f 353 6508 351
f 6508 353 6500
f 355 6500 353
f 6500 355 6496
f 357 6496 355
f 6496 357 6492
f 359 6492 357
f 6492 359 6485
f 361 6485 359
f 6485 361 6481
f 121 6481 361
f 6481 121 6364
f 120 6364 121
f 6364 120 6476
f 123 6476 120
f 6476 123 6477
f 124 6477 123
f 6477 124 6478
f 125 6478 124
f 6478 125 6479
f 126 6479 125
f 6479 126 6480
f 127 6480 126
f 6480 127 6482
f 128 6482 127
f 6482 128 6483
f 129 6483 128
f 6483 129 6484
f 130 6484 129
f 6484 130 6486
f 131 6486 130
f 6486 131 6487
f 132 6487 131
f 6487 132 6489
f 133 6489 132
f 6489 133 6490
f 134 6490 133
f 6490 134 6491
f 135 6491 134
f 6491 135 6493
f 136 6493 135
f 6493 136 6494
f 137 6494 136
f 6494 137 6495
f 138 6495 137
f 6495 138 6497
f 140 6497 138
f 6497 140 6498
f 141 6498 140
f 6498 141 6499
f 833 6499 141
f 6499 833 6501
f 145 6501 833
f 6501 145 6502
f 6503 145 144
f 145 6503 6502
f 6505 144 146
f 144 6505 6503
f 6506 146 147
f 146 6506 6505
f 6507 147 148
f 147 6507 6506
f 6509 148 149
f 148 6509 6507
f 6510 149 150
f 149 6510 6509
f 6511 150 152
f 150 6511 6510
f 6513 152 153
f 152 6513 6511
f 6514 153 154
f 153 6514 6513
f 6515 154 155
f 154 6515 6514
f 6517 155 156
f 155 6517 6515
f 6518 156 159
f 156 6518 6517
f 6519 159 162
f 159 6519 6518
f 6521 162 165
f 162 6521 6519
f 6367 165 167
f 165 6367 6521
f 6374 167 169
f 167 6374 6367
f 6375 169 171
f 169 6375 6374
f 6381 171 174
f 171 6381 6375
f 6385 174 176
f 174 6385 6381
f 6390 176 178
f 176 6390 6385
f 6393 178 181
f 178 6393 6390
f 6395 181 157
f 181 6395 6393
f 6397 157 160
f 157 6397 6395
f 6399 160 172
f 160 6399 6397
f 6401 172 183
f 172 6401 6399
f 6403 183 186
f 183 6403 6401
f 6405 186 189
f 186 6405 6403
f 6407 189 191
f 189 6407 6405
f 6409 191 193
f 191 6409 6407
f 6411 193 194
f 193 6411 6409
f 6412 194 196
f 194 6412 6411
f 6414 196 197
f 196 6414 6412
f 6416 197 198
f 197 6416 6414
f 6417 198 200
f 198 6417 6416
f 6419 200 201
f 200 6419 6417
f 6421 201 202
f 201 6421 6419
f 6423 202 204
f 202 6423 6421
f 6425 204 205
f 204 6425 6423
f 6427 205 206
f 205 6427 6425
f 6429 206 209
f 206 6429 6427
f 6431 209 210
f 209 6431 6429
f 215 6431 210
f 6431 215 6433
f 217 6433 215
f 6433 217 6435
f 221 6435 217
f 6435 221 6437
f 222 6437 221
f 6437 222 6439
f 218 6439 222
f 6439 218 6441
f 220 6441 218
f 6441 220 6443
f 219 6443 220
f 6443 219 6445
f 214 6445 219
f 6445 214 6447
f 213 6447 214
f 6447 213 6449
f 208 6449 213
f 6449 208 6451
f 211 6451 208
f 6451 211 6463
f 216 6463 211
f 6463 216 6454
f 212 6454 216
f 6454 212 6362
f 6359 212 207
f 212 6359 6362
f 6357 207 203
f 207 6357 6359
f 6354 203 199
f 203 6354 6357
f 6352 199 195
f 199 6352 6354
f 6350 195 192
f 195 6350 6352
f 6348 192 190
f 192 6348 6350
f 6346 190 188
f 190 6346 6348
f 6344 188 187
f 188 6344 6346
f 6343 187 185
f 187 6343 6344
f 6341 185 184
f 185 6341 6343
f 6338 184 182
f 184 6338 6341
f 6340 182 180
f 182 6340 6338
f 6336 180 179
f 180 6336 6340
f 6334 179 177
f 179 6334 6336
f 6332 177 175
f 177 6332 6334
f 6328 175 173
f 175 6328 6332
f 6326 173 170
f 173 6326 6328
f 6324 170 168
f 170 6324 6326
f 6324 166 6321
f 166 6324 168
f 6321 164 6319
f 164 6321 166
f 6319 163 6317
f 163 6319 164
f 6317 161 6314
f 161 6317 163
f 6314 158 6311
f 158 6314 161
f 6311 151 6330
f 151 6311 158
f 6331 151 143
f 151 6331 6330
f 823 6331 143
f 6331 823 6312
f 821 6312 823
f 6312 821 6313
f 818 6313 821
f 6313 818 6315
f 842 6315 818
f 6315 842 6316
f 843 6316 842
f 6316 843 6318
f 844 6318 843
f 6318 844 6320
f 845 6320 844
f 6320 845 6322
f 6323 845 846
f 845 6323 6322
f 6325 846 847
f 846 6325 6323
f 6327 847 848
f 847 6327 6325
f 6329 848 849
f 848 6329 6327
f 6333 849 850
f 849 6333 6329
f 6335 850 851
f 850 6335 6333
f 6337 851 853
f 851 6337 6335
f 6339 853 854
f 853 6339 6337
f 6342 854 855
f 854 6342 6339
f 6345 855 852
f 855 6345 6342
f 6347 852 856
f 852 6347 6345
f 6349 856 857
f 856 6349 6347
f 6577 814 813
f 814 6577 6574
f 6580 813 815
f 813 6580 6577
f 6582 815 816
f 815 6582 6580
f 6583 816 817
f 816 6583 6582
f 6585 817 819
f 817 6585 6583
f 6587 819 820
f 819 6587 6585
f 6589 820 822
f 820 6589 6587
f 6591 822 824
f 822 6591 6589
f 6592 824 825
f 824 6592 6591
f 6594 825 826
f 825 6594 6592
f 6595 826 827
f 826 6595 6594
f 6597 827 840
f 827 6597 6595
f 6599 840 841
f 840 6599 6597
f 6600 841 839
f 841 6600 6599
f 6601 839 838
f 839 6601 6600
f 6601 837 6628
f 837 6601 838
f 6628 836 6630
f 836 6628 837
f 6630 835 6631
f 835 6630 836
f 6631 834 6633
f 834 6631 835
f 6633 142 6634
f 142 6633 834
f 6634 139 6636
f 139 6634 142
f 6636 122 6637
f 122 6636 139
f 6637 832 6639
f 832 6637 122
f 6639 831 6640
f 831 6639 832
f 6640 830 6642
f 830 6640 831
f 6642 829 6644
f 829 6642 830
f 6644 828 6645
f 828 6644 829
f 6645 363 6646
f 363 6645 828
f 6646 119 6626
f 119 6646 363
f 6626 362 6647
f 362 6626 119
f 6647 360 6624
f 360 6647 362
f 6624 358 6649
f 358 6624 360
f 6649 356 6650
f 356 6649 358
f 6650 354 6622
f 354 6650 356
f 6622 352 6652
f 352 6622 354
f 6652 350 6653
f 350 6652 352
f 6619 350 348
f 350 6619 6653
f 6651 348 347
f 348 6651 6619
f 6617 347 346
f 347 6617 6651
f 6648 346 344
f 346 6648 6617
f 6615 344 343
f 344 6615 6648
f 6621 343 342
f 343 6621 6615
f 6613 342 341
f 342 6613 6621
f 6612 341 340
f 341 6612 6613
f 6610 340 339
f 340 6610 6612
f 6607 339 337
f 339 6607 6610
f 6605 337 330
f 337 6605 6607
f 334 6605 330
f 6605 334 6603
f 6604 334 812
f 334 6604 6603
f 6604 814 6574
f 814 6604 812
f 6576 1092 6606
f 1092 6576 1090
f 6608 1092 1091
f 1092 6608 6606
f 6609 1091 1095
f 1091 6609 6608
f 6611 1095 1108
f 1095 6611 6609
f 6614 1108 1114
f 1108 6614 6611
f 6616 1114 1117
f 1114 6616 6614
f 6618 1117 1118
f 1117 6618 6616
f 1119 6618 1118
f 6618 1119 6620
f 1116 6620 1119
f 6620 1116 6623
f 1111 6623 1116
f 6623 1111 6625
f 1102 6625 1111
f 6625 1102 6627
f 1098 6627 1102
f 6627 1098 6643
f 1100 6643 1098
f 6643 1100 6641
f 1103 6641 1100
f 6641 1103 6638
f 1105 6638 1103
f 6638 1105 6635
f 1115 6635 1105
f 6635 1115 6632
f 1113 6632 1115
f 6632 1113 6629
f 1112 6629 1113
f 6629 1112 6602
f 1110 6602 1112
f 6602 1110 6598
f 1109 6598 1110
f 6598 1109 6596
f 6593 1109 1107
f 1109 6593 6596
f 6590 1107 1106
f 1107 6590 6593
f 6588 1106 1104
f 1106 6588 6590
f 6586 1104 1101
f 1104 6586 6588
f 6584 1101 1099
f 1101 6584 6586
f 6581 1099 1097
f 1099 6581 6584
f 6579 1097 1096
f 1097 6579 6581
f 6578 1096 1094
f 1096 6578 6579
f 6575 1094 1093
f 1094 6575 6578
f 6576 1093 1090
f 1093 6576 6575
f 6654 6655 6656
f 6657 6656 6658
f 6657 6658 6659
f 6660 6659 6661
f 6662 6661 6663
f 6664 6663 6665
f 6664 6665 6666
f 6667 6666 6668
f 6669 6668 6670
f 6671 6670 6672
f 6661 6662 6660
f 6655 6673 6674
f 6655 6654 6673
f 6656 6657 6654
f 6675 6672 6676
f 6659 6660 6657
f 6663 6664 6662
f 6666 6667 6664
f 6677 6676 6678
f 6668 6669 6667
f 6670 6671 6669
f 6672 6675 6671
f 6679 6678 6680
f 6676 6677 6675
f 6678 6679 6677
f 6681 6680 6682
f 6680 6683 6679
f 6680 6681 6683
f 6684 6682 6685
f 6682 6684 6681
f 6685 6686 6684
f 6687 6685 6688
f 6685 6687 6686
f 6688 6689 6687
f 6690 6689 6688
f 6690 6691 6689
f 6692 6691 6690
f 6692 6693 6691
f 6694 6693 6692
f 6694 6695 6693
f 6696 6695 6694
f 6695 6696 6697
f 6698 6697 6696
f 6699 6697 6698
f 6697 6699 6700
f 6701 6700 6699
f 6700 6701 6702
f 6703 6702 6701
f 6704 6702 6703
f 6702 6704 6705
f 6706 6705 6704
f 6707 6708 6709
f 6710 6711 6708
f 6710 6712 6711
f 6710 6713 6712
f 6710 6714 6713
f 6710 6715 6714
f 6716 6717 6718
f 6710 6719 6715
f 6710 6720 6719
f 6710 6721 6720
f 6710 6722 6721
f 6723 6718 6724
f 6710 6725 6722
f 6710 6726 6725
f 6727 6724 6728
f 6710 6729 6726
f 6710 6730 6729
f 6710 6731 6730
f 6732 6728 6733
f 6710 6734 6731
f 6717 6716 6734
f 6735 6733 6736
f 6718 6723 6716
f 6724 6727 6723
f 6737 6736 6738
f 6728 6732 6727
f 6733 6735 6732
f 6739 6738 6740
f 6736 6737 6735
f 6741 6740 6742
f 6738 6739 6737
f 6740 6741 6739
f 6743 6742 6744
f 6742 6743 6741
f 6745 6744 6746
f 6744 6745 6743
f 6747 6746 6748
f 6746 6747 6745
f 6749 6748 6750
f 6751 6750 6752
f 6748 6749 6747
f 6753 6752 6754
f 6753 6754 6755
f 6750 6751 6749
f 6756 6755 6757
f 6758 6757 6759
f 6752 6753 6751
f 6758 6759 6760
f 6761 6760 6762
f 6763 6762 6764
f 6755 6756 6753
f 6765 6764 6766
f 6767 6766 6768
f 6769 6768 6770
f 6757 6758 6756
f 6771 6770 6772
f 6773 6772 6774
f 6775 6774 6776
f 6777 6776 6778
f 6760 6761 6758
f 6779 6778 6780
f 6781 6780 6782
f 6783 6782 6784
f 6785 6784 6786
f 6787 6786 6788
f 6789 6788 6790
f 6762 6763 6761
f 6791 6790 6792
f 6793 6792 6794
f 6795 6705 6706
f 6764 6765 6763
f 6766 6767 6765
f 6796 6705 6795
f 6768 6769 6767
f 6705 6796 6797
f 6792 6793 6791
f 6770 6798 6769
f 6790 6791 6799
f 6770 6771 6798
f 6800 6797 6796
f 6790 6799 6789
f 6772 6773 6771
f 6801 6797 6800
f 6788 6789 6802
f 6788 6802 6787
f 6774 6803 6773
f 6804 6797 6801
f 6774 6775 6803
f 6776 6805 6775
f 6797 6804 6806
f 6776 6777 6805
f 6778 6807 6777
f 6778 6808 6807
f 6809 6806 6804
f 6778 6779 6808
f 6780 6810 6779
f 6811 6806 6809
f 6794 6812 6793
f 6806 6811 6794
f 6794 6811 6812
f 6784 6785 6813
f 6786 6814 6785
f 6786 6815 6814
f 6780 6816 6810
f 6786 6787 6815
f 6784 6813 6783
f 6782 6817 6781
f 6782 6783 6818
f 6782 6818 6817
f 6780 6781 6816
f 6708 6819 6820
f 6708 6707 6819
f 6708 6820 6821
f 6708 6821 6822
f 6708 6822 6823
f 6707 6709 6824
f 6708 6823 6825
f 6708 6825 6826
f 6708 6826 6827
f 6824 6709 6828
f 6708 6827 6829
f 6708 6829 6830
f 6831 6828 6709
f 6708 6830 6832
f 6708 6832 6833
f 6708 6833 6834
f 6828 6831 6835
f 6708 6834 6836
f 6708 6836 6837
f 6708 6837 6838
f 6835 6831 6839
f 6708 6838 6840
f 6708 6840 6841
f 6708 6841 6842
f 6839 6831 6843
f 6708 6842 6844
f 6708 6844 6845
f 6708 6845 6846
f 6847 6843 6831
f 6708 6846 6848
f 6708 6848 6849
f 6708 6849 6850
f 6843 6847 6851
f 6708 6850 6852
f 6708 6852 6853
f 6708 6853 6854
f 6851 6847 6855
f 6708 6854 6856
f 6708 6856 6857
f 6708 6857 6858
f 6855 6847 6859
f 6708 6858 6860
f 6708 6860 6861
f 6708 6861 6862
f 6863 6859 6847
f 6708 6862 6864
f 6708 6864 6710
f 6734 6710 6717
f 6859 6863 6865
f 6865 6863 6866
f 6867 6866 6863
f 6866 6867 6868
f 6868 6867 6869
f 6870 6869 6867
f 6869 6870 6871
f 6871 6870 6872
f 6873 6872 6870
f 6872 6873 6874
f 6875 6874 6873
f 6874 6875 6876
f 6877 6876 6875
f 6877 6878 6876
f 6879 6878 6877
f 6879 6880 6878
f 6881 6880 6879
f 6882 6881 6883
f 6881 6882 6880
f 6884 6882 6883
f 6885 6884 6886
f 6884 6885 6882
f 6887 6886 6888
f 6887 6888 6889
f 6890 6889 6891
f 6886 6887 6885
f 6892 6891 6893
f 6894 6893 6895
f 6894 6895 6896
f 6889 6890 6887
f 6897 6896 6898
f 6899 6898 6900
f 6901 6900 6902
f 6903 6902 6904
f 6891 6892 6890
f 6905 6904 6906
f 6907 6906 6908
f 6909 6908 6910
f 6911 6910 6912
f 6893 6894 6892
f 6896 6913 6894
f 6896 6897 6913
f 6898 6899 6897
f 6900 6901 6899
f 6902 6914 6901
f 6902 6903 6914
f 6904 6905 6903
f 6906 6907 6905
f 6908 6915 6907
f 6908 6909 6915
f 6910 6911 6909
f 6911 6912 6916
f 6917 6918 6919
f 6918 6920 6921
f 6922 6919 6923
f 6924 6923 6925
f 6926 6925 6927
f 6918 6928 6920
f 6929 6930 6931
f 6932 6931 6930
f 6931 6932 6933
f 6934 6933 6932
f 6935 6933 6934
f 6918 6917 6928
f 6936 6937 6927
f 6919 6938 6917
f 6939 6927 6937
f 6919 6940 6938
f 6933 6935 6941
f 6942 6927 6939
f 6919 6922 6940
f 6943 6941 6935
f 6926 6927 6942
f 6944 6941 6943
f 6923 6945 6922
f 6941 6944 6946
f 6923 6947 6945
f 6948 6946 6944
f 6923 6949 6947
f 6923 6924 6949
f 6946 6948 6936
f 6937 6936 6948
f 6925 6950 6924
f 6925 6951 6950
f 6925 6926 6952
f 6925 6952 6953
f 6925 6953 6951
f 6954 6955 6956
f 6957 6955 6954
f 6955 6957 6958
f 6957 6959 6958
f 6960 6959 6957
f 6959 6960 6961
f 6960 6962 6961
f 6960 6963 6962
f 6964 6963 6960
f 6921 6963 6964
f 6963 6921 6965
f 6965 6921 6966
f 6966 6921 6967
f 6967 6921 6968
f 6921 6964 6969
f 6968 6921 6970
f 6971 6970 6921
f 6970 6971 6972
f 6973 6972 6971
f 6972 6973 6974
f 6921 6969 6975
f 6976 6974 6973
f 6974 6976 6977
f 6978 6977 6976
f 6979 6977 6978
f 6921 6975 6918
f 6977 6979 6980
f 6981 6980 6979
f 6982 6983 6984
f 6985 6980 6981
f 6982 6986 6983
f 6980 6985 6987
f 6982 6988 6986
f 6989 6987 6985
f 6990 6987 6989
f 6991 6982 6992
f 6987 6990 6993
f 6994 6982 6991
f 6995 6993 6990
f 6996 6993 6995
f 6982 6997 6988
f 6998 6993 6996
f 6999 6982 6994
f 6993 6998 7000
f 6982 7001 6997
f 7002 7000 6998
f 7003 7000 7002
f 7004 6982 6999
f 7000 7003 6982
f 6982 7004 7005
f 6982 7003 7006
f 6982 7006 7007
f 6982 7005 7008
f 6982 7007 7009
f 6982 7008 7010
f 6982 7009 6992
f 6982 7010 7001
f 6954 7011 7012
f 7013 7012 7011
f 7012 7013 7014
f 7013 7015 7014
f 7016 7015 7013
f 7015 7016 7017
f 7016 7018 7017
f 7019 7018 7016
f 7018 7019 7020
f 7021 7020 7019
f 7020 7021 7022
f 7022 7021 7023
f 7024 7023 7021
f 7023 7024 7025
f 7026 7025 7024
f 7025 7026 7027
f 7028 7027 7026
f 7027 7028 7029
f 7030 7029 7028
f 7029 7030 7031
f 7032 7031 7030
f 7031 7032 7033
f 7034 7033 7032
f 7033 7034 6929
f 6930 6929 7035
f 7035 6929 7034
f 7011 6954 7036
f 6956 7036 6954
f 7037 7036 6956
f 7038 7037 7039
f 7037 7038 7036
f 7040 7038 7039
f 7041 7040 7042
f 7040 7041 7038
f 7043 7041 7042
f 7044 7043 7045
f 7044 7045 7046
f 7043 7044 7041
f 7047 7046 7048
f 7049 7048 7050
f 7049 7050 7051
f 7046 7047 7044
f 6984 7051 7052
f 6984 7052 7053
f 6984 7053 7054
f 6984 7054 7055
f 7048 7049 7047
f 6984 7055 7056
f 6984 7056 7057
f 6984 7057 7058
f 6984 7058 7059
f 6984 7059 7060
f 7051 6984 7049
f 6984 7060 6982
f 7061 7062 7063
f 7062 7061 7064
f 7061 7065 7066
f 7063 7065 7061
f 7063 7067 7065
f 7068 7067 7063
f 7069 7067 7068
f 7070 7067 7069
f 7071 7067 7070
f 7072 7067 7071
f 7073 7067 7072
f 7074 7067 7073
f 7075 7067 7074
f 7076 7067 7075
f 7077 7067 7076
f 7078 7067 7077
f 7079 7067 7078
f 7080 7067 7079
f 7081 7067 7080
f 7082 7067 7081
f 7083 7084 7085
f 7082 7083 7067
f 7084 7083 7082
f 7062 7083 7085
f 7086 7062 7064
f 7086 7064 7087
f 7062 7086 7083
f 7088 7089 7090
f 7091 7089 7088
f 7089 7091 7092
f 7091 7093 7092
f 7094 7093 7091
f 7094 7095 7093
f 7096 7095 7094
f 7097 7095 7096
f 7095 7097 7098
f 7099 7098 7097
f 7098 7099 7100
f 7101 7100 7099
f 7100 7101 7102
f 7103 7102 7101
f 7104 7102 7103
f 7102 7104 7105
f 7106 7105 7104
f 7105 7106 7107
f 7108 7107 7106
f 7109 7107 7108
f 7107 7109 7110
f 7111 7110 7109
f 7112 7110 7111
f 7110 7112 7113
f 7114 7113 7112
f 7113 7114 7115
f 7116 7115 7114
f 7117 7115 7116
f 7115 7117 7118
f 7119 7118 7120
f 7120 7118 7117
f 7121 7090 7089
f 7122 7121 7123
f 7121 7122 7090
f 7124 7122 7123
f 7124 7125 7122
f 7126 7125 7124
f 7127 7126 7128
f 7126 7127 7125
f 7129 7128 7130
f 7131 7130 7132
f 7128 7129 7127
f 7131 7132 7133
f 7134 7133 7135
f 7130 7131 7129
f 7136 7135 7137
f 7138 7137 7139
f 7133 7134 7131
f 7140 7139 7141
f 7142 7141 7143
f 7144 7143 7145
f 7135 7136 7134
f 7146 7145 7147
f 7148 7147 7149
f 7150 7149 7151
f 7152 7151 7153
f 7154 7153 7155
f 7137 7138 7136
f 7156 7155 7157
f 7118 7119 7158
f 7159 7158 7119
f 7156 7157 7160
f 7161 7158 7159
f 7158 7161 7162
f 7155 7156 7154
f 7163 7162 7161
f 7153 7154 7152
f 7162 7163 7164
f 7165 7164 7163
f 7151 7152 7150
f 7166 7164 7165
f 7149 7150 7167
f 7164 7166 7168
f 7169 7168 7166
f 7149 7167 7148
f 7168 7169 7170
f 7171 7170 7169
f 7172 7170 7171
f 7170 7172 7173
f 7160 7173 7172
f 7147 7148 7146
f 7143 7144 7142
f 7173 7160 7157
f 7139 7174 7138
f 7145 7146 7144
f 7139 7140 7174
f 7141 7142 7140
f 7175 7176 7177
f 7176 7175 7178
f 6694 723 725
f 723 6694 6692
f 6696 725 726
f 725 6696 6694
f 6698 726 727
f 726 6698 6696
f 6699 727 728
f 727 6699 6698
f 6701 728 729
f 728 6701 6699
f 6703 729 730
f 729 6703 6701
f 6704 730 742
f 730 6704 6703
f 6706 742 741
f 742 6706 6704
f 6795 741 740
f 741 6795 6706
f 6796 740 739
f 740 6796 6795
f 6796 738 6800
f 738 6796 739
f 6800 737 6801
f 737 6800 738
f 6801 736 6804
f 736 6801 737
f 6804 735 6809
f 735 6804 736
f 6809 734 6811
f 734 6809 735
f 6811 733 6812
f 733 6811 734
f 6812 732 6793
f 732 6812 733
f 6793 1020 6791
f 1020 6793 732
f 6791 1019 6799
f 1019 6791 1020
f 6799 1018 6789
f 1018 6799 1019
f 6789 1017 6802
f 1017 6789 1018
f 6802 1016 6787
f 1016 6802 1017
f 6787 1015 6815
f 1015 6787 1016
f 6815 1014 6814
f 1014 6815 1015
f 6814 1013 6785
f 1013 6814 1014
f 6785 1012 6813
f 1012 6785 1013
f 6813 559 6783
f 559 6813 1012
f 6783 558 6818
f 558 6783 559
f 6818 557 6817
f 557 6818 558
f 6817 556 6781
f 556 6817 557
f 6781 555 6816
f 555 6781 556
f 6816 554 6810
f 554 6816 555
f 6810 553 6779
f 553 6810 554
f 6779 552 6808
f 552 6779 553
f 6807 552 551
f 552 6807 6808
f 6777 551 550
f 551 6777 6807
f 6805 550 549
f 550 6805 6777
f 6775 549 548
f 549 6775 6805
f 6803 548 547
f 548 6803 6775
f 6773 547 546
f 547 6773 6803
f 6771 546 545
f 546 6771 6773
f 6798 545 544
f 545 6798 6771
f 6769 544 543
f 544 6769 6798
f 6767 543 542
f 543 6767 6769
f 6765 542 541
f 542 6765 6767
f 6763 541 540
f 541 6763 6765
f 6761 540 539
f 540 6761 6763
f 6758 539 535
f 539 6758 6761
f 6756 535 531
f 535 6756 6758
f 6753 531 528
f 531 6753 6756
f 6751 528 525
f 528 6751 6753
f 6749 525 522
f 525 6749 6751
f 6747 522 519
f 522 6747 6749
f 6745 519 516
f 519 6745 6747
f 6743 516 514
f 516 6743 6745
f 6741 514 512
f 514 6741 6743
f 6739 512 510
f 512 6739 6741
f 6737 510 509
f 510 6737 6739
f 6735 509 507
f 509 6735 6737
f 6732 507 506
f 507 6732 6735
f 6727 506 505
f 506 6727 6732
f 6723 505 503
f 505 6723 6727
f 6716 503 502
f 503 6716 6723
f 6734 502 501
f 502 6734 6716
f 6731 501 499
f 501 6731 6734
f 6730 499 498
f 499 6730 6731
f 6729 498 492
f 498 6729 6730
f 6726 492 479
f 492 6726 6729
f 6725 479 482
f 479 6725 6726
f 6725 486 6722
f 486 6725 482
f 6722 490 6721
f 490 6722 486
f 6721 491 6720
f 491 6721 490
f 6720 489 6719
f 489 6720 491
f 6719 488 6715
f 488 6719 489
f 6715 487 6714
f 487 6715 488
f 6714 485 6713
f 485 6714 487
f 6713 483 6712
f 483 6713 485
f 6712 481 6711
f 481 6712 483
f 6711 480 6708
f 480 6711 481
f 6708 484 6709
f 484 6708 480
f 6709 494 6831
f 494 6709 484
f 6831 496 6847
f 496 6831 494
f 6847 497 6863
f 497 6847 496
f 6867 497 495
f 497 6867 6863
f 6870 495 493
f 495 6870 6867
f 6873 493 500
f 493 6873 6870
f 6875 500 504
f 500 6875 6873
f 6877 504 508
f 504 6877 6875
f 6879 508 511
f 508 6879 6877
f 6881 511 513
f 511 6881 6879
f 6883 513 517
f 513 6883 6881
f 6884 517 520
f 517 6884 6883
f 6886 520 515
f 520 6886 6884
f 6888 515 523
f 515 6888 6886
f 6889 523 524
f 523 6889 6888
f 6891 524 526
f 524 6891 6889
f 6893 526 527
f 526 6893 6891
f 6895 527 518
f 527 6895 6893
f 6896 518 529
f 518 6896 6895
f 6898 529 530
f 529 6898 6896
f 533 6898 530
f 6898 533 6900
f 534 6900 533
f 6900 534 6902
f 536 6902 534
f 6902 536 6904
f 537 6904 536
f 6904 537 6906
f 538 6906 537
f 6906 538 6908
f 532 6908 538
f 6908 532 6910
f 521 6910 532
f 6910 521 6912
f 6916 521 439
f 521 6916 6912
f 6916 1011 6911
f 1011 6916 439
f 6911 1010 6909
f 1010 6911 1011
f 6909 1009 6915
f 1009 6909 1010
f 6915 1008 6907
f 1008 6915 1009
f 6907 1007 6905
f 1007 6907 1008
f 6905 1006 6903
f 1006 6905 1007
f 6903 1005 6914
f 1005 6903 1006
f 6901 1005 1004
f 1005 6901 6914
f 6899 1004 1003
f 1004 6899 6901
f 6897 1003 1002
f 1003 6897 6899
f 6913 1002 1001
f 1002 6913 6897
f 6894 1001 1000
f 1001 6894 6913
f 6892 1000 999
f 1000 6892 6894
f 6890 999 998
f 999 6890 6892
f 6887 998 996
f 998 6887 6890
f 6885 996 995
f 996 6885 6887
f 6882 995 994
f 995 6882 6885
f 6880 994 993
f 994 6880 6882
f 6878 993 992
f 993 6878 6880
f 6876 992 991
f 992 6876 6878
f 6874 991 989
f 991 6874 6876
f 6872 989 988
f 989 6872 6874
f 6871 988 987
f 988 6871 6872
f 6869 987 986
f 987 6869 6871
f 6868 986 985
f 986 6868 6869
f 6866 985 984
f 985 6866 6868
f 6865 984 983
f 984 6865 6866
f 6859 983 981
f 983 6859 6865
f 6855 981 980
f 981 6855 6859
f 966 6855 980
f 6855 966 6851
f 979 6851 966
f 6851 979 6843
f 968 6843 979
f 6843 968 6839
f 970 6839 968
f 6839 970 6835
f 972 6835 970
f 6835 972 6828
f 978 6828 972
f 6828 978 6824
f 562 6824 978
f 6824 562 6707
f 561 6707 562
f 6707 561 6819
f 564 6819 561
f 6819 564 6820
f 565 6820 564
f 6820 565 6821
f 566 6821 565
f 6821 566 6822
f 567 6822 566
f 6822 567 6823
f 568 6823 567
f 6823 568 6825
f 569 6825 568
f 6825 569 6826
f 570 6826 569
f 6826 570 6827
f 571 6827 570
f 6827 571 6829
f 572 6829 571
f 6829 572 6830
f 573 6830 572
f 6830 573 6832
f 574 6832 573
f 6832 574 6833
f 575 6833 574
f 6833 575 6834
f 576 6834 575
f 6834 576 6836
f 577 6836 576
f 6836 577 6837
f 578 6837 577
f 6837 578 6838
f 579 6838 578
f 6838 579 6840
f 580 6840 579
f 6840 580 6841
f 581 6841 580
f 6841 581 6842
f 582 6842 581
f 6842 582 6844
f 583 6844 582
f 6844 583 6845
f 6846 583 584
f 583 6846 6845
f 6848 584 586
f 584 6848 6846
f 6849 586 587
f 586 6849 6848
f 6850 587 590
f 587 6850 6849
f 6852 590 589
f 590 6852 6850
f 6853 589 591
f 589 6853 6852
f 6854 591 593
f 591 6854 6853
f 6856 593 594
f 593 6856 6854
f 6857 594 595
f 594 6857 6856
f 6858 595 596
f 595 6858 6857
f 6860 596 597
f 596 6860 6858
f 6861 597 600
f 597 6861 6860
f 6862 600 603
f 600 6862 6861
f 6864 603 606
f 603 6864 6862
f 6710 606 608
f 606 6710 6864
f 6717 608 610
f 608 6717 6710
f 6718 610 612
f 610 6718 6717
f 6724 612 615
f 612 6724 6718
f 6728 615 617
f 615 6728 6724
f 6733 617 619
f 617 6733 6728
f 6736 619 622
f 619 6736 6733
f 6738 622 598
f 622 6738 6736
f 6740 598 601
f 598 6740 6738
f 6742 601 613
f 601 6742 6740
f 6744 613 624
f 613 6744 6742
f 6746 624 627
f 624 6746 6744
f 6748 627 630
f 627 6748 6746
f 6750 630 632
f 630 6750 6748
f 6752 632 634
f 632 6752 6750
f 6754 634 635
f 634 6754 6752
f 6755 635 637
f 635 6755 6754
f 6757 637 638
f 637 6757 6755
f 6759 638 639
f 638 6759 6757
f 6760 639 641
f 639 6760 6759
f 6762 641 642
f 641 6762 6760
f 6764 642 643
f 642 6764 6762
f 6766 643 645
f 643 6766 6764
f 6768 645 646
f 645 6768 6766
f 6770 646 647
f 646 6770 6768
f 6772 647 650
f 647 6772 6770
f 6774 650 651
f 650 6774 6772
f 654 6774 651
f 6774 654 6776
f 655 6776 654
f 6776 655 6778
f 656 6778 655
f 6778 656 6780
f 658 6780 656
f 6780 658 6782
f 659 6782 658
f 6782 659 6784
f 660 6784 659
f 6784 660 6786
f 661 6786 660
f 6786 661 6788
f 663 6788 661
f 6788 663 6790
f 662 6790 663
f 6790 662 6792
f 649 6792 662
f 6792 649 6794
f 652 6794 649
f 6794 652 6806
f 657 6806 652
f 6806 657 6797
f 653 6797 657
f 6797 653 6705
f 6702 653 648
f 653 6702 6705
f 6700 648 644
f 648 6700 6702
f 6697 644 640
f 644 6697 6700
f 6695 640 636
f 640 6695 6697
f 6693 636 633
f 636 6693 6695
f 6691 633 631
f 633 6691 6693
f 6689 631 629
f 631 6689 6691
f 6687 629 628
f 629 6687 6689
f 6686 628 626
f 628 6686 6687
f 6684 626 625
f 626 6684 6686
f 6681 625 623
f 625 6681 6684
f 6683 623 621
f 623 6683 6681
f 6679 621 620
f 621 6679 6683
f 6677 620 618
f 620 6677 6679
f 6675 618 616
f 618 6675 6677
f 6671 616 614
f 616 6671 6675
f 6669 614 611
f 614 6669 6671
f 6667 611 609
f 611 6667 6669
f 6667 607 6664
f 607 6667 609
f 6664 605 6662
f 605 6664 607
f 6662 604 6660
f 604 6662 605
f 6660 602 6657
f 602 6660 604
f 6657 599 6654
f 599 6657 602
f 6654 592 6673
f 592 6654 599
f 6674 592 588
f 592 6674 6673
f 699 6674 588
f 6674 699 6655
f 701 6655 699
f 6655 701 6656
f 703 6656 701
f 6656 703 6658
f 706 6658 703
f 6658 706 6659
f 708 6659 706
f 6659 708 6661
f 710 6661 708
f 6661 710 6663
f 712 6663 710
f 6663 712 6665
f 6666 712 714
f 712 6666 6665
f 6668 714 718
f 714 6668 6666
f 6670 718 720
f 718 6670 6668
f 6672 720 716
f 720 6672 6670
f 6676 716 690
f 716 6676 6672
f 6678 690 689
f 690 6678 6676
f 6680 689 687
f 689 6680 6678
f 6682 687 685
f 687 6682 6680
f 6685 685 683
f 685 6685 6682
f 6688 683 682
f 683 6688 6685
f 6690 682 722
f 682 6690 6688
f 6692 722 723
f 722 6692 6690
f 7064 676 675
f 676 7064 7061
f 677 7064 675
f 7064 677 7087
f 7086 677 678
f 677 7086 7087
f 7086 949 7083
f 949 7086 678
f 7067 949 944
f 949 7067 7083
f 670 7067 944
f 7067 670 7065
f 7066 670 674
f 670 7066 7065
f 7066 676 7061
f 676 7066 674
f 7063 1137 7068
f 1137 7063 1138
f 7068 1136 7069
f 1136 7068 1137
f 7069 1134 7070
f 1134 7069 1136
f 7070 1133 7071
f 1133 7070 1134
f 7071 1132 7072
f 1132 7071 1133
f 7072 1131 7073
f 1131 7072 1132
f 7073 1130 7074
f 1130 7073 1131
f 7074 1128 7075
f 1128 7074 1130
f 7075 1127 7076
f 1127 7075 1128
f 7076 1126 7077
f 1126 7076 1127
f 7077 1125 7078
f 1125 7077 1126
f 7078 1124 7079
f 1124 7078 1125
f 7079 1123 7080
f 1123 7079 1124
f 7080 1120 7081
f 1120 7080 1123
f 7081 1122 7082
f 1122 7081 1120
f 1121 7082 1122
f 7082 1121 7084
f 1129 7084 1121
f 7084 1129 7085
f 1135 7085 1129
f 7085 1135 7062
f 7063 1135 1138
f 1135 7063 7062
f 7096 681 684
f 681 7096 7094
f 7097 684 686
f 684 7097 7096
f 7099 686 688
f 686 7099 7097
f 7101 688 691
f 688 7101 7099
f 7103 691 692
f 691 7103 7101
f 7104 692 717
f 692 7104 7103
f 7106 717 721
f 717 7106 7104
f 7108 721 719
f 721 7108 7106
f 7109 719 715
f 719 7109 7108
f 7111 715 713
f 715 7111 7109
f 7112 713 711
f 713 7112 7111
f 7114 711 709
f 711 7114 7112
f 7114 707 7116
f 707 7114 709
f 7116 705 7117
f 705 7116 707
f 7117 704 7120
f 704 7117 705
f 7120 702 7119
f 702 7120 704
f 7119 700 7159
f 700 7119 702
f 7159 698 7161
f 698 7159 700
f 7161 697 7163
f 697 7161 698
f 7163 696 7165
f 696 7163 697
f 7165 695 7166
f 695 7165 696
f 7166 694 7169
f 694 7166 695
f 7169 693 7171
f 693 7169 694
f 7171 585 7172
f 585 7171 693
f 7172 563 7160
f 563 7172 585
f 7160 977 7156
f 977 7160 563
f 7156 976 7154
f 976 7156 977
f 7154 975 7152
f 975 7154 976
f 7152 974 7150
f 974 7152 975
f 7150 560 7167
f 560 7150 974
f 7167 973 7148
f 973 7167 560
f 7148 971 7146
f 971 7148 973
f 7146 969 7144
f 969 7146 971
f 7144 967 7142
f 967 7144 969
f 7142 965 7140
f 965 7142 967
f 7174 965 964
f 965 7174 7140
f 7138 964 963
f 964 7138 7174
f 7136 963 961
f 963 7136 7138
f 7134 961 960
f 961 7134 7136
f 7131 960 959
f 960 7131 7134
f 7129 959 958
f 959 7129 7131
f 7127 958 957
f 958 7127 7129
f 7125 957 955
f 957 7125 7127
f 7122 955 954
f 955 7122 7125
f 7090 954 951
f 954 7090 7122
f 679 7090 951
f 7090 679 7088
f 7091 679 680
f 679 7091 7088
f 7094 680 681
f 680 7094 7091
f 7089 1053 7121
f 1053 7089 1051
f 7123 1053 1052
f 1053 7123 7121
f 7124 1052 1064
f 1052 7124 7123
f 7126 1064 1068
f 1064 7126 7124
f 7128 1068 1072
f 1068 7128 7126
f 7130 1072 1075
f 1072 7130 7128
f 7132 1075 1078
f 1075 7132 7130
f 7133 1078 1080
f 1078 7133 7132
f 7135 1080 1087
f 1080 7135 7133
f 7137 1087 1089
f 1087 7137 7135
f 7139 1089 1084
f 1089 7139 7137
f 1085 7139 1084
f 7139 1085 7141
f 1088 7141 1085
f 7141 1088 7143
f 1086 7143 1088
f 7143 1086 7145
f 1079 7145 1086
f 7145 1079 7147
f 1076 7147 1079
f 7147 1076 7149
f 1070 7149 1076
f 7149 1070 7151
f 1066 7151 1070
f 7151 1066 7153
f 1061 7153 1066
f 7153 1061 7155
f 1058 7155 1061
f 7155 1058 7157
f 1055 7157 1058
f 7157 1055 7173
f 1083 7173 1055
f 7173 1083 7170
f 1082 7170 1083
f 7170 1082 7168
f 1081 7168 1082
f 7168 1081 7164
f 1056 7164 1081
f 7164 1056 7162
f 1059 7162 1056
f 7162 1059 7158
f 1077 7158 1059
f 7158 1077 7118
f 1062 7118 1077
f 7118 1062 7115
f 1073 7115 1062
f 7115 1073 7113
f 1074 7113 1073
f 7113 1074 7110
f 7107 1074 1071
f 1074 7107 7110
f 7105 1071 1069
f 1071 7105 7107
f 7102 1069 1067
f 1069 7102 7105
f 7100 1067 1065
f 1067 7100 7102
f 7098 1065 1063
f 1065 7098 7100
f 7095 1063 1060
f 1063 7095 7098
f 7093 1060 1057
f 1060 7093 7095
f 7092 1057 1054
f 1057 7092 7093
f 7089 1054 1051
f 1054 7089 7092
f 7019 745 746
f 745 7019 7016
f 7021 746 747
f 746 7021 7019
f 7024 747 749
f 747 7024 7021
f 7026 749 751
f 749 7026 7024
f 7028 751 790
f 751 7028 7026
f 7030 790 781
f 790 7030 7028
f 7032 781 779
f 781 7032 7030
f 7034 779 777
f 779 7034 7032
f 7035 777 775
f 777 7035 7034
f 6930 775 773
f 775 6930 7035
f 6930 771 6932
f 771 6930 773
f 6932 769 6934
f 769 6932 771
f 6934 767 6935
f 767 6934 769
f 6935 765 6943
f 765 6935 767
f 6943 756 6944
f 756 6943 765
f 6944 753 6948
f 753 6944 756
f 6948 478 6937
f 478 6948 753
f 6937 477 6939
f 477 6937 478
f 6939 474 6942
f 474 6939 477
f 6942 469 6926
f 469 6942 474
f 6926 472 6952
f 472 6926 469
f 6952 437 6953
f 437 6952 472
f 6953 435 6951
f 435 6953 437
f 6951 433 6950
f 433 6951 435
f 6950 430 6924
f 430 6950 433
f 6924 428 6949
f 428 6924 430
f 6947 428 426
f 428 6947 6949
f 6945 426 424
f 426 6945 6947
f 6922 424 422
f 424 6922 6945
f 6940 422 420
f 422 6940 6922
f 6938 420 417
f 420 6938 6940
f 6917 417 415
f 417 6917 6938
f 6928 415 413
f 415 6928 6917
f 6920 413 409
f 413 6920 6928
f 6921 409 411
f 409 6921 6920
f 6971 411 410
f 411 6971 6921
f 6973 410 412
f 410 6973 6971
f 6976 412 414
f 412 6976 6973
f 6978 414 416
f 414 6978 6976
f 6979 416 418
f 416 6979 6978
f 6981 418 419
f 418 6981 6979
f 6985 419 421
f 419 6985 6981
f 6989 421 423
f 421 6989 6985
f 6989 425 6990
f 425 6989 423
f 6990 427 6995
f 427 6990 425
f 6995 429 6996
f 429 6995 427
f 6996 431 6998
f 431 6996 429
f 6998 432 7002
f 432 6998 431
f 7002 434 7003
f 434 7002 432
f 7003 436 7006
f 436 7003 434
f 7006 471 7007
f 471 7006 436
f 7007 473 7009
f 473 7007 471
f 7009 470 6992
f 470 7009 473
f 6992 468 6991
f 468 6992 470
f 6991 467 6994
f 467 6991 468
f 6994 465 6999
f 465 6994 467
f 6999 464 7004
f 464 6999 465
f 7004 462 7005
f 462 7004 464
f 7005 461 7008
f 461 7005 462
f 7008 460 7010
f 460 7008 461
f 7001 460 458
f 460 7001 7010
f 6997 458 457
f 458 6997 7001
f 6988 457 456
f 457 6988 6997
f 6986 456 454
f 456 6986 6988
f 6983 454 453
f 454 6983 6986
f 6984 453 452
f 453 6984 6983
f 7049 452 451
f 452 7049 6984
f 7047 451 450
f 451 7047 7049
f 7044 450 448
f 450 7044 7047
f 7041 448 447
f 448 7041 7044
f 7038 447 445
f 447 7038 7041
f 7036 445 441
f 445 7036 7038
f 724 7036 441
f 7036 724 7011
f 7013 724 744
f 724 7013 7011
f 7016 744 745
f 744 7016 7013
f 6956 1141 7037
f 1141 6956 1139
f 7039 1141 1140
f 1141 7039 7037
f 7040 1140 1143
f 1140 7040 7039
f 7042 1143 1145
f 1143 7042 7040
f 7043 1145 1147
f 1145 7043 7042
f 7045 1147 1149
f 1147 7045 7043
f 7046 1149 1151
f 1149 7046 7045
f 7048 1151 1156
f 1151 7048 7046
f 7050 1156 1162
f 1156 7050 7048
f 7051 1162 1166
f 1162 7051 7050
f 7052 1166 1171
f 1166 7052 7051
f 7053 1171 1173
f 1171 7053 7052
f 7054 1173 1175
f 1173 7054 7053
f 1177 7054 1175
f 7054 1177 7055
f 1176 7055 1177
f 7055 1176 7056
f 1170 7056 1176
f 7056 1170 7057
f 1168 7057 1170
f 7057 1168 7058
f 1164 7058 1168
f 7058 1164 7059
f 1159 7059 1164
f 7059 1159 7060
f 1153 7060 1159
f 7060 1153 6982
f 1154 6982 1153
f 6982 1154 7000
f 1157 7000 1154
f 7000 1157 6993
f 1160 6993 1157
f 6993 1160 6987
f 1174 6987 1160
f 6987 1174 6980
f 1172 6980 1174
f 6980 1172 6977
f 1169 6977 1172
f 6977 1169 6974
f 1167 6974 1169
f 6974 1167 6972
f 1165 6972 1167
f 6972 1165 6970
f 6968 1165 1163
f 1165 6968 6970
f 6967 1163 1161
f 1163 6967 6968
f 6966 1161 1158
f 1161 6966 6967
f 6965 1158 1155
f 1158 6965 6966
f 6963 1155 1152
f 1155 6963 6965
f 6962 1152 1150
f 1152 6962 6963
f 6961 1150 1148
f 1150 6961 6962
f 6959 1148 1146
f 1148 6959 6961
f 6958 1146 1144
f 1146 6958 6959
f 6955 1144 1142
f 1144 6955 6958
f 6956 1142 1139
f 1142 6956 6955
f 7012 1023 6954
f 1023 7012 1021
f 6957 1023 1022
f 1023 6957 6954
f 6960 1022 1026
f 1022 6960 6957
f 6964 1026 1029
f 1026 6964 6960
f 6969 1029 1032
f 1029 6969 6964
f 6975 1032 1044
f 1032 6975 6969
f 6918 1044 1048
f 1044 6918 6975
f 1050 6918 1048
f 6918 1050 6919
f 1049 6919 1050
f 6919 1049 6923
f 1047 6923 1049
f 6923 1047 6925
f 1041 6925 1047
f 6925 1041 6927
f 1033 6927 1041
f 6927 1033 6936
f 1035 6936 1033
f 6936 1035 6946
f 1037 6946 1035
f 6946 1037 6941
f 1039 6941 1037
f 6941 1039 6933
f 1046 6933 1039
f 6933 1046 6931
f 1045 6931 1046
f 6931 1045 6929
f 1043 6929 1045
f 6929 1043 7033
f 1042 7033 1043
f 7033 1042 7031
f 7029 1042 1040
f 1042 7029 7031
f 7027 1040 1038
f 1040 7027 7029
f 7025 1038 1036
f 1038 7025 7027
f 7023 1036 1034
f 1036 7023 7025
f 7022 1034 1031
f 1034 7022 7023
f 7020 1031 1030
f 1031 7020 7022
f 7018 1030 1028
f 1030 7018 7020
f 7017 1028 1027
f 1028 7017 7018
f 7015 1027 1025
f 1027 7015 7017
f 7014 1025 1024
f 1025 7014 7015
f 7012 1024 1021
f 1024 7012 7014
f 7176 438 440
f 438 7176 7178
f 731 7176 440
f 7176 731 7177
f 7175 731 743
f 731 7175 7177
f 7175 438 7178
f 438 7175 743
f 1202 7179 1208
f 7179 1202 7180
f 1738 1741 7181
f 1711 7182 1709
f 1709 7183 1708
f 7183 1709 7182
f 7184 1324 1322
f 1746 1747 7185
f 7186 1268 7187
f 1268 7186 1270
f 1717 7188 1715
f 1773 1328 7189
f 1730 7190 7191
f 7190 1730 1699
f 1736 7192 1735
f 7193 1272 7186
f 1272 7193 1274
f 1256 7194 1258
f 1713 7195 7182
f 7195 1713 1720
f 1750 1751 7196
f 7197 1732 7198
f 1732 7197 1662
f 1721 7188 1717
f 1679 7199 1692
f 1680 7200 1734
f 7201 1737 1739
f 1737 7201 7192
f 1741 1740 7181
f 7202 1771 1772
f 1771 7202 7203
f 7198 1670 7204
f 1670 7198 1733
f 7205 1312 1310
f 1749 1750 7196
f 1713 7182 1711
f 1664 1733 7198
f 1727 7191 7206
f 7191 1727 1729
f 1694 7207 1696
f 7208 1745 1743
f 1745 7208 7209
f 7210 1968 7211
f 1968 7210 1967
f 1751 7212 7196
f 7212 1751 1753
f 7213 1324 7184
f 1324 7213 1325
f 1730 7191 1729
f 7214 1248 1246
f 1715 7195 1720
f 7195 1715 7188
f 7214 1250 1248
f 1250 7214 7215
f 7216 1320 1318
f 7217 1662 7197
f 1662 7217 1731
f 1387 7180 1204
f 7180 1387 7218
f 7202 1773 7189
f 1773 7202 1772
f 7219 1679 1675
f 1679 7219 7199
f 7193 1276 1274
f 1731 7217 1669
f 1391 7218 1390
f 7218 1391 7220
f 7216 1322 1320
f 1322 7216 7184
f 7186 1272 1270
f 7221 1282 1280
f 7189 1328 1326
f 1764 7222 7223
f 7222 1764 1765
f 7179 1212 1208
f 1212 7179 7224
f 1669 7219 1675
f 7219 1669 7217
f 1770 1771 7203
f 7225 1290 1288
f 1768 1774 7226
f 1724 7227 1722
f 1742 1746 7185
f 7204 1734 7200
f 1734 7204 1670
f 1260 7187 1262
f 1736 1737 7192
f 1759 1761 7223
f 1212 7224 1214
f 1727 7206 1725
f 1704 7228 1702
f 7203 1970 1770
f 1970 7203 7211
f 1390 7218 1387
f 7225 1286 7229
f 1286 7225 1288
f 7201 1738 7181
f 1738 7201 1739
f 7205 1310 1308
f 1721 7227 7188
f 7227 1721 1722
f 1724 7206 7227
f 7206 1724 1725
f 7215 1252 1250
f 1252 7215 7230
f 7225 1292 1290
f 7199 1694 1692
f 1694 7199 7207
f 1696 7207 1698
f 1242 7231 1244
f 7226 1967 7210
f 1967 7226 1774
f 7232 1232 1230
f 1232 7232 7233
f 1968 1969 7211
f 1664 7198 1732
f 7187 1268 1262
f 7213 1326 1325
f 1326 7213 7189
f 1296 7234 7235
f 7234 1296 1294
f 7229 1282 7221
f 1282 7229 1284
f 7196 1748 1749
f 1748 7196 7236
f 7237 1308 1306
f 1308 7237 7205
f 1698 7190 1699
f 7190 1698 7207
f 7185 1743 1742
f 1743 7185 7208
f 7222 1766 7226
f 1766 7222 1765
f 1204 7180 1202
f 7236 1747 1748
f 1747 7236 7185
f 7216 1318 1316
f 1238 7231 1242
f 7229 1286 1284
f 7234 1292 7225
f 1292 7234 1294
f 7194 1260 1258
f 1260 7194 7187
f 7200 1735 7192
f 1735 7200 1680
f 7238 1220 7224
f 1220 7238 1222
f 1761 1764 7223
f 1766 1768 7226
f 7233 1238 1234
f 1238 7233 7231
f 1755 1757 7239
f 1759 7239 1757
f 7239 1759 7223
f 1744 1745 7209
f 7209 1740 1744
f 1740 7209 7181
f 7232 1226 7238
f 1226 7232 1230
f 7237 1304 7240
f 1304 7237 1306
f 1755 7212 1753
f 7212 1755 7239
f 7241 1316 1314
f 1316 7241 7216
f 1300 7235 7240
f 7235 1300 1298
f 7195 7183 7182
f 7188 7183 7195
f 7188 7228 7183
f 7227 7228 7188
f 7227 7220 7228
f 7206 7220 7227
f 7206 7218 7220
f 7191 7218 7206
f 7191 7180 7218
f 7190 7180 7191
f 7190 7179 7180
f 7207 7179 7190
f 7207 7224 7179
f 7199 7224 7207
f 7199 7238 7224
f 7219 7238 7199
f 7219 7232 7238
f 7217 7232 7219
f 7217 7233 7232
f 7197 7233 7217
f 7197 7231 7233
f 7198 7231 7197
f 7198 7214 7231
f 7204 7214 7198
f 7204 7215 7214
f 7200 7215 7204
f 7200 7230 7215
f 7192 7230 7200
f 7192 7194 7230
f 7201 7194 7192
f 7201 7187 7194
f 7181 7187 7201
f 7181 7186 7187
f 7209 7186 7181
f 7209 7193 7186
f 7208 7193 7209
f 7208 7242 7193
f 7185 7242 7208
f 7185 7221 7242
f 7236 7221 7185
f 7236 7229 7221
f 7196 7229 7236
f 7196 7225 7229
f 7212 7225 7196
f 7212 7234 7225
f 7239 7234 7212
f 7239 7235 7234
f 7223 7235 7239
f 7223 7240 7235
f 7222 7240 7223
f 7222 7237 7240
f 7226 7237 7222
f 7226 7205 7237
f 7210 7205 7226
f 7210 7241 7205
f 7211 7241 7210
f 7211 7216 7241
f 7203 7216 7211
f 7203 7184 7216
f 7202 7184 7203
f 7202 7213 7184
f 7213 7202 7189
f 1969 1970 7211
f 1222 7238 1226
f 7231 1246 1244
f 1246 7231 7214
f 1232 7233 1234
f 1392 7220 1391
f 1214 7224 1220
f 1252 7230 1254
f 7230 1256 1254
f 1256 7230 7194
f 7240 1302 1300
f 7235 1298 1296
f 7240 1304 1302
f 7242 1276 7193
f 1276 7242 1278
f 7221 1278 7242
f 1278 7221 1280
f 7205 1314 1312
f 1314 7205 7241
f 1706 7228 1704
f 7183 1706 1708
f 1706 7183 7228
f 1702 7220 1392
f 7220 1702 7228
f 7243 1583 1588
f 1583 7243 7244
f 1566 7245 1561
f 7246 1517 1515
f 1517 7246 7247
f 1564 7248 1563
f 1563 7249 1475
f 7249 1563 7248
f 1487 7250 1489
f 7250 1487 7251
f 7252 1542 1538
f 7253 7254 7255
f 7254 7253 7256
f 1579 7257 1578
f 1608 1609 7258
f 1541 7259 1528
f 1631 1630 7260
f 7261 1536 1530
f 1585 7262 1582
f 1616 1615 7263
f 1576 7264 7248
f 7264 1576 1577
f 1596 7265 1594
f 7266 1598 7267
f 1598 7266 1597
f 7268 1643 7269
f 1643 7268 1644
f 1615 7270 7263
f 7270 1615 1617
f 7271 7272 7273
f 1665 1612 7274
f 7275 1549 1545
f 1643 1622 7269
f 7276 1671 1666
f 1671 7276 7277
f 7275 1544 7278
f 1544 7275 1545
f 1605 1606 7279
f 1583 7244 1571
f 1586 7245 7280
f 7245 1586 1587
f 1566 7281 7245
f 7281 1566 1591
f 7282 1653 7268
f 1653 7282 1654
f 1576 7248 1564
f 1619 1618 7283
f 7284 7285 7286
f 7287 1614 1613
f 1614 7287 7274
f 7288 1980 1626
f 1980 7288 7289
f 1653 1644 7268
f 7265 1597 7266
f 1597 7265 1596
f 1658 7283 1618
f 7283 1658 7290
f 1594 7265 1593
f 7291 1602 7292
f 1602 7291 1601
f 7289 1981 1980
f 7277 1610 1611
f 1610 7277 7258
f 7293 1636 1983
f 1636 7293 7260
f 1495 7294 1497
f 7294 1495 7295
f 1656 1655 7290
f 1578 7264 1577
f 7264 1578 7257
f 7254 7296 7297
f 7296 7254 7256
f 7259 1526 1528
f 1526 7259 7298
f 1590 7243 1588
f 1569 7281 1591
f 7281 1569 7244
f 7299 1536 7261
f 1536 7299 1534
f 1599 1600 7267
f 7300 1511 1509
f 1511 7300 7246
f 1571 7244 1569
f 1561 7245 1587
f 1485 7251 1487
f 7289 1982 1981
f 7301 1555 1551
f 1621 1625 7302
f 1479 7251 1483
f 7251 1479 7303
f 7297 7304 7301
f 7304 7297 7305
f 7264 7249 7248
f 7257 7249 7264
f 7257 7303 7249
f 7262 7303 7257
f 7262 7251 7303
f 7280 7251 7262
f 7280 7250 7251
f 7245 7250 7280
f 7245 7295 7250
f 7281 7295 7245
f 7281 7294 7295
f 7244 7294 7281
f 7244 7306 7294
f 7243 7306 7244
f 7243 7307 7306
f 7308 7307 7243
f 7308 7300 7307
f 7265 7300 7308
f 7265 7246 7300
f 7266 7246 7265
f 7266 7247 7246
f 7267 7247 7266
f 7267 7309 7247
f 7291 7309 7267
f 7291 7310 7309
f 7292 7310 7291
f 7292 7259 7310
f 7279 7259 7292
f 7279 7298 7259
f 7311 7298 7279
f 7311 7261 7298
f 7258 7261 7311
f 7258 7299 7261
f 7277 7299 7258
f 7277 7252 7299
f 7276 7252 7277
f 7276 7278 7252
f 7274 7278 7276
f 7274 7275 7278
f 7287 7275 7274
f 7287 7301 7275
f 7263 7301 7287
f 7263 7297 7301
f 7270 7297 7263
f 7270 7254 7297
f 7283 7254 7270
f 7283 7255 7254
f 7290 7255 7283
f 7290 7271 7255
f 7282 7271 7290
f 7282 7312 7271
f 7268 7312 7282
f 7268 7284 7312
f 7269 7284 7268
f 7269 7313 7284
f 7302 7313 7269
f 7302 7288 7313
f 7314 7288 7302
f 7314 7289 7288
f 7315 7289 7314
f 7315 7293 7289
f 7293 7315 7260
f 1624 1635 7314
f 1580 7257 1579
f 7257 1580 7262
f 7308 1590 1592
f 1590 7308 7243
f 1658 1656 7290
f 7315 1634 1632
f 1634 7315 7314
f 1599 7267 1598
f 7260 1630 1636
f 7316 1975 1977
f 7316 7313 1975
f 7313 7316 7317
f 7252 1539 7299
f 1539 7252 1538
f 7311 1608 7258
f 1608 7311 1607
f 7299 1539 1534
f 1555 7318 1560
f 7318 7301 7304
f 7301 7318 1555
f 1605 7279 1604
f 7311 1606 1607
f 1606 7311 7279
f 1582 7262 1580
f 1585 7280 7262
f 7280 1585 1586
f 7267 1601 7291
f 1601 7267 1600
f 7300 1507 7307
f 1507 7300 1509
f 7255 7319 7253
f 1609 1610 7258
f 7293 1982 7289
f 1982 7293 1983
f 7278 1542 7252
f 1542 7278 1544
f 7292 1604 7279
f 1604 7292 1603
f 1532 7261 1530
f 7269 1621 7302
f 1621 7269 1622
f 1603 7292 1602
f 7302 1624 7314
f 1624 7302 1625
f 7315 1631 7260
f 1631 7315 1632
f 7274 1666 1665
f 1666 7274 7276
f 7271 7320 7272
f 1511 7246 1513
f 7309 1523 1521
f 7310 1541 1407
f 1541 7310 7259
f 7301 1549 7275
f 1549 7301 1551
f 1612 1614 7274
f 7284 7317 7285
f 7317 7284 7313
f 7307 1503 7306
f 1503 7307 1505
f 7263 1613 1616
f 1613 7263 7287
f 7298 1532 1529
f 1532 7298 7261
f 7273 7255 7271
f 7255 7273 7319
f 1611 1671 7277
f 1619 7270 1617
f 7270 1619 7283
f 1483 7251 1485
f 1655 7282 7290
f 7282 1655 1654
f 1635 1634 7314
f 7309 1407 1523
f 1407 7309 7310
f 7313 1979 1975
f 1979 7313 7288
f 1513 7246 1515
f 1526 7298 1529
f 7247 1521 1519
f 1521 7247 7309
f 1505 7307 1507
f 7312 7320 7271
f 7320 7312 7321
f 7312 7286 7321
f 7286 7312 7284
f 7288 1626 1979
f 1491 7295 1493
f 1499 7306 1501
f 7297 7296 7305
f 1493 7295 1495
f 1593 7308 1592
f 7308 1593 7265
f 1517 7247 1519
f 7294 1499 1497
f 1499 7294 7306
f 1489 7295 1491
f 7295 1489 7250
f 1501 7306 1503
f 7249 1473 1475
f 1473 7249 7303
f 1473 7303 1479
f 1233 7322 1231
f 1263 7323 1261
f 1207 7324 1904
f 1904 7325 1906
f 7325 1904 7324
f 1945 7326 7327
f 7326 1945 1944
f 7328 1315 7329
f 1315 7328 1313
f 1255 1257 7330
f 1235 7322 1233
f 1311 1313 7328
f 7327 1947 1945
f 7331 1952 7332
f 1952 7331 1953
f 7333 1962 7334
f 1962 7333 1963
f 7335 1930 1929
f 1265 7336 1264
f 7337 1933 7338
f 1933 7337 1936
f 7339 1273 1275
f 1273 7339 7340
f 7341 1321 1323
f 1321 7341 7342
f 1215 7343 1213
f 1293 7344 7345
f 7344 1293 1295
f 1885 7346 1883
f 7346 1885 7347
f 1266 1267 7348
f 1916 7349 1917
f 1227 7350 7351
f 7350 1227 1229
f 7352 1935 7353
f 1935 7352 1939
f 7354 1235 1237
f 1235 7354 7322
f 7355 1926 1925
f 7356 1247 7357
f 1247 7356 1245
f 1213 7343 1211
f 1206 7358 7324
f 7358 1206 1209
f 7359 1261 7323
f 1261 7359 1259
f 1206 7324 1207
f 1223 7360 1221
f 1309 1311 7328
f 1924 7355 1925
f 1245 7356 1243
f 7332 1950 1948
f 1319 1321 7342
f 1267 1269 7348
f 1271 1273 7340
f 7361 1928 1927
f 1928 7361 7335
f 7362 1959 1958
f 1861 7363 1862
f 1887 7347 1885
f 1285 1287 7364
f 7323 1264 7336
f 1264 7323 1263
f 7336 1266 7348
f 1266 7336 1265
f 1215 7365 7343
f 7365 1215 1217
f 7329 1317 7342
f 1317 7329 1315
f 1323 1327 7341
f 1211 7358 1209
f 7358 1211 7343
f 7352 1941 1939
f 1301 1303 7366
f 1239 7354 1237
f 1219 7365 1217
f 7325 1907 1906
f 1907 7325 7367
f 7353 1934 7337
f 1934 7353 1935
f 1921 7368 1922
f 1889 7369 1911
f 7370 1921 1920
f 1921 7370 7368
f 7357 1255 7330
f 1255 7357 1253
f 7330 1259 7359
f 1259 7330 1257
f 1883 7346 1912
f 7371 1327 1329
f 1327 7371 7341
f 7371 1966 7372
f 1966 7371 1329
f 7373 1956 1955
f 7373 1955 1954
f 1305 7374 7366
f 7374 1305 1307
f 1253 7357 1251
f 7332 1952 1950
f 1251 7357 1247
f 1223 7351 7360
f 7351 1223 1225
f 7334 1962 1961
f 1243 7375 1241
f 7375 1243 7356
f 7363 1863 1862
f 1863 7363 7376
f 1966 1965 7372
f 7377 1913 1881
f 1913 7377 7378
f 1913 7378 1879
f 1291 1293 7345
f 1289 1291 7345
f 1297 1299 7379
f 1227 7351 1225
f 1219 7360 7365
f 7360 1219 1221
f 1948 7327 7332
f 7327 1948 1947
f 1301 7379 1299
f 7379 1301 7366
f 7337 1937 1936
f 1297 7344 1295
f 7344 1297 7379
f 7340 1269 1271
f 1269 7340 7348
f 7372 1965 1964
f 1317 1319 7342
f 7345 1287 1289
f 1287 7345 7364
f 7380 1958 1957
f 1958 7380 7362
f 7331 1954 1953
f 1954 7331 7373
f 7381 1932 1931
f 7381 1930 7335
f 1930 7381 1931
f 1303 1305 7366
f 7337 1934 1937
f 1877 7382 1915
f 7362 1961 1960
f 1961 7362 7334
f 7362 1960 1959
f 7373 1957 1956
f 1957 7373 7380
f 7349 1919 1917
f 7333 1964 1963
f 1964 7333 7372
f 7368 1924 1922
f 1924 7368 7355
f 1231 7350 1229
f 7350 1231 7322
f 7335 1929 1928
f 7383 1861 1865
f 1861 7383 7363
f 1912 7377 1881
f 7377 1912 7346
f 7361 1926 7355
f 1926 7361 1927
f 7384 1277 1279
f 1277 7384 7339
f 1911 7347 1887
f 7347 1911 7369
f 7375 1239 1241
f 1239 7375 7354
f 1275 1277 7339
f 1909 7367 1910
f 1281 1283 7385
f 1879 7378 1914
f 7338 1932 7381
f 1932 7338 1933
f 7374 1309 7328
f 1309 7374 1307
f 7326 1943 7352
f 1943 7326 1944
f 7352 1943 1941
f 7349 1920 1919
f 1920 7349 7370
f 1910 7369 1889
f 7369 1910 7367
f 1907 7367 1909
f 7376 1916 1863
f 1916 7376 7349
f 7364 1283 1285
f 1283 7364 7385
f 7385 1279 1281
f 1279 7385 7384
f 7382 1914 7378
f 1914 7382 1877
f 7383 1915 7382
f 1915 7383 1865
f 7358 7325 7324
f 7343 7325 7358
f 7343 7367 7325
f 7365 7367 7343
f 7365 7369 7367
f 7360 7369 7365
f 7360 7347 7369
f 7351 7347 7360
f 7351 7346 7347
f 7350 7346 7351
f 7350 7377 7346
f 7322 7377 7350
f 7322 7378 7377
f 7354 7378 7322
f 7354 7382 7378
f 7375 7382 7354
f 7375 7383 7382
f 7356 7383 7375
f 7356 7363 7383
f 7357 7363 7356
f 7357 7376 7363
f 7330 7376 7357
f 7330 7349 7376
f 7359 7349 7330
f 7359 7370 7349
f 7323 7370 7359
f 7323 7368 7370
f 7336 7368 7323
f 7336 7355 7368
f 7348 7355 7336
f 7348 7361 7355
f 7340 7361 7348
f 7340 7335 7361
f 7339 7335 7340
f 7339 7381 7335
f 7384 7381 7339
f 7384 7338 7381
f 7385 7338 7384
f 7385 7337 7338
f 7364 7337 7385
f 7364 7353 7337
f 7345 7353 7364
f 7345 7352 7353
f 7344 7352 7345
f 7344 7326 7352
f 7379 7326 7344
f 7379 7327 7326
f 7366 7327 7379
f 7366 7332 7327
f 7374 7332 7366
f 7374 7331 7332
f 7328 7331 7374
f 7328 7373 7331
f 7329 7373 7328
f 7329 7380 7373
f 7342 7380 7329
f 7342 7362 7380
f 7341 7362 7342
f 7341 7334 7362
f 7371 7334 7341
f 7371 7333 7334
f 7333 7371 7372
f 7386 7387 7388
f 7387 7386 7389
f 1410 1546 7390
f 7391 1421 7392
f 1421 7391 1417
f 7393 1793 1791
f 1793 7393 7394
f 1478 7395 1568
f 1568 7396 1570
f 7396 1568 7395
f 7397 1518 7398
f 1518 7397 1516
f 1522 1524 7399
f 7400 1820 7401
f 1820 7400 1818
f 1486 7402 1484
f 7403 1814 1813
f 1402 1403 7404
f 1417 7391 1415
f 7405 1841 1842
f 1841 7405 7406
f 1488 7402 1486
f 1554 1556 7407
f 1806 7408 1807
f 7409 7410 7411
f 1482 7412 1481
f 7413 1805 1804
f 1805 7413 7414
f 7390 1424 1410
f 1424 7390 7415
f 7410 7416 7411
f 7416 7410 7417
f 7418 1556 1557
f 1556 7418 7407
f 7408 1808 1807
f 1808 7408 7419
f 1477 7420 7395
f 7420 1477 1480
f 1426 1428 7415
f 7399 1409 7421
f 1409 7399 1524
f 1785 7422 1788
f 7421 1415 7391
f 1415 7421 1409
f 1496 7423 7424
f 7423 1496 1498
f 7425 7426 7427
f 1557 1971 7418
f 7428 7409 7411
f 1477 7395 1478
f 1825 7429 7430
f 7429 1825 1824
f 7427 7431 7425
f 7431 7427 7418
f 7432 1802 1800
f 1802 7432 7413
f 7433 1971 1974
f 1971 7433 7418
f 7431 7418 7433
f 7406 1838 1841
f 7434 1817 1815
f 1428 1424 7415
f 7435 1546 1548
f 1546 7435 7390
f 1490 7424 7436
f 7424 1490 1492
f 7401 1820 1819
f 7437 1844 1834
f 7398 1522 7399
f 1522 7398 1520
f 7438 1828 1827
f 7401 1819 1918
f 1481 7420 1480
f 7420 1481 7412
f 7401 1816 7439
f 1816 7401 1918
f 7440 1405 1836
f 1405 7440 7404
f 7403 1813 1812
f 7441 1828 7438
f 1828 7441 1826
f 1496 7424 1494
f 7407 1552 1554
f 1552 7407 7442
f 7439 1817 7434
f 1817 7439 1816
f 7443 7389 7386
f 7444 1784 1783
f 1784 7444 7422
f 1488 7436 7402
f 7436 1488 1490
f 7445 1810 7419
f 1810 7445 1811
f 7405 1844 7437
f 1844 7405 1842
f 1802 7413 1803
f 1504 7446 1502
f 1423 7392 1421
f 7392 1426 7415
f 1426 7392 1423
f 1494 7424 1492
f 1500 7423 1498
f 7423 1500 7446
f 7440 1837 7406
f 1837 7440 1836
f 1484 7412 1482
f 7412 1484 7402
f 7438 1827 1858
f 1782 7444 1783
f 7444 1782 7447
f 1514 7397 1512
f 1508 7448 1506
f 7449 1508 1510
f 1508 7449 7448
f 7450 1830 1846
f 1830 7450 7451
f 1795 7394 1798
f 1548 1550 7435
f 1789 7452 1790
f 1520 7398 1518
f 1837 1838 7406
f 7453 1395 7388
f 1395 7453 1396
f 7453 7388 7387
f 7414 1806 1805
f 1806 7414 7408
f 7437 1834 1833
f 7448 1504 1506
f 1504 7448 7446
f 1502 7446 1500
f 1512 7449 1510
f 7449 1512 7397
f 1784 7422 1785
f 7454 7455 7456
f 7455 7454 7457
f 1777 7447 1778
f 7447 1777 7458
f 7434 1814 7403
f 1814 7434 1815
f 1779 7447 1782
f 7459 1855 1857
f 7460 1402 7404
f 1402 7460 1400
f 7454 7461 7457
f 7419 1810 1809
f 1858 7430 7438
f 7430 1858 1823
f 7430 1823 1825
f 1775 7462 1776
f 7441 1857 1826
f 1857 7441 7459
f 1793 7394 1795
f 7416 7443 7386
f 7443 7416 7417
f 7451 1831 1830
f 7450 1846 1847
f 7442 1550 1552
f 1550 7442 7435
f 7428 7457 7461
f 7457 7428 7411
f 7451 1833 1831
f 1833 7451 7437
f 7459 1847 1855
f 1847 7459 7450
f 7426 7455 7427
f 7455 7426 7456
f 1778 7447 1779
f 7445 1812 1811
f 1812 7445 7403
f 1516 7397 1514
f 1808 7419 1809
f 7388 1398 7460
f 1398 7388 1395
f 1398 1400 7460
f 1403 1405 7404
f 7413 1804 1803
f 7394 1800 1798
f 1800 7394 7432
f 7463 1821 1822
f 7463 1818 7400
f 1818 7463 1822
f 7429 1821 7463
f 1821 7429 1824
f 7452 1788 7422
f 1788 7452 1789
f 1575 7462 1775
f 7420 7396 7395
f 7412 7396 7420
f 7412 7464 7396
f 7402 7464 7412
f 7402 7462 7464
f 7436 7462 7402
f 7436 7458 7462
f 7424 7458 7436
f 7424 7447 7458
f 7423 7447 7424
f 7423 7444 7447
f 7446 7444 7423
f 7446 7422 7444
f 7448 7422 7446
f 7448 7452 7422
f 7449 7452 7448
f 7449 7393 7452
f 7397 7393 7449
f 7397 7394 7393
f 7398 7394 7397
f 7398 7432 7394
f 7399 7432 7398
f 7399 7413 7432
f 7421 7413 7399
f 7421 7414 7413
f 7391 7414 7421
f 7391 7408 7414
f 7392 7408 7391
f 7392 7419 7408
f 7415 7419 7392
f 7415 7445 7419
f 7390 7445 7415
f 7390 7403 7445
f 7435 7403 7390
f 7435 7434 7403
f 7442 7434 7435
f 7442 7439 7434
f 7407 7439 7442
f 7407 7401 7439
f 7418 7401 7407
f 7418 7400 7401
f 7427 7400 7418
f 7427 7463 7400
f 7455 7463 7427
f 7455 7429 7463
f 7457 7429 7455
f 7457 7430 7429
f 7411 7430 7457
f 7411 7438 7430
f 7416 7438 7411
f 7416 7441 7438
f 7386 7441 7416
f 7386 7459 7441
f 7388 7459 7386
f 7388 7450 7459
f 7460 7450 7388
f 7460 7451 7450
f 7404 7451 7460
f 7404 7437 7451
f 7440 7437 7404
f 7440 7405 7437
f 7405 7440 7406
f 7393 1790 7452
f 1790 7393 1791
f 1574 7462 1575
f 7462 1574 7464
f 1776 7458 1777
f 7458 1776 7462
f 1572 7464 1574
f 7396 1572 1570
f 1572 7396 7464
f 7465 3517 3515
f 3517 7465 7466
f 7467 3593 3590
f 3593 7467 7468
f 7469 3590 3587
f 3590 7469 7467
f 7470 3501 7471
f 3501 7470 3500
f 7472 3489 3612
f 3489 7472 7473
f 7474 3503 7475
f 3503 7474 3502
f 7476 3605 3603
f 3605 7476 7477
f 3465 7478 3559
f 7478 3465 7479
f 3560 7480 3561
f 7480 3560 7481
f 7477 3607 3605
f 3607 7477 7482
f 7483 3482 3483
f 3482 7483 7484
f 7485 3611 7486
f 3611 7485 3550
f 7487 3585 3582
f 3585 7487 7488
f 7489 3486 3487
f 3486 7489 7490
f 3563 7491 3564
f 7491 3563 7492
f 7486 3609 7493
f 3609 7486 3611
f 7494 3612 3613
f 3612 7494 7472
f 7493 3607 7482
f 3607 7493 3609
f 7495 3493 3495
f 3493 7495 7496
f 7473 3488 3489
f 3488 7473 7497
f 7468 3596 3593
f 3596 7468 7498
f 7499 3558 7500
f 3558 7499 3504
f 3469 7501 3468
f 7501 3469 7502
f 7503 3603 3600
f 3603 7503 7476
f 7496 3494 3493
f 3494 7496 7504
f 7500 3557 7505
f 3557 7500 3558
f 7506 3600 3598
f 3600 7506 7503
f 7507 3484 3485
f 3484 7507 7508
f 3467 7479 3465
f 7479 3467 7509
f 7505 3555 7510
f 3555 7505 3557
f 7488 3587 3585
f 3587 7488 7469
f 3559 7481 3560
f 7481 3559 7478
f 7498 3598 3596
f 3598 7498 7506
f 7484 3481 3482
f 3481 7484 7511
f 3561 7512 3562
f 7512 3561 7480
f 7471 3502 7474
f 3502 7471 3501
f 3480 7513 3474
f 7513 3480 7514
f 7515 3521 3519
f 3521 7515 7516
f 7517 3550 7485
f 3550 7517 3553
f 7518 3500 7470
f 3500 7518 3499
f 7466 3519 3517
f 3519 7466 7515
f 7508 3483 3484
f 3483 7508 7483
f 7519 3498 7520
f 3498 7519 3497
f 7521 3497 7519
f 3497 7521 3496
f 7520 3499 7518
f 3499 7520 3498
f 7516 3582 3521
f 3582 7516 7487
f 3468 7509 3467
f 7509 3468 7501
f 7475 3504 7499
f 3504 7475 3503
f 3473 7522 3472
f 7522 3473 7523
f 3564 7524 3512
f 7524 3564 7491
f 7490 3485 3486
f 3485 7490 7507
f 7525 3515 3513
f 3515 7525 7465
f 7524 3513 3512
f 3513 7524 7525
f 3562 7492 3563
f 7492 3562 7512
f 7511 3480 3481
f 3480 7511 7514
f 7504 3614 3494
f 3614 7504 7526
f 7497 3487 3488
f 3487 7497 7489
f 3470 7502 3469
f 7502 3470 7527
f 7526 3613 3614
f 3613 7526 7494
f 3471 7527 3470
f 7527 3471 7528
f 7510 3553 7517
f 3553 7510 3555
f 7521 3495 3496
f 3495 7521 7495
f 3472 7528 3471
f 7528 3472 7522
f 3474 7523 3473
f 7523 3474 7513
f 7529 7509 7501
f 7530 7501 7502
f 7509 7529 7479
f 7531 7502 7527
f 7532 7479 7529
f 7533 7527 7528
f 7479 7532 7478
f 7534 7528 7522
f 7535 7478 7532
f 7536 7522 7523
f 7478 7535 7481
f 7537 7523 7513
f 7538 7481 7535
f 7481 7538 7480
f 7501 7530 7529
f 7502 7531 7530
f 7539 7513 7514
f 7527 7533 7531
f 7528 7534 7533
f 7522 7536 7534
f 7540 7514 7511
f 7523 7537 7536
f 7513 7539 7537
f 7541 7511 7484
f 7514 7540 7539
f 7542 7484 7483
f 7511 7541 7540
f 7484 7542 7541
f 7543 7483 7508
f 7483 7543 7542
f 7544 7508 7507
f 7508 7544 7543
f 7507 7545 7544
f 7490 7545 7507
f 7490 7546 7545
f 7489 7546 7490
f 7489 7547 7546
f 7497 7547 7489
f 7497 7548 7547
f 7497 7549 7548
f 7473 7549 7497
f 7473 7550 7549
f 7472 7550 7473
f 7472 7551 7550
f 7494 7551 7472
f 7551 7494 7552
f 7526 7552 7494
f 7552 7526 7553
f 7504 7553 7526
f 7553 7504 7554
f 7496 7554 7504
f 7554 7496 7555
f 7495 7555 7496
f 7555 7495 7556
f 7521 7556 7495
f 7556 7521 7557
f 7519 7557 7521
f 7557 7519 7558
f 7520 7558 7519
f 7558 7520 7559
f 7518 7559 7520
f 7559 7518 7560
f 7470 7560 7518
f 7560 7470 7561
f 7562 7480 7538
f 7480 7562 7512
f 7563 7512 7562
f 7512 7563 7492
f 7564 7492 7563
f 7492 7564 7491
f 7565 7491 7564
f 7491 7565 7524
f 7566 7524 7565
f 7524 7566 7525
f 7567 7525 7566
f 7525 7567 7465
f 7568 7465 7567
f 7465 7568 7466
f 7569 7466 7568
f 7466 7569 7515
f 7570 7515 7569
f 7515 7570 7516
f 7571 7516 7570
f 7571 7487 7516
f 7572 7487 7571
f 7572 7488 7487
f 7573 7488 7572
f 7574 7488 7573
f 7574 7469 7488
f 7575 7469 7574
f 7575 7467 7469
f 7576 7467 7575
f 7576 7468 7467
f 7577 7468 7576
f 7498 7577 7578
f 7577 7498 7468
f 7506 7578 7579
f 7578 7506 7498
f 7503 7579 7580
f 7476 7580 7581
f 7579 7503 7506
f 7477 7581 7582
f 7580 7476 7503
f 7482 7582 7583
f 7493 7583 7584
f 7581 7477 7476
f 7486 7584 7585
f 7485 7585 7586
f 7517 7586 7587
f 7582 7482 7477
f 7510 7587 7588
f 7505 7588 7589
f 7500 7589 7590
f 7471 7561 7470
f 7583 7493 7482
f 7561 7471 7591
f 7584 7486 7493
f 7474 7591 7471
f 7585 7485 7486
f 7591 7474 7592
f 7586 7517 7485
f 7475 7592 7474
f 7587 7510 7517
f 7592 7475 7590
f 7588 7505 7510
f 7499 7590 7475
f 7589 7500 7505
f 7590 7499 7500
f 7593 4660 7594
f 4660 7593 4659
f 7595 4659 7593
f 4659 7595 4658
f 7594 4662 7596
f 4662 7594 4660
f 4692 7597 4691
f 7597 4692 7598
f 7599 4701 4700
f 4701 7599 7600
f 7601 4717 4716
f 4717 7601 7602
f 7603 4674 4676
f 4674 7603 7604
f 7605 4683 4684
f 4683 7605 7606
f 7607 4670 7608
f 4670 7607 4669
f 4724 7609 4725
f 7609 4724 7610
f 7611 4667 7612
f 4667 7611 4666
f 7613 4670 4672
f 4670 7613 7608
f 4723 7610 4724
f 7610 4723 7614
f 7600 4702 4701
f 4702 7600 7615
f 7596 4664 7616
f 4664 7596 4662
f 4727 7617 4729
f 7617 4727 7618
f 7619 4681 4682
f 4681 7619 7620
f 7621 4671 7622
f 4671 7621 4675
f 7604 4672 4674
f 4672 7604 7613
f 7623 4658 7595
f 4658 7623 4661
f 4731 7624 4730
f 7624 4731 7625
f 7626 4706 4705
f 4706 7626 7627
f 7612 4669 7607
f 4669 7612 4667
f 7628 4688 4689
f 4688 7628 7629
f 7630 4705 4703
f 4705 7630 7626
f 7631 4676 4677
f 4676 7631 7603
f 7632 4694 7633
f 4694 7632 4696
f 4732 7625 4731
f 7625 4732 7634
f 4690 7628 4689
f 7628 4690 7635
f 7616 4666 7611
f 4666 7616 4664
f 7636 4712 4711
f 4712 7636 7637
f 7638 4685 4686
f 4685 7638 7639
f 7640 4710 4708
f 4710 7640 7641
f 7642 4661 7623
f 4661 7642 4665
f 7627 4708 4706
f 4708 7627 7640
f 7643 4700 4699
f 4700 7643 7599
f 7622 4668 7644
f 4668 7622 4671
f 7645 4699 4698
f 4699 7645 7643
f 7646 4679 4680
f 4679 7646 7647
f 7648 4677 4678
f 4677 7648 7631
f 7647 4678 4679
f 4678 7647 7648
f 7649 4686 4687
f 4686 7649 7638
f 7629 4687 4688
f 4687 7629 7649
f 7644 4665 7642
f 4665 7644 4668
f 7606 4682 4683
f 4682 7606 7619
f 7615 4703 4702
f 4703 7615 7630
f 4722 7614 4723
f 7614 4722 7650
f 4717 7651 4719
f 7651 4717 7602
f 7639 4684 4685
f 4684 7639 7605
f 4733 7634 4732
f 7634 4733 7652
f 4729 7652 4733
f 7652 4729 7617
f 4725 7618 4727
f 7618 4725 7609
f 4691 7635 4690
f 7635 4691 7597
f 4719 7653 4721
f 7653 4719 7651
f 7620 4680 4681
f 4680 7620 7646
f 7654 4675 7621
f 4675 7654 4693
f 7655 4715 4713
f 4715 7655 7656
f 7656 4716 4715
f 4716 7656 7601
f 7637 4713 4712
f 4713 7637 7655
f 7633 4693 7654
f 4693 7633 4694
f 7641 4711 4710
f 4711 7641 7636
f 4721 7650 4722
f 7650 4721 7653
f 4730 7598 4692
f 7598 4730 7624
f 7632 4698 4696
f 4698 7632 7645
f 1683 7657 1332
f 7657 1683 7658
f 1684 7658 1683
f 7658 1684 7659
f 1332 7660 1330
f 7660 1332 7657
f 1693 7661 7662
f 7661 1693 1695
f 7663 1203 7664
f 1203 7663 1388
f 1697 7665 7666
f 7665 1697 1719
f 7667 1380 7668
f 1380 7667 1382
f 1372 7669 7670
f 7669 1372 1370
f 1685 7671 1689
f 7671 1685 7672
f 1687 7659 1684
f 7659 1687 7673
f 1723 7674 7675
f 7674 1723 1718
f 1726 7675 7676
f 7675 1726 1723
f 7677 1240 7678
f 1240 7677 1236
f 1348 7679 7680
f 7679 1348 1346
f 1350 7680 7681
f 7680 1350 1348
f 7682 1386 7683
f 1386 7682 1389
f 1346 7684 7679
f 7684 1346 1344
f 1688 7673 1687
f 7673 1688 7685
f 1366 7686 7687
f 7686 1366 1362
f 7688 1218 7689
f 1218 7688 1216
f 1340 7690 1342
f 7690 1340 7691
f 1689 7685 1688
f 7685 1689 7671
f 1695 7666 7661
f 7666 1695 1697
f 7595 7659 7673
f 7623 7673 7685
f 7659 7595 7658
f 7642 7685 7671
f 7593 7658 7595
f 7644 7671 7672
f 7658 7593 7657
f 7622 7672 7692
f 7594 7657 7593
f 7621 7692 7693
f 7657 7594 7660
f 7654 7693 7694
f 7596 7660 7594
f 7633 7694 7695
f 7660 7596 7696
f 7632 7695 7697
f 7616 7696 7596
f 7645 7697 7662
f 7696 7616 7698
f 7611 7698 7616
f 7673 7623 7595
f 7685 7642 7623
f 7671 7644 7642
f 7672 7622 7644
f 7643 7662 7661
f 7692 7621 7622
f 7693 7654 7621
f 7694 7633 7654
f 7599 7661 7666
f 7695 7632 7633
f 7697 7645 7632
f 7600 7666 7665
f 7662 7643 7645
f 7661 7599 7643
f 7666 7600 7599
f 7615 7665 7699
f 7665 7615 7600
f 7699 7630 7615
f 7676 7630 7699
f 7676 7626 7630
f 7675 7626 7676
f 7675 7627 7626
f 7675 7640 7627
f 7674 7640 7675
f 7674 7641 7640
f 7700 7641 7674
f 7641 7700 7636
f 7701 7636 7700
f 7636 7701 7637
f 7702 7637 7701
f 7637 7702 7655
f 7703 7655 7702
f 7655 7703 7656
f 7704 7656 7703
f 7656 7704 7601
f 7705 7601 7704
f 7601 7705 7602
f 7706 7602 7705
f 7602 7706 7651
f 7707 7651 7706
f 7651 7707 7653
f 7682 7653 7707
f 7683 7650 7682
f 7653 7682 7650
f 7698 7611 7691
f 7612 7691 7611
f 7691 7612 7690
f 7607 7690 7612
f 7690 7607 7684
f 7608 7684 7607
f 7684 7608 7679
f 7613 7679 7608
f 7679 7613 7680
f 7604 7680 7613
f 7680 7604 7681
f 7603 7681 7604
f 7681 7603 7708
f 7631 7708 7603
f 7708 7631 7709
f 7648 7709 7631
f 7709 7648 7710
f 7647 7710 7648
f 7647 7711 7710
f 7646 7711 7647
f 7620 7711 7646
f 7620 7712 7711
f 7619 7712 7620
f 7619 7686 7712
f 7606 7686 7619
f 7687 7606 7605
f 7606 7687 7686
f 7713 7605 7639
f 7669 7639 7638
f 7670 7638 7649
f 7605 7713 7687
f 7714 7649 7629
f 7715 7629 7628
f 7639 7669 7713
f 7716 7628 7635
f 7668 7635 7597
f 7667 7597 7598
f 7638 7670 7669
f 7717 7598 7624
f 7678 7624 7625
f 7677 7625 7634
f 7718 7634 7652
f 7649 7714 7670
f 7719 7652 7617
f 7650 7683 7614
f 7663 7614 7683
f 7629 7715 7714
f 7614 7663 7610
f 7628 7716 7715
f 7664 7610 7663
f 7635 7668 7716
f 7610 7664 7609
f 7597 7667 7668
f 7720 7609 7664
f 7598 7717 7667
f 7609 7720 7618
f 7624 7678 7717
f 7688 7618 7720
f 7625 7677 7678
f 7618 7688 7617
f 7634 7718 7677
f 7689 7617 7688
f 7652 7719 7718
f 7617 7689 7719
f 7718 1236 7677
f 1236 7718 1228
f 7706 1701 7707
f 1701 7706 1703
f 1705 7706 7705
f 7706 1705 1703
f 1368 7687 7713
f 7687 1368 1366
f 1370 7713 7669
f 7713 1370 1368
f 1362 7712 7686
f 7712 1362 1360
f 1354 7708 7709
f 7708 1354 1352
f 7683 1388 7663
f 1388 7683 1386
f 1376 7714 7715
f 7714 1376 1374
f 7717 1382 7667
f 1382 7717 1384
f 1352 7681 7708
f 7681 1352 1350
f 1330 7696 1336
f 7696 1330 7660
f 1691 7662 7697
f 7662 1691 1693
f 1728 7676 7699
f 7676 1728 1726
f 1681 7693 1690
f 7693 1681 7694
f 1336 7698 1338
f 7698 1336 7696
f 1718 7700 7674
f 7700 1718 1716
f 1356 7709 7710
f 7709 1356 1354
f 1714 7702 7701
f 7702 1714 1712
f 1360 7711 7712
f 7711 1360 1358
f 1719 7699 7665
f 7699 1719 1728
f 1374 7670 7714
f 7670 1374 1372
f 7664 1210 7720
f 1210 7664 1203
f 1338 7691 1340
f 7691 1338 7698
f 7668 1378 7716
f 1378 7668 1380
f 1682 7697 7695
f 7697 1682 1691
f 1690 7692 1686
f 7692 1690 7693
f 1342 7684 1344
f 7684 1342 7690
f 1716 7701 7700
f 7701 1716 1714
f 7719 1228 7718
f 1228 7719 1224
f 1378 7715 7716
f 7715 1378 1376
f 7707 1389 7682
f 1389 7707 1701
f 7720 1216 7688
f 1216 7720 1210
f 7678 1384 7717
f 1384 7678 1240
f 1710 7704 7703
f 7704 1710 1707
f 1358 7710 7711
f 7710 1358 1356
f 1707 7705 7704
f 7705 1707 1705
f 1686 7672 1685
f 7672 1686 7692
f 1682 7694 1681
f 7694 1682 7695
f 7689 1224 7719
f 1224 7689 1218
f 1712 7703 7702
f 7703 1712 1710
f 7721 4788 7722
f 4788 7721 4787
f 7723 4787 7721
f 4787 7723 4786
f 7722 4790 7724
f 4790 7722 4788
f 4820 7725 4819
f 7725 4820 7726
f 7727 4829 4828
f 4829 7727 7728
f 7729 4845 4844
f 4845 7729 7730
f 7731 4802 4804
f 4802 7731 7732
f 7733 4811 4812
f 4811 7733 7734
f 7735 4798 7736
f 4798 7735 4797
f 4852 7737 4853
f 7737 4852 7738
f 7739 4795 7740
f 4795 7739 4794
f 7741 4798 4800
f 4798 7741 7736
f 4851 7738 4852
f 7738 4851 7742
f 7728 4830 4829
f 4830 7728 7743
f 7724 4792 7744
f 4792 7724 4790
f 4855 7745 4857
f 7745 4855 7746
f 7747 4809 4810
f 4809 7747 7748
f 7749 4799 7750
f 4799 7749 4803
f 7732 4800 4802
f 4800 7732 7741
f 7751 4786 7723
f 4786 7751 4789
f 4859 7752 4858
f 7752 4859 7753
f 7754 4834 4833
f 4834 7754 7755
f 7740 4797 7735
f 4797 7740 4795
f 7756 4816 4817
f 4816 7756 7757
f 7758 4833 4831
f 4833 7758 7754
f 7759 4804 4805
f 4804 7759 7731
f 7760 4822 7761
f 4822 7760 4824
f 4860 7753 4859
f 7753 4860 7762
f 4818 7756 4817
f 7756 4818 7763
f 7744 4794 7739
f 4794 7744 4792
f 7764 4840 4839
f 4840 7764 7765
f 7766 4813 4814
f 4813 7766 7767
f 7768 4838 4836
f 4838 7768 7769
f 7770 4789 7751
f 4789 7770 4793
f 7755 4836 4834
f 4836 7755 7768
f 7771 4828 4827
f 4828 7771 7727
f 7750 4796 7772
f 4796 7750 4799
f 7773 4827 4826
f 4827 7773 7771
f 7774 4807 4808
f 4807 7774 7775
f 7776 4805 4806
f 4805 7776 7759
f 7775 4806 4807
f 4806 7775 7776
f 7777 4814 4815
f 4814 7777 7766
f 7757 4815 4816
f 4815 7757 7777
f 7734 4810 4811
f 4810 7734 7747
f 7743 4831 4830
f 4831 7743 7758
f 4850 7742 4851
f 7742 4850 7778
f 4845 7779 4847
f 7779 4845 7730
f 7767 4812 4813
f 4812 7767 7733
f 4861 7762 4860
f 7762 4861 7780
f 4857 7780 4861
f 7780 4857 7745
f 4853 7746 4855
f 7746 4853 7737
f 4819 7763 4818
f 7763 4819 7725
f 7772 4793 7770
f 4793 7772 4796
f 4847 7781 4849
f 7781 4847 7779
f 7748 4808 4809
f 4808 7748 7774
f 7782 4843 4841
f 4843 7782 7783
f 7783 4844 4843
f 4844 7783 7729
f 7784 4803 7749
f 4803 7784 4821
f 7765 4841 4840
f 4841 7765 7782
f 7761 4821 7784
f 4821 7761 4822
f 7769 4839 4838
f 4839 7769 7764
f 4849 7778 4850
f 7778 4849 7781
f 4858 7726 4820
f 7726 4858 7752
f 7760 4826 4824
f 4826 7760 7773
f 7304 7785 7318
f 7305 7785 7304
f 7785 7305 7786
f 7296 7786 7305
f 7786 7296 7787
f 7253 7787 7296
f 7253 7296 7256
f 7787 7253 7788
f 7319 7788 7253
f 7788 7319 7789
f 7273 7789 7319
f 7272 7789 7273
f 7789 7272 7790
f 7790 7272 7791
f 7320 7791 7272
f 7791 7320 7792
f 7286 7792 7320
f 7286 7320 7321
f 7792 7286 7793
f 7285 7793 7286
f 7793 7285 7794
f 7317 7794 7285
f 7794 7317 7316
f 1547 7795 1543
f 7795 1547 7796
f 1553 7796 1547
f 7796 1553 7797
f 1543 7798 1540
f 7798 1543 7795
f 7792 7799 7800
f 7799 7792 7793
f 7801 1649 7802
f 1649 7801 1650
f 1633 7803 7804
f 7803 1633 1639
f 7805 1977 7806
f 7794 1977 7805
f 1977 7794 7316
f 7806 1977 1976
f 7807 1457 7808
f 1457 7807 1459
f 1449 7809 7810
f 7809 1449 1447
f 7786 7811 7785
f 7811 7786 7812
f 1558 7797 1553
f 7797 1558 7813
f 1627 7814 7815
f 7814 1627 1637
f 1628 7815 7816
f 7815 1628 1627
f 7817 1463 7818
f 1463 7817 1465
f 1408 7819 7820
f 7819 1408 1525
f 1429 7820 7821
f 7820 1429 1408
f 7822 1651 7823
f 1651 7822 1645
f 1525 7824 7819
f 7824 1525 1527
f 1559 7813 1558
f 7813 1559 7825
f 1444 7826 7827
f 7826 1444 1441
f 7828 1471 7829
f 1471 7828 1647
f 1533 7830 1531
f 7830 1533 7831
f 1560 7825 1559
f 7785 1560 7318
f 1560 7785 7811
f 1560 7811 7825
f 7793 7805 7799
f 7805 7793 7794
f 7723 7797 7813
f 7751 7813 7825
f 7797 7723 7796
f 7770 7825 7811
f 7721 7796 7723
f 7772 7811 7812
f 7796 7721 7795
f 7750 7812 7832
f 7722 7795 7721
f 7749 7832 7833
f 7795 7722 7798
f 7784 7833 7834
f 7724 7798 7722
f 7761 7834 7835
f 7798 7724 7836
f 7760 7835 7837
f 7744 7836 7724
f 7773 7837 7800
f 7836 7744 7838
f 7739 7838 7744
f 7813 7751 7723
f 7825 7770 7751
f 7811 7772 7770
f 7812 7750 7772
f 7771 7800 7799
f 7832 7749 7750
f 7833 7784 7749
f 7834 7761 7784
f 7727 7799 7805
f 7835 7760 7761
f 7837 7773 7760
f 7728 7805 7806
f 7800 7771 7773
f 7799 7727 7771
f 7805 7728 7727
f 7743 7806 7839
f 7806 7743 7728
f 7839 7758 7743
f 7816 7758 7839
f 7816 7754 7758
f 7815 7754 7816
f 7815 7755 7754
f 7815 7768 7755
f 7814 7768 7815
f 7814 7769 7768
f 7840 7769 7814
f 7769 7840 7764
f 7841 7764 7840
f 7764 7841 7765
f 7842 7765 7841
f 7765 7842 7782
f 7843 7782 7842
f 7782 7843 7783
f 7804 7783 7843
f 7783 7804 7729
f 7803 7729 7804
f 7729 7803 7730
f 7844 7730 7803
f 7730 7844 7779
f 7845 7779 7844
f 7779 7845 7781
f 7822 7781 7845
f 7823 7778 7822
f 7781 7822 7778
f 7838 7739 7831
f 7740 7831 7739
f 7831 7740 7830
f 7735 7830 7740
f 7830 7735 7824
f 7736 7824 7735
f 7824 7736 7819
f 7741 7819 7736
f 7819 7741 7820
f 7732 7820 7741
f 7820 7732 7821
f 7731 7821 7732
f 7821 7731 7846
f 7759 7846 7731
f 7846 7759 7847
f 7776 7847 7759
f 7847 7776 7848
f 7775 7848 7776
f 7775 7849 7848
f 7774 7849 7775
f 7748 7849 7774
f 7748 7850 7849
f 7747 7850 7748
f 7747 7826 7850
f 7734 7826 7747
f 7827 7734 7733
f 7734 7827 7826
f 7851 7733 7767
f 7809 7767 7766
f 7810 7766 7777
f 7733 7851 7827
f 7852 7777 7757
f 7853 7757 7756
f 7767 7809 7851
f 7854 7756 7763
f 7808 7763 7725
f 7807 7725 7726
f 7766 7810 7809
f 7855 7726 7752
f 7818 7752 7753
f 7817 7753 7762
f 7856 7762 7780
f 7777 7852 7810
f 7857 7780 7745
f 7778 7823 7742
f 7801 7742 7823
f 7757 7853 7852
f 7742 7801 7738
f 7756 7854 7853
f 7802 7738 7801
f 7763 7808 7854
f 7738 7802 7737
f 7725 7807 7808
f 7858 7737 7802
f 7726 7855 7807
f 7737 7858 7746
f 7752 7818 7855
f 7828 7746 7858
f 7753 7817 7818
f 7746 7828 7745
f 7762 7856 7817
f 7829 7745 7828
f 7780 7857 7856
f 7745 7829 7857
f 7856 1465 7817
f 1465 7856 1467
f 7844 1620 7845
f 1620 7844 1623
f 1639 7844 7803
f 7844 1639 1623
f 1976 7839 7806
f 7839 1976 1978
f 1445 7827 7851
f 7827 1445 1444
f 1447 7851 7809
f 7851 1447 1445
f 1441 7850 7826
f 7850 1441 1439
f 1433 7846 7847
f 7846 1433 1431
f 7823 1650 7801
f 1650 7823 1651
f 1453 7852 7853
f 7852 1453 1451
f 7855 1459 7807
f 1459 7855 1461
f 1431 7821 7846
f 7821 1431 1429
f 1540 7836 1537
f 7836 1540 7798
f 7791 7800 7837
f 7800 7791 7792
f 1978 7816 7839
f 7816 1978 1628
f 7789 7833 7788
f 7833 7789 7834
f 1537 7838 1535
f 7838 1537 7836
f 1637 7840 7814
f 7840 1637 1638
f 1435 7847 7848
f 7847 1435 1433
f 1640 7842 7841
f 7842 1640 1641
f 1439 7849 7850
f 7849 1439 1437
f 1451 7810 7852
f 7810 1451 1449
f 7802 1648 7858
f 1648 7802 1649
f 1535 7831 1533
f 7831 1535 7838
f 7808 1455 7854
f 1455 7808 1457
f 7790 7837 7835
f 7837 7790 7791
f 7788 7832 7787
f 7832 7788 7833
f 1531 7824 1527
f 7824 1531 7830
f 1638 7841 7840
f 7841 1638 1640
f 7857 1467 7856
f 1467 7857 1469
f 1455 7853 7854
f 7853 1455 1453
f 7845 1645 7822
f 1645 7845 1620
f 7858 1647 7828
f 1647 7858 1648
f 7818 1461 7855
f 1461 7818 1463
f 1629 7804 7843
f 7804 1629 1633
f 1437 7848 7849
f 7848 1437 1435
f 7787 7812 7786
f 7812 7787 7832
f 7790 7834 7789
f 7834 7790 7835
f 7829 1469 7857
f 1469 7829 1471
f 1641 7843 7842
f 7843 1641 1629
f 7859 4915 7860
f 4915 7859 4914
f 7861 4914 7859
f 4914 7861 4913
f 7860 4917 7862
f 4917 7860 4915
f 4948 7863 4947
f 7863 4948 7864
f 7865 4957 4956
f 4957 7865 7866
f 7867 4973 4972
f 4973 7867 7868
f 7869 4930 4932
f 4930 7869 7870
f 7871 4939 4940
f 4939 7871 7872
f 7873 4926 7874
f 4926 7873 4925
f 4980 7875 4981
f 7875 4980 7876
f 7877 4923 7878
f 4923 7877 4922
f 7879 4926 4928
f 4926 7879 7874
f 4979 7876 4980
f 7876 4979 7880
f 7866 4958 4957
f 4958 7866 7881
f 7862 4919 7882
f 4919 7862 4917
f 4983 7883 4985
f 7883 4983 7884
f 7885 4937 4938
f 4937 7885 7886
f 7887 4927 7888
f 4927 7887 4931
f 7870 4928 4930
f 4928 7870 7879
f 7889 4913 7861
f 4913 7889 4916
f 4987 7890 4986
f 7890 4987 7891
f 7892 4962 4961
f 4962 7892 7893
f 7878 4925 7873
f 4925 7878 4923
f 7894 4944 4945
f 4944 7894 7895
f 7896 4961 4959
f 4961 7896 7892
f 7897 4932 4933
f 4932 7897 7869
f 7898 4950 7899
f 4950 7898 4952
f 4988 7891 4987
f 7891 4988 7900
f 4946 7894 4945
f 7894 4946 7901
f 7882 4922 7877
f 4922 7882 4919
f 7902 4968 4967
f 4968 7902 7903
f 7904 4941 4942
f 4941 7904 7905
f 7906 4966 4964
f 4966 7906 7907
f 7908 4916 7889
f 4916 7908 4921
f 7893 4964 4962
f 4964 7893 7906
f 7909 4956 4955
f 4956 7909 7865
f 7888 4924 7910
f 4924 7888 4927
f 7911 4955 4954
f 4955 7911 7909
f 7912 4935 4936
f 4935 7912 7913
f 7914 4933 4934
f 4933 7914 7897
f 7913 4934 4935
f 4934 7913 7914
f 7915 4942 4943
f 4942 7915 7904
f 7895 4943 4944
f 4943 7895 7915
f 7872 4938 4939
f 4938 7872 7885
f 7881 4959 4958
f 4959 7881 7896
f 7916 4972 4971
f 4972 7916 7867
f 4978 7880 4979
f 7880 4978 7917
f 4973 7918 4975
f 7918 4973 7868
f 7905 4940 4941
f 4940 7905 7871
f 4989 7900 4988
f 7900 4989 7919
f 4985 7919 4989
f 7919 4985 7883
f 4947 7901 4946
f 7901 4947 7863
f 7910 4921 7908
f 4921 7910 4924
f 4975 7920 4977
f 7920 4975 7918
f 4981 7884 4983
f 7884 4981 7875
f 7886 4936 4937
f 4936 7886 7912
f 7921 4931 7887
f 4931 7921 4949
f 7922 4971 4969
f 4971 7922 7916
f 7903 4969 4968
f 4969 7903 7922
f 7899 4949 7921
f 4949 7899 4950
f 7907 4967 4966
f 4967 7907 7902
f 4977 7917 4978
f 7917 4977 7920
f 4986 7864 4948
f 7864 4986 7890
f 7898 4954 4952
f 4954 7898 7911
f 1870 7923 1871
f 7923 1870 7924
f 1335 7924 1870
f 7924 1335 7925
f 1871 7926 1872
f 7926 1871 7923
f 1353 7927 7928
f 7927 1353 1355
f 7929 1205 7930
f 1205 7929 1249
f 1375 7931 7932
f 7931 1375 1377
f 1357 7933 7934
f 7933 1357 1359
f 7935 1898 7936
f 1898 7935 1897
f 1902 7937 7938
f 7937 1902 1903
f 1341 7939 1339
f 7939 1341 7940
f 1334 7925 1335
f 7925 1334 7941
f 1364 7942 7943
f 7942 1364 1365
f 1363 7943 7944
f 7943 1363 1364
f 7945 1895 7946
f 1895 7945 1894
f 1876 7947 7948
f 7947 1876 1866
f 1878 7948 7949
f 7948 1878 1876
f 7950 1385 7951
f 1385 7950 1383
f 1866 7952 7947
f 7952 1866 1869
f 1337 7941 1334
f 7941 1337 7953
f 1908 7954 7955
f 7954 1908 1890
f 7956 1891 7957
f 1891 7956 1700
f 1868 7958 1875
f 7958 1868 7959
f 1339 7953 1337
f 7953 1339 7939
f 1355 7934 7927
f 7934 1355 1357
f 7861 7925 7941
f 7889 7941 7953
f 7925 7861 7924
f 7908 7953 7939
f 7859 7924 7861
f 7910 7939 7940
f 7924 7859 7923
f 7888 7940 7960
f 7860 7923 7859
f 7887 7960 7961
f 7923 7860 7926
f 7921 7961 7962
f 7862 7926 7860
f 7899 7962 7963
f 7926 7862 7964
f 7898 7963 7965
f 7882 7964 7862
f 7911 7965 7928
f 7964 7882 7966
f 7877 7966 7882
f 7941 7889 7861
f 7953 7908 7889
f 7939 7910 7908
f 7940 7888 7910
f 7909 7928 7927
f 7960 7887 7888
f 7961 7921 7887
f 7962 7899 7921
f 7865 7927 7934
f 7963 7898 7899
f 7965 7911 7898
f 7866 7934 7933
f 7928 7909 7911
f 7927 7865 7909
f 7934 7866 7865
f 7881 7933 7967
f 7933 7881 7866
f 7967 7896 7881
f 7944 7896 7967
f 7944 7892 7896
f 7943 7892 7944
f 7943 7893 7892
f 7943 7906 7893
f 7942 7906 7943
f 7942 7907 7906
f 7968 7907 7942
f 7907 7968 7902
f 7969 7902 7968
f 7902 7969 7903
f 7970 7903 7969
f 7903 7970 7922
f 7971 7922 7970
f 7922 7971 7916
f 7932 7916 7971
f 7916 7932 7867
f 7931 7867 7932
f 7867 7931 7868
f 7972 7868 7931
f 7868 7972 7918
f 7973 7918 7972
f 7918 7973 7920
f 7950 7920 7973
f 7951 7917 7950
f 7920 7950 7917
f 7966 7877 7959
f 7878 7959 7877
f 7959 7878 7958
f 7873 7958 7878
f 7958 7873 7952
f 7874 7952 7873
f 7952 7874 7947
f 7879 7947 7874
f 7947 7879 7948
f 7870 7948 7879
f 7948 7870 7949
f 7869 7949 7870
f 7949 7869 7974
f 7897 7974 7869
f 7974 7897 7975
f 7914 7975 7897
f 7975 7914 7976
f 7913 7976 7914
f 7913 7977 7976
f 7912 7977 7913
f 7886 7977 7912
f 7886 7978 7977
f 7885 7978 7886
f 7885 7954 7978
f 7872 7954 7885
f 7955 7872 7871
f 7872 7955 7954
f 7979 7871 7905
f 7937 7905 7904
f 7938 7904 7915
f 7871 7979 7955
f 7980 7915 7895
f 7981 7895 7894
f 7905 7937 7979
f 7982 7894 7901
f 7936 7901 7863
f 7935 7863 7864
f 7904 7938 7937
f 7983 7864 7890
f 7946 7890 7891
f 7945 7891 7900
f 7984 7900 7919
f 7915 7980 7938
f 7985 7919 7883
f 7917 7951 7880
f 7929 7880 7951
f 7895 7981 7980
f 7880 7929 7876
f 7894 7982 7981
f 7930 7876 7929
f 7901 7936 7982
f 7876 7930 7875
f 7863 7935 7936
f 7986 7875 7930
f 7864 7983 7935
f 7875 7986 7884
f 7890 7946 7983
f 7956 7884 7986
f 7891 7945 7946
f 7884 7956 7883
f 7900 7984 7945
f 7957 7883 7956
f 7919 7985 7984
f 7883 7957 7985
f 7984 1894 7945
f 1894 7984 1893
f 7972 1381 7973
f 1381 7972 1379
f 1377 7972 7931
f 7972 1377 1379
f 1905 7955 7979
f 7955 1905 1908
f 1903 7979 7937
f 7979 1903 1905
f 1890 7978 7954
f 7978 1890 1888
f 1882 7974 7975
f 7974 1882 1880
f 7951 1249 7929
f 1249 7951 1385
f 1900 7980 7981
f 7980 1900 1901
f 7983 1897 7935
f 1897 7983 1896
f 1880 7949 7974
f 7949 1880 1878
f 1872 7964 1873
f 7964 1872 7926
f 1351 7928 7965
f 7928 1351 1353
f 1361 7944 7967
f 7944 1361 1363
f 1347 7961 1345
f 7961 1347 7962
f 1873 7966 1874
f 7966 1873 7964
f 1365 7968 7942
f 7968 1365 1367
f 1884 7975 7976
f 7975 1884 1882
f 1369 7970 7969
f 7970 1369 1371
f 1888 7977 7978
f 7977 1888 1886
f 1359 7967 7933
f 7967 1359 1361
f 1901 7938 7980
f 7938 1901 1902
f 7930 1393 7986
f 1393 7930 1205
f 1874 7959 1868
f 7959 1874 7966
f 7936 1899 7982
f 1899 7936 1898
f 1349 7965 7963
f 7965 1349 1351
f 1345 7960 1343
f 7960 1345 7961
f 1875 7952 1869
f 7952 1875 7958
f 1367 7969 7968
f 7969 1367 1369
f 7985 1893 7984
f 1893 7985 1892
f 1899 7981 7982
f 7981 1899 1900
f 7973 1383 7950
f 1383 7973 1381
f 7986 1700 7956
f 1700 7986 1393
f 7946 1896 7983
f 1896 7946 1895
f 1373 7932 7971
f 7932 1373 1375
f 1886 7976 7977
f 7976 1886 1884
f 1343 7940 1341
f 7940 1343 7960
f 1349 7962 1347
f 7962 1349 7963
f 7957 1892 7985
f 1892 7957 1891
f 1371 7971 7970
f 7971 1371 1373
f 7987 5044 7988
f 5044 7987 5043
f 7989 5043 7987
f 5043 7989 5042
f 7988 5046 7990
f 5046 7988 5044
f 5076 7991 5075
f 7991 5076 7992
f 7993 5085 5084
f 5085 7993 7994
f 7995 5101 5100
f 5101 7995 7996
f 7997 5058 5060
f 5058 7997 7998
f 7999 5067 5068
f 5067 7999 8000
f 8001 5054 8002
f 5054 8001 5053
f 5108 8003 5109
f 8003 5108 8004
f 8005 5051 8006
f 5051 8005 5050
f 8007 5054 5056
f 5054 8007 8002
f 5107 8004 5108
f 8004 5107 8008
f 7994 5086 5085
f 5086 7994 8009
f 7990 5048 8010
f 5048 7990 5046
f 5111 8011 5113
f 8011 5111 8012
f 8013 5065 5066
f 5065 8013 8014
f 8015 5055 8016
f 5055 8015 5059
f 7998 5056 5058
f 5056 7998 8007
f 8017 5042 7989
f 5042 8017 5045
f 5115 8018 5114
f 8018 5115 8019
f 8020 5090 5089
f 5090 8020 8021
f 8006 5053 8001
f 5053 8006 5051
f 8022 5072 5073
f 5072 8022 8023
f 8024 5089 5087
f 5089 8024 8020
f 8025 5060 5061
f 5060 8025 7997
f 8026 5078 8027
f 5078 8026 5080
f 5116 8019 5115
f 8019 5116 8028
f 5074 8022 5073
f 8022 5074 8029
f 8010 5050 8005
f 5050 8010 5048
f 8030 5096 5095
f 5096 8030 8031
f 8032 5069 5070
f 5069 8032 8033
f 8034 5094 5092
f 5094 8034 8035
f 8036 5045 8017
f 5045 8036 5049
f 8021 5092 5090
f 5092 8021 8034
f 8037 5084 5083
f 5084 8037 7993
f 8016 5052 8038
f 5052 8016 5055
f 8039 5083 5082
f 5083 8039 8037
f 8040 5063 5064
f 5063 8040 8041
f 8042 5061 5062
f 5061 8042 8025
f 8041 5062 5063
f 5062 8041 8042
f 8043 5070 5071
f 5070 8043 8032
f 8023 5071 5072
f 5071 8023 8043
f 8038 5049 8036
f 5049 8038 5052
f 8000 5066 5067
f 5066 8000 8013
f 8009 5087 5086
f 5087 8009 8024
f 8044 5100 5099
f 5100 8044 7995
f 5106 8008 5107
f 8008 5106 8045
f 5101 8046 5103
f 8046 5101 7996
f 8033 5068 5069
f 5068 8033 7999
f 5117 8028 5116
f 8028 5117 8047
f 5113 8047 5117
f 8047 5113 8011
f 5075 8029 5074
f 8029 5075 7991
f 5103 8048 5105
f 8048 5103 8046
f 5109 8012 5111
f 8012 5109 8003
f 8014 5064 5065
f 5064 8014 8040
f 8049 5059 8015
f 5059 8049 5077
f 8050 5099 5097
f 5099 8050 8044
f 8031 5097 5096
f 5097 8031 8050
f 8027 5077 8049
f 5077 8027 5078
f 8035 5095 5094
f 5095 8035 8030
f 5105 8045 5106
f 8045 5105 8048
f 5114 7992 5076
f 7992 5114 8018
f 8026 5082 5080
f 5082 8026 8039
f 8051 7431 7433
f 7425 8051 8052
f 8051 7425 7431
f 7426 8052 8053
f 7454 8053 8054
f 8052 7426 7425
f 8053 7454 7426
f 7426 7454 7456
f 7461 8054 8055
f 7409 8055 8056
f 8054 7461 7454
f 8055 7428 7461
f 7409 8056 8057
f 7410 8057 8058
f 8055 7409 7428
f 7443 8058 8059
f 8057 7410 7409
f 8058 7443 7410
f 7410 7443 7417
f 7389 8059 8060
f 8059 7389 7443
f 8060 7387 7389
f 7387 8060 7453
f 1972 8061 1973
f 8061 1972 8062
f 1412 8062 1972
f 8062 1412 8063
f 1974 8051 7433
f 8051 1974 8064
f 8061 1974 1973
f 1974 8061 8064
f 1413 8065 8066
f 8065 1413 1430
f 8067 1470 8068
f 1470 8067 1468
f 1432 8069 8070
f 8069 1432 1434
f 8071 1829 8072
f 1829 8071 1848
f 1840 8073 8074
f 8073 1840 1839
f 1418 8075 1416
f 8075 1418 8076
f 1411 8063 1412
f 8063 1411 8077
f 1440 8078 8079
f 8078 1440 1442
f 1438 8079 8080
f 8079 1438 1440
f 8081 1854 8082
f 1854 8081 1853
f 8058 8083 8084
f 8083 8058 8057
f 8059 8084 8085
f 8084 8059 8058
f 8086 1466 8087
f 1466 8086 1464
f 8057 8088 8083
f 8088 8057 8056
f 1414 8077 1411
f 8077 1414 8089
f 1404 8090 8091
f 8090 1404 1406
f 8092 1850 8093
f 1850 8092 1646
f 8054 8094 8055
f 8094 8054 8095
f 1416 8089 1414
f 8089 1416 8075
f 1430 8070 8065
f 8070 1430 1432
f 7989 8063 8077
f 8017 8077 8089
f 8063 7989 8062
f 8036 8089 8075
f 7987 8062 7989
f 8038 8075 8076
f 8062 7987 8061
f 8016 8076 8096
f 7988 8061 7987
f 8015 8096 8097
f 8061 7988 8064
f 8049 8097 8098
f 7990 8064 7988
f 8027 8098 8099
f 8064 7990 8100
f 8026 8099 8101
f 8010 8100 7990
f 8039 8101 8066
f 8100 8010 8102
f 8005 8102 8010
f 8077 8017 7989
f 8089 8036 8017
f 8075 8038 8036
f 8076 8016 8038
f 8037 8066 8065
f 8096 8015 8016
f 8097 8049 8015
f 8098 8027 8049
f 7993 8065 8070
f 8099 8026 8027
f 8101 8039 8026
f 7994 8070 8069
f 8066 8037 8039
f 8065 7993 8037
f 8070 7994 7993
f 8009 8069 8103
f 8069 8009 7994
f 8103 8024 8009
f 8080 8024 8103
f 8080 8020 8024
f 8079 8020 8080
f 8079 8021 8020
f 8079 8034 8021
f 8078 8034 8079
f 8078 8035 8034
f 8104 8035 8078
f 8035 8104 8030
f 8105 8030 8104
f 8030 8105 8031
f 8106 8031 8105
f 8031 8106 8050
f 8107 8050 8106
f 8050 8107 8044
f 8108 8044 8107
f 8044 8108 7995
f 8109 7995 8108
f 7995 8109 7996
f 8110 7996 8109
f 7996 8110 8046
f 8111 8046 8110
f 8046 8111 8048
f 8086 8048 8111
f 8087 8045 8086
f 8048 8086 8045
f 8102 8005 8095
f 8006 8095 8005
f 8095 8006 8094
f 8001 8094 8006
f 8094 8001 8088
f 8002 8088 8001
f 8088 8002 8083
f 8007 8083 8002
f 8083 8007 8084
f 7998 8084 8007
f 8084 7998 8085
f 7997 8085 7998
f 8085 7997 8112
f 8025 8112 7997
f 8112 8025 8113
f 8042 8113 8025
f 8113 8042 8114
f 8041 8114 8042
f 8041 8115 8114
f 8040 8115 8041
f 8014 8115 8040
f 8014 8116 8115
f 8013 8116 8014
f 8013 8090 8116
f 8000 8090 8013
f 8091 8000 7999
f 8000 8091 8090
f 8117 7999 8033
f 8073 8033 8032
f 8074 8032 8043
f 7999 8117 8091
f 8118 8043 8023
f 8119 8023 8022
f 8033 8073 8117
f 8120 8022 8029
f 8072 8029 7991
f 8071 7991 7992
f 8032 8074 8073
f 8121 7992 8018
f 8082 8018 8019
f 8081 8019 8028
f 8122 8028 8047
f 8043 8118 8074
f 8123 8047 8011
f 8045 8087 8008
f 8067 8008 8087
f 8023 8119 8118
f 8008 8067 8004
f 8022 8120 8119
f 8068 8004 8067
f 8029 8072 8120
f 8004 8068 8003
f 7991 8071 8072
f 8124 8003 8068
f 7992 8121 8071
f 8003 8124 8012
f 8018 8082 8121
f 8092 8012 8124
f 8019 8081 8082
f 8012 8092 8011
f 8028 8122 8081
f 8093 8011 8092
f 8047 8123 8122
f 8011 8093 8123
f 8122 1853 8081
f 1853 8122 1852
f 8110 1462 8111
f 1462 8110 1460
f 1458 8110 8109
f 8110 1458 1460
f 1835 8091 8117
f 8091 1835 1404
f 1839 8117 8073
f 8117 1839 1835
f 1406 8116 8090
f 8116 1406 1401
f 1396 8113 1394
f 8113 1396 8112
f 8060 1396 7453
f 1396 8060 8112
f 8087 1468 8067
f 1468 8087 1466
f 1832 8118 8119
f 8118 1832 1843
f 8121 1848 8071
f 1848 8121 1849
f 8060 8085 8112
f 8085 8060 8059
f 8051 8100 8052
f 8100 8051 8064
f 1419 8066 8101
f 8066 1419 1413
f 1436 8080 8103
f 8080 1436 1438
f 1425 8097 1422
f 8097 1425 8098
f 8052 8102 8053
f 8102 8052 8100
f 1442 8104 8078
f 8104 1442 1448
f 1397 8113 8114
f 8113 1397 1394
f 1843 8074 8118
f 8074 1843 1840
f 1450 8106 8105
f 8106 1450 1452
f 1401 8115 8116
f 8115 1401 1399
f 1434 8103 8069
f 8103 1434 1436
f 8068 1472 8124
f 1472 8068 1470
f 8053 8095 8054
f 8095 8053 8102
f 8072 1845 8120
f 1845 8072 1829
f 1427 8101 8099
f 8101 1427 1419
f 1422 8096 1420
f 8096 1422 8097
f 8055 8088 8056
f 8088 8055 8094
f 1448 8105 8104
f 8105 1448 1450
f 8123 1852 8122
f 1852 8123 1851
f 1845 8119 8120
f 8119 1845 1832
f 8111 1464 8086
f 1464 8111 1462
f 8124 1646 8092
f 1646 8124 1472
f 8082 1849 8121
f 1849 8082 1854
f 1454 8108 8107
f 8108 1454 1456
f 1399 8114 8115
f 8114 1399 1397
f 1456 8109 8108
f 8109 1456 1458
f 1420 8076 1418
f 8076 1420 8096
f 1427 8098 1425
f 8098 1427 8099
f 8093 1851 8123
f 1851 8093 1850
f 1452 8107 8106
f 8107 1452 1454
f 8125 8126 8127
f 8126 8125 8128
f 8129 8130 8131
f 8130 8129 8132
f 8133 8134 8135
f 8134 8133 8136
f 8137 8138 8139
f 8138 8137 8140
f 8141 8142 8143
f 8142 8141 8144
f 8145 8146 8147
f 8146 8145 8148
f 8149 8150 8151
f 8150 8149 8152
f 8153 8154 8155
f 8154 8153 8156
f 8157 8158 8159
f 8158 8157 8160
f 8161 8136 8133
f 8136 8161 8162
f 8163 8164 8165
f 8164 8163 8166
f 8167 8168 8169
f 8168 8167 8170
f 8171 8139 8172
f 8139 8171 8137
f 8173 8174 8175
f 8174 8173 8176
f 8159 8177 8178
f 8177 8159 8158
f 8179 8160 8157
f 8160 8179 8180
f 8181 8169 8182
f 8169 8181 8167
f 8183 8147 8184
f 8147 8183 8145
f 8185 8186 8187
f 8186 8185 8188
f 8165 8189 8190
f 8189 8165 8164
f 8191 8192 8193
f 8192 8191 8194
f 8176 8195 8174
f 8195 8176 8196
f 8143 8197 8198
f 8197 8143 8142
f 8152 8199 8150
f 8199 8152 8200
f 8201 8202 8203
f 8202 8201 8204
f 8200 8205 8199
f 8205 8200 8206
f 8203 8207 8208
f 8207 8203 8202
f 8148 8209 8146
f 8209 8148 8210
f 8211 8162 8161
f 8162 8211 8212
f 8188 8213 8186
f 8213 8188 8214
f 8178 8128 8125
f 8128 8178 8177
f 8215 8216 8217
f 8216 8215 8218
f 8219 8220 8221
f 8220 8219 8222
f 8127 8166 8163
f 8166 8127 8126
f 8190 8132 8129
f 8132 8190 8189
f 8193 8204 8201
f 8204 8193 8192
f 8223 8187 8224
f 8187 8223 8185
f 8205 8225 8226
f 8225 8205 8206
f 8156 8151 8154
f 8151 8156 8149
f 8227 8222 8219
f 8222 8227 8228
f 8229 8144 8141
f 8144 8229 8230
f 8140 8231 8138
f 8231 8140 8232
f 8210 8155 8209
f 8155 8210 8153
f 8233 8175 8234
f 8175 8233 8173
f 8235 8236 8237
f 8236 8235 8238
f 8238 8239 8236
f 8239 8238 8240
f 8198 8212 8211
f 8212 8198 8197
f 8179 8182 8180
f 8182 8179 8181
f 8241 8172 8242
f 8172 8241 8171
f 8243 8242 8244
f 8242 8243 8241
f 8245 8246 8247
f 8246 8245 8248
f 8232 8249 8231
f 8249 8232 8250
f 8196 8184 8195
f 8184 8196 8183
f 8250 8217 8249
f 8217 8250 8215
f 8190 8251 8252
f 8165 8252 8253
f 8129 8251 8190
f 8163 8253 8254
f 8251 8129 8255
f 8127 8254 8256
f 8131 8255 8129
f 8125 8256 8257
f 8255 8131 8258
f 8178 8257 8259
f 8260 8258 8131
f 8159 8259 8261
f 8258 8260 8262
f 8157 8261 8263
f 8264 8262 8260
f 8179 8263 8265
f 8262 8264 8266
f 8227 8266 8264
f 8252 8165 8190
f 8253 8163 8165
f 8254 8127 8163
f 8256 8125 8127
f 8167 8265 8267
f 8257 8178 8125
f 8259 8159 8178
f 8261 8157 8159
f 8170 8267 8268
f 8263 8179 8157
f 8265 8181 8179
f 8233 8268 8269
f 8265 8167 8181
f 8267 8170 8167
f 8173 8269 8270
f 8268 8233 8170
f 8176 8270 8271
f 8269 8173 8233
f 8270 8176 8173
f 8196 8271 8272
f 8271 8196 8176
f 8272 8183 8196
f 8273 8183 8272
f 8273 8145 8183
f 8274 8145 8273
f 8145 8274 8148
f 8275 8148 8274
f 8148 8275 8210
f 8276 8210 8275
f 8210 8276 8153
f 8277 8153 8276
f 8153 8277 8156
f 8278 8156 8277
f 8156 8278 8149
f 8279 8149 8278
f 8149 8279 8152
f 8280 8152 8279
f 8152 8280 8200
f 8200 8280 8206
f 8281 8206 8280
f 8206 8281 8225
f 8282 8225 8281
f 8225 8282 8283
f 8284 8283 8282
f 8283 8284 8248
f 8285 8246 8286
f 8248 8286 8246
f 8286 8248 8284
f 8266 8227 8287
f 8219 8287 8227
f 8287 8219 8288
f 8221 8288 8219
f 8288 8221 8289
f 8290 8289 8221
f 8289 8290 8291
f 8240 8291 8290
f 8291 8240 8292
f 8238 8292 8240
f 8235 8292 8238
f 8292 8235 8293
f 8294 8293 8235
f 8293 8294 8295
f 8214 8295 8294
f 8295 8214 8296
f 8188 8296 8214
f 8296 8188 8297
f 8185 8297 8188
f 8297 8185 8298
f 8223 8298 8185
f 8298 8223 8299
f 8218 8299 8223
f 8218 8300 8299
f 8215 8300 8218
f 8301 8215 8250
f 8215 8301 8300
f 8302 8250 8232
f 8303 8232 8140
f 8250 8302 8301
f 8304 8140 8137
f 8232 8303 8302
f 8305 8137 8171
f 8306 8171 8241
f 8140 8304 8303
f 8307 8241 8243
f 8307 8243 8207
f 8137 8305 8304
f 8308 8207 8202
f 8309 8202 8204
f 8310 8204 8192
f 8171 8306 8305
f 8311 8192 8194
f 8312 8194 8134
f 8313 8134 8136
f 8314 8136 8162
f 8241 8307 8306
f 8315 8162 8212
f 8246 8285 8230
f 8316 8230 8285
f 8207 8308 8307
f 8230 8316 8144
f 8202 8309 8308
f 8317 8144 8316
f 8204 8310 8309
f 8144 8317 8142
f 8192 8311 8310
f 8318 8142 8317
f 8194 8312 8311
f 8142 8318 8197
f 8134 8313 8312
f 8319 8197 8318
f 8136 8314 8313
f 8197 8319 8212
f 8162 8315 8314
f 8212 8319 8315
f 8207 8244 8208
f 8244 8207 8243
f 8247 8230 8229
f 8230 8247 8246
f 8221 8320 8290
f 8320 8221 8220
f 8170 8234 8168
f 8234 8170 8233
f 8294 8237 8321
f 8237 8294 8235
f 8135 8194 8191
f 8194 8135 8134
f 8226 8283 8322
f 8283 8226 8225
f 8218 8224 8216
f 8224 8218 8223
f 8322 8248 8245
f 8248 8322 8283
f 8214 8321 8213
f 8321 8214 8294
f 8290 8239 8240
f 8239 8290 8320
f 8264 8228 8227
f 8228 8264 8323
f 8260 8323 8264
f 8323 8260 8324
f 8131 8324 8260
f 8324 8131 8130
f 7534 8254 7533
f 8254 7534 8256
f 7576 8301 8302
f 8301 7576 7575
f 7575 8300 8301
f 8300 7575 7574
f 7577 8302 8303
f 8302 7577 7576
f 7549 8275 8274
f 8275 7549 7550
f 7533 8253 7531
f 8253 7533 8254
f 8313 7586 8312
f 7586 8313 7587
f 8284 7559 8286
f 7559 8284 7558
f 7543 8269 8268
f 8269 7543 7544
f 8316 7591 8317
f 7591 8316 7561
f 7542 8268 8267
f 8268 7542 7543
f 7535 8262 7538
f 8262 7535 8258
f 7539 8259 7537
f 8259 7539 8261
f 7563 8288 7564
f 8288 7563 8287
f 7568 8292 8293
f 8292 7568 7567
f 8315 7588 8314
f 7588 8315 7589
f 8282 7558 8284
f 7558 8282 7557
f 7562 8287 7563
f 8287 7562 8266
f 7554 8280 8279
f 8280 7554 7555
f 7573 8298 8299
f 8298 7573 7572
f 7551 8277 8276
f 8277 7551 7552
f 8312 7585 8311
f 7585 8312 7586
f 7544 8270 8269
f 8270 7544 7545
f 7572 8297 8298
f 8297 7572 7571
f 8318 7590 8319
f 7590 8318 7592
f 8286 7560 8285
f 7560 8286 7559
f 8281 7557 8282
f 7557 8281 7556
f 7538 8266 7562
f 8266 7538 8262
f 8285 7561 8316
f 7561 8285 7560
f 7581 8306 8307
f 8306 7581 7580
f 7553 8279 8278
f 8279 7553 7554
f 7574 8299 8300
f 8299 7574 7573
f 7570 8295 8296
f 8295 7570 7569
f 7540 8261 7539
f 8261 7540 8263
f 8310 7583 8309
f 7583 8310 7584
f 7537 8257 7536
f 8257 7537 8259
f 8311 7584 8310
f 7584 8311 7585
f 7532 8258 7535
f 8258 7532 8255
f 7578 8303 8304
f 8303 7578 7577
f 7569 8293 8295
f 8293 7569 7568
f 7547 8273 8272
f 8273 7547 7548
f 7571 8296 8297
f 8296 7571 7570
f 7582 8307 8308
f 8307 7582 7581
f 8319 7589 8315
f 7589 8319 7590
f 7579 8304 8305
f 8304 7579 7578
f 7531 8252 7530
f 8252 7531 8253
f 7565 8291 7566
f 8291 7565 8289
f 7580 8305 8306
f 8305 7580 7579
f 7530 8251 7529
f 8251 7530 8252
f 7555 8281 8280
f 8281 7555 7556
f 8309 7582 8308
f 7582 8309 7583
f 8317 7592 8318
f 7592 8317 7591
f 7552 8278 8277
f 8278 7552 7553
f 7550 8276 8275
f 8276 7550 7551
f 8314 7587 8313
f 7587 8314 7588
f 7545 8271 8270
f 8271 7545 7546
f 7536 8256 7534
f 8256 7536 8257
f 7540 8265 8263
f 8265 7540 7541
f 7529 8255 7532
f 8255 7529 8251
f 7546 8272 8271
f 8272 7546 7547
f 7564 8289 7565
f 8289 7564 8288
f 7541 8267 8265
f 8267 7541 7542
f 7548 8274 8273
f 8274 7548 7549
f 7567 8291 8292
f 8291 7567 7566
f 8325 2928 2930
f 2928 8325 8326
f 8326 2927 2928
f 2927 8326 8327
f 8328 2930 2931
f 2930 8328 8325
f 8329 2805 2804
f 2805 8329 8330
f 2833 8331 2949
f 8331 2833 8332
f 8333 2900 8334
f 2900 8333 2645
f 8330 2806 2805
f 2806 8330 8335
f 8336 2799 8337
f 2799 8336 2800
f 8338 2824 2822
f 2824 8338 8339
f 2835 8332 2833
f 8332 2835 8340
f 8327 2926 2927
f 2926 8327 8341
f 2858 8342 2856
f 8342 2858 8343
f 8344 2642 8345
f 2642 8344 2643
f 2862 8346 2860
f 8346 2862 8347
f 8341 2924 2926
f 2924 8341 8348
f 8335 2807 2806
f 2807 8335 8349
f 8348 2922 2924
f 2922 8348 8350
f 8351 2917 2919
f 2917 8351 8352
f 8353 2810 2809
f 2810 8353 8354
f 8355 2820 2818
f 2820 8355 8356
f 8337 2798 8357
f 2798 8337 2799
f 2948 8358 2946
f 8358 2948 8359
f 8360 2942 2944
f 2942 8360 8361
f 8361 2940 2942
f 2940 8361 8362
f 8363 2802 8364
f 2802 8363 2803
f 8365 2816 2815
f 2816 8365 8366
f 2832 8367 2865
f 8367 2832 8368
f 8354 2811 2810
f 2811 8354 8369
f 2949 8359 2948
f 8359 2949 8331
f 8370 2815 2814
f 2815 8370 8365
f 8356 2822 2820
f 2822 8356 8338
f 8371 2809 2808
f 2809 8371 8353
f 8329 2803 8363
f 2803 8329 2804
f 2824 8372 2826
f 8372 2824 8339
f 8373 2908 8374
f 2908 8373 2906
f 8375 2931 2933
f 2931 8375 8328
f 8376 2904 8377
f 2904 8376 2902
f 8378 2913 2915
f 2913 8378 8379
f 8380 2933 2935
f 2933 8380 8375
f 8357 2797 8381
f 2797 8357 2798
f 2946 8360 2944
f 8360 2946 8358
f 2828 8382 2830
f 8382 2828 8383
f 8334 2902 8376
f 2902 8334 2900
f 8384 2814 2813
f 2814 8384 8370
f 2860 8343 2858
f 8343 2860 8346
f 8362 2935 2940
f 2935 8362 8380
f 8350 2919 2922
f 2919 8350 8351
f 2826 8383 2828
f 8383 2826 8372
f 8352 2915 2917
f 2915 8352 8378
f 8374 2911 8385
f 2911 8374 2908
f 2854 8340 2835
f 8340 2854 8386
f 2865 8347 2862
f 8347 2865 8367
f 8379 2911 2913
f 2911 8379 8385
f 2856 8386 2854
f 8386 2856 8342
f 8345 2645 8333
f 2645 8345 2642
f 8364 2801 8387
f 2801 8364 2802
f 2830 8368 2832
f 8368 2830 8382
f 8377 2906 8373
f 2906 8377 2904
f 8369 2812 2811
f 2812 8369 8388
f 8387 2800 8336
f 2800 8387 2801
f 8388 2813 2812
f 2813 8388 8384
f 8381 2643 8344
f 2643 8381 2797
f 8349 2808 2807
f 2808 8349 8371
f 8366 2818 2816
f 2818 8366 8355
f 8132 8344 8345
f 8130 8345 8333
f 8189 8344 8132
f 8324 8333 8334
f 8344 8189 8381
f 8323 8334 8376
f 8164 8381 8189
f 8228 8376 8377
f 8381 8164 8357
f 8222 8377 8373
f 8166 8357 8164
f 8220 8373 8374
f 8357 8166 8337
f 8320 8374 8385
f 8126 8337 8166
f 8239 8385 8379
f 8337 8126 8336
f 8237 8379 8378
f 8128 8336 8126
f 8336 8128 8387
f 8345 8130 8132
f 8333 8324 8130
f 8334 8323 8324
f 8376 8228 8323
f 8321 8378 8352
f 8377 8222 8228
f 8373 8220 8222
f 8374 8320 8220
f 8213 8352 8351
f 8385 8239 8320
f 8379 8236 8239
f 8379 8237 8236
f 8186 8351 8350
f 8378 8321 8237
f 8352 8213 8321
f 8187 8350 8348
f 8351 8186 8213
f 8350 8187 8186
f 8224 8348 8341
f 8348 8224 8187
f 8341 8216 8224
f 8327 8216 8341
f 8327 8217 8216
f 8326 8217 8327
f 8217 8326 8249
f 8325 8249 8326
f 8249 8325 8231
f 8328 8231 8325
f 8231 8328 8138
f 8375 8138 8328
f 8138 8375 8139
f 8380 8139 8375
f 8139 8380 8172
f 8362 8172 8380
f 8172 8362 8242
f 8361 8242 8362
f 8242 8361 8244
f 8244 8361 8208
f 8360 8208 8361
f 8208 8360 8203
f 8358 8203 8360
f 8203 8358 8201
f 8359 8201 8358
f 8201 8359 8193
f 8193 8331 8191
f 8331 8193 8359
f 8177 8387 8128
f 8387 8177 8364
f 8158 8364 8177
f 8364 8158 8363
f 8160 8363 8158
f 8363 8160 8329
f 8180 8329 8160
f 8329 8180 8330
f 8182 8330 8180
f 8169 8330 8182
f 8330 8169 8335
f 8168 8335 8169
f 8335 8168 8349
f 8234 8349 8168
f 8349 8234 8371
f 8175 8371 8234
f 8371 8175 8353
f 8174 8353 8175
f 8353 8174 8354
f 8195 8354 8174
f 8354 8195 8369
f 8184 8369 8195
f 8184 8388 8369
f 8147 8388 8184
f 8384 8147 8146
f 8147 8384 8388
f 8370 8146 8209
f 8365 8209 8155
f 8146 8370 8384
f 8366 8155 8154
f 8355 8154 8151
f 8356 8151 8150
f 8209 8365 8370
f 8338 8150 8199
f 8338 8199 8205
f 8155 8366 8365
f 8339 8205 8226
f 8372 8226 8322
f 8383 8322 8245
f 8154 8355 8366
f 8382 8245 8247
f 8368 8247 8229
f 8367 8229 8141
f 8347 8141 8143
f 8346 8143 8198
f 8332 8191 8331
f 8151 8356 8355
f 8191 8332 8135
f 8150 8338 8356
f 8340 8135 8332
f 8205 8339 8338
f 8135 8340 8133
f 8226 8372 8339
f 8386 8133 8340
f 8322 8383 8372
f 8133 8386 8161
f 8245 8382 8383
f 8342 8161 8386
f 8247 8368 8382
f 8161 8342 8211
f 8229 8367 8368
f 8343 8211 8342
f 8141 8347 8367
f 8211 8343 8198
f 8143 8346 8347
f 8198 8343 8346
f 8389 8390 8391
f 8390 8389 8392
f 8393 8394 8395
f 8394 8393 8396
f 8397 8395 8398
f 8395 8397 8393
f 8399 8400 8401
f 8400 8399 8402
f 8403 8404 8405
f 8404 8403 8406
f 8407 8408 8409
f 8408 8407 8410
f 8411 8412 8413
f 8412 8411 8414
f 8415 8414 8411
f 8414 8415 8416
f 8396 8401 8394
f 8401 8396 8399
f 8417 8418 8419
f 8418 8417 8420
f 8421 8422 8423
f 8422 8421 8424
f 8425 8426 8427
f 8426 8425 8428
f 8429 8430 8431
f 8430 8429 8432
f 8413 8433 8434
f 8433 8413 8412
f 8391 8406 8403
f 8406 8391 8390
f 8435 8436 8437
f 8436 8435 8438
f 8405 8439 8440
f 8439 8405 8404
f 8428 8441 8426
f 8441 8428 8442
f 8443 8444 8445
f 8444 8443 8446
f 8447 8448 8449
f 8448 8447 8450
f 8402 8451 8400
f 8451 8402 8452
f 8442 8453 8441
f 8453 8442 8454
f 8455 8456 8457
f 8456 8455 8458
f 8459 8449 8460
f 8449 8459 8447
f 8423 8416 8415
f 8416 8423 8422
f 8461 8462 8463
f 8462 8461 8464
f 8465 8466 8467
f 8466 8465 8468
f 4594 8469 4595
f 4594 8470 8469
f 4594 8471 8470
f 4594 8472 8471
f 4594 8473 8472
f 4594 8474 8473
f 4594 8475 8474
f 8475 4594 4590
f 8476 8477 8478
f 8477 8476 8479
f 8480 8409 8481
f 8409 8480 8407
f 8434 8464 8461
f 8464 8434 8433
f 8482 8483 8484
f 8483 8482 8485
f 8486 8487 8488
f 8487 8486 8489
f 8478 8490 8491
f 8490 8478 8477
f 8454 8492 8453
f 8492 8454 8493
f 8494 8392 8389
f 8392 8494 8495
f 8496 8488 8497
f 8488 8496 8486
f 8440 8438 8435
f 8438 8440 8439
f 8458 8398 8456
f 8398 8458 8397
f 8445 8479 8476
f 8479 8445 8444
f 8437 8498 8499
f 8498 8437 8436
f 8452 8427 8451
f 8427 8452 8425
f 8459 8446 8443
f 8446 8459 8460
f 8500 8501 8502
f 8501 8500 8503
f 8450 8457 8448
f 8457 8450 8455
f 8493 8421 8492
f 8421 8493 8424
f 8504 8502 8505
f 8502 8504 8500
f 8485 8497 8483
f 8497 8485 8496
f 8420 8498 8418
f 8498 8420 8499
f 8506 8480 8481
f 8480 8506 8507
f 8467 8508 8509
f 8508 8467 8466
f 8463 8432 8429
f 8432 8463 8462
f 8491 8510 8511
f 8510 8491 8490
f 8512 8495 8494
f 8495 8512 8513
f 8503 8484 8501
f 8484 8503 8482
f 8511 8513 8512
f 8513 8511 8510
f 8514 8507 8506
f 8507 8514 8515
f 8489 8516 8487
f 8516 8489 8517
f 8509 8518 8519
f 8518 8509 8508
f 8517 8520 8516
f 8520 8517 8521
f 8522 8505 8523
f 8505 8522 8504
f 8521 8419 8520
f 8419 8521 8417
f 8410 8523 8408
f 8523 8410 8522
f 8431 8468 8465
f 8468 8431 8430
f 8519 8515 8514
f 8515 8519 8518
f 8524 3690 3692
f 3690 8524 8525
f 3620 8526 3621
f 8526 3620 8527
f 8528 3652 8529
f 3652 8528 3650
f 8530 3703 8531
f 3703 8530 3705
f 8532 3645 8533
f 3645 8532 3660
f 8534 3692 3694
f 3692 8534 8524
f 8535 3719 3718
f 3719 8535 8536
f 8537 3709 8538
f 3709 8537 3711
f 8539 3705 8530
f 3705 8539 3707
f 8537 3713 3711
f 3713 8537 8540
f 8536 3720 3719
f 3720 8536 8541
f 8495 8542 8528
f 8392 8528 8529
f 8542 8495 8543
f 8390 8529 8544
f 8513 8543 8495
f 8406 8544 8545
f 8543 8513 8546
f 8404 8545 8547
f 8510 8546 8513
f 8439 8547 8548
f 8546 8510 8549
f 8438 8548 8532
f 8490 8549 8510
f 8436 8532 8533
f 8549 8490 8531
f 8477 8531 8490
f 8528 8392 8495
f 8529 8390 8392
f 8544 8406 8390
f 8498 8533 8550
f 8545 8404 8406
f 8547 8439 8404
f 8548 8438 8439
f 8418 8550 8551
f 8532 8436 8438
f 8533 8498 8436
f 8419 8551 8552
f 8550 8418 8498
f 8520 8552 8553
f 8551 8419 8418
f 8552 8520 8419
f 8516 8553 8554
f 8553 8516 8520
f 8554 8487 8516
f 8555 8487 8554
f 8555 8488 8487
f 8556 8488 8555
f 8556 8497 8488
f 8557 8497 8556
f 8557 8483 8497
f 8557 8484 8483
f 8558 8484 8557
f 8558 8501 8484
f 8559 8501 8558
f 8559 8502 8501
f 8560 8502 8559
f 8502 8560 8505
f 8561 8505 8560
f 8505 8561 8523
f 8562 8523 8561
f 8523 8562 8408
f 8563 8408 8562
f 8408 8563 8409
f 8564 8409 8563
f 8409 8564 8481
f 8565 8481 8564
f 8481 8565 8506
f 8566 8506 8565
f 8506 8566 8514
f 8567 8514 8566
f 8514 8567 8519
f 8568 8519 8567
f 8526 8509 8568
f 8519 8568 8509
f 8531 8477 8530
f 8479 8530 8477
f 8530 8479 8539
f 8444 8539 8479
f 8539 8444 8538
f 8446 8538 8444
f 8538 8446 8537
f 8460 8537 8446
f 8537 8460 8540
f 8449 8540 8460
f 8540 8449 8569
f 8448 8569 8449
f 8569 8448 8570
f 8457 8570 8448
f 8570 8457 8534
f 8456 8534 8457
f 8534 8456 8524
f 8398 8524 8456
f 8398 8525 8524
f 8395 8525 8398
f 8395 8535 8525
f 8394 8535 8395
f 8401 8535 8394
f 8401 8536 8535
f 8400 8536 8401
f 8400 8541 8536
f 8451 8541 8400
f 8451 8571 8541
f 8427 8571 8451
f 8572 8427 8426
f 8427 8572 8571
f 8573 8426 8441
f 8574 8441 8453
f 8426 8573 8572
f 8575 8453 8492
f 8441 8574 8573
f 8576 8492 8421
f 8577 8421 8423
f 8453 8575 8574
f 8578 8423 8415
f 8579 8415 8411
f 8580 8411 8413
f 8492 8576 8575
f 8581 8413 8434
f 8582 8434 8461
f 8583 8461 8463
f 8421 8577 8576
f 8584 8463 8429
f 8509 8526 8467
f 8527 8467 8526
f 8423 8578 8577
f 8467 8527 8465
f 8415 8579 8578
f 8585 8465 8527
f 8411 8580 8579
f 8465 8585 8431
f 8413 8581 8580
f 8586 8431 8585
f 8434 8582 8581
f 8431 8586 8429
f 8461 8583 8582
f 8587 8429 8586
f 8463 8584 8583
f 8429 8587 8584
f 3729 8579 3728
f 8579 3729 8578
f 8572 3731 3722
f 3731 8572 8573
f 8573 3732 3731
f 3732 8573 8574
f 3725 8583 3724
f 8583 3725 8582
f 8557 3669 3735
f 3669 8557 8556
f 3730 8578 3729
f 8578 3730 8577
f 8541 3721 3720
f 3721 8541 8571
f 8544 3656 8545
f 3656 8544 3654
f 8543 3648 8542
f 3648 8543 3697
f 8529 3654 8544
f 3654 8529 3652
f 8552 3664 3665
f 3664 8552 8551
f 8549 3699 8546
f 3699 8549 3701
f 3727 8581 3726
f 8581 3727 8580
f 8469 3735 4595
f 8558 3735 8469
f 3735 8558 8557
f 3728 8580 3727
f 8580 3728 8579
f 8548 3660 8532
f 3660 8548 3661
f 8570 3694 3716
f 3694 8570 8534
f 8525 3718 3690
f 3718 8525 8535
f 8540 3715 3713
f 3715 8540 8569
f 8562 8472 8473
f 8472 8562 8561
f 8538 3707 8539
f 3707 8538 3709
f 8559 8469 8470
f 8469 8559 8558
f 3726 8582 3725
f 8582 3726 8581
f 3624 8566 4593
f 8567 3624 3623
f 3624 8567 8566
f 4592 8475 4590
f 8564 4592 8565
f 4592 8564 8475
f 8561 8471 8472
f 8471 8561 8560
f 8556 3668 3669
f 3668 8556 8555
f 8574 3733 3732
f 3733 8574 8575
f 8546 3697 8543
f 3697 8546 3699
f 8550 3645 3663
f 3645 8550 8533
f 8569 3716 3715
f 3716 8569 8570
f 8576 3730 3734
f 3730 8576 8577
f 8545 3658 8547
f 3658 8545 3656
f 8571 3722 3721
f 3722 8571 8572
f 8563 8473 8474
f 8473 8563 8562
f 3723 8587 3618
f 8587 3723 8584
f 8554 3666 3667
f 3666 8554 8553
f 3618 8586 3616
f 8586 3618 8587
f 8542 3650 8528
f 3650 8542 3648
f 8560 8470 8471
f 8470 8560 8559
f 8555 3667 3668
f 3667 8555 8554
f 8575 3734 3733
f 3734 8575 8576
f 3619 8527 3620
f 8527 3619 8585
f 8564 8474 8475
f 8474 8564 8563
f 8531 3701 8549
f 3701 8531 3703
f 8553 3665 3666
f 3665 8553 8552
f 3724 8584 3723
f 8584 3724 8583
f 8551 3663 3664
f 3663 8551 8550
f 4593 8565 4592
f 8565 4593 8566
f 8547 3661 8548
f 3661 8547 3658
f 3616 8585 3619
f 8585 3616 8586
f 3622 8567 3623
f 8567 3622 8568
f 3621 8568 3622
f 8568 3621 8526
f 8588 933 8589
f 933 8588 932
f 322 8590 8591
f 8590 322 327
f 898 8592 8593
f 8592 898 926
f 335 8594 8595
f 8594 335 336
f 909 8596 911
f 8596 909 8597
f 8598 935 8599
f 935 8598 934
f 903 8600 905
f 8600 903 8601
f 312 8602 8603
f 8602 312 317
f 8604 867 8605
f 867 8604 870
f 8599 943 8606
f 943 8599 935
f 8607 866 8608
f 866 8607 862
f 388 8609 8610
f 8609 388 394
f 911 8611 913
f 8611 911 8596
f 919 8612 8613
f 8612 919 917
f 338 8614 8615
f 8614 338 345
f 925 8616 8617
f 8616 925 923
f 476 8618 754
f 8618 476 8619
f 940 8620 8621
f 8620 940 939
f 8622 932 8588
f 932 8622 931
f 8623 930 8624
f 930 8623 929
f 938 8625 8626
f 8625 938 937
f 345 8627 8614
f 8627 345 368
f 759 8628 901
f 8628 759 8629
f 752 8619 476
f 8619 752 8630
f 304 8631 8632
f 8631 304 308
f 907 8597 909
f 8597 907 8633
f 913 8634 915
f 8634 913 8611
f 8635 870 8604
f 870 8635 871
f 905 8633 907
f 8633 905 8600
f 939 8626 8620
f 8626 939 938
f 754 8636 763
f 8636 754 8618
f 327 8595 8590
f 8595 327 335
f 921 8613 8637
f 8613 921 919
f 783 8638 761
f 8638 783 8639
f 336 8615 8594
f 8615 336 338
f 375 8640 8641
f 8640 375 382
f 8606 942 8642
f 942 8606 943
f 785 8630 752
f 8630 785 8643
f 8605 869 8644
f 869 8605 867
f 317 8591 8602
f 8591 317 322
f 382 8610 8640
f 8610 382 388
f 928 8645 8646
f 8645 928 927
f 368 8641 8627
f 8641 368 375
f 761 8629 759
f 8629 761 8638
f 8624 931 8622
f 931 8624 930
f 8647 405 8648
f 405 8647 403
f 308 8603 8631
f 8603 308 312
f 917 8634 8612
f 8634 917 915
f 302 8632 8649
f 8632 302 304
f 302 8643 785
f 8643 302 8649
f 901 8601 903
f 8601 901 8628
f 937 8650 8625
f 8650 937 936
f 923 8637 8616
f 8637 923 921
f 8589 934 8598
f 934 8589 933
f 926 8617 8592
f 8617 926 925
f 763 8639 783
f 8639 763 8636
f 942 8651 8642
f 8651 942 941
f 8608 871 8635
f 871 8608 866
f 8644 929 8623
f 929 8644 869
f 936 8646 8650
f 8646 936 928
f 8648 862 8607
f 862 8648 405
f 8494 8629 8638
f 8512 8638 8639
f 8629 8494 8628
f 8511 8639 8636
f 8389 8628 8494
f 8491 8636 8618
f 8628 8389 8601
f 8478 8618 8619
f 8391 8601 8389
f 8476 8619 8630
f 8601 8391 8600
f 8445 8630 8643
f 8403 8600 8391
f 8443 8643 8649
f 8600 8403 8633
f 8405 8633 8403
f 8638 8512 8494
f 8639 8511 8512
f 8636 8491 8511
f 8459 8649 8632
f 8618 8478 8491
f 8619 8476 8478
f 8630 8445 8476
f 8447 8632 8631
f 8643 8443 8445
f 8649 8459 8443
f 8450 8631 8603
f 8632 8447 8459
f 8455 8603 8602
f 8631 8450 8447
f 8603 8455 8450
f 8458 8602 8591
f 8602 8458 8455
f 8591 8397 8458
f 8590 8397 8591
f 8590 8393 8397
f 8595 8393 8590
f 8595 8396 8393
f 8594 8396 8595
f 8594 8399 8396
f 8594 8402 8399
f 8615 8402 8594
f 8615 8452 8402
f 8614 8452 8615
f 8614 8425 8452
f 8627 8425 8614
f 8425 8627 8428
f 8641 8428 8627
f 8428 8641 8442
f 8640 8442 8641
f 8442 8640 8454
f 8610 8454 8640
f 8454 8610 8493
f 8609 8493 8610
f 8493 8609 8424
f 8647 8424 8609
f 8424 8647 8422
f 8648 8422 8647
f 8422 8648 8416
f 8607 8416 8648
f 8416 8607 8414
f 8608 8414 8607
f 8635 8412 8608
f 8414 8608 8412
f 8633 8405 8597
f 8440 8597 8405
f 8597 8440 8596
f 8435 8596 8440
f 8596 8435 8611
f 8437 8611 8435
f 8611 8437 8634
f 8499 8634 8437
f 8634 8499 8612
f 8420 8612 8499
f 8612 8420 8613
f 8417 8613 8420
f 8613 8417 8637
f 8521 8637 8417
f 8637 8521 8616
f 8517 8616 8521
f 8616 8517 8617
f 8489 8617 8517
f 8489 8592 8617
f 8486 8592 8489
f 8486 8593 8592
f 8496 8593 8486
f 8485 8593 8496
f 8485 8645 8593
f 8482 8645 8485
f 8482 8646 8645
f 8503 8646 8482
f 8503 8650 8646
f 8500 8650 8503
f 8625 8500 8504
f 8500 8625 8650
f 8626 8504 8522
f 8620 8522 8410
f 8504 8626 8625
f 8621 8410 8407
f 8522 8620 8626
f 8651 8407 8480
f 8642 8480 8507
f 8410 8621 8620
f 8606 8507 8515
f 8599 8515 8518
f 8598 8518 8508
f 8407 8651 8621
f 8589 8508 8466
f 8588 8466 8468
f 8622 8468 8430
f 8480 8642 8651
f 8624 8430 8432
f 8412 8635 8433
f 8604 8433 8635
f 8507 8606 8642
f 8433 8604 8464
f 8515 8599 8606
f 8605 8464 8604
f 8518 8598 8599
f 8464 8605 8462
f 8508 8589 8598
f 8644 8462 8605
f 8466 8588 8589
f 8462 8644 8432
f 8468 8622 8588
f 8623 8432 8644
f 8430 8624 8622
f 8432 8623 8624
f 941 8621 8651
f 8621 941 940
f 927 8593 8645
f 8593 927 898
f 394 8647 8609
f 8647 394 403
f 8652 8653 8654
f 8653 8652 8655
f 8656 8657 8658
f 8657 8656 8659
f 8660 8661 8662
f 8661 8660 8663
f 8664 8665 8666
f 8665 8664 8667
f 8668 8669 8670
f 8669 8668 8671
f 8672 8673 8674
f 8673 8672 8675
f 8676 8675 8672
f 8675 8676 8677
f 8678 8662 8679
f 8662 8678 8660
f 8680 8681 8682
f 8681 8680 8683
f 8684 8685 8686
f 8685 8684 8687
f 8688 8689 8690
f 8689 8688 8691
f 8692 8693 8694
f 8693 8692 8695
f 8674 8696 8697
f 8696 8674 8673
f 8654 8667 8664
f 8667 8654 8653
f 8698 8699 8700
f 8699 8698 8701
f 8666 8702 8703
f 8702 8666 8665
f 8691 8704 8689
f 8704 8691 8705
f 8706 8707 8708
f 8707 8706 8709
f 8710 8711 8712
f 8711 8710 8713
f 8663 8714 8661
f 8714 8663 8715
f 8705 8716 8704
f 8716 8705 8717
f 8718 8719 8720
f 8719 8718 8721
f 8722 8712 8723
f 8712 8722 8710
f 8686 8677 8676
f 8677 8686 8685
f 8724 8725 8726
f 8725 8724 8727
f 4603 8728 4604
f 8728 4603 8729
f 8729 4603 8730
f 8730 4603 8731
f 8731 4603 8732
f 8732 4603 8733
f 8733 4603 8734
f 8734 4603 4602
f 8735 8736 8737
f 8736 8735 8738
f 8659 8679 8657
f 8679 8659 8678
f 8739 8670 8740
f 8670 8739 8668
f 8697 8727 8724
f 8727 8697 8696
f 8741 8742 8743
f 8742 8741 8744
f 8745 8746 8747
f 8746 8745 8748
f 8737 8749 8750
f 8749 8737 8736
f 8717 8751 8716
f 8751 8717 8752
f 8753 8655 8652
f 8655 8753 8754
f 8755 8747 8756
f 8747 8755 8745
f 8703 8701 8698
f 8701 8703 8702
f 8721 8658 8719
f 8658 8721 8656
f 8708 8738 8735
f 8738 8708 8707
f 8700 8757 8758
f 8757 8700 8699
f 8715 8690 8714
f 8690 8715 8688
f 8722 8709 8706
f 8709 8722 8723
f 8759 8760 8761
f 8760 8759 8762
f 8713 8720 8711
f 8720 8713 8718
f 8752 8684 8751
f 8684 8752 8687
f 8763 8761 8764
f 8761 8763 8759
f 8744 8756 8742
f 8756 8744 8755
f 8683 8757 8681
f 8757 8683 8758
f 8765 8739 8740
f 8739 8765 8766
f 8767 8768 8769
f 8768 8767 8770
f 8726 8695 8692
f 8695 8726 8725
f 8750 8771 8772
f 8771 8750 8749
f 8773 8754 8753
f 8754 8773 8774
f 8762 8743 8760
f 8743 8762 8741
f 8772 8774 8773
f 8774 8772 8771
f 8775 8766 8765
f 8766 8775 8776
f 8748 8777 8746
f 8777 8748 8778
f 8769 8779 8780
f 8779 8769 8768
f 8778 8781 8777
f 8781 8778 8782
f 8783 8764 8784
f 8764 8783 8763
f 8782 8682 8781
f 8682 8782 8680
f 8671 8784 8669
f 8784 8671 8783
f 8694 8785 8786
f 8785 8694 8693
f 8786 8770 8767
f 8770 8786 8785
f 8780 8776 8775
f 8776 8780 8779
f 8787 3685 3684
f 3685 8787 8788
f 3653 8789 3655
f 8789 3653 8790
f 8791 3628 8792
f 3628 8791 3626
f 8793 3675 8794
f 3675 8793 3676
f 8795 3632 8796
f 3632 8795 3631
f 4606 8797 8798
f 8797 4606 4605
f 8799 3684 3683
f 3684 8799 8787
f 8800 3714 3695
f 3714 8800 8801
f 8802 3687 3686
f 3687 8802 8803
f 8804 3678 8805
f 3678 8804 3679
f 8806 8730 8731
f 8730 8806 8807
f 8808 3676 8793
f 3676 8808 3677
f 8804 3680 3679
f 3680 8804 8809
f 8803 3688 3687
f 3688 8803 8810
f 8754 8811 8791
f 8655 8791 8792
f 8811 8754 8812
f 8653 8792 8813
f 8774 8812 8754
f 8667 8813 8814
f 8812 8774 8815
f 8665 8814 8795
f 8771 8815 8774
f 8702 8795 8796
f 8815 8771 8816
f 8701 8796 8798
f 8749 8816 8771
f 8699 8798 8797
f 8816 8749 8794
f 8736 8794 8749
f 8791 8655 8754
f 8792 8653 8655
f 8813 8667 8653
f 8757 8797 8817
f 8814 8665 8667
f 8795 8702 8665
f 8796 8701 8702
f 8681 8817 8818
f 8798 8699 8701
f 8797 8757 8699
f 8682 8818 8807
f 8817 8681 8757
f 8781 8807 8806
f 8818 8682 8681
f 8807 8781 8682
f 8777 8806 8819
f 8806 8777 8781
f 8819 8746 8777
f 8820 8746 8819
f 8820 8747 8746
f 8821 8747 8820
f 8821 8756 8747
f 8822 8756 8821
f 8822 8742 8756
f 8822 8743 8742
f 8823 8743 8822
f 8823 8760 8743
f 8824 8760 8823
f 8824 8761 8760
f 8825 8761 8824
f 8761 8825 8764
f 8826 8764 8825
f 8764 8826 8784
f 8827 8784 8826
f 8784 8827 8669
f 8828 8669 8827
f 8669 8828 8670
f 8829 8670 8828
f 8670 8829 8740
f 8830 8740 8829
f 8740 8830 8765
f 8831 8765 8830
f 8765 8831 8775
f 8832 8775 8831
f 8775 8832 8780
f 8833 8780 8832
f 8789 8769 8833
f 8780 8833 8769
f 8794 8736 8793
f 8738 8793 8736
f 8793 8738 8808
f 8707 8808 8738
f 8808 8707 8805
f 8709 8805 8707
f 8805 8709 8804
f 8723 8804 8709
f 8804 8723 8809
f 8712 8809 8723
f 8809 8712 8834
f 8711 8834 8712
f 8834 8711 8835
f 8720 8835 8711
f 8835 8720 8799
f 8719 8799 8720
f 8799 8719 8787
f 8658 8787 8719
f 8658 8788 8787
f 8657 8788 8658
f 8657 8802 8788
f 8679 8802 8657
f 8662 8802 8679
f 8662 8803 8802
f 8661 8803 8662
f 8661 8810 8803
f 8714 8810 8661
f 8714 8836 8810
f 8690 8836 8714
f 8837 8690 8689
f 8690 8837 8836
f 8838 8689 8704
f 8800 8704 8716
f 8689 8838 8837
f 8801 8716 8751
f 8704 8800 8838
f 8839 8751 8684
f 8840 8684 8686
f 8716 8801 8800
f 8841 8686 8676
f 8842 8676 8672
f 8843 8672 8674
f 8751 8839 8801
f 8844 8674 8697
f 8845 8697 8724
f 8846 8724 8726
f 8684 8840 8839
f 8847 8726 8692
f 8769 8789 8767
f 8790 8767 8789
f 8686 8841 8840
f 8767 8790 8786
f 8676 8842 8841
f 8848 8786 8790
f 8672 8843 8842
f 8786 8848 8694
f 8674 8844 8843
f 8849 8694 8848
f 8697 8845 8844
f 8694 8849 8692
f 8724 8846 8845
f 8850 8692 8849
f 8726 8847 8846
f 8692 8850 8847
f 3708 8842 3706
f 8842 3708 8841
f 8837 3693 3691
f 3693 8837 8838
f 8838 3695 3693
f 3695 8838 8800
f 3700 8846 3698
f 8846 3700 8845
f 3637 8734 4602
f 8821 3637 8822
f 3637 8821 8734
f 8810 3689 3688
f 3689 8810 8836
f 8813 3630 8814
f 3630 8813 3629
f 8812 3627 8811
f 3627 8812 3672
f 8792 3629 8813
f 3629 8792 3628
f 8807 8729 8730
f 8729 8807 8818
f 8816 3673 8815
f 3673 8816 3674
f 3704 8844 3702
f 8844 3704 8843
f 8823 3637 3636
f 3637 8823 8822
f 3706 8843 3704
f 8843 3706 8842
f 8798 3633 4606
f 8796 3633 8798
f 3633 8796 3632
f 8835 3683 3682
f 3683 8835 8799
f 8788 3686 3685
f 3686 8788 8802
f 8809 3681 3680
f 3681 8809 8834
f 8827 3640 3641
f 3640 8827 8826
f 8805 3677 8808
f 3677 8805 3678
f 8824 3636 3638
f 3636 8824 8823
f 3659 8831 3646
f 8831 3659 8832
f 8830 3643 3644
f 3643 8830 8829
f 8826 3639 3640
f 3639 8826 8825
f 8821 8733 8734
f 8733 8821 8820
f 8815 3672 8812
f 3672 8815 3673
f 8728 4605 4604
f 8817 4605 8728
f 4605 8817 8797
f 3702 8845 3700
f 8845 3702 8844
f 8834 3682 3681
f 3682 8834 8835
f 8839 3710 3712
f 3710 8839 8840
f 8814 3631 8795
f 3631 8814 3630
f 8836 3691 3689
f 3691 8836 8837
f 8828 3641 3642
f 3641 8828 8827
f 3696 8850 3649
f 8850 3696 8847
f 8819 8731 8732
f 8731 8819 8806
f 3649 8849 3647
f 8849 3649 8850
f 8825 3638 3639
f 3638 8825 8824
f 8811 3626 8791
f 3626 8811 3627
f 8820 8732 8733
f 8732 8820 8819
f 8801 3712 3714
f 3712 8801 8839
f 8829 3642 3643
f 3642 8829 8828
f 8794 3674 8816
f 3674 8794 3675
f 3698 8847 3696
f 8847 3698 8846
f 8818 8728 8729
f 8728 8818 8817
f 3710 8841 3708
f 8841 3710 8840
f 3646 8830 3644
f 8830 3646 8831
f 3651 8790 3653
f 8790 3651 8848
f 3647 8848 3651
f 8848 3647 8849
f 3657 8832 3659
f 8832 3657 8833
f 3655 8833 3657
f 8833 3655 8789
f 8851 906 8852
f 906 8851 904
f 953 8853 8854
f 8853 953 956
f 895 8855 8856
f 8855 895 894
f 962 8857 8858
f 8857 962 982
f 885 8859 886
f 8859 885 8860
f 8861 910 8862
f 910 8861 908
f 882 8863 883
f 8863 882 8864
f 8865 762 8866
f 762 8865 757
f 8862 912 8867
f 912 8862 910
f 8868 466 8869
f 466 8868 463
f 446 8870 8871
f 8870 446 449
f 886 8872 887
f 8872 886 8859
f 8869 475 8873
f 475 8869 466
f 890 8874 8875
f 8874 890 889
f 990 8876 8877
f 8876 990 997
f 893 8878 8879
f 8878 893 892
f 672 8880 671
f 8880 672 8881
f 918 8882 8883
f 8882 918 920
f 8884 904 8851
f 904 8884 902
f 8885 900 8886
f 900 8885 760
f 922 8887 8888
f 8887 922 924
f 997 8889 8876
f 8889 997 442
f 668 8890 881
f 8890 668 8891
f 673 8881 672
f 8881 673 8892
f 947 8893 8894
f 8893 947 948
f 884 8860 885
f 8860 884 8895
f 887 8896 888
f 8896 887 8872
f 8873 757 8865
f 757 8873 475
f 883 8895 884
f 8895 883 8863
f 920 8888 8882
f 8888 920 922
f 671 8897 669
f 8897 671 8880
f 956 8858 8853
f 8858 956 962
f 891 8875 8898
f 8875 891 890
f 664 8899 667
f 8899 664 8900
f 982 8877 8857
f 8877 982 990
f 443 8901 8902
f 8901 443 444
f 8867 914 8903
f 914 8867 912
f 945 8892 673
f 8892 945 8904
f 8866 758 8905
f 758 8866 762
f 952 8854 8906
f 8854 952 953
f 444 8871 8901
f 8871 444 446
f 897 8907 8908
f 8907 897 896
f 442 8902 8889
f 8902 442 443
f 667 8891 668
f 8891 667 8899
f 950 8906 8909
f 8906 950 952
f 8886 902 8884
f 902 8886 900
f 8910 459 8911
f 459 8910 455
f 948 8909 8893
f 8909 948 950
f 889 8896 8874
f 8896 889 888
f 946 8894 8912
f 8894 946 947
f 946 8904 945
f 8904 946 8912
f 881 8864 882
f 8864 881 8890
f 924 8913 8887
f 8913 924 899
f 892 8898 8878
f 8898 892 891
f 8852 908 8861
f 908 8852 906
f 894 8879 8855
f 8879 894 893
f 669 8900 664
f 8900 669 8897
f 914 8914 8903
f 8914 914 916
f 8905 760 8885
f 760 8905 758
f 899 8908 8913
f 8908 899 897
f 8911 463 8868
f 463 8911 459
f 8753 8891 8899
f 8773 8899 8900
f 8891 8753 8890
f 8772 8900 8897
f 8652 8890 8753
f 8750 8897 8880
f 8890 8652 8864
f 8737 8880 8881
f 8654 8864 8652
f 8735 8881 8892
f 8864 8654 8863
f 8708 8892 8904
f 8664 8863 8654
f 8706 8904 8912
f 8863 8664 8895
f 8666 8895 8664
f 8899 8773 8753
f 8900 8772 8773
f 8897 8750 8772
f 8722 8912 8894
f 8880 8737 8750
f 8881 8735 8737
f 8892 8708 8735
f 8710 8894 8893
f 8904 8706 8708
f 8912 8722 8706
f 8713 8893 8909
f 8894 8710 8722
f 8718 8909 8906
f 8893 8713 8710
f 8909 8718 8713
f 8721 8906 8854
f 8906 8721 8718
f 8854 8656 8721
f 8853 8656 8854
f 8853 8659 8656
f 8858 8659 8853
f 8858 8678 8659
f 8857 8678 8858
f 8857 8660 8678
f 8857 8663 8660
f 8877 8663 8857
f 8877 8715 8663
f 8876 8715 8877
f 8876 8688 8715
f 8889 8688 8876
f 8688 8889 8691
f 8902 8691 8889
f 8691 8902 8705
f 8901 8705 8902
f 8705 8901 8717
f 8871 8717 8901
f 8717 8871 8752
f 8870 8752 8871
f 8752 8870 8687
f 8910 8687 8870
f 8687 8910 8685
f 8911 8685 8910
f 8685 8911 8677
f 8868 8677 8911
f 8677 8868 8675
f 8869 8675 8868
f 8873 8673 8869
f 8675 8869 8673
f 8895 8666 8860
f 8703 8860 8666
f 8860 8703 8859
f 8698 8859 8703
f 8859 8698 8872
f 8700 8872 8698
f 8872 8700 8896
f 8758 8896 8700
f 8896 8758 8874
f 8683 8874 8758
f 8874 8683 8875
f 8680 8875 8683
f 8875 8680 8898
f 8782 8898 8680
f 8898 8782 8878
f 8778 8878 8782
f 8878 8778 8879
f 8748 8879 8778
f 8748 8855 8879
f 8745 8855 8748
f 8745 8856 8855
f 8755 8856 8745
f 8744 8856 8755
f 8744 8907 8856
f 8741 8907 8744
f 8741 8908 8907
f 8762 8908 8741
f 8762 8913 8908
f 8759 8913 8762
f 8887 8759 8763
f 8759 8887 8913
f 8888 8763 8783
f 8882 8783 8671
f 8763 8888 8887
f 8883 8671 8668
f 8783 8882 8888
f 8914 8668 8739
f 8903 8739 8766
f 8671 8883 8882
f 8867 8766 8776
f 8862 8776 8779
f 8861 8779 8768
f 8668 8914 8883
f 8852 8768 8770
f 8851 8770 8785
f 8884 8785 8693
f 8739 8903 8914
f 8886 8693 8695
f 8673 8873 8696
f 8865 8696 8873
f 8766 8867 8903
f 8696 8865 8727
f 8776 8862 8867
f 8866 8727 8865
f 8779 8861 8862
f 8727 8866 8725
f 8768 8852 8861
f 8905 8725 8866
f 8770 8851 8852
f 8725 8905 8695
f 8785 8884 8851
f 8885 8695 8905
f 8693 8886 8884
f 8695 8885 8886
f 916 8883 8914
f 8883 916 918
f 896 8856 8907
f 8856 896 895
f 449 8910 8870
f 8910 449 455
f 3406 8915 8916
f 8915 3406 3407
f 3425 8917 8918
f 8917 3425 3424
f 8919 3418 8920
f 3418 8919 3419
f 8921 3454 8922
f 3454 8921 3453
f 3403 8923 8924
f 8923 3403 3404
f 3408 8925 8926
f 8925 3408 3409
f 3440 8927 8928
f 8927 3440 3439
f 8929 3457 8930
f 3457 8929 3456
f 3431 8931 3432
f 8931 3431 8932
f 3412 8933 8934
f 8933 3412 3413
f 8935 3456 8929
f 3456 8935 3455
f 3463 8936 8937
f 8936 3463 3452
f 3434 8938 3435
f 8938 3434 8939
f 3409 8940 8925
f 8940 3409 3411
f 3400 8941 8942
f 8941 3400 3401
f 3462 8937 8943
f 8937 3462 3463
f 3407 8926 8915
f 8926 3407 3408
f 3444 8944 8945
f 8944 3444 3443
f 3450 8946 8947
f 8946 3450 3448
f 8948 3453 8921
f 3453 8948 3416
f 3390 8932 3431
f 8932 3390 8949
f 8950 3419 8919
f 3419 8950 3420
f 3448 8951 8946
f 8951 3448 3447
f 3442 8952 8953
f 8952 3442 3441
f 3443 8953 8944
f 8953 3443 3442
f 8930 3458 8954
f 3458 8930 3457
f 3411 8934 8940
f 8934 3411 3412
f 3446 8955 8956
f 8955 3446 3445
f 3447 8956 8951
f 8956 3447 3446
f 8922 3455 8935
f 3455 8922 3454
f 3451 8947 8957
f 8947 3451 3450
f 3439 8958 8927
f 8958 3439 3438
f 3441 8928 8952
f 8928 3441 3440
f 3413 8959 8933
f 8959 3413 3427
f 8954 3459 8960
f 3459 8954 3458
f 3461 8943 8961
f 8943 3461 3462
f 8920 3417 8962
f 3417 8920 3418
f 3427 8963 8959
f 8963 3427 3426
f 3426 8918 8963
f 8918 3426 3425
f 3393 8964 3392
f 8964 3393 8965
f 3392 8949 3390
f 8949 3392 8964
f 3437 8958 3438
f 8958 3437 8966
f 8967 3422 8968
f 3422 8967 3423
f 8969 3416 8948
f 3416 8969 3414
f 8917 3423 8967
f 3423 8917 3424
f 3396 8970 3395
f 8970 3396 8971
f 3445 8945 8955
f 8945 3445 3444
f 8972 3420 8950
f 3420 8972 3421
f 3395 8973 3394
f 8973 3395 8970
f 3452 8957 8936
f 8957 3452 3451
f 3389 8971 3396
f 8971 3389 8974
f 8968 3421 8972
f 3421 8968 3422
f 3432 8975 3433
f 8975 3432 8931
f 8962 3414 8969
f 3414 8962 3417
f 3460 8961 8976
f 8961 3460 3461
f 3436 8966 3437
f 8966 3436 8977
f 3394 8965 3393
f 8965 3394 8973
f 3435 8977 3436
f 8977 3435 8938
f 8960 3460 8976
f 3460 8960 3459
f 3398 8978 3397
f 8978 3398 8979
f 3397 8974 3389
f 8974 3397 8978
f 3401 8980 8941
f 8980 3401 3402
f 3399 8942 8981
f 8942 3399 3400
f 3433 8939 3434
f 8939 3433 8975
f 3402 8924 8980
f 8924 3402 3403
f 3399 8979 3398
f 8979 3399 8981
f 3405 8916 8982
f 8916 3405 3406
f 3404 8982 8923
f 8982 3404 3405
f 8983 2088 2263
f 2088 8983 8984
f 8985 2228 2245
f 2228 8985 8986
f 8987 2343 2149
f 2343 8987 8988
f 8989 2252 8990
f 2252 8989 2253
f 8991 2220 2221
f 2220 8991 8992
f 2361 8993 2360
f 8993 2361 8994
f 8995 2241 2240
f 2241 8995 8996
f 8997 2245 2244
f 2245 8997 8985
f 8998 2239 2238
f 2239 8998 8999
f 9000 2221 2222
f 2221 9000 8991
f 8986 2227 2228
f 2227 8986 9001
f 9002 2244 2243
f 2244 9002 8997
f 9003 2243 2242
f 2243 9003 9002
f 9004 2348 2345
f 2348 9004 9005
f 9005 2350 2348
f 2350 9005 9006
f 8999 2240 2239
f 2240 8999 8995
f 8990 2251 9007
f 2251 8990 2252
f 9008 2210 9009
f 2210 9008 2246
f 9010 2361 2362
f 2361 9010 8994
f 9006 2352 2350
f 2352 9006 9011
f 2233 9012 2234
f 9012 2233 9013
f 2229 9014 2231
f 9014 2229 9015
f 2230 9015 2229
f 9015 2230 9016
f 2360 9017 2359
f 9017 2360 8993
f 8984 2149 2088
f 2149 8984 8987
f 2235 9018 2236
f 9018 2235 9019
f 9020 2362 2353
f 2362 9020 9010
f 9021 2214 9022
f 2214 9021 2213
f 9023 2212 9024
f 2212 9023 2211
f 8977 9023 9024
f 9023 8949 9009
f 8977 9024 9021
f 8964 9009 8949
f 8977 9021 9022
f 8965 9009 8964
f 8966 9022 9025
f 8973 9009 8965
f 8966 9025 9026
f 8970 9009 8973
f 8966 9026 9027
f 8971 9009 8970
f 8958 9027 9028
f 8974 9009 8971
f 8958 9028 9029
f 8978 9009 8974
f 8958 9029 8992
f 9009 8978 9008
f 8958 8992 8991
f 9008 8978 9030
f 8927 8991 9000
f 9030 8978 9031
f 8927 9000 9032
f 8979 9031 8978
f 8927 9032 9033
f 9031 8979 9034
f 9034 8979 9035
f 9023 8932 8949
f 9023 8931 8932
f 9023 8975 8931
f 8928 9033 9036
f 9023 8939 8975
f 9023 8938 8939
f 8928 9036 9037
f 9023 8977 8938
f 9022 8966 8977
f 8928 9037 9001
f 9027 8958 8966
f 8991 8927 8958
f 9033 8928 8927
f 9001 8952 8928
f 9001 8953 8952
f 9001 8944 8953
f 9001 8945 8944
f 9001 8955 8945
f 9001 8956 8955
f 9001 8951 8956
f 8986 8951 9001
f 8951 8986 8946
f 8946 8986 8947
f 8986 8957 8947
f 8986 8936 8957
f 8986 8937 8936
f 8986 8943 8937
f 8985 8943 8986
f 8997 8943 8985
f 9002 8943 8997
f 8943 9002 8961
f 9003 8961 9002
f 8996 8961 9003
f 8995 8961 8996
f 8961 8995 8976
f 8999 8976 8995
f 8998 8976 8999
f 9038 8976 8998
f 9018 8976 9038
f 9019 8960 9018
f 8976 9018 8960
f 9035 8979 9007
f 8981 9007 8979
f 9007 8981 8990
f 8990 8981 8989
f 8989 8981 9039
f 9039 8981 9040
f 8942 9040 8981
f 9040 8942 9041
f 9041 8942 9042
f 9042 8942 9043
f 8941 9043 8942
f 9043 8941 9044
f 9044 8941 8983
f 8983 8941 8984
f 8980 8984 8941
f 8924 8984 8980
f 8923 8984 8924
f 8982 8984 8923
f 8916 8984 8982
f 8915 8984 8916
f 8926 8984 8915
f 8987 8926 8925
f 8987 8925 8940
f 8926 8987 8984
f 8934 8987 8940
f 8933 8987 8934
f 8959 8987 8933
f 8963 8987 8959
f 9005 8963 8918
f 9020 8918 8917
f 9017 8917 8967
f 9045 8967 8968
f 8963 8988 8987
f 9016 8968 8972
f 9016 8972 8950
f 8963 9004 8988
f 9016 8950 8919
f 9016 8919 8920
f 9016 8920 8962
f 9016 8962 8969
f 8963 9005 9004
f 8948 9015 8969
f 9012 8960 9019
f 9016 8969 9015
f 9013 8960 9012
f 8968 9016 9046
f 8960 9013 8954
f 8918 9006 9005
f 9047 8954 9013
f 8918 9011 9006
f 9014 8954 9047
f 8918 9020 9011
f 9015 8954 9014
f 8917 9010 9020
f 8954 9015 8930
f 8917 8994 9010
f 8930 9015 8929
f 8917 8993 8994
f 8929 9015 8935
f 8917 9017 8993
f 8935 9015 8922
f 8967 9048 9017
f 8922 9015 8921
f 8967 9049 9048
f 8921 9015 8948
f 8967 9045 9049
f 8968 9050 9045
f 8968 9046 9050
f 9024 2213 9021
f 2213 9024 2212
f 9028 2219 9029
f 2219 9028 2218
f 8992 2219 2220
f 2219 8992 9029
f 2356 9050 2355
f 9050 2356 9045
f 8988 2345 2343
f 2345 8988 9004
f 2354 9016 2230
f 9016 2354 9046
f 9040 2256 2255
f 2256 9040 9041
f 9025 2216 9026
f 2216 9025 2215
f 9032 2222 2223
f 2222 9032 9000
f 9011 2353 2352
f 2353 9011 9020
f 9042 2259 2257
f 2259 9042 9043
f 2232 9013 2233
f 9013 2232 9047
f 2358 9049 2357
f 9049 2358 9048
f 2231 9047 2232
f 9047 2231 9014
f 9009 2211 9023
f 2211 9009 2210
f 9036 2224 2225
f 2224 9036 9033
f 2355 9046 2354
f 9046 2355 9050
f 9001 2226 2227
f 2226 9001 9037
f 9026 2217 9027
f 2217 9026 2216
f 9041 2257 2256
f 2257 9041 9042
f 9033 2223 2224
f 2223 9033 9032
f 2237 8998 2238
f 8998 2237 9038
f 2234 9019 2235
f 9019 2234 9012
f 2357 9045 2356
f 9045 2357 9049
f 9035 2249 9034
f 2249 9035 2250
f 2236 9038 2237
f 9038 2236 9018
f 2359 9048 2358
f 9048 2359 9017
f 9027 2218 9028
f 2218 9027 2217
f 9037 2225 2226
f 2225 9037 9036
f 8996 2242 2241
f 2242 8996 9003
f 9044 2263 2261
f 2263 9044 8983
f 9030 2246 9008
f 2246 9030 2247
f 9031 2247 9030
f 2247 9031 2248
f 9039 2255 2254
f 2255 9039 9040
f 9034 2248 9031
f 2248 9034 2249
f 9022 2215 9025
f 2215 9022 2214
f 9043 2261 2259
f 2261 9043 9044
f 9007 2250 9035
f 2250 9007 2251
f 8989 2254 2253
f 2254 8989 9039
f 3523 9051 3524
f 9051 3523 9052
f 3510 9053 3509
f 9053 3510 9054
f 3522 9052 3523
f 9052 3522 9055
f 9056 3575 9057
f 3575 9056 3545
f 3579 9058 3578
f 9058 3579 9059
f 3580 9059 3579
f 9059 3580 9060
f 3509 9055 3522
f 9055 3509 9053
f 9061 3546 9062
f 3546 9061 3547
f 9063 3573 9064
f 3573 9063 3574
f 3516 9065 3514
f 9065 3516 9066
f 9067 3547 9061
f 3547 9067 3548
f 3602 9068 9069
f 9068 3602 3604
f 9070 3554 9071
f 3554 9070 3552
f 3569 9072 9073
f 9072 3569 3568
f 3524 9074 3525
f 9074 3524 9051
f 3516 9075 9066
f 9075 3516 3583
f 3578 9076 3577
f 9076 3578 9058
f 9077 3548 9067
f 3548 9077 3556
f 9078 3608 9079
f 3608 9078 3606
f 9071 3556 9077
f 3556 9071 3554
f 3511 9060 3580
f 9060 3511 9080
f 9081 3552 9070
f 3552 9081 3551
f 3526 9082 3527
f 9082 3526 9083
f 3538 9084 9085
f 9084 3538 3537
f 9086 3551 9081
f 3551 9086 3549
f 3534 9087 9088
f 9087 3534 3533
f 3588 9089 9090
f 9089 3588 3586
f 9057 3574 9063
f 3574 9057 3575
f 3594 9091 9092
f 9091 3594 3595
f 3577 9093 3576
f 9093 3577 9076
f 3576 9054 3510
f 9054 3576 9093
f 9094 3571 9095
f 3571 9094 3572
f 3601 9069 9096
f 9069 3601 3602
f 3592 9092 9097
f 9092 3592 3594
f 9062 3545 9056
f 3545 9062 3546
f 3566 9098 9099
f 9098 3566 3565
f 3520 9100 9101
f 9100 3520 3581
f 3518 9101 9102
f 9101 3518 3520
f 3591 9103 9104
f 9103 3591 3589
f 3540 9105 9106
f 9105 3540 3539
f 3570 9073 9107
f 9073 3570 3569
f 3597 9108 9109
f 9108 3597 3599
f 9064 3572 9094
f 3572 9064 3573
f 9110 3549 9086
f 3549 9110 3610
f 3567 9099 9111
f 9099 3567 3566
f 9079 3610 9110
f 3610 9079 3608
f 3595 9109 9091
f 9109 3595 3597
f 3528 9112 3529
f 9112 3528 9113
f 3514 9080 3511
f 9080 3514 9065
f 3571 9107 9095
f 9107 3571 3570
f 3599 9096 9108
f 9096 3599 3601
f 3535 9088 9114
f 9088 3535 3534
f 3584 9090 9115
f 9090 3584 3588
f 3536 9114 9116
f 9114 3536 3535
f 3581 9115 9100
f 9115 3581 3584
f 3586 9104 9089
f 9104 3586 3591
f 9068 3606 9078
f 3606 9068 3604
f 3568 9111 9072
f 9111 3568 3567
f 3531 9112 9117
f 9112 3531 3529
f 3583 9102 9075
f 9102 3583 3518
f 3539 9085 9105
f 9085 3539 3538
f 3589 9097 9103
f 9097 3589 3592
f 3527 9113 3528
f 9113 3527 9082
f 3565 9106 9098
f 9106 3565 3540
f 3537 9116 9084
f 9116 3537 3536
f 3533 9118 9087
f 9118 3533 3532
f 3532 9117 9118
f 9117 3532 3531
f 3525 9083 3526
f 9083 3525 9074
f 9119 2903 9120
f 2903 9119 2905
f 9121 2648 9122
f 2648 9121 2647
f 2681 9123 2683
f 9123 2681 9124
f 9125 2667 2668
f 2667 9125 9126
f 9127 2661 2662
f 2661 9127 9128
f 9129 2644 9130
f 2644 9129 2646
f 9131 2929 2925
f 2929 9131 9132
f 2845 9133 2678
f 9133 2845 9134
f 2843 9134 2845
f 9134 2843 9135
f 9132 2932 2929
f 2932 9132 9136
f 9137 2912 2910
f 2912 9137 9138
f 2945 9139 2947
f 9139 2945 9140
f 9141 2920 2918
f 2920 9141 9142
f 9143 2647 9121
f 2647 9143 2641
f 9144 2646 9129
f 2646 9144 2901
f 9145 2925 2923
f 2925 9145 9131
f 9146 2907 9147
f 2907 9146 2909
f 9148 2651 9149
f 2651 9148 2650
f 9150 2659 2660
f 2659 9150 9151
f 2839 9152 2840
f 9152 2839 9153
f 2841 9135 2843
f 9135 2841 9154
f 9130 2641 9143
f 2641 9130 2644
f 9155 2916 2914
f 2916 9155 9156
f 9156 2918 2916
f 2918 9156 9141
f 9157 2662 2663
f 2662 9157 9127
f 9147 2905 9119
f 2905 9147 2907
f 9158 2665 2666
f 2665 9158 9159
f 2674 9160 2673
f 9160 2674 9161
f 9162 2938 2936
f 2938 9162 9163
f 9138 2914 2912
f 2914 9138 9155
f 2683 9164 2693
f 9164 2683 9123
f 2693 9165 2676
f 9165 2693 9164
f 9151 2658 2659
f 2658 9151 9166
f 9167 2945 2943
f 2945 9167 9140
f 2678 9124 2681
f 9124 2678 9133
f 9168 2655 9169
f 2655 9168 2654
f 9128 2660 2661
f 2660 9128 9150
f 9136 2934 2932
f 2934 9136 9170
f 9171 2663 2664
f 2663 9171 9157
f 9120 2901 9144
f 2901 9120 2903
f 9126 2666 2667
f 2666 9126 9158
f 9166 2657 2658
f 2657 9166 9172
f 9170 2936 2934
f 2936 9170 9162
f 9142 2921 2920
f 2921 9142 9173
f 9173 2923 2921
f 2923 9173 9145
f 9174 2670 2671
f 2670 9174 9175
f 2840 9154 2841
f 9154 2840 9152
f 9137 2909 9146
f 2909 9137 2910
f 9176 2943 2941
f 2943 9176 9167
f 2676 9177 2675
f 9177 2676 9165
f 9178 2653 9179
f 2653 9178 2652
f 2947 9180 2837
f 9180 2947 9139
f 9181 2671 2672
f 2671 9181 9174
f 9182 2655 2656
f 2655 9182 9169
f 2838 9153 2839
f 9153 2838 9183
f 9122 2649 9184
f 2649 9122 2648
f 9175 2669 2670
f 2669 9175 9185
f 9149 2652 9178
f 2652 9149 2651
f 9117 9121 9122
f 9121 9053 9143
f 9117 9122 9184
f 9054 9143 9053
f 9117 9184 9148
f 9093 9143 9054
f 9117 9148 9149
f 9076 9143 9093
f 9117 9149 9178
f 9058 9143 9076
f 9117 9178 9179
f 9059 9143 9058
f 9117 9179 9168
f 9060 9143 9059
f 9117 9168 9169
f 9080 9143 9060
f 9117 9169 9182
f 9065 9143 9080
f 9118 9182 9172
f 9066 9143 9065
f 9118 9172 9166
f 9075 9143 9066
f 9118 9166 9151
f 9143 9075 9130
f 9118 9151 9150
f 9130 9075 9129
f 9118 9150 9128
f 9129 9075 9144
f 9118 9128 9127
f 9144 9075 9120
f 9118 9127 9157
f 9120 9075 9119
f 9119 9075 9147
f 9121 9055 9053
f 9121 9052 9055
f 9121 9051 9052
f 9121 9074 9051
f 9121 9083 9074
f 9121 9082 9083
f 9121 9113 9082
f 9121 9112 9113
f 9121 9117 9112
f 9182 9118 9117
f 9157 9087 9118
f 9157 9088 9087
f 9157 9114 9088
f 9157 9116 9114
f 9157 9084 9116
f 9157 9085 9084
f 9157 9105 9085
f 9171 9105 9157
f 9105 9171 9106
f 9106 9171 9098
f 9098 9171 9099
f 9099 9171 9111
f 9111 9171 9072
f 9072 9171 9073
f 9159 9073 9171
f 9061 9133 9067
f 9062 9133 9061
f 9056 9133 9062
f 9057 9133 9056
f 9063 9133 9057
f 9064 9133 9063
f 9094 9133 9064
f 9095 9133 9094
f 9107 9133 9095
f 9158 9073 9159
f 9147 9075 9146
f 9146 9075 9137
f 9137 9075 9138
f 9102 9138 9075
f 9138 9102 9155
f 9155 9102 9156
f 9156 9102 9141
f 9141 9102 9142
f 9142 9102 9173
f 9173 9102 9145
f 9145 9102 9131
f 9101 9131 9102
f 9100 9131 9101
f 9115 9131 9100
f 9090 9131 9115
f 9089 9131 9090
f 9104 9131 9089
f 9103 9131 9104
f 9132 9103 9097
f 9132 9097 9092
f 9132 9092 9091
f 9132 9091 9109
f 9132 9109 9108
f 9132 9108 9096
f 9167 9096 9069
f 9134 9069 9068
f 9103 9132 9131
f 9134 9068 9078
f 9134 9078 9079
f 9134 9079 9110
f 9134 9110 9086
f 9134 9086 9081
f 9134 9081 9070
f 9134 9070 9071
f 9134 9071 9077
f 9067 9133 9077
f 9126 9073 9158
f 9134 9077 9133
f 9125 9073 9126
f 9069 9134 9135
f 9185 9073 9125
f 9096 9136 9132
f 9175 9073 9185
f 9096 9170 9136
f 9174 9073 9175
f 9096 9162 9170
f 9073 9174 9107
f 9096 9163 9162
f 9181 9107 9174
f 9096 9186 9163
f 9160 9107 9181
f 9096 9176 9186
f 9161 9107 9160
f 9096 9167 9176
f 9177 9107 9161
f 9069 9140 9167
f 9165 9107 9177
f 9069 9139 9140
f 9164 9107 9165
f 9069 9180 9139
f 9123 9107 9164
f 9069 9183 9180
f 9124 9107 9123
f 9069 9153 9183
f 9107 9124 9133
f 9069 9152 9153
f 9069 9154 9152
f 9069 9135 9154
f 9185 2668 2669
f 2668 9185 9125
f 9172 2656 2657
f 2656 9172 9182
f 9159 2664 2665
f 2664 9159 9171
f 2837 9183 2838
f 9183 2837 9180
f 9179 2654 9168
f 2654 9179 2653
f 9184 2650 9148
f 2650 9184 2649
f 9186 2941 2939
f 2941 9186 9176
f 9163 2939 2938
f 2939 9163 9186
f 2673 9181 2672
f 9181 2673 9160
f 2675 9161 2674
f 9161 2675 9177
f 1677 4184 1867
f 4184 1677 4488
f 3769 1333 3767
f 1333 3769 1331
f 1333 4184 3767
f 4184 1333 1867
f 1677 3769 4488
f 3769 1677 1331
f 1673 4149 1864
f 4149 1673 3831
f 3846 1678 4183
f 1678 3846 1676
f 1678 4149 4183
f 4149 1678 1864
f 1673 3846 3831
f 3846 1673 1676
f 1667 4117 1860
f 4117 1667 3868
f 3883 1674 4150
f 1674 3883 1672
f 1674 4117 4150
f 4117 1674 1860
f 1667 3883 3868
f 3883 1667 1672
f 1660 4084 1859
f 4084 1660 3905
f 3920 1668 4116
f 1668 3920 1661
f 1668 4084 4116
f 4084 1668 1859
f 1660 3920 3905
f 3920 1660 1661
f 1652 4048 1856
f 4048 1652 4051
f 4085 1663 4037
f 1663 4085 1657
f 1663 4048 4037
f 4048 1663 1856
f 1652 4085 4051
f 4085 1652 1657
f 1443 3975 1446
f 3975 1443 3978
f 4052 1659 4043
f 1659 4052 1642
f 1659 3975 4043
f 3975 1659 1446
f 1443 4052 3978
f 4052 1443 1642
f 9187 9188 9189
f 9188 9187 9190
f 9191 9192 9193
f 9192 9191 9194
f 9195 9196 9197
f 9196 9195 9198
f 9199 9200 9201
f 9200 9199 9202
f 9203 9202 9199
f 9202 9203 9204
f 9205 9198 9195
f 9198 9205 9206
f 9207 9208 9209
f 9208 9207 9210
f 9211 9212 9213
f 9212 9211 9214
f 9215 9216 9217
f 9216 9215 9218
f 9219 9220 9221
f 9220 9219 9222
f 9223 9224 9225
f 9224 9223 9226
f 9227 9228 9229
f 9228 9227 9230
f 9231 9232 9233
f 9232 9231 9234
f 9235 9236 9237
f 9236 9235 9238
f 9239 9240 9241
f 9240 9239 9242
f 9243 9244 9245
f 9244 9243 9246
f 9247 9248 9249
f 9248 9247 9250
f 9251 9252 9253
f 9252 9251 9254
f 9255 9206 9256
f 9257 9256 9258
f 9206 9255 9259
f 9260 9258 9261
f 9262 9206 9259
f 9263 9261 9264
f 9206 9262 9198
f 9265 9264 9266
f 9267 9198 9262
f 9268 9266 9269
f 9270 9198 9267
f 9271 9269 9272
f 9198 9270 9196
f 9273 9272 9274
f 9275 9196 9270
f 9276 9274 9277
f 9196 9278 9279
f 9280 9277 9281
f 9282 9279 9278
f 9283 9281 9284
f 9285 9279 9282
f 9286 9284 9230
f 9279 9285 9287
f 9288 9287 9285
f 9289 9230 9227
f 9278 9196 9275
f 9256 9290 9255
f 9256 9257 9290
f 9258 9291 9257
f 9258 9260 9291
f 9261 9292 9260
f 9261 9263 9292
f 9264 9293 9263
f 9264 9265 9293
f 9266 9294 9265
f 9266 9268 9294
f 9269 9295 9268
f 9269 9271 9295
f 9272 9296 9271
f 9272 9273 9296
f 9274 9297 9273
f 9274 9276 9297
f 9298 9227 9299
f 9277 9300 9276
f 9277 9280 9300
f 9281 9301 9280
f 9281 9283 9301
f 9284 9302 9283
f 9284 9286 9302
f 9230 9303 9286
f 9230 9289 9303
f 9304 9299 9305
f 9227 9306 9289
f 9227 9298 9306
f 9299 9307 9298
f 9299 9304 9307
f 9305 9308 9304
f 9305 9309 9308
f 9310 9309 9305
f 9310 9311 9309
f 9310 9312 9311
f 9313 9312 9310
f 9312 9313 9314
f 9314 9313 9315
f 9316 9315 9313
f 9315 9316 9317
f 9317 9316 9318
f 9319 9318 9316
f 9318 9319 9320
f 9320 9319 9321
f 9322 9321 9319
f 9321 9322 9323
f 9323 9322 9324
f 9325 9324 9322
f 9324 9325 9326
f 9326 9325 9327
f 9328 9327 9325
f 9327 9328 9329
f 9329 9328 9330
f 9331 9330 9328
f 9330 9331 9332
f 9332 9331 9333
f 9334 9333 9331
f 9333 9334 9335
f 9335 9334 9336
f 9337 9336 9334
f 9336 9337 9338
f 9338 9337 9339
f 9340 9339 9337
f 9339 9340 9341
f 9341 9340 9342
f 9343 9342 9340
f 9342 9343 9344
f 9344 9343 9345
f 9346 9345 9343
f 9345 9346 9347
f 9348 9287 9288
f 9287 9348 9349
f 9350 9349 9348
f 9351 9349 9350
f 9349 9351 9352
f 9353 9352 9351
f 9354 9352 9353
f 9352 9354 9190
f 9355 9190 9354
f 9356 9190 9355
f 9190 9356 9188
f 9357 9188 9356
f 9358 9188 9357
f 9188 9358 9207
f 9359 9207 9358
f 9360 9207 9359
f 9207 9360 9210
f 9361 9210 9360
f 9362 9210 9361
f 9210 9362 9363
f 9364 9363 9362
f 9365 9363 9364
f 9363 9365 9366
f 9367 9366 9365
f 9368 9366 9367
f 9366 9368 9369
f 9370 9369 9368
f 9371 9369 9370
f 9369 9371 9372
f 9373 9372 9371
f 9374 9372 9373
f 9372 9374 9375
f 9376 9375 9374
f 9377 9375 9376
f 9378 9377 9379
f 9377 9378 9375
f 9380 9378 9379
f 9381 9380 9382
f 9381 9382 9383
f 9384 9383 9385
f 9384 9385 9386
f 9387 9386 9388
f 9380 9381 9378
f 9387 9388 9389
f 9390 9389 9391
f 9390 9391 9392
f 9393 9392 9394
f 9393 9394 9395
f 9396 9395 9397
f 9396 9397 9398
f 9239 9398 9399
f 9383 9384 9381
f 9239 9399 9400
f 9242 9400 9401
f 9242 9401 9402
f 9403 9402 9404
f 9403 9404 9405
f 9221 9405 9406
f 9221 9406 9407
f 9219 9407 9408
f 9219 9408 9409
f 9410 9409 9411
f 9410 9411 9412
f 9413 9412 9414
f 9413 9414 9415
f 9416 9415 9417
f 9416 9417 9418
f 9419 9418 9420
f 9386 9387 9384
f 9419 9420 9421
f 9233 9421 9422
f 9347 9346 9423
f 9389 9390 9387
f 9247 9423 9346
f 9392 9393 9390
f 9423 9247 9424
f 9395 9396 9393
f 9424 9247 9425
f 9398 9239 9396
f 9249 9425 9247
f 9400 9242 9239
f 9425 9249 9426
f 9402 9403 9242
f 9426 9249 9427
f 9405 9221 9403
f 9231 9427 9249
f 9407 9219 9221
f 9427 9231 9428
f 9409 9410 9219
f 9428 9231 9429
f 9412 9413 9410
f 9233 9429 9231
f 9415 9416 9413
f 9429 9233 9422
f 9418 9419 9416
f 9421 9233 9419
f 9430 9431 9432
f 9431 9430 9433
f 9434 9256 9435
f 9256 9434 9258
f 9390 9436 9437
f 9436 9390 9393
f 9438 9439 9440
f 9439 9438 9441
f 9346 9250 9247
f 9250 9346 9442
f 9443 9254 9251
f 9254 9443 9444
f 9210 9445 9208
f 9445 9210 9363
f 9214 9446 9212
f 9446 9214 9447
f 9384 9448 9449
f 9448 9384 9387
f 9450 9451 9452
f 9451 9450 9453
f 9331 9454 9455
f 9454 9331 9328
f 9456 9457 9458
f 9457 9456 9459
f 9416 9460 9413
f 9460 9416 9461
f 9462 9463 9464
f 9463 9462 9465
f 9413 9466 9410
f 9466 9413 9460
f 9464 9467 9468
f 9467 9464 9463
f 9363 9469 9445
f 9469 9363 9366
f 9447 9470 9446
f 9470 9447 9471
f 9188 9209 9189
f 9209 9188 9207
f 9192 9213 9193
f 9213 9192 9211
f 9432 9204 9203
f 9204 9432 9431
f 9435 9206 9205
f 9206 9435 9256
f 9472 9473 9474
f 9473 9472 9475
f 9476 9352 9477
f 9352 9476 9349
f 9478 9475 9472
f 9475 9478 9479
f 9480 9349 9476
f 9349 9480 9287
f 9369 9481 9482
f 9481 9369 9372
f 9483 9484 9485
f 9484 9483 9486
f 9487 9488 9489
f 9488 9487 9490
f 9325 9491 9492
f 9491 9325 9322
f 9471 9485 9470
f 9485 9471 9483
f 9366 9482 9469
f 9482 9366 9369
f 9493 9494 9495
f 9494 9493 9496
f 9305 9497 9498
f 9497 9305 9299
f 9499 9479 9478
f 9479 9499 9500
f 9501 9287 9480
f 9287 9501 9279
f 9226 9502 9224
f 9502 9226 9503
f 9230 9504 9228
f 9504 9230 9284
f 9322 9505 9491
f 9505 9322 9319
f 9490 9506 9488
f 9506 9490 9507
f 9508 9509 9510
f 9509 9508 9511
f 9378 9512 9513
f 9512 9378 9381
f 9396 9241 9514
f 9241 9396 9239
f 9515 9245 9516
f 9245 9515 9243
f 9343 9442 9346
f 9442 9343 9517
f 9518 9444 9443
f 9444 9518 9519
f 9474 9194 9191
f 9194 9474 9473
f 9477 9190 9187
f 9190 9477 9352
f 9403 9240 9242
f 9240 9403 9520
f 9521 9244 9246
f 9244 9521 9522
f 9511 9452 9509
f 9452 9511 9450
f 9381 9449 9512
f 9449 9381 9384
f 9310 9498 9523
f 9498 9310 9305
f 9524 9495 9525
f 9495 9524 9493
f 9526 9527 9528
f 9527 9526 9529
f 9530 9266 9531
f 9266 9530 9269
f 9532 9272 9533
f 9272 9532 9274
f 9534 9535 9536
f 9535 9534 9537
f 9538 9539 9540
f 9539 9538 9541
f 9542 9261 9543
f 9261 9542 9264
f 9533 9269 9530
f 9269 9533 9272
f 9536 9529 9526
f 9529 9536 9535
f 9544 9545 9546
f 9545 9544 9547
f 9316 9548 9549
f 9548 9316 9313
f 9281 9550 9551
f 9550 9281 9277
f 9552 9553 9554
f 9553 9552 9555
f 9419 9461 9416
f 9461 9419 9556
f 9557 9465 9462
f 9465 9557 9558
f 9496 9225 9494
f 9225 9496 9223
f 9299 9229 9497
f 9229 9299 9227
f 9559 9510 9560
f 9510 9559 9508
f 9375 9513 9561
f 9513 9375 9378
f 9507 9546 9506
f 9546 9507 9544
f 9319 9549 9505
f 9549 9319 9316
f 9197 9279 9501
f 9279 9197 9196
f 9201 9500 9499
f 9500 9201 9200
f 9540 9433 9430
f 9433 9540 9539
f 9543 9258 9434
f 9258 9543 9261
f 9372 9561 9481
f 9561 9372 9375
f 9486 9560 9484
f 9560 9486 9559
f 9334 9562 9337
f 9562 9334 9563
f 9564 9565 9566
f 9565 9564 9567
f 9568 9519 9518
f 9519 9568 9569
f 9340 9517 9343
f 9517 9340 9570
f 9387 9437 9448
f 9437 9387 9390
f 9453 9440 9451
f 9440 9453 9438
f 9459 9489 9457
f 9489 9459 9487
f 9328 9492 9454
f 9492 9328 9325
f 9337 9570 9340
f 9570 9337 9562
f 9566 9569 9568
f 9569 9566 9565
f 9393 9514 9436
f 9514 9393 9396
f 9441 9516 9439
f 9516 9441 9515
f 9249 9234 9231
f 9234 9249 9248
f 9253 9238 9235
f 9238 9253 9252
f 9468 9218 9215
f 9218 9468 9467
f 9410 9222 9219
f 9222 9410 9466
f 9284 9551 9504
f 9551 9284 9281
f 9503 9554 9502
f 9554 9503 9552
f 9528 9541 9538
f 9541 9528 9527
f 9531 9264 9542
f 9264 9531 9266
f 9564 9458 9567
f 9458 9564 9456
f 9334 9455 9563
f 9455 9334 9331
f 9217 9522 9521
f 9522 9217 9216
f 9221 9520 9403
f 9520 9221 9220
f 9547 9525 9545
f 9525 9547 9524
f 9313 9523 9548
f 9523 9313 9310
f 9199 9432 9203
f 9201 9432 9199
f 9201 9430 9432
f 9499 9430 9201
f 9499 9540 9430
f 9478 9540 9499
f 9478 9538 9540
f 9472 9538 9478
f 9472 9528 9538
f 9474 9528 9472
f 9474 9526 9528
f 9191 9526 9474
f 9191 9536 9526
f 9193 9536 9191
f 9193 9534 9536
f 9213 9534 9193
f 9213 9553 9534
f 9212 9553 9213
f 9212 9554 9553
f 9446 9554 9212
f 9446 9502 9554
f 9470 9502 9446
f 9470 9224 9502
f 9485 9224 9470
f 9485 9225 9224
f 9484 9225 9485
f 9484 9494 9225
f 9560 9494 9484
f 9560 9495 9494
f 9510 9495 9560
f 9510 9525 9495
f 9509 9525 9510
f 9509 9545 9525
f 9452 9545 9509
f 9452 9546 9545
f 9451 9546 9452
f 9451 9506 9546
f 9440 9506 9451
f 9440 9488 9506
f 9439 9488 9440
f 9439 9489 9488
f 9516 9489 9439
f 9516 9457 9489
f 9245 9457 9516
f 9245 9458 9457
f 9244 9458 9245
f 9244 9567 9458
f 9522 9567 9244
f 9522 9565 9567
f 9216 9565 9522
f 9216 9569 9565
f 9218 9569 9216
f 9218 9519 9569
f 9467 9519 9218
f 9467 9444 9519
f 9463 9444 9467
f 9463 9254 9444
f 9465 9254 9463
f 9465 9252 9254
f 9558 9252 9465
f 9558 9238 9252
f 9238 9558 9236
f 9233 9556 9419
f 9556 9233 9232
f 9237 9558 9557
f 9558 9237 9236
f 9555 9534 9553
f 9534 9555 9537
f 9277 9532 9550
f 9532 9277 9274
f 9571 9572 9573
f 9572 9571 9574
f 9575 9574 9571
f 9574 9575 9576
f 9573 9577 9578
f 9577 9573 9572
f 9579 9580 9581
f 9580 9579 9582
f 9583 9584 9585
f 9584 9583 9586
f 9587 9588 9589
f 9588 9587 9590
f 9591 9592 9593
f 9592 9591 9594
f 9595 9596 9597
f 9596 9595 9598
f 9599 9600 9601
f 9600 9599 9602
f 9603 9604 9605
f 9604 9603 9606
f 9578 9607 9608
f 9607 9578 9577
f 9609 9610 9611
f 9610 9609 9612
f 9605 9613 9614
f 9613 9605 9604
f 9615 9616 9617
f 9616 9615 9618
f 9619 9576 9575
f 9576 9619 9620
f 9621 9622 9623
f 9622 9621 9624
f 9625 9626 9627
f 9626 9625 9628
f 9629 9597 9630
f 9597 9629 9595
f 9631 9582 9579
f 9582 9631 9632
f 9633 9634 9635
f 9634 9633 9636
f 9637 9620 9619
f 9620 9637 9638
f 9639 9640 9641
f 9640 9639 9642
f 9611 9638 9637
f 9638 9611 9610
f 9643 9589 9644
f 9589 9643 9587
f 9204 9575 9571
f 9202 9571 9573
f 9575 9204 9619
f 9200 9573 9578
f 9431 9619 9204
f 9500 9578 9608
f 9619 9431 9637
f 9479 9608 9645
f 9433 9637 9431
f 9475 9645 9646
f 9637 9433 9611
f 9473 9646 9647
f 9539 9611 9433
f 9194 9647 9648
f 9611 9539 9609
f 9192 9648 9630
f 9541 9609 9539
f 9609 9541 9649
f 9571 9202 9204
f 9573 9200 9202
f 9578 9500 9200
f 9211 9630 9597
f 9608 9479 9500
f 9645 9475 9479
f 9646 9473 9475
f 9214 9597 9596
f 9647 9194 9473
f 9648 9192 9194
f 9447 9596 9650
f 9630 9211 9192
f 9597 9214 9211
f 9471 9650 9651
f 9596 9447 9214
f 9650 9471 9447
f 9483 9651 9652
f 9651 9483 9471
f 9652 9486 9483
f 9653 9486 9652
f 9653 9559 9486
f 9601 9559 9653
f 9601 9508 9559
f 9601 9511 9508
f 9600 9511 9601
f 9600 9450 9511
f 9654 9450 9600
f 9450 9654 9453
f 9655 9453 9654
f 9453 9655 9438
f 9593 9438 9655
f 9438 9593 9441
f 9592 9441 9593
f 9441 9592 9515
f 9627 9515 9592
f 9515 9627 9243
f 9626 9243 9627
f 9243 9626 9246
f 9656 9246 9626
f 9246 9656 9521
f 9657 9521 9656
f 9521 9657 9217
f 9640 9217 9657
f 9217 9640 9215
f 9215 9642 9468
f 9642 9215 9640
f 9527 9649 9541
f 9649 9527 9581
f 9529 9581 9527
f 9581 9529 9579
f 9535 9579 9529
f 9579 9535 9631
f 9537 9631 9535
f 9631 9537 9658
f 9555 9658 9537
f 9658 9555 9588
f 9552 9588 9555
f 9588 9552 9589
f 9503 9589 9552
f 9589 9503 9644
f 9226 9644 9503
f 9644 9226 9616
f 9223 9616 9226
f 9616 9223 9617
f 9496 9617 9223
f 9496 9584 9617
f 9493 9584 9496
f 9524 9584 9493
f 9524 9585 9584
f 9547 9585 9524
f 9547 9659 9585
f 9544 9659 9547
f 9660 9544 9507
f 9544 9660 9659
f 9661 9507 9490
f 9662 9490 9487
f 9507 9661 9660
f 9663 9487 9459
f 9664 9459 9456
f 9490 9662 9661
f 9665 9456 9564
f 9666 9564 9566
f 9487 9663 9662
f 9606 9566 9568
f 9604 9568 9518
f 9613 9518 9443
f 9459 9664 9663
f 9636 9443 9251
f 9634 9251 9253
f 9624 9253 9235
f 9456 9665 9664
f 9622 9235 9237
f 9667 9468 9642
f 9468 9667 9464
f 9564 9666 9665
f 9668 9464 9667
f 9566 9606 9666
f 9464 9668 9462
f 9568 9604 9606
f 9669 9462 9668
f 9518 9613 9604
f 9462 9669 9557
f 9443 9636 9613
f 9670 9557 9669
f 9251 9634 9636
f 9557 9670 9237
f 9253 9624 9634
f 9671 9237 9670
f 9235 9622 9624
f 9237 9671 9622
f 9672 9630 9648
f 9630 9672 9629
f 9673 9593 9655
f 9593 9673 9591
f 9598 9650 9596
f 9650 9598 9674
f 9675 9670 9676
f 9670 9675 9671
f 9646 9677 9647
f 9677 9646 9678
f 9679 9601 9653
f 9601 9679 9599
f 9628 9656 9626
f 9656 9628 9680
f 9647 9672 9648
f 9672 9647 9677
f 9681 9660 9661
f 9660 9681 9682
f 9608 9683 9645
f 9683 9608 9607
f 9581 9684 9649
f 9684 9581 9580
f 9674 9651 9650
f 9651 9674 9685
f 9686 9655 9654
f 9655 9686 9673
f 9618 9644 9616
f 9644 9618 9643
f 9594 9627 9592
f 9627 9594 9625
f 9687 9656 9680
f 9656 9687 9657
f 9645 9678 9646
f 9678 9645 9683
f 9688 9668 9689
f 9668 9688 9669
f 9602 9654 9600
f 9654 9602 9686
f 9614 9636 9633
f 9636 9614 9613
f 9586 9617 9584
f 9617 9586 9615
f 9690 9661 9662
f 9661 9690 9681
f 9691 9665 9666
f 9665 9691 9692
f 9635 9624 9621
f 9624 9635 9634
f 9691 9606 9603
f 9606 9691 9666
f 9676 9669 9688
f 9669 9676 9670
f 9685 9652 9651
f 9652 9685 9693
f 9623 9671 9675
f 9671 9623 9622
f 9689 9667 9694
f 9667 9689 9668
f 9590 9658 9588
f 9658 9590 9695
f 9641 9657 9687
f 9657 9641 9640
f 9696 9663 9664
f 9663 9696 9697
f 9692 9664 9665
f 9664 9692 9696
f 9694 9642 9639
f 9642 9694 9667
f 9649 9612 9609
f 9612 9649 9684
f 9698 9585 9659
f 9585 9698 9583
f 9682 9659 9660
f 9659 9682 9698
f 9695 9631 9658
f 9631 9695 9632
f 9693 9653 9652
f 9653 9693 9679
f 9697 9662 9663
f 9662 9697 9690
f 9205 9576 9620
f 9435 9620 9638
f 9576 9205 9574
f 9434 9638 9610
f 9195 9574 9205
f 9543 9610 9612
f 9574 9195 9572
f 9542 9612 9684
f 9197 9572 9195
f 9531 9684 9580
f 9572 9197 9577
f 9530 9580 9582
f 9501 9577 9197
f 9533 9582 9632
f 9577 9501 9607
f 9532 9632 9695
f 9480 9607 9501
f 9607 9480 9683
f 9620 9435 9205
f 9638 9434 9435
f 9610 9543 9434
f 9550 9695 9590
f 9612 9542 9543
f 9684 9531 9542
f 9580 9530 9531
f 9551 9590 9587
f 9582 9533 9530
f 9632 9532 9533
f 9504 9587 9643
f 9695 9550 9532
f 9590 9551 9550
f 9228 9643 9618
f 9587 9504 9551
f 9643 9228 9504
f 9229 9618 9615
f 9618 9229 9228
f 9615 9497 9229
f 9586 9497 9615
f 9586 9498 9497
f 9583 9498 9586
f 9583 9523 9498
f 9583 9548 9523
f 9698 9548 9583
f 9698 9549 9548
f 9682 9549 9698
f 9549 9682 9505
f 9681 9505 9682
f 9505 9681 9491
f 9690 9491 9681
f 9491 9690 9492
f 9697 9492 9690
f 9492 9697 9454
f 9696 9454 9697
f 9454 9696 9455
f 9692 9455 9696
f 9455 9692 9563
f 9691 9563 9692
f 9563 9691 9562
f 9603 9562 9691
f 9562 9603 9570
f 9605 9570 9603
f 9570 9605 9517
f 9517 9614 9442
f 9614 9517 9605
f 9476 9683 9480
f 9683 9476 9678
f 9477 9678 9476
f 9678 9477 9677
f 9187 9677 9477
f 9677 9187 9672
f 9189 9672 9187
f 9672 9189 9629
f 9209 9629 9189
f 9629 9209 9595
f 9208 9595 9209
f 9595 9208 9598
f 9445 9598 9208
f 9598 9445 9674
f 9469 9674 9445
f 9674 9469 9685
f 9482 9685 9469
f 9685 9482 9693
f 9481 9693 9482
f 9481 9679 9693
f 9561 9679 9481
f 9513 9679 9561
f 9513 9599 9679
f 9512 9599 9513
f 9512 9602 9599
f 9449 9602 9512
f 9686 9449 9448
f 9449 9686 9602
f 9673 9448 9437
f 9591 9437 9436
f 9448 9673 9686
f 9594 9436 9514
f 9625 9514 9241
f 9437 9591 9673
f 9628 9241 9240
f 9680 9240 9520
f 9436 9594 9591
f 9687 9520 9220
f 9641 9220 9222
f 9639 9222 9466
f 9514 9625 9594
f 9694 9466 9460
f 9689 9460 9461
f 9688 9461 9556
f 9241 9628 9625
f 9676 9556 9232
f 9633 9442 9614
f 9442 9633 9250
f 9240 9680 9628
f 9635 9250 9633
f 9520 9687 9680
f 9250 9635 9248
f 9220 9641 9687
f 9621 9248 9635
f 9222 9639 9641
f 9248 9621 9234
f 9466 9694 9639
f 9623 9234 9621
f 9460 9689 9694
f 9234 9623 9232
f 9461 9688 9689
f 9675 9232 9623
f 9556 9676 9688
f 9232 9675 9676
f 9699 9700 9701
f 9700 9699 9702
f 9703 9704 9705
f 9704 9703 9706
f 9707 9708 9709
f 9708 9707 9710
f 9711 9712 9713
f 9712 9711 9714
f 9715 9714 9711
f 9714 9715 9716
f 9717 9710 9707
f 9710 9717 9718
f 9719 9720 9721
f 9720 9719 9722
f 9723 9724 9725
f 9724 9723 9726
f 9727 9728 9729
f 9728 9727 9730
f 9731 9732 9733
f 9732 9731 9734
f 9735 9736 9737
f 9736 9735 9738
f 9739 9740 9741
f 9740 9739 9742
f 9743 9744 9745
f 9744 9743 9746
f 9747 9748 9749
f 9748 9747 9750
f 9751 9752 9753
f 9752 9751 9754
f 9755 9756 9757
f 9756 9755 9758
f 9759 9760 9761
f 9760 9759 9762
f 9763 9764 9765
f 9764 9763 9766
f 9767 9718 9768
f 9769 9768 9770
f 9718 9767 9771
f 9772 9770 9773
f 9774 9718 9771
f 9775 9773 9776
f 9718 9774 9710
f 9777 9776 9778
f 9779 9710 9774
f 9780 9778 9781
f 9782 9710 9779
f 9783 9781 9784
f 9710 9782 9708
f 9785 9784 9786
f 9787 9708 9782
f 9788 9786 9789
f 9708 9790 9791
f 9792 9789 9793
f 9794 9791 9790
f 9795 9793 9796
f 9797 9791 9794
f 9798 9796 9742
f 9791 9797 9799
f 9800 9799 9797
f 9801 9742 9739
f 9790 9708 9787
f 9768 9802 9767
f 9768 9769 9802
f 9770 9803 9769
f 9770 9772 9803
f 9773 9804 9772
f 9773 9775 9804
f 9776 9805 9775
f 9776 9777 9805
f 9778 9806 9777
f 9778 9780 9806
f 9781 9807 9780
f 9781 9783 9807
f 9784 9808 9783
f 9784 9785 9808
f 9786 9809 9785
f 9786 9788 9809
f 9810 9739 9811
f 9789 9812 9788
f 9789 9792 9812
f 9793 9813 9792
f 9793 9795 9813
f 9796 9814 9795
f 9796 9798 9814
f 9742 9815 9798
f 9742 9801 9815
f 9816 9811 9817
f 9739 9818 9801
f 9739 9810 9818
f 9811 9819 9810
f 9811 9816 9819
f 9817 9820 9816
f 9817 9821 9820
f 9822 9821 9817
f 9822 9823 9821
f 9822 9824 9823
f 9825 9824 9822
f 9824 9825 9826
f 9826 9825 9827
f 9828 9827 9825
f 9827 9828 9829
f 9829 9828 9830
f 9831 9830 9828
f 9830 9831 9832
f 9832 9831 9833
f 9834 9833 9831
f 9833 9834 9835
f 9835 9834 9836
f 9837 9836 9834
f 9836 9837 9838
f 9838 9837 9839
f 9840 9839 9837
f 9839 9840 9841
f 9841 9840 9842
f 9843 9842 9840
f 9842 9843 9844
f 9844 9843 9845
f 9846 9845 9843
f 9845 9846 9847
f 9847 9846 9848
f 9849 9848 9846
f 9848 9849 9850
f 9850 9849 9851
f 9852 9851 9849
f 9851 9852 9853
f 9853 9852 9854
f 9855 9854 9852
f 9854 9855 9856
f 9856 9855 9857
f 9858 9857 9855
f 9857 9858 9859
f 9860 9799 9800
f 9799 9860 9861
f 9862 9861 9860
f 9863 9861 9862
f 9861 9863 9864
f 9865 9864 9863
f 9866 9864 9865
f 9864 9866 9702
f 9867 9702 9866
f 9868 9702 9867
f 9702 9868 9700
f 9869 9700 9868
f 9870 9700 9869
f 9700 9870 9719
f 9871 9719 9870
f 9872 9719 9871
f 9719 9872 9722
f 9873 9722 9872
f 9874 9722 9873
f 9722 9874 9875
f 9876 9875 9874
f 9877 9875 9876
f 9875 9877 9878
f 9879 9878 9877
f 9880 9878 9879
f 9878 9880 9881
f 9882 9881 9880
f 9883 9881 9882
f 9881 9883 9884
f 9885 9884 9883
f 9886 9884 9885
f 9884 9886 9887
f 9888 9887 9886
f 9889 9887 9888
f 9890 9889 9891
f 9889 9890 9887
f 9892 9890 9891
f 9893 9892 9894
f 9893 9894 9895
f 9896 9895 9897
f 9896 9897 9898
f 9899 9898 9900
f 9892 9893 9890
f 9899 9900 9901
f 9902 9901 9903
f 9902 9903 9904
f 9905 9904 9906
f 9905 9906 9907
f 9908 9907 9909
f 9908 9909 9910
f 9751 9910 9911
f 9895 9896 9893
f 9751 9911 9912
f 9754 9912 9913
f 9754 9913 9914
f 9915 9914 9916
f 9915 9916 9917
f 9733 9917 9918
f 9733 9918 9919
f 9731 9919 9920
f 9731 9920 9921
f 9922 9921 9923
f 9922 9923 9924
f 9925 9924 9926
f 9925 9926 9927
f 9928 9927 9929
f 9928 9929 9930
f 9931 9930 9932
f 9898 9899 9896
f 9931 9932 9933
f 9745 9933 9934
f 9859 9858 9935
f 9901 9902 9899
f 9759 9935 9858
f 9904 9905 9902
f 9935 9759 9936
f 9907 9908 9905
f 9936 9759 9937
f 9910 9751 9908
f 9761 9937 9759
f 9912 9754 9751
f 9937 9761 9938
f 9914 9915 9754
f 9938 9761 9939
f 9917 9733 9915
f 9743 9939 9761
f 9919 9731 9733
f 9939 9743 9940
f 9921 9922 9731
f 9940 9743 9941
f 9924 9925 9922
f 9745 9941 9743
f 9927 9928 9925
f 9941 9745 9934
f 9930 9931 9928
f 9933 9745 9931
f 9942 9943 9944
f 9943 9942 9945
f 9946 9768 9947
f 9768 9946 9770
f 9902 9948 9949
f 9948 9902 9905
f 9950 9951 9952
f 9951 9950 9953
f 9858 9762 9759
f 9762 9858 9954
f 9955 9766 9763
f 9766 9955 9956
f 9722 9957 9720
f 9957 9722 9875
f 9726 9958 9724
f 9958 9726 9959
f 9896 9960 9961
f 9960 9896 9899
f 9962 9963 9964
f 9963 9962 9965
f 9843 9966 9967
f 9966 9843 9840
f 9968 9969 9970
f 9969 9968 9971
f 9928 9972 9925
f 9972 9928 9973
f 9974 9975 9976
f 9975 9974 9977
f 9925 9978 9922
f 9978 9925 9972
f 9976 9979 9980
f 9979 9976 9975
f 9875 9981 9957
f 9981 9875 9878
f 9959 9982 9958
f 9982 9959 9983
f 9700 9721 9701
f 9721 9700 9719
f 9704 9725 9705
f 9725 9704 9723
f 9944 9716 9715
f 9716 9944 9943
f 9947 9718 9717
f 9718 9947 9768
f 9984 9985 9986
f 9985 9984 9987
f 9988 9864 9989
f 9864 9988 9861
f 9990 9987 9984
f 9987 9990 9991
f 9992 9861 9988
f 9861 9992 9799
f 9881 9993 9994
f 9993 9881 9884
f 9995 9996 9997
f 9996 9995 9998
f 9999 10000 10001
f 10000 9999 10002
f 9837 10003 10004
f 10003 9837 9834
f 9983 9997 9982
f 9997 9983 9995
f 9878 9994 9981
f 9994 9878 9881
f 10005 10006 10007
f 10006 10005 10008
f 9817 10009 10010
f 10009 9817 9811
f 10011 9991 9990
f 9991 10011 10012
f 10013 9799 9992
f 9799 10013 9791
f 9738 10014 9736
f 10014 9738 10015
f 9742 10016 9740
f 10016 9742 9796
f 9834 10017 10003
f 10017 9834 9831
f 10002 10018 10000
f 10018 10002 10019
f 10020 10021 10022
f 10021 10020 10023
f 9890 10024 10025
f 10024 9890 9893
f 9908 9753 10026
f 9753 9908 9751
f 10027 9757 10028
f 9757 10027 9755
f 9855 9954 9858
f 9954 9855 10029
f 10030 9956 9955
f 9956 10030 10031
f 9986 9706 9703
f 9706 9986 9985
f 9989 9702 9699
f 9702 9989 9864
f 9915 9752 9754
f 9752 9915 10032
f 10033 9756 9758
f 9756 10033 10034
f 10023 9964 10021
f 9964 10023 9962
f 9893 9961 10024
f 9961 9893 9896
f 9822 10010 10035
f 10010 9822 9817
f 10036 10007 10037
f 10007 10036 10005
f 10038 10039 10040
f 10039 10038 10041
f 10042 9778 10043
f 9778 10042 9781
f 10044 9784 10045
f 9784 10044 9786
f 10046 10047 10048
f 10047 10046 10049
f 10050 10051 10052
f 10051 10050 10053
f 10054 9773 10055
f 9773 10054 9776
f 10045 9781 10042
f 9781 10045 9784
f 10048 10041 10038
f 10041 10048 10047
f 10056 10057 10058
f 10057 10056 10059
f 9828 10060 10061
f 10060 9828 9825
f 9793 10062 10063
f 10062 9793 9789
f 10064 10065 10066
f 10065 10064 10067
f 9931 9973 9928
f 9973 9931 10068
f 10069 9977 9974
f 9977 10069 10070
f 10008 9737 10006
f 9737 10008 9735
f 9811 9741 10009
f 9741 9811 9739
f 10071 10022 10072
f 10022 10071 10020
f 9887 10025 10073
f 10025 9887 9890
f 10019 10058 10018
f 10058 10019 10056
f 9831 10061 10017
f 10061 9831 9828
f 9709 9791 10013
f 9791 9709 9708
f 9713 10012 10011
f 10012 9713 9712
f 10052 9945 9942
f 9945 10052 10051
f 10055 9770 9946
f 9770 10055 9773
f 9884 10073 9993
f 10073 9884 9887
f 9998 10072 9996
f 10072 9998 10071
f 9846 10074 9849
f 10074 9846 10075
f 10076 10077 10078
f 10077 10076 10079
f 10080 10031 10030
f 10031 10080 10081
f 9852 10029 9855
f 10029 9852 10082
f 9899 9949 9960
f 9949 9899 9902
f 9965 9952 9963
f 9952 9965 9950
f 9971 10001 9969
f 10001 9971 9999
f 9840 10004 9966
f 10004 9840 9837
f 9849 10082 9852
f 10082 9849 10074
f 10078 10081 10080
f 10081 10078 10077
f 9905 10026 9948
f 10026 9905 9908
f 9953 10028 9951
f 10028 9953 10027
f 9761 9746 9743
f 9746 9761 9760
f 9765 9750 9747
f 9750 9765 9764
f 9980 9730 9727
f 9730 9980 9979
f 9922 9734 9731
f 9734 9922 9978
f 9796 10063 10016
f 10063 9796 9793
f 10015 10066 10014
f 10066 10015 10064
f 10040 10053 10050
f 10053 10040 10039
f 10043 9776 10054
f 9776 10043 9778
f 10076 9970 10079
f 9970 10076 9968
f 9846 9967 10075
f 9967 9846 9843
f 9729 10034 10033
f 10034 9729 9728
f 9733 10032 9915
f 10032 9733 9732
f 10059 10037 10057
f 10037 10059 10036
f 9825 10035 10060
f 10035 9825 9822
f 9711 9944 9715
f 9713 9944 9711
f 9713 9942 9944
f 10011 9942 9713
f 10011 10052 9942
f 9990 10052 10011
f 9990 10050 10052
f 9984 10050 9990
f 9984 10040 10050
f 9986 10040 9984
f 9986 10038 10040
f 9703 10038 9986
f 9703 10048 10038
f 9705 10048 9703
f 9705 10046 10048
f 9725 10046 9705
f 9725 10065 10046
f 9724 10065 9725
f 9724 10066 10065
f 9958 10066 9724
f 9958 10014 10066
f 9982 10014 9958
f 9982 9736 10014
f 9997 9736 9982
f 9997 9737 9736
f 9996 9737 9997
f 9996 10006 9737
f 10072 10006 9996
f 10072 10007 10006
f 10022 10007 10072
f 10022 10037 10007
f 10021 10037 10022
f 10021 10057 10037
f 9964 10057 10021
f 9964 10058 10057
f 9963 10058 9964
f 9963 10018 10058
f 9952 10018 9963
f 9952 10000 10018
f 9951 10000 9952
f 9951 10001 10000
f 10028 10001 9951
f 10028 9969 10001
f 9757 9969 10028
f 9757 9970 9969
f 9756 9970 9757
f 9756 10079 9970
f 10034 10079 9756
f 10034 10077 10079
f 9728 10077 10034
f 9728 10081 10077
f 9730 10081 9728
f 9730 10031 10081
f 9979 10031 9730
f 9979 9956 10031
f 9975 9956 9979
f 9975 9766 9956
f 9977 9766 9975
f 9977 9764 9766
f 10070 9764 9977
f 10070 9750 9764
f 9750 10070 9748
f 9745 10068 9931
f 10068 9745 9744
f 9749 10070 10069
f 10070 9749 9748
f 10067 10046 10065
f 10046 10067 10049
f 9789 10044 10062
f 10044 9789 9786
f 10083 10084 10085
f 10084 10083 10086
f 10087 10086 10083
f 10086 10087 10088
f 10085 10089 10090
f 10089 10085 10084
f 10091 10092 10093
f 10092 10091 10094
f 10095 10096 10097
f 10096 10095 10098
f 10099 10100 10101
f 10100 10099 10102
f 10103 10104 10105
f 10104 10103 10106
f 10107 10108 10109
f 10108 10107 10110
f 10111 10112 10113
f 10112 10111 10114
f 10115 10116 10117
f 10116 10115 10118
f 10090 10119 10120
f 10119 10090 10089
f 10121 10122 10123
f 10122 10121 10124
f 10117 10125 10126
f 10125 10117 10116
f 10127 10128 10129
f 10128 10127 10130
f 10131 10088 10087
f 10088 10131 10132
f 10133 10134 10135
f 10134 10133 10136
f 10137 10138 10139
f 10138 10137 10140
f 10141 10109 10142
f 10109 10141 10107
f 10143 10094 10091
f 10094 10143 10144
f 10145 10146 10147
f 10146 10145 10148
f 10149 10132 10131
f 10132 10149 10150
f 10151 10152 10153
f 10152 10151 10154
f 10123 10150 10149
f 10150 10123 10122
f 10155 10101 10156
f 10101 10155 10099
f 9716 10087 10083
f 9714 10083 10085
f 10087 9716 10131
f 9712 10085 10090
f 9943 10131 9716
f 10012 10090 10120
f 10131 9943 10149
f 9991 10120 10157
f 9945 10149 9943
f 9987 10157 10158
f 10149 9945 10123
f 9985 10158 10159
f 10051 10123 9945
f 9706 10159 10160
f 10123 10051 10121
f 9704 10160 10142
f 10053 10121 10051
f 10121 10053 10161
f 10083 9714 9716
f 10085 9712 9714
f 10090 10012 9712
f 9723 10142 10109
f 10120 9991 10012
f 10157 9987 9991
f 10158 9985 9987
f 9726 10109 10108
f 10159 9706 9985
f 10160 9704 9706
f 9959 10108 10162
f 10142 9723 9704
f 10109 9726 9723
f 9983 10162 10163
f 10108 9959 9726
f 10162 9983 9959
f 9995 10163 10164
f 10163 9995 9983
f 10164 9998 9995
f 10165 9998 10164
f 10165 10071 9998
f 10113 10071 10165
f 10113 10020 10071
f 10113 10023 10020
f 10112 10023 10113
f 10112 9962 10023
f 10166 9962 10112
f 9962 10166 9965
f 10167 9965 10166
f 9965 10167 9950
f 10105 9950 10167
f 9950 10105 9953
f 10104 9953 10105
f 9953 10104 10027
f 10139 10027 10104
f 10027 10139 9755
f 10138 9755 10139
f 9755 10138 9758
f 10168 9758 10138
f 9758 10168 10033
f 10169 10033 10168
f 10033 10169 9729
f 10152 9729 10169
f 9729 10152 9727
f 9727 10154 9980
f 10154 9727 10152
f 10039 10161 10053
f 10161 10039 10093
f 10041 10093 10039
f 10093 10041 10091
f 10047 10091 10041
f 10091 10047 10143
f 10049 10143 10047
f 10143 10049 10170
f 10067 10170 10049
f 10170 10067 10100
f 10064 10100 10067
f 10100 10064 10101
f 10015 10101 10064
f 10101 10015 10156
f 9738 10156 10015
f 10156 9738 10128
f 9735 10128 9738
f 10128 9735 10129
f 10008 10129 9735
f 10008 10096 10129
f 10005 10096 10008
f 10036 10096 10005
f 10036 10097 10096
f 10059 10097 10036
f 10059 10171 10097
f 10056 10171 10059
f 10172 10056 10019
f 10056 10172 10171
f 10173 10019 10002
f 10174 10002 9999
f 10019 10173 10172
f 10175 9999 9971
f 10176 9971 9968
f 10002 10174 10173
f 10177 9968 10076
f 10178 10076 10078
f 9999 10175 10174
f 10118 10078 10080
f 10116 10080 10030
f 10125 10030 9955
f 9971 10176 10175
f 10148 9955 9763
f 10146 9763 9765
f 10136 9765 9747
f 9968 10177 10176
f 10134 9747 9749
f 10179 9980 10154
f 9980 10179 9976
f 10076 10178 10177
f 10180 9976 10179
f 10078 10118 10178
f 9976 10180 9974
f 10080 10116 10118
f 10181 9974 10180
f 10030 10125 10116
f 9974 10181 10069
f 9955 10148 10125
f 10182 10069 10181
f 9763 10146 10148
f 10069 10182 9749
f 9765 10136 10146
f 10183 9749 10182
f 9747 10134 10136
f 9749 10183 10134
f 10184 10142 10160
f 10142 10184 10141
f 10185 10105 10167
f 10105 10185 10103
f 10110 10162 10108
f 10162 10110 10186
f 10187 10182 10188
f 10182 10187 10183
f 10158 10189 10159
f 10189 10158 10190
f 10191 10113 10165
f 10113 10191 10111
f 10140 10168 10138
f 10168 10140 10192
f 10159 10184 10160
f 10184 10159 10189
f 10193 10172 10173
f 10172 10193 10194
f 10120 10195 10157
f 10195 10120 10119
f 10093 10196 10161
f 10196 10093 10092
f 10186 10163 10162
f 10163 10186 10197
f 10198 10167 10166
f 10167 10198 10185
f 10130 10156 10128
f 10156 10130 10155
f 10106 10139 10104
f 10139 10106 10137
f 10199 10168 10192
f 10168 10199 10169
f 10157 10190 10158
f 10190 10157 10195
f 10200 10180 10201
f 10180 10200 10181
f 10114 10166 10112
f 10166 10114 10198
f 10126 10148 10145
f 10148 10126 10125
f 10098 10129 10096
f 10129 10098 10127
f 10202 10173 10174
f 10173 10202 10193
f 10203 10177 10178
f 10177 10203 10204
f 10147 10136 10133
f 10136 10147 10146
f 10203 10118 10115
f 10118 10203 10178
f 10188 10181 10200
f 10181 10188 10182
f 10197 10164 10163
f 10164 10197 10205
f 10135 10183 10187
f 10183 10135 10134
f 10201 10179 10206
f 10179 10201 10180
f 10102 10170 10100
f 10170 10102 10207
f 10153 10169 10199
f 10169 10153 10152
f 10208 10175 10176
f 10175 10208 10209
f 10204 10176 10177
f 10176 10204 10208
f 10206 10154 10151
f 10154 10206 10179
f 10161 10124 10121
f 10124 10161 10196
f 10210 10097 10171
f 10097 10210 10095
f 10194 10171 10172
f 10171 10194 10210
f 10207 10143 10170
f 10143 10207 10144
f 10205 10165 10164
f 10165 10205 10191
f 10209 10174 10175
f 10174 10209 10202
f 9717 10088 10132
f 9947 10132 10150
f 10088 9717 10086
f 9946 10150 10122
f 9707 10086 9717
f 10055 10122 10124
f 10086 9707 10084
f 10054 10124 10196
f 9709 10084 9707
f 10043 10196 10092
f 10084 9709 10089
f 10042 10092 10094
f 10013 10089 9709
f 10045 10094 10144
f 10089 10013 10119
f 10044 10144 10207
f 9992 10119 10013
f 10119 9992 10195
f 10132 9947 9717
f 10150 9946 9947
f 10122 10055 9946
f 10062 10207 10102
f 10124 10054 10055
f 10196 10043 10054
f 10092 10042 10043
f 10063 10102 10099
f 10094 10045 10042
f 10144 10044 10045
f 10016 10099 10155
f 10207 10062 10044
f 10102 10063 10062
f 9740 10155 10130
f 10099 10016 10063
f 10155 9740 10016
f 9741 10130 10127
f 10130 9741 9740
f 10127 10009 9741
f 10098 10009 10127
f 10098 10010 10009
f 10095 10010 10098
f 10095 10035 10010
f 10095 10060 10035
f 10210 10060 10095
f 10210 10061 10060
f 10194 10061 10210
f 10061 10194 10017
f 10193 10017 10194
f 10017 10193 10003
f 10202 10003 10193
f 10003 10202 10004
f 10209 10004 10202
f 10004 10209 9966
f 10208 9966 10209
f 9966 10208 9967
f 10204 9967 10208
f 9967 10204 10075
f 10203 10075 10204
f 10075 10203 10074
f 10115 10074 10203
f 10074 10115 10082
f 10117 10082 10115
f 10082 10117 10029
f 10029 10126 9954
f 10126 10029 10117
f 9988 10195 9992
f 10195 9988 10190
f 9989 10190 9988
f 10190 9989 10189
f 9699 10189 9989
f 10189 9699 10184
f 9701 10184 9699
f 10184 9701 10141
f 9721 10141 9701
f 10141 9721 10107
f 9720 10107 9721
f 10107 9720 10110
f 9957 10110 9720
f 10110 9957 10186
f 9981 10186 9957
f 10186 9981 10197
f 9994 10197 9981
f 10197 9994 10205
f 9993 10205 9994
f 9993 10191 10205
f 10073 10191 9993
f 10025 10191 10073
f 10025 10111 10191
f 10024 10111 10025
f 10024 10114 10111
f 9961 10114 10024
f 10198 9961 9960
f 9961 10198 10114
f 10185 9960 9949
f 10103 9949 9948
f 9960 10185 10198
f 10106 9948 10026
f 10137 10026 9753
f 9949 10103 10185
f 10140 9753 9752
f 10192 9752 10032
f 9948 10106 10103
f 10199 10032 9732
f 10153 9732 9734
f 10151 9734 9978
f 10026 10137 10106
f 10206 9978 9972
f 10201 9972 9973
f 10200 9973 10068
f 9753 10140 10137
f 10188 10068 9744
f 10145 9954 10126
f 9954 10145 9762
f 9752 10192 10140
f 10147 9762 10145
f 10032 10199 10192
f 9762 10147 9760
f 9732 10153 10199
f 10133 9760 10147
f 9734 10151 10153
f 9760 10133 9746
f 9978 10206 10151
f 10135 9746 10133
f 9972 10201 10206
f 9746 10135 9744
f 9973 10200 10201
f 10187 9744 10135
f 10068 10188 10200
f 9744 10187 10188
f 10211 10212 10213
f 10212 10211 10214
f 10215 10216 10217
f 10216 10215 10218
f 10219 10220 10221
f 10220 10219 10222
f 10223 10224 10225
f 10224 10223 10226
f 10227 10226 10223
f 10226 10227 10228
f 10229 10222 10219
f 10222 10229 10230
f 10231 10232 10233
f 10232 10231 10234
f 10235 10236 10237
f 10236 10235 10238
f 10239 10240 10241
f 10240 10239 10242
f 10243 10244 10245
f 10244 10243 10246
f 10247 10248 10249
f 10248 10247 10250
f 10251 10252 10253
f 10252 10251 10254
f 10255 10256 10257
f 10256 10255 10258
f 10259 10260 10261
f 10260 10259 10262
f 10263 10264 10265
f 10264 10263 10266
f 10267 10268 10269
f 10268 10267 10270
f 10271 10272 10273
f 10272 10271 10274
f 10275 10276 10277
f 10276 10275 10278
f 10279 10230 10280
f 10281 10280 10282
f 10230 10279 10283
f 10284 10282 10285
f 10286 10230 10283
f 10287 10285 10288
f 10230 10286 10222
f 10289 10288 10290
f 10291 10222 10286
f 10292 10290 10293
f 10294 10222 10291
f 10295 10293 10296
f 10222 10294 10220
f 10297 10296 10298
f 10299 10220 10294
f 10300 10298 10301
f 10220 10302 10303
f 10304 10301 10305
f 10306 10303 10302
f 10307 10305 10308
f 10309 10303 10306
f 10310 10308 10254
f 10303 10309 10311
f 10312 10311 10309
f 10313 10254 10251
f 10302 10220 10299
f 10280 10314 10279
f 10280 10281 10314
f 10282 10315 10281
f 10282 10284 10315
f 10285 10316 10284
f 10285 10287 10316
f 10288 10317 10287
f 10288 10289 10317
f 10290 10318 10289
f 10290 10292 10318
f 10293 10319 10292
f 10293 10295 10319
f 10296 10320 10295
f 10296 10297 10320
f 10298 10321 10297
f 10298 10300 10321
f 10322 10251 10323
f 10301 10324 10300
f 10301 10304 10324
f 10305 10325 10304
f 10305 10307 10325
f 10308 10326 10307
f 10308 10310 10326
f 10254 10327 10310
f 10254 10313 10327
f 10328 10323 10329
f 10251 10330 10313
f 10251 10322 10330
f 10323 10331 10322
f 10323 10328 10331
f 10329 10332 10328
f 10329 10333 10332
f 10334 10333 10329
f 10334 10335 10333
f 10334 10336 10335
f 10337 10336 10334
f 10336 10337 10338
f 10338 10337 10339
f 10340 10339 10337
f 10339 10340 10341
f 10341 10340 10342
f 10343 10342 10340
f 10342 10343 10344
f 10344 10343 10345
f 10346 10345 10343
f 10345 10346 10347
f 10347 10346 10348
f 10349 10348 10346
f 10348 10349 10350
f 10350 10349 10351
f 10352 10351 10349
f 10351 10352 10353
f 10353 10352 10354
f 10355 10354 10352
f 10354 10355 10356
f 10356 10355 10357
f 10358 10357 10355
f 10357 10358 10359
f 10359 10358 10360
f 10361 10360 10358
f 10360 10361 10362
f 10362 10361 10363
f 10364 10363 10361
f 10363 10364 10365
f 10365 10364 10366
f 10367 10366 10364
f 10366 10367 10368
f 10368 10367 10369
f 10370 10369 10367
f 10369 10370 10371
f 10372 10311 10312
f 10311 10372 10373
f 10374 10373 10372
f 10375 10373 10374
f 10373 10375 10376
f 10377 10376 10375
f 10378 10376 10377
f 10376 10378 10214
f 10379 10214 10378
f 10380 10214 10379
f 10214 10380 10212
f 10381 10212 10380
f 10382 10212 10381
f 10212 10382 10231
f 10383 10231 10382
f 10384 10231 10383
f 10231 10384 10234
f 10385 10234 10384
f 10386 10234 10385
f 10234 10386 10387
f 10388 10387 10386
f 10389 10387 10388
f 10387 10389 10390
f 10391 10390 10389
f 10392 10390 10391
f 10390 10392 10393
f 10394 10393 10392
f 10395 10393 10394
f 10393 10395 10396
f 10397 10396 10395
f 10398 10396 10397
f 10396 10398 10399
f 10400 10399 10398
f 10401 10399 10400
f 10402 10401 10403
f 10401 10402 10399
f 10404 10402 10403
f 10405 10404 10406
f 10405 10406 10407
f 10408 10407 10409
f 10408 10409 10410
f 10411 10410 10412
f 10404 10405 10402
f 10411 10412 10413
f 10414 10413 10415
f 10414 10415 10416
f 10417 10416 10418
f 10417 10418 10419
f 10420 10419 10421
f 10420 10421 10422
f 10263 10422 10423
f 10407 10408 10405
f 10263 10423 10424
f 10266 10424 10425
f 10266 10425 10426
f 10427 10426 10428
f 10427 10428 10429
f 10245 10429 10430
f 10245 10430 10431
f 10243 10431 10432
f 10243 10432 10433
f 10434 10433 10435
f 10434 10435 10436
f 10437 10436 10438
f 10437 10438 10439
f 10440 10439 10441
f 10440 10441 10442
f 10443 10442 10444
f 10410 10411 10408
f 10443 10444 10445
f 10257 10445 10446
f 10371 10370 10447
f 10413 10414 10411
f 10271 10447 10370
f 10416 10417 10414
f 10447 10271 10448
f 10419 10420 10417
f 10448 10271 10449
f 10422 10263 10420
f 10273 10449 10271
f 10424 10266 10263
f 10449 10273 10450
f 10426 10427 10266
f 10450 10273 10451
f 10429 10245 10427
f 10255 10451 10273
f 10431 10243 10245
f 10451 10255 10452
f 10433 10434 10243
f 10452 10255 10453
f 10436 10437 10434
f 10257 10453 10255
f 10439 10440 10437
f 10453 10257 10446
f 10442 10443 10440
f 10445 10257 10443
f 10454 10455 10456
f 10455 10454 10457
f 10458 10280 10459
f 10280 10458 10282
f 10414 10460 10461
f 10460 10414 10417
f 10462 10463 10464
f 10463 10462 10465
f 10370 10274 10271
f 10274 10370 10466
f 10467 10278 10275
f 10278 10467 10468
f 10234 10469 10232
f 10469 10234 10387
f 10238 10470 10236
f 10470 10238 10471
f 10408 10472 10473
f 10472 10408 10411
f 10474 10475 10476
f 10475 10474 10477
f 10355 10478 10479
f 10478 10355 10352
f 10480 10481 10482
f 10481 10480 10483
f 10440 10484 10437
f 10484 10440 10485
f 10486 10487 10488
f 10487 10486 10489
f 10437 10490 10434
f 10490 10437 10484
f 10488 10491 10492
f 10491 10488 10487
f 10387 10493 10469
f 10493 10387 10390
f 10471 10494 10470
f 10494 10471 10495
f 10212 10233 10213
f 10233 10212 10231
f 10216 10237 10217
f 10237 10216 10235
f 10456 10228 10227
f 10228 10456 10455
f 10459 10230 10229
f 10230 10459 10280
f 10496 10497 10498
f 10497 10496 10499
f 10500 10376 10501
f 10376 10500 10373
f 10502 10499 10496
f 10499 10502 10503
f 10504 10373 10500
f 10373 10504 10311
f 10393 10505 10506
f 10505 10393 10396
f 10507 10508 10509
f 10508 10507 10510
f 10511 10512 10513
f 10512 10511 10514
f 10349 10515 10516
f 10515 10349 10346
f 10495 10509 10494
f 10509 10495 10507
f 10390 10506 10493
f 10506 10390 10393
f 10517 10518 10519
f 10518 10517 10520
f 10329 10521 10522
f 10521 10329 10323
f 10523 10503 10502
f 10503 10523 10524
f 10525 10311 10504
f 10311 10525 10303
f 10250 10526 10248
f 10526 10250 10527
f 10254 10528 10252
f 10528 10254 10308
f 10346 10529 10515
f 10529 10346 10343
f 10514 10530 10512
f 10530 10514 10531
f 10532 10533 10534
f 10533 10532 10535
f 10402 10536 10537
f 10536 10402 10405
f 10420 10265 10538
f 10265 10420 10263
f 10539 10269 10540
f 10269 10539 10267
f 10367 10466 10370
f 10466 10367 10541
f 10542 10468 10467
f 10468 10542 10543
f 10498 10218 10215
f 10218 10498 10497
f 10501 10214 10211
f 10214 10501 10376
f 10427 10264 10266
f 10264 10427 10544
f 10545 10268 10270
f 10268 10545 10546
f 10535 10476 10533
f 10476 10535 10474
f 10405 10473 10536
f 10473 10405 10408
f 10334 10522 10547
f 10522 10334 10329
f 10548 10519 10549
f 10519 10548 10517
f 10550 10551 10552
f 10551 10550 10553
f 10554 10290 10555
f 10290 10554 10293
f 10556 10296 10557
f 10296 10556 10298
f 10558 10559 10560
f 10559 10558 10561
f 10562 10563 10564
f 10563 10562 10565
f 10566 10285 10567
f 10285 10566 10288
f 10557 10293 10554
f 10293 10557 10296
f 10560 10553 10550
f 10553 10560 10559
f 10568 10569 10570
f 10569 10568 10571
f 10340 10572 10573
f 10572 10340 10337
f 10305 10574 10575
f 10574 10305 10301
f 10576 10577 10578
f 10577 10576 10579
f 10443 10485 10440
f 10485 10443 10580
f 10581 10489 10486
f 10489 10581 10582
f 10520 10249 10518
f 10249 10520 10247
f 10323 10253 10521
f 10253 10323 10251
f 10583 10534 10584
f 10534 10583 10532
f 10399 10537 10585
f 10537 10399 10402
f 10531 10570 10530
f 10570 10531 10568
f 10343 10573 10529
f 10573 10343 10340
f 10221 10303 10525
f 10303 10221 10220
f 10225 10524 10523
f 10524 10225 10224
f 10564 10457 10454
f 10457 10564 10563
f 10567 10282 10458
f 10282 10567 10285
f 10396 10585 10505
f 10585 10396 10399
f 10510 10584 10508
f 10584 10510 10583
f 10358 10586 10361
f 10586 10358 10587
f 10588 10589 10590
f 10589 10588 10591
f 10592 10543 10542
f 10543 10592 10593
f 10364 10541 10367
f 10541 10364 10594
f 10411 10461 10472
f 10461 10411 10414
f 10477 10464 10475
f 10464 10477 10462
f 10483 10513 10481
f 10513 10483 10511
f 10352 10516 10478
f 10516 10352 10349
f 10361 10594 10364
f 10594 10361 10586
f 10590 10593 10592
f 10593 10590 10589
f 10417 10538 10460
f 10538 10417 10420
f 10465 10540 10463
f 10540 10465 10539
f 10273 10258 10255
f 10258 10273 10272
f 10277 10262 10259
f 10262 10277 10276
f 10492 10242 10239
f 10242 10492 10491
f 10434 10246 10243
f 10246 10434 10490
f 10308 10575 10528
f 10575 10308 10305
f 10527 10578 10526
f 10578 10527 10576
f 10552 10565 10562
f 10565 10552 10551
f 10555 10288 10566
f 10288 10555 10290
f 10588 10482 10591
f 10482 10588 10480
f 10358 10479 10587
f 10479 10358 10355
f 10241 10546 10545
f 10546 10241 10240
f 10245 10544 10427
f 10544 10245 10244
f 10571 10549 10569
f 10549 10571 10548
f 10337 10547 10572
f 10547 10337 10334
f 10223 10456 10227
f 10225 10456 10223
f 10225 10454 10456
f 10523 10454 10225
f 10523 10564 10454
f 10502 10564 10523
f 10502 10562 10564
f 10496 10562 10502
f 10496 10552 10562
f 10498 10552 10496
f 10498 10550 10552
f 10215 10550 10498
f 10215 10560 10550
f 10217 10560 10215
f 10217 10558 10560
f 10237 10558 10217
f 10237 10577 10558
f 10236 10577 10237
f 10236 10578 10577
f 10470 10578 10236
f 10470 10526 10578
f 10494 10526 10470
f 10494 10248 10526
f 10509 10248 10494
f 10509 10249 10248
f 10508 10249 10509
f 10508 10518 10249
f 10584 10518 10508
f 10584 10519 10518
f 10534 10519 10584
f 10534 10549 10519
f 10533 10549 10534
f 10533 10569 10549
f 10476 10569 10533
f 10476 10570 10569
f 10475 10570 10476
f 10475 10530 10570
f 10464 10530 10475
f 10464 10512 10530
f 10463 10512 10464
f 10463 10513 10512
f 10540 10513 10463
f 10540 10481 10513
f 10269 10481 10540
f 10269 10482 10481
f 10268 10482 10269
f 10268 10591 10482
f 10546 10591 10268
f 10546 10589 10591
f 10240 10589 10546
f 10240 10593 10589
f 10242 10593 10240
f 10242 10543 10593
f 10491 10543 10242
f 10491 10468 10543
f 10487 10468 10491
f 10487 10278 10468
f 10489 10278 10487
f 10489 10276 10278
f 10582 10276 10489
f 10582 10262 10276
f 10262 10582 10260
f 10257 10580 10443
f 10580 10257 10256
f 10261 10582 10581
f 10582 10261 10260
f 10579 10558 10577
f 10558 10579 10561
f 10301 10556 10574
f 10556 10301 10298
f 10595 10596 10597
f 10596 10595 10598
f 10599 10598 10595
f 10598 10599 10600
f 10597 10601 10602
f 10601 10597 10596
f 10603 10604 10605
f 10604 10603 10606
f 10607 10608 10609
f 10608 10607 10610
f 10611 10612 10613
f 10612 10611 10614
f 10615 10616 10617
f 10616 10615 10618
f 10619 10620 10621
f 10620 10619 10622
f 10623 10624 10625
f 10624 10623 10626
f 10627 10628 10629
f 10628 10627 10630
f 10602 10631 10632
f 10631 10602 10601
f 10633 10634 10635
f 10634 10633 10636
f 10629 10637 10638
f 10637 10629 10628
f 10639 10640 10641
f 10640 10639 10642
f 10643 10600 10599
f 10600 10643 10644
f 10645 10646 10647
f 10646 10645 10648
f 10649 10650 10651
f 10650 10649 10652
f 10653 10621 10654
f 10621 10653 10619
f 10655 10606 10603
f 10606 10655 10656
f 10657 10658 10659
f 10658 10657 10660
f 10661 10644 10643
f 10644 10661 10662
f 10663 10664 10665
f 10664 10663 10666
f 10635 10662 10661
f 10662 10635 10634
f 10667 10613 10668
f 10613 10667 10611
f 10228 10599 10595
f 10226 10595 10597
f 10599 10228 10643
f 10224 10597 10602
f 10455 10643 10228
f 10524 10602 10632
f 10643 10455 10661
f 10503 10632 10669
f 10457 10661 10455
f 10499 10669 10670
f 10661 10457 10635
f 10497 10670 10671
f 10563 10635 10457
f 10218 10671 10672
f 10635 10563 10633
f 10216 10672 10654
f 10565 10633 10563
f 10633 10565 10673
f 10595 10226 10228
f 10597 10224 10226
f 10602 10524 10224
f 10235 10654 10621
f 10632 10503 10524
f 10669 10499 10503
f 10670 10497 10499
f 10238 10621 10620
f 10671 10218 10497
f 10672 10216 10218
f 10471 10620 10674
f 10654 10235 10216
f 10621 10238 10235
f 10495 10674 10675
f 10620 10471 10238
f 10674 10495 10471
f 10507 10675 10676
f 10675 10507 10495
f 10676 10510 10507
f 10677 10510 10676
f 10677 10583 10510
f 10625 10583 10677
f 10625 10532 10583
f 10625 10535 10532
f 10624 10535 10625
f 10624 10474 10535
f 10678 10474 10624
f 10474 10678 10477
f 10679 10477 10678
f 10477 10679 10462
f 10617 10462 10679
f 10462 10617 10465
f 10616 10465 10617
f 10465 10616 10539
f 10651 10539 10616
f 10539 10651 10267
f 10650 10267 10651
f 10267 10650 10270
f 10680 10270 10650
f 10270 10680 10545
f 10681 10545 10680
f 10545 10681 10241
f 10664 10241 10681
f 10241 10664 10239
f 10239 10666 10492
f 10666 10239 10664
f 10551 10673 10565
f 10673 10551 10605
f 10553 10605 10551
f 10605 10553 10603
f 10559 10603 10553
f 10603 10559 10655
f 10561 10655 10559
f 10655 10561 10682
f 10579 10682 10561
f 10682 10579 10612
f 10576 10612 10579
f 10612 10576 10613
f 10527 10613 10576
f 10613 10527 10668
f 10250 10668 10527
f 10668 10250 10640
f 10247 10640 10250
f 10640 10247 10641
f 10520 10641 10247
f 10520 10608 10641
f 10517 10608 10520
f 10548 10608 10517
f 10548 10609 10608
f 10571 10609 10548
f 10571 10683 10609
f 10568 10683 10571
f 10684 10568 10531
f 10568 10684 10683
f 10685 10531 10514
f 10686 10514 10511
f 10531 10685 10684
f 10687 10511 10483
f 10688 10483 10480
f 10514 10686 10685
f 10689 10480 10588
f 10690 10588 10590
f 10511 10687 10686
f 10630 10590 10592
f 10628 10592 10542
f 10637 10542 10467
f 10483 10688 10687
f 10660 10467 10275
f 10658 10275 10277
f 10648 10277 10259
f 10480 10689 10688
f 10646 10259 10261
f 10691 10492 10666
f 10492 10691 10488
f 10588 10690 10689
f 10692 10488 10691
f 10590 10630 10690
f 10488 10692 10486
f 10592 10628 10630
f 10693 10486 10692
f 10542 10637 10628
f 10486 10693 10581
f 10467 10660 10637
f 10694 10581 10693
f 10275 10658 10660
f 10581 10694 10261
f 10277 10648 10658
f 10695 10261 10694
f 10259 10646 10648
f 10261 10695 10646
f 10696 10654 10672
f 10654 10696 10653
f 10697 10617 10679
f 10617 10697 10615
f 10622 10674 10620
f 10674 10622 10698
f 10699 10694 10700
f 10694 10699 10695
f 10670 10701 10671
f 10701 10670 10702
f 10703 10625 10677
f 10625 10703 10623
f 10652 10680 10650
f 10680 10652 10704
f 10671 10696 10672
f 10696 10671 10701
f 10705 10684 10685
f 10684 10705 10706
f 10632 10707 10669
f 10707 10632 10631
f 10605 10708 10673
f 10708 10605 10604
f 10698 10675 10674
f 10675 10698 10709
f 10710 10679 10678
f 10679 10710 10697
f 10642 10668 10640
f 10668 10642 10667
f 10618 10651 10616
f 10651 10618 10649
f 10711 10680 10704
f 10680 10711 10681
f 10669 10702 10670
f 10702 10669 10707
f 10712 10692 10713
f 10692 10712 10693
f 10626 10678 10624
f 10678 10626 10710
f 10638 10660 10657
f 10660 10638 10637
f 10610 10641 10608
f 10641 10610 10639
f 10714 10685 10686
f 10685 10714 10705
f 10715 10689 10690
f 10689 10715 10716
f 10659 10648 10645
f 10648 10659 10658
f 10715 10630 10627
f 10630 10715 10690
f 10700 10693 10712
f 10693 10700 10694
f 10709 10676 10675
f 10676 10709 10717
f 10647 10695 10699
f 10695 10647 10646
f 10713 10691 10718
f 10691 10713 10692
f 10614 10682 10612
f 10682 10614 10719
f 10665 10681 10711
f 10681 10665 10664
f 10720 10687 10688
f 10687 10720 10721
f 10716 10688 10689
f 10688 10716 10720
f 10718 10666 10663
f 10666 10718 10691
f 10673 10636 10633
f 10636 10673 10708
f 10722 10609 10683
f 10609 10722 10607
f 10706 10683 10684
f 10683 10706 10722
f 10719 10655 10682
f 10655 10719 10656
f 10717 10677 10676
f 10677 10717 10703
f 10721 10686 10687
f 10686 10721 10714
f 10229 10600 10644
f 10459 10644 10662
f 10600 10229 10598
f 10458 10662 10634
f 10219 10598 10229
f 10567 10634 10636
f 10598 10219 10596
f 10566 10636 10708
f 10221 10596 10219
f 10555 10708 10604
f 10596 10221 10601
f 10554 10604 10606
f 10525 10601 10221
f 10557 10606 10656
f 10601 10525 10631
f 10556 10656 10719
f 10504 10631 10525
f 10631 10504 10707
f 10644 10459 10229
f 10662 10458 10459
f 10634 10567 10458
f 10574 10719 10614
f 10636 10566 10567
f 10708 10555 10566
f 10604 10554 10555
f 10575 10614 10611
f 10606 10557 10554
f 10656 10556 10557
f 10528 10611 10667
f 10719 10574 10556
f 10614 10575 10574
f 10252 10667 10642
f 10611 10528 10575
f 10667 10252 10528
f 10253 10642 10639
f 10642 10253 10252
f 10639 10521 10253
f 10610 10521 10639
f 10610 10522 10521
f 10607 10522 10610
f 10607 10547 10522
f 10607 10572 10547
f 10722 10572 10607
f 10722 10573 10572
f 10706 10573 10722
f 10573 10706 10529
f 10705 10529 10706
f 10529 10705 10515
f 10714 10515 10705
f 10515 10714 10516
f 10721 10516 10714
f 10516 10721 10478
f 10720 10478 10721
f 10478 10720 10479
f 10716 10479 10720
f 10479 10716 10587
f 10715 10587 10716
f 10587 10715 10586
f 10627 10586 10715
f 10586 10627 10594
f 10629 10594 10627
f 10594 10629 10541
f 10541 10638 10466
f 10638 10541 10629
f 10500 10707 10504
f 10707 10500 10702
f 10501 10702 10500
f 10702 10501 10701
f 10211 10701 10501
f 10701 10211 10696
f 10213 10696 10211
f 10696 10213 10653
f 10233 10653 10213
f 10653 10233 10619
f 10232 10619 10233
f 10619 10232 10622
f 10469 10622 10232
f 10622 10469 10698
f 10493 10698 10469
f 10698 10493 10709
f 10506 10709 10493
f 10709 10506 10717
f 10505 10717 10506
f 10505 10703 10717
f 10585 10703 10505
f 10537 10703 10585
f 10537 10623 10703
f 10536 10623 10537
f 10536 10626 10623
f 10473 10626 10536
f 10710 10473 10472
f 10473 10710 10626
f 10697 10472 10461
f 10615 10461 10460
f 10472 10697 10710
f 10618 10460 10538
f 10649 10538 10265
f 10461 10615 10697
f 10652 10265 10264
f 10704 10264 10544
f 10460 10618 10615
f 10711 10544 10244
f 10665 10244 10246
f 10663 10246 10490
f 10538 10649 10618
f 10718 10490 10484
f 10713 10484 10485
f 10712 10485 10580
f 10265 10652 10649
f 10700 10580 10256
f 10657 10466 10638
f 10466 10657 10274
f 10264 10704 10652
f 10659 10274 10657
f 10544 10711 10704
f 10274 10659 10272
f 10244 10665 10711
f 10645 10272 10659
f 10246 10663 10665
f 10272 10645 10258
f 10490 10718 10663
f 10647 10258 10645
f 10484 10713 10718
f 10258 10647 10256
f 10485 10712 10713
f 10699 10256 10647
f 10580 10700 10712
f 10256 10699 10700
f 10723 10724 10725
f 10724 10723 10726
f 10727 10728 10729
f 10728 10727 10730
f 10731 10732 10733
f 10732 10731 10734
f 10735 10736 10737
f 10736 10735 10738
f 10739 10738 10735
f 10738 10739 10740
f 10741 10734 10731
f 10734 10741 10742
f 10743 10744 10745
f 10744 10743 10746
f 10747 10748 10749
f 10748 10747 10750
f 10751 10752 10753
f 10752 10751 10754
f 10755 10756 10757
f 10756 10755 10758
f 10759 10760 10761
f 10760 10759 10762
f 10763 10764 10765
f 10764 10763 10766
f 10767 10768 10769
f 10768 10767 10770
f 10771 10772 10773
f 10772 10771 10774
f 10775 10776 10777
f 10776 10775 10778
f 10779 10780 10781
f 10780 10779 10782
f 10783 10784 10785
f 10784 10783 10786
f 10787 10788 10789
f 10788 10787 10790
f 10791 10742 10792
f 10793 10792 10794
f 10742 10791 10795
f 10796 10794 10797
f 10798 10742 10795
f 10799 10797 10800
f 10742 10798 10734
f 10801 10800 10802
f 10803 10734 10798
f 10804 10802 10805
f 10806 10734 10803
f 10807 10805 10808
f 10734 10806 10732
f 10809 10808 10810
f 10811 10732 10806
f 10812 10810 10813
f 10732 10814 10815
f 10816 10813 10817
f 10818 10815 10814
f 10819 10817 10820
f 10821 10815 10818
f 10822 10820 10766
f 10815 10821 10823
f 10824 10823 10821
f 10825 10766 10763
f 10814 10732 10811
f 10792 10826 10791
f 10792 10793 10826
f 10794 10827 10793
f 10794 10796 10827
f 10797 10828 10796
f 10797 10799 10828
f 10800 10829 10799
f 10800 10801 10829
f 10802 10830 10801
f 10802 10804 10830
f 10805 10831 10804
f 10805 10807 10831
f 10808 10832 10807
f 10808 10809 10832
f 10810 10833 10809
f 10810 10812 10833
f 10834 10763 10835
f 10813 10836 10812
f 10813 10816 10836
f 10817 10837 10816
f 10817 10819 10837
f 10820 10838 10819
f 10820 10822 10838
f 10766 10839 10822
f 10766 10825 10839
f 10840 10835 10841
f 10763 10842 10825
f 10763 10834 10842
f 10835 10843 10834
f 10835 10840 10843
f 10841 10844 10840
f 10841 10845 10844
f 10846 10845 10841
f 10846 10847 10845
f 10846 10848 10847
f 10849 10848 10846
f 10848 10849 10850
f 10850 10849 10851
f 10852 10851 10849
f 10851 10852 10853
f 10853 10852 10854
f 10855 10854 10852
f 10854 10855 10856
f 10856 10855 10857
f 10858 10857 10855
f 10857 10858 10859
f 10859 10858 10860
f 10861 10860 10858
f 10860 10861 10862
f 10862 10861 10863
f 10864 10863 10861
f 10863 10864 10865
f 10865 10864 10866
f 10867 10866 10864
f 10866 10867 10868
f 10868 10867 10869
f 10870 10869 10867
f 10869 10870 10871
f 10871 10870 10872
f 10873 10872 10870
f 10872 10873 10874
f 10874 10873 10875
f 10876 10875 10873
f 10875 10876 10877
f 10877 10876 10878
f 10879 10878 10876
f 10878 10879 10880
f 10880 10879 10881
f 10882 10881 10879
f 10881 10882 10883
f 10884 10823 10824
f 10823 10884 10885
f 10886 10885 10884
f 10887 10885 10886
f 10885 10887 10888
f 10889 10888 10887
f 10890 10888 10889
f 10888 10890 10726
f 10891 10726 10890
f 10892 10726 10891
f 10726 10892 10724
f 10893 10724 10892
f 10894 10724 10893
f 10724 10894 10743
f 10895 10743 10894
f 10896 10743 10895
f 10743 10896 10746
f 10897 10746 10896
f 10898 10746 10897
f 10746 10898 10899
f 10900 10899 10898
f 10901 10899 10900
f 10899 10901 10902
f 10903 10902 10901
f 10904 10902 10903
f 10902 10904 10905
f 10906 10905 10904
f 10907 10905 10906
f 10905 10907 10908
f 10909 10908 10907
f 10910 10908 10909
f 10908 10910 10911
f 10912 10911 10910
f 10913 10911 10912
f 10914 10913 10915
f 10913 10914 10911
f 10916 10914 10915
f 10917 10916 10918
f 10917 10918 10919
f 10920 10919 10921
f 10920 10921 10922
f 10923 10922 10924
f 10916 10917 10914
f 10923 10924 10925
f 10926 10925 10927
f 10926 10927 10928
f 10929 10928 10930
f 10929 10930 10931
f 10932 10931 10933
f 10932 10933 10934
f 10775 10934 10935
f 10919 10920 10917
f 10775 10935 10936
f 10778 10936 10937
f 10778 10937 10938
f 10939 10938 10940
f 10939 10940 10941
f 10757 10941 10942
f 10757 10942 10943
f 10755 10943 10944
f 10755 10944 10945
f 10946 10945 10947
f 10946 10947 10948
f 10949 10948 10950
f 10949 10950 10951
f 10952 10951 10953
f 10952 10953 10954
f 10955 10954 10956
f 10922 10923 10920
f 10955 10956 10957
f 10769 10957 10958
f 10883 10882 10959
f 10925 10926 10923
f 10783 10959 10882
f 10928 10929 10926
f 10959 10783 10960
f 10931 10932 10929
f 10960 10783 10961
f 10934 10775 10932
f 10785 10961 10783
f 10936 10778 10775
f 10961 10785 10962
f 10938 10939 10778
f 10962 10785 10963
f 10941 10757 10939
f 10767 10963 10785
f 10943 10755 10757
f 10963 10767 10964
f 10945 10946 10755
f 10964 10767 10965
f 10948 10949 10946
f 10769 10965 10767
f 10951 10952 10949
f 10965 10769 10958
f 10954 10955 10952
f 10957 10769 10955
f 10966 10967 10968
f 10967 10966 10969
f 10970 10792 10971
f 10792 10970 10794
f 10926 10972 10973
f 10972 10926 10929
f 10974 10975 10976
f 10975 10974 10977
f 10882 10786 10783
f 10786 10882 10978
f 10979 10790 10787
f 10790 10979 10980
f 10746 10981 10744
f 10981 10746 10899
f 10750 10982 10748
f 10982 10750 10983
f 10920 10984 10985
f 10984 10920 10923
f 10986 10987 10988
f 10987 10986 10989
f 10867 10990 10991
f 10990 10867 10864
f 10992 10993 10994
f 10993 10992 10995
f 10952 10996 10949
f 10996 10952 10997
f 10998 10999 11000
f 10999 10998 11001
f 10949 11002 10946
f 11002 10949 10996
f 11000 11003 11004
f 11003 11000 10999
f 10899 11005 10981
f 11005 10899 10902
f 10983 11006 10982
f 11006 10983 11007
f 10724 10745 10725
f 10745 10724 10743
f 10728 10749 10729
f 10749 10728 10747
f 10968 10740 10739
f 10740 10968 10967
f 10971 10742 10741
f 10742 10971 10792
f 11008 11009 11010
f 11009 11008 11011
f 11012 10888 11013
f 10888 11012 10885
f 11014 11011 11008
f 11011 11014 11015
f 11016 10885 11012
f 10885 11016 10823
f 10905 11017 11018
f 11017 10905 10908
f 11019 11020 11021
f 11020 11019 11022
f 11023 11024 11025
f 11024 11023 11026
f 10861 11027 11028
f 11027 10861 10858
f 11007 11021 11006
f 11021 11007 11019
f 10902 11018 11005
f 11018 10902 10905
f 11029 11030 11031
f 11030 11029 11032
f 10841 11033 11034
f 11033 10841 10835
f 11035 11015 11014
f 11015 11035 11036
f 11037 10823 11016
f 10823 11037 10815
f 10762 11038 10760
f 11038 10762 11039
f 10766 11040 10764
f 11040 10766 10820
f 10858 11041 11027
f 11041 10858 10855
f 11026 11042 11024
f 11042 11026 11043
f 11044 11045 11046
f 11045 11044 11047
f 10914 11048 11049
f 11048 10914 10917
f 10932 10777 11050
f 10777 10932 10775
f 11051 10781 11052
f 10781 11051 10779
f 10879 10978 10882
f 10978 10879 11053
f 11054 10980 10979
f 10980 11054 11055
f 11010 10730 10727
f 10730 11010 11009
f 11013 10726 10723
f 10726 11013 10888
f 10939 10776 10778
f 10776 10939 11056
f 11057 10780 10782
f 10780 11057 11058
f 11047 10988 11045
f 10988 11047 10986
f 10917 10985 11048
f 10985 10917 10920
f 10846 11034 11059
f 11034 10846 10841
f 11060 11031 11061
f 11031 11060 11029
f 11062 11063 11064
f 11063 11062 11065
f 11066 10802 11067
f 10802 11066 10805
f 11068 10808 11069
f 10808 11068 10810
f 11070 11071 11072
f 11071 11070 11073
f 11074 11075 11076
f 11075 11074 11077
f 11078 10797 11079
f 10797 11078 10800
f 11069 10805 11066
f 10805 11069 10808
f 11072 11065 11062
f 11065 11072 11071
f 11080 11081 11082
f 11081 11080 11083
f 10852 11084 11085
f 11084 10852 10849
f 10817 11086 11087
f 11086 10817 10813
f 11088 11089 11090
f 11089 11088 11091
f 10955 10997 10952
f 10997 10955 11092
f 11093 11001 10998
f 11001 11093 11094
f 11032 10761 11030
f 10761 11032 10759
f 10835 10765 11033
f 10765 10835 10763
f 11095 11046 11096
f 11046 11095 11044
f 10911 11049 11097
f 11049 10911 10914
f 11043 11082 11042
f 11082 11043 11080
f 10855 11085 11041
f 11085 10855 10852
f 10733 10815 11037
f 10815 10733 10732
f 10737 11036 11035
f 11036 10737 10736
f 11076 10969 10966
f 10969 11076 11075
f 11079 10794 10970
f 10794 11079 10797
f 10908 11097 11017
f 11097 10908 10911
f 11022 11096 11020
f 11096 11022 11095
f 10870 11098 10873
f 11098 10870 11099
f 11100 11101 11102
f 11101 11100 11103
f 11104 11055 11054
f 11055 11104 11105
f 10876 11053 10879
f 11053 10876 11106
f 10923 10973 10984
f 10973 10923 10926
f 10989 10976 10987
f 10976 10989 10974
f 10995 11025 10993
f 11025 10995 11023
f 10864 11028 10990
f 11028 10864 10861
f 10873 11106 10876
f 11106 10873 11098
f 11102 11105 11104
f 11105 11102 11101
f 10929 11050 10972
f 11050 10929 10932
f 10977 11052 10975
f 11052 10977 11051
f 10785 10770 10767
f 10770 10785 10784
f 10789 10774 10771
f 10774 10789 10788
f 11004 10754 10751
f 10754 11004 11003
f 10946 10758 10755
f 10758 10946 11002
f 10820 11087 11040
f 11087 10820 10817
f 11039 11090 11038
f 11090 11039 11088
f 11064 11077 11074
f 11077 11064 11063
f 11067 10800 11078
f 10800 11067 10802
f 11100 10994 11103
f 10994 11100 10992
f 10870 10991 11099
f 10991 10870 10867
f 10753 11058 11057
f 11058 10753 10752
f 10757 11056 10939
f 11056 10757 10756
f 11083 11061 11081
f 11061 11083 11060
f 10849 11059 11084
f 11059 10849 10846
f 10735 10968 10739
f 10737 10968 10735
f 10737 10966 10968
f 11035 10966 10737
f 11035 11076 10966
f 11014 11076 11035
f 11014 11074 11076
f 11008 11074 11014
f 11008 11064 11074
f 11010 11064 11008
f 11010 11062 11064
f 10727 11062 11010
f 10727 11072 11062
f 10729 11072 10727
f 10729 11070 11072
f 10749 11070 10729
f 10749 11089 11070
f 10748 11089 10749
f 10748 11090 11089
f 10982 11090 10748
f 10982 11038 11090
f 11006 11038 10982
f 11006 10760 11038
f 11021 10760 11006
f 11021 10761 10760
f 11020 10761 11021
f 11020 11030 10761
f 11096 11030 11020
f 11096 11031 11030
f 11046 11031 11096
f 11046 11061 11031
f 11045 11061 11046
f 11045 11081 11061
f 10988 11081 11045
f 10988 11082 11081
f 10987 11082 10988
f 10987 11042 11082
f 10976 11042 10987
f 10976 11024 11042
f 10975 11024 10976
f 10975 11025 11024
f 11052 11025 10975
f 11052 10993 11025
f 10781 10993 11052
f 10781 10994 10993
f 10780 10994 10781
f 10780 11103 10994
f 11058 11103 10780
f 11058 11101 11103
f 10752 11101 11058
f 10752 11105 11101
f 10754 11105 10752
f 10754 11055 11105
f 11003 11055 10754
f 11003 10980 11055
f 10999 10980 11003
f 10999 10790 10980
f 11001 10790 10999
f 11001 10788 10790
f 11094 10788 11001
f 11094 10774 10788
f 10774 11094 10772
f 10769 11092 10955
f 11092 10769 10768
f 10773 11094 11093
f 11094 10773 10772
f 11091 11070 11089
f 11070 11091 11073
f 10813 11068 11086
f 11068 10813 10810
f 11107 11108 11109
f 11108 11107 11110
f 11111 11110 11107
f 11110 11111 11112
f 11109 11113 11114
f 11113 11109 11108
f 11115 11116 11117
f 11116 11115 11118
f 11119 11120 11121
f 11120 11119 11122
f 11123 11124 11125
f 11124 11123 11126
f 11127 11128 11129
f 11128 11127 11130
f 11131 11132 11133
f 11132 11131 11134
f 11135 11136 11137
f 11136 11135 11138
f 11139 11140 11141
f 11140 11139 11142
f 11114 11143 11144
f 11143 11114 11113
f 11145 11146 11147
f 11146 11145 11148
f 11141 11149 11150
f 11149 11141 11140
f 11151 11152 11153
f 11152 11151 11154
f 11155 11112 11111
f 11112 11155 11156
f 11157 11158 11159
f 11158 11157 11160
f 11161 11162 11163
f 11162 11161 11164
f 11165 11133 11166
f 11133 11165 11131
f 11167 11118 11115
f 11118 11167 11168
f 11169 11170 11171
f 11170 11169 11172
f 11173 11156 11155
f 11156 11173 11174
f 11175 11176 11177
f 11176 11175 11178
f 11147 11174 11173
f 11174 11147 11146
f 11179 11125 11180
f 11125 11179 11123
f 10740 11111 11107
f 10738 11107 11109
f 11111 10740 11155
f 10736 11109 11114
f 10967 11155 10740
f 11036 11114 11144
f 11155 10967 11173
f 11015 11144 11181
f 10969 11173 10967
f 11011 11181 11182
f 11173 10969 11147
f 11009 11182 11183
f 11075 11147 10969
f 10730 11183 11184
f 11147 11075 11145
f 10728 11184 11166
f 11077 11145 11075
f 11145 11077 11185
f 11107 10738 10740
f 11109 10736 10738
f 11114 11036 10736
f 10747 11166 11133
f 11144 11015 11036
f 11181 11011 11015
f 11182 11009 11011
f 10750 11133 11132
f 11183 10730 11009
f 11184 10728 10730
f 10983 11132 11186
f 11166 10747 10728
f 11133 10750 10747
f 11007 11186 11187
f 11132 10983 10750
f 11186 11007 10983
f 11019 11187 11188
f 11187 11019 11007
f 11188 11022 11019
f 11189 11022 11188
f 11189 11095 11022
f 11137 11095 11189
f 11137 11044 11095
f 11137 11047 11044
f 11136 11047 11137
f 11136 10986 11047
f 11190 10986 11136
f 10986 11190 10989
f 11191 10989 11190
f 10989 11191 10974
f 11129 10974 11191
f 10974 11129 10977
f 11128 10977 11129
f 10977 11128 11051
f 11163 11051 11128
f 11051 11163 10779
f 11162 10779 11163
f 10779 11162 10782
f 11192 10782 11162
f 10782 11192 11057
f 11193 11057 11192
f 11057 11193 10753
f 11176 10753 11193
f 10753 11176 10751
f 10751 11178 11004
f 11178 10751 11176
f 11063 11185 11077
f 11185 11063 11117
f 11065 11117 11063
f 11117 11065 11115
f 11071 11115 11065
f 11115 11071 11167
f 11073 11167 11071
f 11167 11073 11194
f 11091 11194 11073
f 11194 11091 11124
f 11088 11124 11091
f 11124 11088 11125
f 11039 11125 11088
f 11125 11039 11180
f 10762 11180 11039
f 11180 10762 11152
f 10759 11152 10762
f 11152 10759 11153
f 11032 11153 10759
f 11032 11120 11153
f 11029 11120 11032
f 11060 11120 11029
f 11060 11121 11120
f 11083 11121 11060
f 11083 11195 11121
f 11080 11195 11083
f 11196 11080 11043
f 11080 11196 11195
f 11197 11043 11026
f 11198 11026 11023
f 11043 11197 11196
f 11199 11023 10995
f 11200 10995 10992
f 11026 11198 11197
f 11201 10992 11100
f 11202 11100 11102
f 11023 11199 11198
f 11142 11102 11104
f 11140 11104 11054
f 11149 11054 10979
f 10995 11200 11199
f 11172 10979 10787
f 11170 10787 10789
f 11160 10789 10771
f 10992 11201 11200
f 11158 10771 10773
f 11203 11004 11178
f 11004 11203 11000
f 11100 11202 11201
f 11204 11000 11203
f 11102 11142 11202
f 11000 11204 10998
f 11104 11140 11142
f 11205 10998 11204
f 11054 11149 11140
f 10998 11205 11093
f 10979 11172 11149
f 11206 11093 11205
f 10787 11170 11172
f 11093 11206 10773
f 10789 11160 11170
f 11207 10773 11206
f 10771 11158 11160
f 10773 11207 11158
f 11208 11166 11184
f 11166 11208 11165
f 11209 11129 11191
f 11129 11209 11127
f 11134 11186 11132
f 11186 11134 11210
f 11211 11206 11212
f 11206 11211 11207
f 11182 11213 11183
f 11213 11182 11214
f 11215 11137 11189
f 11137 11215 11135
f 11164 11192 11162
f 11192 11164 11216
f 11183 11208 11184
f 11208 11183 11213
f 11217 11196 11197
f 11196 11217 11218
f 11144 11219 11181
f 11219 11144 11143
f 11117 11220 11185
f 11220 11117 11116
f 11210 11187 11186
f 11187 11210 11221
f 11222 11191 11190
f 11191 11222 11209
f 11154 11180 11152
f 11180 11154 11179
f 11130 11163 11128
f 11163 11130 11161
f 11223 11192 11216
f 11192 11223 11193
f 11181 11214 11182
f 11214 11181 11219
f 11224 11204 11225
f 11204 11224 11205
f 11138 11190 11136
f 11190 11138 11222
f 11150 11172 11169
f 11172 11150 11149
f 11122 11153 11120
f 11153 11122 11151
f 11226 11197 11198
f 11197 11226 11217
f 11227 11201 11202
f 11201 11227 11228
f 11171 11160 11157
f 11160 11171 11170
f 11227 11142 11139
f 11142 11227 11202
f 11212 11205 11224
f 11205 11212 11206
f 11221 11188 11187
f 11188 11221 11229
f 11159 11207 11211
f 11207 11159 11158
f 11225 11203 11230
f 11203 11225 11204
f 11126 11194 11124
f 11194 11126 11231
f 11177 11193 11223
f 11193 11177 11176
f 11232 11199 11200
f 11199 11232 11233
f 11228 11200 11201
f 11200 11228 11232
f 11230 11178 11175
f 11178 11230 11203
f 11185 11148 11145
f 11148 11185 11220
f 11234 11121 11195
f 11121 11234 11119
f 11218 11195 11196
f 11195 11218 11234
f 11231 11167 11194
f 11167 11231 11168
f 11229 11189 11188
f 11189 11229 11215
f 11233 11198 11199
f 11198 11233 11226
f 10741 11112 11156
f 10971 11156 11174
f 11112 10741 11110
f 10970 11174 11146
f 10731 11110 10741
f 11079 11146 11148
f 11110 10731 11108
f 11078 11148 11220
f 10733 11108 10731
f 11067 11220 11116
f 11108 10733 11113
f 11066 11116 11118
f 11037 11113 10733
f 11069 11118 11168
f 11113 11037 11143
f 11068 11168 11231
f 11016 11143 11037
f 11143 11016 11219
f 11156 10971 10741
f 11174 10970 10971
f 11146 11079 10970
f 11086 11231 11126
f 11148 11078 11079
f 11220 11067 11078
f 11116 11066 11067
f 11087 11126 11123
f 11118 11069 11066
f 11168 11068 11069
f 11040 11123 11179
f 11231 11086 11068
f 11126 11087 11086
f 10764 11179 11154
f 11123 11040 11087
f 11179 10764 11040
f 10765 11154 11151
f 11154 10765 10764
f 11151 11033 10765
f 11122 11033 11151
f 11122 11034 11033
f 11119 11034 11122
f 11119 11059 11034
f 11119 11084 11059
f 11234 11084 11119
f 11234 11085 11084
f 11218 11085 11234
f 11085 11218 11041
f 11217 11041 11218
f 11041 11217 11027
f 11226 11027 11217
f 11027 11226 11028
f 11233 11028 11226
f 11028 11233 10990
f 11232 10990 11233
f 10990 11232 10991
f 11228 10991 11232
f 10991 11228 11099
f 11227 11099 11228
f 11099 11227 11098
f 11139 11098 11227
f 11098 11139 11106
f 11141 11106 11139
f 11106 11141 11053
f 11053 11150 10978
f 11150 11053 11141
f 11012 11219 11016
f 11219 11012 11214
f 11013 11214 11012
f 11214 11013 11213
f 10723 11213 11013
f 11213 10723 11208
f 10725 11208 10723
f 11208 10725 11165
f 10745 11165 10725
f 11165 10745 11131
f 10744 11131 10745
f 11131 10744 11134
f 10981 11134 10744
f 11134 10981 11210
f 11005 11210 10981
f 11210 11005 11221
f 11018 11221 11005
f 11221 11018 11229
f 11017 11229 11018
f 11017 11215 11229
f 11097 11215 11017
f 11049 11215 11097
f 11049 11135 11215
f 11048 11135 11049
f 11048 11138 11135
f 10985 11138 11048
f 11222 10985 10984
f 10985 11222 11138
f 11209 10984 10973
f 11127 10973 10972
f 10984 11209 11222
f 11130 10972 11050
f 11161 11050 10777
f 10973 11127 11209
f 11164 10777 10776
f 11216 10776 11056
f 10972 11130 11127
f 11223 11056 10756
f 11177 10756 10758
f 11175 10758 11002
f 11050 11161 11130
f 11230 11002 10996
f 11225 10996 10997
f 11224 10997 11092
f 10777 11164 11161
f 11212 11092 10768
f 11169 10978 11150
f 10978 11169 10786
f 10776 11216 11164
f 11171 10786 11169
f 11056 11223 11216
f 10786 11171 10784
f 10756 11177 11223
f 11157 10784 11171
f 10758 11175 11177
f 10784 11157 10770
f 11002 11230 11175
f 11159 10770 11157
f 10996 11225 11230
f 10770 11159 10768
f 10997 11224 11225
f 11211 10768 11159
f 11092 11212 11224
f 10768 11211 11212
f 9262 4152 4151
f 4152 9262 9259
f 3865 9421 3864
f 9421 3865 9422
f 9318 4504 9317
f 4504 9318 4503
f 3845 9395 3844
f 9395 3845 9397
f 9273 4443 4442
f 4443 9273 9297
f 3841 9389 3840
f 9389 3841 9391
f 4171 9360 4170
f 9360 4171 9361
f 3850 9400 3849
f 9400 3850 9401
f 9427 4483 9426
f 4483 9427 4486
f 3853 9404 3852
f 9404 3853 9405
f 9283 4447 9301
f 4447 9283 4448
f 9312 4462 9311
f 4462 9312 4463
f 4465 9321 9323
f 9321 4465 4467
f 9374 4179 4180
f 4179 9374 9373
f 4163 9351 4162
f 9351 4163 9353
f 9362 4171 4172
f 4171 9362 9361
f 9300 4444 9276
f 4444 9300 4445
f 4480 9344 9345
f 9344 4480 4476
f 4487 9428 9429
f 9428 4487 4485
f 4155 9270 4154
f 9270 4155 9275
f 3841 9392 9391
f 9392 3841 3842
f 9294 4433 9265
f 4433 9294 4434
f 3855 9408 9407
f 9408 3855 3856
f 9320 4503 9318
f 4503 9320 4466
f 9255 4152 9259
f 4152 9255 4428
f 3845 9398 9397
f 9398 3845 3847
f 3834 9382 9380
f 9382 3834 3835
f 4175 9365 4174
f 9365 4175 9367
f 9282 4156 4157
f 4156 9282 9278
f 9260 4427 9291
f 4427 9260 4429
f 4475 9332 9333
f 9332 4475 4472
f 4477 9339 9341
f 9339 4477 4491
f 9370 4176 4177
f 4176 9370 9368
f 9358 4167 4168
f 4167 9358 9357
f 3840 9388 3839
f 9388 3840 9389
f 9265 4432 9293
f 4432 9265 4433
f 4506 9314 9315
f 9314 4506 4464
f 4166 9355 4165
f 9355 4166 9356
f 9326 4469 9324
f 4469 9326 4468
f 3847 9399 9398
f 9399 3847 3848
f 9424 4482 9423
f 4482 9424 4481
f 3837 9383 3836
f 9383 3837 9385
f 3838 9388 9386
f 9388 3838 3839
f 9338 4494 9336
f 4494 9338 4492
f 9304 4457 9307
f 4457 9304 4459
f 9294 4435 4434
f 4435 9294 9268
f 9278 4155 4156
f 4155 9278 9275
f 9292 4429 9260
f 4429 9292 4430
f 3865 9429 9422
f 9429 3865 4487
f 4162 9350 4161
f 9350 4162 9351
f 4167 9356 4166
f 9356 4167 9357
f 9350 4160 4161
f 4160 9350 9348
f 9286 4451 4450
f 4451 9286 9303
f 3837 9386 9385
f 9386 3837 3838
f 9342 4477 9341
f 4477 9342 4478
f 3851 9404 9402
f 9404 3851 3852
f 4179 9371 4178
f 9371 4179 9373
f 9368 4175 4176
f 4175 9368 9367
f 4484 9424 9425
f 9424 4484 4481
f 9355 4164 4165
f 4164 9355 9354
f 3863 9415 3861
f 9415 3863 9417
f 4471 9326 9327
f 9326 4471 4468
f 3833 9377 3832
f 9377 3833 9379
f 9359 4168 4169
f 4168 9359 9358
f 9268 4436 4435
f 4436 9268 9295
f 4159 9285 4158
f 9285 4159 9288
f 9348 4159 4160
f 4159 9348 9288
f 9257 4427 4426
f 4427 9257 9291
f 9280 4447 4446
f 4447 9280 9301
f 4462 9309 9311
f 9309 4462 4461
f 9271 4436 9295
f 4436 9271 4439
f 3859 9414 9412
f 9414 3859 3860
f 9314 4463 9312
f 4463 9314 4464
f 4154 9267 4153
f 9267 4154 9270
f 9308 4459 9304
f 4459 9308 4460
f 3864 9420 3866
f 9420 3864 9421
f 4474 9333 9335
f 9333 4474 4475
f 9290 4426 4425
f 4426 9290 9257
f 9290 4428 9255
f 4428 9290 4425
f 4491 9338 9339
f 9338 4491 4492
f 9330 4470 9329
f 4470 9330 4473
f 3850 9402 9401
f 9402 3850 3851
f 3849 9399 3848
f 9399 3849 9400
f 4483 9425 9426
f 9425 4483 4484
f 3854 9407 9406
f 9407 3854 3855
f 3854 9405 3853
f 9405 3854 9406
f 4178 9370 4177
f 9370 4178 9371
f 9263 4432 4431
f 4432 9263 9293
f 9332 4473 9330
f 4473 9332 4472
f 3833 9380 9379
f 9380 3833 3834
f 9336 4474 9335
f 4474 9336 4494
f 3836 9382 3835
f 9382 3836 9383
f 9289 4451 9303
f 4451 9289 4452
f 3844 9394 3843
f 9394 3844 9395
f 9276 4443 9297
f 4443 9276 4444
f 4158 9282 4157
f 9282 4158 9285
f 9354 4163 4164
f 4163 9354 9353
f 4504 9315 9317
f 9315 4504 4506
f 9364 4172 4173
f 4172 9364 9362
f 4174 9364 4173
f 9364 4174 9365
f 9296 4442 4440
f 4442 9296 9273
f 4170 9359 4169
f 9359 4170 9360
f 9302 4448 9283
f 4448 9302 4449
f 9296 4439 9271
f 4439 9296 4440
f 3861 9414 3860
f 9414 3861 9415
f 9306 4456 4453
f 4456 9306 9298
f 9292 4431 4430
f 4431 9292 9263
f 9267 4151 4153
f 4151 9267 9262
f 3857 9408 3856
f 9408 3857 9409
f 9308 4461 4460
f 4461 9308 9309
f 9344 4478 9342
f 4478 9344 4476
f 3858 9409 3857
f 9409 3858 9411
f 3858 9412 9411
f 9412 3858 3859
f 9428 4486 9427
f 4486 9428 4485
f 9298 4457 4456
f 4457 9298 9307
f 9324 4465 9323
f 4465 9324 4469
f 3832 9376 3830
f 9376 3832 9377
f 3842 9394 9392
f 9394 3842 3843
f 9423 4479 9347
f 4479 9423 4482
f 4479 9345 9347
f 9345 4479 4480
f 9376 4180 3830
f 4180 9376 9374
f 3863 9418 9417
f 9418 3863 3862
f 3862 9420 9418
f 9420 3862 3866
f 9302 4450 4449
f 4450 9302 9286
f 4467 9320 9321
f 9320 4467 4466
f 9306 4452 9289
f 4452 9306 4453
f 4470 9327 9329
f 9327 4470 4471
f 9300 4446 4445
f 4446 9300 9280
f 9774 4119 4118
f 4119 9774 9771
f 3902 9933 3901
f 9933 3902 9934
f 9830 4455 9829
f 4455 9830 4454
f 3882 9907 3881
f 9907 3882 9909
f 9785 4381 4380
f 4381 9785 9809
f 3878 9901 3877
f 9901 3878 9903
f 4138 9872 4137
f 9872 4138 9873
f 3887 9912 3886
f 9912 3887 9913
f 9939 4420 9938
f 4420 9939 4423
f 3890 9916 3889
f 9916 3890 9917
f 9795 4386 9813
f 4386 9795 4389
f 9824 4399 9823
f 4399 9824 4400
f 4402 9833 9835
f 9833 4402 4404
f 9886 4146 4147
f 4146 9886 9885
f 4130 9863 4129
f 9863 4130 9865
f 9874 4138 4139
f 4138 9874 9873
f 9812 4383 9788
f 4383 9812 4384
f 4417 9856 9857
f 9856 4417 4413
f 4424 9940 9941
f 9940 4424 4422
f 4122 9782 4121
f 9782 4122 9787
f 3878 9904 9903
f 9904 3878 3879
f 9806 4374 9777
f 4374 9806 4375
f 3892 9920 9919
f 9920 3892 3893
f 9832 4454 9830
f 4454 9832 4403
f 9767 4119 9771
f 4119 9767 4370
f 3882 9910 9909
f 9910 3882 3884
f 3871 9894 9892
f 9894 3871 3872
f 4142 9877 4141
f 9877 4142 9879
f 9794 4123 4124
f 4123 9794 9790
f 9772 4367 9803
f 4367 9772 4369
f 4412 9844 9845
f 9844 4412 4409
f 4414 9851 9853
f 9851 4414 4437
f 9882 4143 4144
f 4143 9882 9880
f 9870 4134 4135
f 4134 9870 9869
f 3877 9900 3876
f 9900 3877 9901
f 9777 4373 9805
f 4373 9777 4374
f 4458 9826 9827
f 9826 4458 4401
f 4133 9867 4132
f 9867 4133 9868
f 9838 4406 9836
f 4406 9838 4405
f 3884 9911 9910
f 9911 3884 3885
f 9936 4419 9935
f 4419 9936 4418
f 3874 9895 3873
f 9895 3874 9897
f 3875 9900 9898
f 9900 3875 3876
f 9850 4441 9848
f 4441 9850 4438
f 9816 4397 9819
f 4397 9816 4398
f 9806 4376 4375
f 4376 9806 9780
f 9790 4122 4123
f 4122 9790 9787
f 9804 4369 9772
f 4369 9804 4371
f 3902 9941 9934
f 9941 3902 4424
f 4129 9862 4128
f 9862 4129 9863
f 4134 9868 4133
f 9868 4134 9869
f 9862 4127 4128
f 4127 9862 9860
f 9798 4393 4392
f 4393 9798 9815
f 3874 9898 9897
f 9898 3874 3875
f 9854 4414 9853
f 4414 9854 4415
f 3888 9916 9914
f 9916 3888 3889
f 4146 9883 4145
f 9883 4146 9885
f 9880 4142 4143
f 4142 9880 9879
f 4421 9936 9937
f 9936 4421 4418
f 9867 4131 4132
f 4131 9867 9866
f 3900 9927 3898
f 9927 3900 9929
f 4408 9838 9839
f 9838 4408 4405
f 3870 9889 3869
f 9889 3870 9891
f 9871 4135 4136
f 4135 9871 9870
f 9780 4377 4376
f 4377 9780 9807
f 4126 9797 4125
f 9797 4126 9800
f 9860 4126 4127
f 4126 9860 9800
f 9769 4367 4365
f 4367 9769 9803
f 9792 4386 4385
f 4386 9792 9813
f 4399 9821 9823
f 9821 4399 4338
f 9783 4377 9807
f 4377 9783 4378
f 3896 9926 9924
f 9926 3896 3897
f 9826 4400 9824
f 4400 9826 4401
f 4121 9779 4120
f 9779 4121 9782
f 9820 4398 9816
f 4398 9820 4340
f 3901 9932 3903
f 9932 3901 9933
f 4411 9845 9847
f 9845 4411 4412
f 9802 4365 4363
f 4365 9802 9769
f 9802 4370 9767
f 4370 9802 4363
f 4437 9850 9851
f 9850 4437 4438
f 9842 4407 9841
f 4407 9842 4410
f 3887 9914 9913
f 9914 3887 3888
f 3886 9911 3885
f 9911 3886 9912
f 4420 9937 9938
f 9937 4420 4421
f 3891 9919 9918
f 9919 3891 3892
f 3891 9917 3890
f 9917 3891 9918
f 4145 9882 4144
f 9882 4145 9883
f 9775 4373 4372
f 4373 9775 9805
f 9844 4410 9842
f 4410 9844 4409
f 3870 9892 9891
f 9892 3870 3871
f 9848 4411 9847
f 4411 9848 4441
f 3873 9894 3872
f 9894 3873 9895
f 9801 4393 9815
f 4393 9801 4394
f 3881 9906 3880
f 9906 3881 9907
f 9788 4381 9809
f 4381 9788 4383
f 4125 9794 4124
f 9794 4125 9797
f 9866 4130 4131
f 4130 9866 9865
f 4455 9827 9829
f 9827 4455 4458
f 9876 4139 4140
f 4139 9876 9874
f 4141 9876 4140
f 9876 4141 9877
f 9808 4380 4379
f 4380 9808 9785
f 4137 9871 4136
f 9871 4137 9872
f 9814 4389 9795
f 4389 9814 4390
f 9808 4378 9783
f 4378 9808 4379
f 3898 9926 3897
f 9926 3898 9927
f 9818 4396 4395
f 4396 9818 9810
f 9804 4372 4371
f 4372 9804 9775
f 9779 4118 4120
f 4118 9779 9774
f 3894 9920 3893
f 9920 3894 9921
f 9820 4338 4340
f 4338 9820 9821
f 9856 4415 9854
f 4415 9856 4413
f 3895 9921 3894
f 9921 3895 9923
f 3895 9924 9923
f 9924 3895 3896
f 9940 4423 9939
f 4423 9940 4422
f 9810 4397 4396
f 4397 9810 9819
f 9836 4402 9835
f 4402 9836 4406
f 3869 9888 3867
f 9888 3869 9889
f 3879 9906 9904
f 9906 3879 3880
f 9935 4416 9859
f 4416 9935 4419
f 4416 9857 9859
f 9857 4416 4417
f 9888 4147 3867
f 4147 9888 9886
f 3900 9930 9929
f 9930 3900 3899
f 3899 9932 9930
f 9932 3899 3903
f 9814 4392 4390
f 4392 9814 9798
f 4404 9832 9833
f 9832 4404 4403
f 9818 4394 9801
f 4394 9818 4395
f 4407 9839 9841
f 9839 4407 4408
f 9812 4385 4384
f 4385 9812 9792
f 10286 4087 4086
f 4087 10286 10283
f 3937 10445 3936
f 10445 3937 10446
f 10342 4342 10341
f 4342 10342 4344
f 3919 10419 3918
f 10419 3919 10421
f 10297 4317 4316
f 4317 10297 10321
f 3915 10413 3914
f 10413 3915 10415
f 4106 10384 4105
f 10384 4106 10385
f 3924 10424 3923
f 10424 3924 10425
f 10451 4366 10450
f 4366 10451 4364
f 3927 10428 3926
f 10428 3927 10429
f 10307 4322 10325
f 4322 10307 4325
f 10336 4336 10335
f 4336 10336 4337
f 4345 10345 10347
f 10345 4345 4346
f 10398 4114 4115
f 4114 10398 10397
f 4098 10375 4097
f 10375 4098 10377
f 10386 4106 4107
f 4106 10386 10385
f 10324 4319 10300
f 4319 10324 4320
f 4358 10368 10369
f 10368 4358 4355
f 4361 10452 10453
f 10452 4361 4362
f 4090 10294 4089
f 10294 4090 10299
f 3915 10416 10415
f 10416 3915 3916
f 10318 4310 10289
f 4310 10318 4311
f 3929 10432 10431
f 10432 3929 3930
f 10344 4344 10342
f 4344 10344 4343
f 10279 4087 10283
f 4087 10279 4306
f 3919 10422 10421
f 10422 3919 3921
f 3908 10406 10404
f 10406 3908 3909
f 4110 10389 4109
f 10389 4110 10391
f 10306 4091 4092
f 4091 10306 10302
f 10284 4303 10315
f 4303 10284 4305
f 4382 10356 10357
f 10356 4382 4347
f 4353 10363 10365
f 10363 4353 4354
f 10394 4111 4112
f 4111 10394 10392
f 10382 4102 4103
f 4102 10382 10381
f 3914 10412 3913
f 10412 3914 10413
f 10289 4309 10317
f 4309 10289 4310
f 4341 10338 10339
f 10338 4341 4339
f 4101 10379 4100
f 10379 4101 10380
f 10350 4391 10348
f 4391 10350 4388
f 3921 10423 10422
f 10423 3921 3922
f 10448 4360 10447
f 4360 10448 4359
f 3911 10407 3910
f 10407 3911 10409
f 3912 10412 10410
f 10412 3912 3913
f 10362 4352 10360
f 4352 10362 4350
f 10328 4333 10331
f 4333 10328 4334
f 10318 4312 4311
f 4312 10318 10292
f 10302 4090 4091
f 4090 10302 10299
f 10316 4305 10284
f 4305 10316 4307
f 3937 10453 10446
f 10453 3937 4361
f 4097 10374 4096
f 10374 4097 10375
f 4102 10380 4101
f 10380 4102 10381
f 10374 4095 4096
f 4095 10374 10372
f 10310 4329 4328
f 4329 10310 10327
f 3911 10410 10409
f 10410 3911 3912
f 10366 4353 10365
f 4353 10366 4356
f 3925 10428 10426
f 10428 3925 3926
f 4114 10395 4113
f 10395 4114 10397
f 10392 4110 4111
f 4110 10392 10391
f 4368 10448 10449
f 10448 4368 4359
f 10379 4099 4100
f 4099 10379 10378
f 3940 10439 3935
f 10439 3940 10441
f 4387 10350 10351
f 10350 4387 4388
f 3907 10401 3906
f 10401 3907 10403
f 10383 4103 4104
f 4103 10383 10382
f 10292 4313 4312
f 4313 10292 10319
f 4094 10309 4093
f 10309 4094 10312
f 10372 4094 4095
f 4094 10372 10312
f 10281 4303 4302
f 4303 10281 10315
f 10304 4322 4321
f 4322 10304 10325
f 4336 10333 10335
f 10333 4336 4335
f 10295 4313 10319
f 4313 10295 4314
f 3933 10438 10436
f 10438 3933 3934
f 10338 4337 10336
f 4337 10338 4339
f 4089 10291 4088
f 10291 4089 10294
f 10332 4334 10328
f 4334 10332 4275
f 3936 10444 3938
f 10444 3936 10445
f 4351 10357 10359
f 10357 4351 4382
f 10314 4302 4299
f 4302 10314 10281
f 10314 4306 10279
f 4306 10314 4299
f 4354 10362 10363
f 10362 4354 4350
f 10354 4348 10353
f 4348 10354 4349
f 3924 10426 10425
f 10426 3924 3925
f 3923 10423 3922
f 10423 3923 10424
f 4366 10449 10450
f 10449 4366 4368
f 3928 10431 10430
f 10431 3928 3929
f 3928 10429 3927
f 10429 3928 10430
f 4113 10394 4112
f 10394 4113 10395
f 10287 4309 4308
f 4309 10287 10317
f 10356 4349 10354
f 4349 10356 4347
f 3907 10404 10403
f 10404 3907 3908
f 10360 4351 10359
f 4351 10360 4352
f 3910 10406 3909
f 10406 3910 10407
f 10313 4329 10327
f 4329 10313 4330
f 3918 10418 3917
f 10418 3918 10419
f 10300 4317 10321
f 4317 10300 4319
f 4093 10306 4092
f 10306 4093 10309
f 10378 4098 4099
f 4098 10378 10377
f 4342 10339 10341
f 10339 4342 4341
f 10388 4107 4108
f 4107 10388 10386
f 4109 10388 4108
f 10388 4109 10389
f 10320 4316 4315
f 4316 10320 10297
f 4105 10383 4104
f 10383 4105 10384
f 10326 4325 10307
f 4325 10326 4326
f 10320 4314 10295
f 4314 10320 4315
f 3935 10438 3934
f 10438 3935 10439
f 10330 4332 4331
f 4332 10330 10322
f 10316 4308 4307
f 4308 10316 10287
f 10291 4086 4088
f 4086 10291 10286
f 3931 10432 3930
f 10432 3931 10433
f 10332 4335 4275
f 4335 10332 10333
f 10368 4356 10366
f 4356 10368 4355
f 3932 10433 3931
f 10433 3932 10435
f 3932 10436 10435
f 10436 3932 3933
f 10452 4364 10451
f 4364 10452 4362
f 10322 4333 4332
f 4333 10322 10331
f 10348 4345 10347
f 4345 10348 4391
f 3906 10400 3904
f 10400 3906 10401
f 3916 10418 10416
f 10418 3916 3917
f 10447 4357 10371
f 4357 10447 4360
f 4357 10369 10371
f 10369 4357 4358
f 10400 4115 3904
f 4115 10400 10398
f 3940 10442 10441
f 10442 3940 3939
f 3939 10444 10442
f 10444 3939 3938
f 10326 4328 4326
f 4328 10326 10310
f 4346 10344 10345
f 10344 4346 4343
f 10330 4330 10313
f 4330 10330 4331
f 4348 10351 10353
f 10351 4348 4387
f 10324 4321 4320
f 4321 10324 10304
f 10798 4054 4053
f 4054 10798 10795
f 4297 10957 4557
f 10957 4297 10958
f 10854 4277 10853
f 4277 10854 4279
f 4541 10931 4540
f 10931 4541 10933
f 10809 4242 4243
f 4242 10809 10833
f 4537 10925 4536
f 10925 4537 10927
f 4073 10896 4072
f 10896 4073 10897
f 4545 10936 4544
f 10936 4545 10937
f 10963 4301 10962
f 4301 10963 4300
f 4548 10940 4547
f 10940 4548 10941
f 10819 4260 10837
f 4260 10819 4262
f 10848 4272 10847
f 4272 10848 4273
f 4280 10857 10859
f 10857 4280 4281
f 10910 4081 4082
f 4081 10910 10909
f 4060 10887 4065
f 10887 4060 10889
f 10898 4073 4074
f 4073 10898 10897
f 10836 4245 10812
f 4245 10836 4257
f 4293 10880 10881
f 10880 4293 4290
f 4296 10964 10965
f 10964 4296 4298
f 4057 10806 4056
f 10806 4057 10811
f 4537 10928 10927
f 10928 4537 4538
f 10830 4254 10801
f 4254 10830 4255
f 4550 10944 10943
f 10944 4550 4551
f 10856 4279 10854
f 4279 10856 4278
f 10791 4054 10795
f 4054 10791 4246
f 4541 10934 10933
f 10934 4541 4542
f 4530 10918 10916
f 10918 4530 4531
f 4077 10901 4076
f 10901 4077 10903
f 10818 4058 4059
f 4058 10818 10814
f 10796 4249 10827
f 4249 10796 4250
f 4318 10868 10869
f 10868 4318 4282
f 4288 10875 10877
f 10875 4288 4289
f 10906 4078 4079
f 4078 10906 10904
f 10894 4069 4070
f 4069 10894 10893
f 4536 10924 4535
f 10924 4536 10925
f 10801 4253 10829
f 4253 10801 4254
f 4276 10850 10851
f 10850 4276 4274
f 4068 10891 4067
f 10891 4068 10892
f 10862 4327 10860
f 4327 10862 4324
f 4542 10935 10934
f 10935 4542 4543
f 10960 4295 10959
f 4295 10960 4294
f 4533 10919 4532
f 10919 4533 10921
f 4534 10924 10922
f 10924 4534 4535
f 10874 4287 10872
f 4287 10874 4285
f 10840 4268 10843
f 4268 10840 4269
f 10830 4256 4255
f 4256 10830 10804
f 10814 4057 4058
f 4057 10814 10811
f 10828 4250 10796
f 4250 10828 4251
f 4297 10965 10958
f 10965 4297 4296
f 4065 10886 4064
f 10886 4065 10887
f 4069 10892 4068
f 10892 4069 10893
f 10886 4063 4064
f 4063 10886 10884
f 10822 4265 4264
f 4265 10822 10839
f 4533 10922 10921
f 10922 4533 4534
f 10878 4288 10877
f 4288 10878 4291
f 4546 10940 10938
f 10940 4546 4547
f 4081 10907 4080
f 10907 4081 10909
f 10904 4077 4078
f 4077 10904 10903
f 4304 10960 10961
f 10960 4304 4294
f 10891 4066 4067
f 4066 10891 10890
f 4560 10951 4556
f 10951 4560 10953
f 4323 10862 10863
f 10862 4323 4324
f 4529 10913 4528
f 10913 4529 10915
f 10895 4070 4071
f 4070 10895 10894
f 10804 4238 4256
f 4238 10804 10831
f 4062 10821 4061
f 10821 4062 10824
f 10884 4062 4063
f 4062 10884 10824
f 10793 4249 4248
f 4249 10793 10827
f 10816 4260 4259
f 4260 10816 10837
f 4272 10845 10847
f 10845 4272 4271
f 10807 4238 10831
f 4238 10807 4240
f 4554 10950 10948
f 10950 4554 4555
f 10850 4273 10848
f 4273 10850 4274
f 4056 10803 4055
f 10803 4056 10806
f 10844 4269 10840
f 4269 10844 4270
f 4557 10956 4558
f 10956 4557 10957
f 4286 10869 10871
f 10869 4286 4318
f 10826 4248 4247
f 4248 10826 10793
f 10826 4246 10791
f 4246 10826 4247
f 4289 10874 10875
f 10874 4289 4285
f 10866 4283 10865
f 4283 10866 4284
f 4545 10938 10937
f 10938 4545 4546
f 4544 10935 4543
f 10935 4544 10936
f 4301 10961 10962
f 10961 4301 4304
f 4549 10943 10942
f 10943 4549 4550
f 4549 10941 4548
f 10941 4549 10942
f 4080 10906 4079
f 10906 4080 10907
f 10799 4253 4252
f 4253 10799 10829
f 10868 4284 10866
f 4284 10868 4282
f 4529 10916 10915
f 10916 4529 4530
f 10872 4286 10871
f 4286 10872 4287
f 4532 10918 4531
f 10918 4532 10919
f 10825 4265 10839
f 4265 10825 4266
f 4540 10930 4539
f 10930 4540 10931
f 10812 4242 10833
f 4242 10812 4245
f 4061 10818 4059
f 10818 4061 10821
f 10890 4060 4066
f 4060 10890 10889
f 4277 10851 10853
f 10851 4277 4276
f 10900 4074 4075
f 4074 10900 10898
f 4076 10900 4075
f 10900 4076 10901
f 10832 4243 4239
f 4243 10832 10809
f 4072 10895 4071
f 10895 4072 10896
f 10838 4262 10819
f 4262 10838 4263
f 10832 4240 10807
f 4240 10832 4239
f 4556 10950 4555
f 10950 4556 10951
f 10842 4267 4230
f 4267 10842 10834
f 10828 4252 4251
f 4252 10828 10799
f 10803 4053 4055
f 4053 10803 10798
f 4552 10944 4551
f 10944 4552 10945
f 10844 4271 4270
f 4271 10844 10845
f 10880 4291 10878
f 4291 10880 4290
f 4553 10945 4552
f 10945 4553 10947
f 4553 10948 10947
f 10948 4553 4554
f 10964 4300 10963
f 4300 10964 4298
f 10834 4268 4267
f 4268 10834 10843
f 10860 4280 10859
f 4280 10860 4327
f 4528 10912 4083
f 10912 4528 10913
f 4538 10930 10928
f 10930 4538 4539
f 10959 4292 10883
f 4292 10959 4295
f 4292 10881 10883
f 10881 4292 4293
f 10912 4082 4083
f 4082 10912 10910
f 4560 10954 10953
f 10954 4560 4559
f 4559 10956 10954
f 10956 4559 4558
f 10838 4264 4263
f 4264 10838 10822
f 4281 10856 10857
f 10856 4281 4278
f 10842 4266 10825
f 4266 10842 4230
f 4283 10863 10865
f 10863 4283 4323
f 10836 4259 4257
f 4259 10836 10816
f 11235 11236 11237
f 11236 11235 11238
f 11239 11238 11235
f 11238 11239 11240
f 11237 11241 11242
f 11241 11237 11236
f 11243 11244 11245
f 11244 11243 11246
f 11247 11248 11249
f 11248 11247 11250
f 11251 11252 11253
f 11252 11251 11254
f 11255 11256 11257
f 11256 11255 11258
f 11259 11260 11261
f 11260 11259 11262
f 11263 11264 11265
f 11264 11263 11266
f 11267 11268 11269
f 11268 11267 11270
f 11271 11272 11273
f 11272 11271 11274
f 11275 11264 11276
f 11264 11275 11265
f 11277 11270 11267
f 11270 11277 11278
f 11250 11279 11248
f 11279 11250 11280
f 11242 11281 11282
f 11281 11242 11241
f 11283 11284 11285
f 11284 11283 11286
f 11287 11288 11289
f 11288 11287 11290
f 11291 11292 11293
f 11292 11291 11294
f 11258 11276 11256
f 11276 11258 11275
f 11295 11240 11239
f 11240 11295 11296
f 11297 11298 11299
f 11298 11297 11300
f 11301 11302 11303
f 11302 11301 11304
f 11273 11266 11263
f 11266 11273 11272
f 11305 11306 11307
f 11306 11305 11308
f 11309 11303 11310
f 11303 11309 11301
f 11311 11257 11312
f 11257 11311 11255
f 11313 11314 11315
f 11314 11313 11316
f 11317 11300 11297
f 11300 11317 11318
f 11319 11305 11307
f 11305 11319 11320
f 11282 11274 11271
f 11274 11282 11281
f 11321 11322 11323
f 11322 11321 11324
f 11325 11326 11327
f 11326 11325 11328
f 11329 11330 11331
f 11330 11329 11332
f 11333 11296 11295
f 11296 11333 11334
f 11304 11331 11302
f 11331 11304 11329
f 11335 11249 11336
f 11249 11335 11247
f 11293 11337 11338
f 11337 11293 11292
f 11339 11336 11340
f 11336 11339 11335
f 11341 11342 11343
f 11342 11341 11344
f 11345 11312 11346
f 11312 11345 11311
f 11344 11346 11342
f 11346 11344 11345
f 11347 11327 11348
f 11327 11347 11325
f 11308 11348 11306
f 11348 11308 11347
f 11338 11334 11333
f 11334 11338 11337
f 11262 11289 11260
f 11289 11262 11287
f 11280 11310 11279
f 11310 11280 11309
f 11349 11278 11277
f 11278 11349 11350
f 11252 11351 11352
f 11351 11252 11254
f 11328 11261 11326
f 11261 11328 11259
f 11353 11318 11317
f 11318 11353 11354
f 11285 11354 11353
f 11354 11285 11284
f 11269 11286 11283
f 11286 11269 11268
f 11245 11320 11319
f 11320 11245 11244
f 11352 11355 11356
f 11355 11352 11351
f 11290 11343 11288
f 11343 11290 11341
f 11357 11358 11359
f 11358 11357 11360
f 11360 11253 11358
f 11253 11360 11251
f 11361 11294 11291
f 11294 11361 11362
f 11324 11359 11322
f 11359 11324 11357
f 11315 11362 11361
f 11362 11315 11314
f 11332 11323 11330
f 11323 11332 11321
f 11356 11350 11349
f 11350 11356 11355
f 11299 11246 11243
f 11246 11299 11298
f 11313 11340 11316
f 11340 11313 11339
f 11363 11364 11365
f 11364 11363 11366
f 11367 11366 11363
f 11366 11367 11368
f 11365 11369 11370
f 11369 11365 11364
f 11371 11372 11373
f 11372 11371 11374
f 11375 11376 11377
f 11376 11375 11378
f 11379 11380 11381
f 11380 11379 11382
f 11383 11384 11385
f 11384 11383 11386
f 11387 11388 11389
f 11388 11387 11390
f 11391 11392 11393
f 11392 11391 11394
f 11395 11396 11397
f 11396 11395 11398
f 11399 11368 11367
f 11368 11399 11400
f 11401 11402 11403
f 11402 11401 11404
f 11405 11403 11406
f 11403 11405 11401
f 11407 11408 11409
f 11408 11407 11410
f 11411 11412 11413
f 11412 11411 11414
f 11415 11413 11416
f 11413 11415 11411
f 11417 11418 11419
f 11418 11417 11420
f 11414 11421 11412
f 11421 11414 11422
f 11423 11400 11399
f 11400 11423 11424
f 11425 11426 11427
f 11426 11425 11428
f 11429 11430 11431
f 11430 11429 11432
f 11433 11434 11435
f 11434 11433 11436
f 11397 11424 11423
f 11424 11397 11396
f 11374 11385 11372
f 11385 11374 11383
f 11239 11368 11400
f 11295 11400 11424
f 11368 11239 11366
f 11333 11424 11396
f 11235 11366 11239
f 11338 11396 11398
f 11366 11235 11364
f 11293 11398 11437
f 11237 11364 11235
f 11291 11437 11438
f 11364 11237 11369
f 11361 11438 11439
f 11242 11369 11237
f 11315 11439 11440
f 11369 11242 11441
f 11313 11440 11442
f 11282 11441 11242
f 11339 11442 11373
f 11441 11282 11443
f 11271 11443 11282
f 11400 11295 11239
f 11424 11333 11295
f 11396 11338 11333
f 11398 11293 11338
f 11335 11373 11372
f 11437 11291 11293
f 11438 11361 11291
f 11439 11315 11361
f 11247 11372 11385
f 11440 11313 11315
f 11442 11339 11313
f 11250 11385 11384
f 11373 11335 11339
f 11372 11247 11335
f 11385 11250 11247
f 11280 11384 11444
f 11384 11280 11250
f 11444 11309 11280
f 11406 11309 11444
f 11406 11301 11309
f 11403 11301 11406
f 11403 11304 11301
f 11403 11329 11304
f 11402 11329 11403
f 11402 11332 11329
f 11445 11332 11402
f 11332 11445 11321
f 11446 11321 11445
f 11321 11446 11324
f 11447 11324 11446
f 11324 11447 11357
f 11448 11357 11447
f 11357 11448 11360
f 11381 11360 11448
f 11360 11381 11251
f 11380 11251 11381
f 11251 11380 11254
f 11449 11254 11380
f 11254 11449 11351
f 11450 11351 11449
f 11351 11450 11355
f 11417 11355 11450
f 11419 11350 11417
f 11355 11417 11350
f 11443 11271 11436
f 11273 11436 11271
f 11436 11273 11434
f 11263 11434 11273
f 11434 11263 11421
f 11265 11421 11263
f 11421 11265 11412
f 11275 11412 11265
f 11412 11275 11413
f 11258 11413 11275
f 11413 11258 11416
f 11255 11416 11258
f 11416 11255 11451
f 11311 11451 11255
f 11451 11311 11452
f 11345 11452 11311
f 11452 11345 11453
f 11344 11453 11345
f 11344 11454 11453
f 11341 11454 11344
f 11290 11454 11341
f 11290 11455 11454
f 11287 11455 11290
f 11287 11426 11455
f 11262 11426 11287
f 11427 11262 11259
f 11262 11427 11426
f 11456 11259 11328
f 11392 11328 11325
f 11393 11325 11347
f 11259 11456 11427
f 11457 11347 11308
f 11458 11308 11305
f 11328 11392 11456
f 11459 11305 11320
f 11389 11320 11244
f 11387 11244 11246
f 11325 11393 11392
f 11460 11246 11298
f 11409 11298 11300
f 11407 11300 11318
f 11461 11318 11354
f 11347 11457 11393
f 11462 11354 11284
f 11350 11419 11278
f 11375 11278 11419
f 11308 11458 11457
f 11278 11375 11270
f 11305 11459 11458
f 11377 11270 11375
f 11320 11389 11459
f 11270 11377 11268
f 11244 11387 11389
f 11463 11268 11377
f 11246 11460 11387
f 11268 11463 11286
f 11298 11409 11460
f 11429 11286 11463
f 11300 11407 11409
f 11286 11429 11284
f 11318 11461 11407
f 11431 11284 11429
f 11354 11462 11461
f 11284 11431 11462
f 11461 11410 11407
f 11410 11461 11464
f 11449 11465 11450
f 11465 11449 11466
f 11382 11449 11380
f 11449 11382 11466
f 11386 11444 11384
f 11444 11386 11467
f 11468 11427 11456
f 11427 11468 11425
f 11394 11456 11392
f 11456 11394 11468
f 11469 11451 11452
f 11451 11469 11470
f 11419 11378 11375
f 11378 11419 11418
f 11471 11457 11458
f 11457 11471 11472
f 11460 11390 11387
f 11390 11460 11473
f 11470 11416 11451
f 11416 11470 11415
f 11370 11441 11474
f 11441 11370 11369
f 11428 11455 11426
f 11455 11428 11475
f 11476 11373 11442
f 11373 11476 11371
f 11467 11406 11444
f 11406 11467 11405
f 11477 11438 11478
f 11438 11477 11439
f 11474 11443 11479
f 11443 11474 11441
f 11404 11445 11402
f 11445 11404 11480
f 11481 11452 11453
f 11452 11481 11469
f 11482 11447 11446
f 11447 11482 11483
f 11475 11454 11455
f 11454 11475 11484
f 11472 11393 11457
f 11393 11472 11391
f 11377 11485 11463
f 11485 11377 11376
f 11479 11436 11433
f 11436 11479 11443
f 11389 11486 11459
f 11486 11389 11388
f 11487 11442 11440
f 11442 11487 11476
f 11478 11437 11488
f 11437 11478 11438
f 11435 11421 11422
f 11421 11435 11434
f 11480 11446 11445
f 11446 11480 11482
f 11462 11464 11461
f 11464 11462 11489
f 11486 11458 11459
f 11458 11486 11471
f 11450 11420 11417
f 11420 11450 11465
f 11463 11432 11429
f 11432 11463 11485
f 11409 11473 11460
f 11473 11409 11408
f 11490 11381 11448
f 11381 11490 11379
f 11484 11453 11454
f 11453 11484 11481
f 11488 11398 11395
f 11398 11488 11437
f 11487 11439 11477
f 11439 11487 11440
f 11431 11489 11462
f 11489 11431 11430
f 11483 11448 11447
f 11448 11483 11490
f 11491 11492 11493
f 11492 11491 11494
f 11495 11494 11491
f 11494 11495 11496
f 11493 11497 11498
f 11497 11493 11492
f 11499 11500 11501
f 11500 11499 11502
f 11503 11504 11505
f 11504 11503 11506
f 11507 11508 11509
f 11508 11507 11510
f 11511 11512 11513
f 11512 11511 11514
f 11515 11516 11517
f 11516 11515 11518
f 11519 11520 11521
f 11520 11519 11522
f 11523 11524 11525
f 11524 11523 11526
f 11527 11528 11529
f 11528 11527 11530
f 11531 11520 11532
f 11520 11531 11521
f 11533 11526 11523
f 11526 11533 11534
f 11506 11535 11504
f 11535 11506 11536
f 11498 11537 11538
f 11537 11498 11497
f 11539 11540 11541
f 11540 11539 11542
f 11543 11544 11545
f 11544 11543 11546
f 11547 11548 11549
f 11548 11547 11550
f 11514 11532 11512
f 11532 11514 11531
f 11551 11496 11495
f 11496 11551 11552
f 11553 11554 11555
f 11554 11553 11556
f 11557 11558 11559
f 11558 11557 11560
f 11529 11522 11519
f 11522 11529 11528
f 11561 11562 11563
f 11562 11561 11564
f 11565 11559 11566
f 11559 11565 11557
f 11567 11513 11568
f 11513 11567 11511
f 11569 11570 11571
f 11570 11569 11572
f 11573 11556 11553
f 11556 11573 11574
f 11575 11561 11563
f 11561 11575 11576
f 11538 11530 11527
f 11530 11538 11537
f 11577 11578 11579
f 11578 11577 11580
f 11581 11582 11583
f 11582 11581 11584
f 11585 11586 11587
f 11586 11585 11588
f 11589 11552 11551
f 11552 11589 11590
f 11560 11587 11558
f 11587 11560 11585
f 11591 11505 11592
f 11505 11591 11503
f 11549 11593 11594
f 11593 11549 11548
f 11595 11592 11596
f 11592 11595 11591
f 11597 11598 11599
f 11598 11597 11600
f 11601 11568 11602
f 11568 11601 11567
f 11600 11602 11598
f 11602 11600 11601
f 11603 11583 11604
f 11583 11603 11581
f 11564 11604 11562
f 11604 11564 11603
f 11518 11545 11516
f 11545 11518 11543
f 11536 11566 11535
f 11566 11536 11565
f 11605 11534 11533
f 11534 11605 11606
f 11508 11607 11608
f 11607 11508 11510
f 11584 11517 11582
f 11517 11584 11515
f 11609 11574 11573
f 11574 11609 11610
f 11541 11610 11609
f 11610 11541 11540
f 11501 11576 11575
f 11576 11501 11500
f 11594 11590 11589
f 11590 11594 11593
f 11608 11611 11612
f 11611 11608 11607
f 11525 11542 11539
f 11542 11525 11524
f 11546 11599 11544
f 11599 11546 11597
f 11613 11550 11547
f 11550 11613 11614
f 11615 11616 11617
f 11616 11615 11618
f 11618 11509 11616
f 11509 11618 11507
f 11580 11617 11578
f 11617 11580 11615
f 11571 11614 11613
f 11614 11571 11570
f 11588 11579 11586
f 11579 11588 11577
f 11612 11606 11605
f 11606 11612 11611
f 11555 11502 11499
f 11502 11555 11554
f 11569 11596 11572
f 11596 11569 11595
f 11619 11620 11621
f 11620 11619 11622
f 11623 11622 11619
f 11622 11623 11624
f 11621 11625 11626
f 11625 11621 11620
f 11627 11628 11629
f 11628 11627 11630
f 11631 11632 11633
f 11632 11631 11634
f 11635 11636 11637
f 11636 11635 11638
f 11639 11640 11641
f 11640 11639 11642
f 11643 11644 11645
f 11644 11643 11646
f 11647 11648 11649
f 11648 11647 11650
f 11651 11652 11653
f 11652 11651 11654
f 11655 11624 11623
f 11624 11655 11656
f 11657 11658 11659
f 11658 11657 11660
f 11661 11659 11662
f 11659 11661 11657
f 11663 11664 11665
f 11664 11663 11666
f 11667 11668 11669
f 11668 11667 11670
f 11671 11669 11672
f 11669 11671 11667
f 11673 11674 11675
f 11674 11673 11676
f 11670 11677 11668
f 11677 11670 11678
f 11679 11656 11655
f 11656 11679 11680
f 11681 11682 11683
f 11682 11681 11684
f 11685 11686 11687
f 11686 11685 11688
f 11689 11690 11691
f 11690 11689 11692
f 11653 11680 11679
f 11680 11653 11652
f 11630 11641 11628
f 11641 11630 11639
f 11495 11624 11656
f 11551 11656 11680
f 11624 11495 11622
f 11589 11680 11652
f 11491 11622 11495
f 11594 11652 11654
f 11622 11491 11620
f 11549 11654 11693
f 11493 11620 11491
f 11547 11693 11694
f 11620 11493 11625
f 11613 11694 11695
f 11498 11625 11493
f 11571 11695 11696
f 11625 11498 11697
f 11569 11696 11698
f 11538 11697 11498
f 11595 11698 11629
f 11697 11538 11699
f 11527 11699 11538
f 11656 11551 11495
f 11680 11589 11551
f 11652 11594 11589
f 11654 11549 11594
f 11591 11629 11628
f 11693 11547 11549
f 11694 11613 11547
f 11695 11571 11613
f 11503 11628 11641
f 11696 11569 11571
f 11698 11595 11569
f 11506 11641 11640
f 11629 11591 11595
f 11628 11503 11591
f 11641 11506 11503
f 11536 11640 11700
f 11640 11536 11506
f 11700 11565 11536
f 11662 11565 11700
f 11662 11557 11565
f 11659 11557 11662
f 11659 11560 11557
f 11659 11585 11560
f 11658 11585 11659
f 11658 11588 11585
f 11701 11588 11658
f 11588 11701 11577
f 11702 11577 11701
f 11577 11702 11580
f 11703 11580 11702
f 11580 11703 11615
f 11704 11615 11703
f 11615 11704 11618
f 11637 11618 11704
f 11618 11637 11507
f 11636 11507 11637
f 11507 11636 11510
f 11705 11510 11636
f 11510 11705 11607
f 11706 11607 11705
f 11607 11706 11611
f 11673 11611 11706
f 11675 11606 11673
f 11611 11673 11606
f 11699 11527 11692
f 11529 11692 11527
f 11692 11529 11690
f 11519 11690 11529
f 11690 11519 11677
f 11521 11677 11519
f 11677 11521 11668
f 11531 11668 11521
f 11668 11531 11669
f 11514 11669 11531
f 11669 11514 11672
f 11511 11672 11514
f 11672 11511 11707
f 11567 11707 11511
f 11707 11567 11708
f 11601 11708 11567
f 11708 11601 11709
f 11600 11709 11601
f 11600 11710 11709
f 11597 11710 11600
f 11546 11710 11597
f 11546 11711 11710
f 11543 11711 11546
f 11543 11682 11711
f 11518 11682 11543
f 11683 11518 11515
f 11518 11683 11682
f 11712 11515 11584
f 11648 11584 11581
f 11649 11581 11603
f 11515 11712 11683
f 11713 11603 11564
f 11714 11564 11561
f 11584 11648 11712
f 11715 11561 11576
f 11645 11576 11500
f 11643 11500 11502
f 11581 11649 11648
f 11716 11502 11554
f 11665 11554 11556
f 11663 11556 11574
f 11717 11574 11610
f 11603 11713 11649
f 11718 11610 11540
f 11606 11675 11534
f 11631 11534 11675
f 11564 11714 11713
f 11534 11631 11526
f 11561 11715 11714
f 11633 11526 11631
f 11576 11645 11715
f 11526 11633 11524
f 11500 11643 11645
f 11719 11524 11633
f 11502 11716 11643
f 11524 11719 11542
f 11554 11665 11716
f 11685 11542 11719
f 11556 11663 11665
f 11542 11685 11540
f 11574 11717 11663
f 11687 11540 11685
f 11610 11718 11717
f 11540 11687 11718
f 11717 11666 11663
f 11666 11717 11720
f 11705 11721 11706
f 11721 11705 11722
f 11638 11705 11636
f 11705 11638 11722
f 11642 11700 11640
f 11700 11642 11723
f 11724 11683 11712
f 11683 11724 11681
f 11650 11712 11648
f 11712 11650 11724
f 11684 11711 11682
f 11711 11684 11725
f 11726 11707 11708
f 11707 11726 11727
f 11675 11634 11631
f 11634 11675 11674
f 11728 11713 11714
f 11713 11728 11729
f 11716 11646 11643
f 11646 11716 11730
f 11727 11672 11707
f 11672 11727 11671
f 11626 11697 11731
f 11697 11626 11625
f 11732 11629 11698
f 11629 11732 11627
f 11723 11662 11700
f 11662 11723 11661
f 11733 11694 11734
f 11694 11733 11695
f 11731 11699 11735
f 11699 11731 11697
f 11660 11701 11658
f 11701 11660 11736
f 11737 11708 11709
f 11708 11737 11726
f 11729 11649 11713
f 11649 11729 11647
f 11738 11703 11702
f 11703 11738 11739
f 11725 11710 11711
f 11710 11725 11740
f 11633 11741 11719
f 11741 11633 11632
f 11735 11692 11689
f 11692 11735 11699
f 11645 11742 11715
f 11742 11645 11644
f 11743 11698 11696
f 11698 11743 11732
f 11734 11693 11744
f 11693 11734 11694
f 11691 11677 11678
f 11677 11691 11690
f 11736 11702 11701
f 11702 11736 11738
f 11718 11720 11717
f 11720 11718 11745
f 11742 11714 11715
f 11714 11742 11728
f 11706 11676 11673
f 11676 11706 11721
f 11719 11688 11685
f 11688 11719 11741
f 11665 11730 11716
f 11730 11665 11664
f 11746 11637 11704
f 11637 11746 11635
f 11740 11709 11710
f 11709 11740 11737
f 11744 11654 11651
f 11654 11744 11693
f 11743 11695 11733
f 11695 11743 11696
f 11687 11745 11718
f 11745 11687 11686
f 11739 11704 11703
f 11704 11739 11746
f 11747 11748 11749
f 11748 11747 11750
f 11751 11750 11747
f 11750 11751 11752
f 11749 11753 11754
f 11753 11749 11748
f 11755 11756 11757
f 11756 11755 11758
f 11759 11760 11761
f 11760 11759 11762
f 11763 11764 11765
f 11764 11763 11766
f 11767 11768 11769
f 11768 11767 11770
f 11771 11772 11773
f 11772 11771 11774
f 11775 11776 11777
f 11776 11775 11778
f 11779 11780 11781
f 11780 11779 11782
f 11783 11784 11785
f 11784 11783 11786
f 11787 11776 11788
f 11776 11787 11777
f 11789 11782 11779
f 11782 11789 11790
f 11762 11791 11760
f 11791 11762 11792
f 11754 11793 11794
f 11793 11754 11753
f 11795 11796 11797
f 11796 11795 11798
f 11799 11800 11801
f 11800 11799 11802
f 11803 11804 11805
f 11804 11803 11806
f 11770 11788 11768
f 11788 11770 11787
f 11807 11752 11751
f 11752 11807 11808
f 11809 11810 11811
f 11810 11809 11812
f 11813 11814 11815
f 11814 11813 11816
f 11785 11778 11775
f 11778 11785 11784
f 11817 11818 11819
f 11818 11817 11820
f 11821 11815 11822
f 11815 11821 11813
f 11823 11769 11824
f 11769 11823 11767
f 11825 11826 11827
f 11826 11825 11828
f 11829 11812 11809
f 11812 11829 11830
f 11831 11817 11819
f 11817 11831 11832
f 11794 11786 11783
f 11786 11794 11793
f 11833 11834 11835
f 11834 11833 11836
f 11837 11838 11839
f 11838 11837 11840
f 11841 11842 11843
f 11842 11841 11844
f 11845 11808 11807
f 11808 11845 11846
f 11816 11843 11814
f 11843 11816 11841
f 11847 11761 11848
f 11761 11847 11759
f 11805 11849 11850
f 11849 11805 11804
f 11851 11848 11852
f 11848 11851 11847
f 11853 11854 11855
f 11854 11853 11856
f 11857 11824 11858
f 11824 11857 11823
f 11856 11858 11854
f 11858 11856 11857
f 11859 11839 11860
f 11839 11859 11837
f 11820 11860 11818
f 11860 11820 11859
f 11774 11801 11772
f 11801 11774 11799
f 11792 11822 11791
f 11822 11792 11821
f 11861 11765 11862
f 11765 11861 11763
f 11863 11790 11789
f 11790 11863 11864
f 11764 11865 11866
f 11865 11764 11766
f 11840 11773 11838
f 11773 11840 11771
f 11867 11830 11829
f 11830 11867 11868
f 11797 11868 11867
f 11868 11797 11796
f 11757 11832 11831
f 11832 11757 11756
f 11850 11846 11845
f 11846 11850 11849
f 11866 11869 11870
f 11869 11866 11865
f 11781 11798 11795
f 11798 11781 11780
f 11802 11855 11800
f 11855 11802 11853
f 11871 11862 11872
f 11862 11871 11861
f 11873 11806 11803
f 11806 11873 11874
f 11836 11872 11834
f 11872 11836 11871
f 11827 11874 11873
f 11874 11827 11826
f 11844 11835 11842
f 11835 11844 11833
f 11870 11864 11863
f 11864 11870 11869
f 11811 11758 11755
f 11758 11811 11810
f 11825 11852 11828
f 11852 11825 11851
f 11875 11876 11877
f 11876 11875 11878
f 11879 11878 11875
f 11878 11879 11880
f 11877 11881 11882
f 11881 11877 11876
f 11883 11884 11885
f 11884 11883 11886
f 11887 11888 11889
f 11888 11887 11890
f 11891 11892 11893
f 11892 11891 11894
f 11895 11896 11897
f 11896 11895 11898
f 11899 11900 11901
f 11900 11899 11902
f 11903 11904 11905
f 11904 11903 11906
f 11907 11880 11879
f 11880 11907 11908
f 11909 11910 11911
f 11910 11909 11912
f 11913 11911 11914
f 11911 11913 11909
f 11915 11916 11917
f 11916 11915 11918
f 11919 11920 11921
f 11920 11919 11922
f 11923 11921 11924
f 11921 11923 11919
f 11925 11926 11927
f 11926 11925 11928
f 11922 11929 11920
f 11929 11922 11930
f 11931 11908 11907
f 11908 11931 11932
f 11933 11934 11935
f 11934 11933 11936
f 11937 11938 11939
f 11938 11937 11940
f 11941 11942 11943
f 11942 11941 11944
f 11905 11932 11931
f 11932 11905 11904
f 11886 11893 11884
f 11893 11886 11891
f 11751 11880 11908
f 11807 11908 11932
f 11880 11751 11878
f 11845 11932 11904
f 11747 11878 11751
f 11850 11904 11906
f 11878 11747 11876
f 11805 11906 11945
f 11749 11876 11747
f 11803 11945 11946
f 11876 11749 11881
f 11873 11946 11947
f 11754 11881 11749
f 11827 11947 11948
f 11881 11754 11949
f 11825 11948 11950
f 11794 11949 11754
f 11851 11950 11885
f 11949 11794 11951
f 11783 11951 11794
f 11908 11807 11751
f 11932 11845 11807
f 11904 11850 11845
f 11906 11805 11850
f 11847 11885 11884
f 11945 11803 11805
f 11946 11873 11803
f 11947 11827 11873
f 11759 11884 11893
f 11948 11825 11827
f 11950 11851 11825
f 11762 11893 11892
f 11885 11847 11851
f 11884 11759 11847
f 11893 11762 11759
f 11792 11892 11952
f 11892 11792 11762
f 11952 11821 11792
f 11914 11821 11952
f 11914 11813 11821
f 11911 11813 11914
f 11911 11816 11813
f 11911 11841 11816
f 11910 11841 11911
f 11910 11844 11841
f 11953 11844 11910
f 11844 11953 11833
f 11954 11833 11953
f 11833 11954 11836
f 11955 11836 11954
f 11836 11955 11871
f 11956 11871 11955
f 11871 11956 11861
f 11957 11861 11956
f 11861 11957 11763
f 11958 11763 11957
f 11763 11958 11766
f 11959 11766 11958
f 11766 11959 11865
f 11960 11865 11959
f 11865 11960 11869
f 11925 11869 11960
f 11927 11864 11925
f 11869 11925 11864
f 11951 11783 11944
f 11785 11944 11783
f 11944 11785 11942
f 11775 11942 11785
f 11942 11775 11929
f 11777 11929 11775
f 11929 11777 11920
f 11787 11920 11777
f 11920 11787 11921
f 11770 11921 11787
f 11921 11770 11924
f 11767 11924 11770
f 11924 11767 11961
f 11823 11961 11767
f 11961 11823 11962
f 11857 11962 11823
f 11962 11857 11963
f 11856 11963 11857
f 11856 11964 11963
f 11853 11964 11856
f 11802 11964 11853
f 11802 11965 11964
f 11799 11965 11802
f 11799 11934 11965
f 11774 11934 11799
f 11935 11774 11771
f 11774 11935 11934
f 11966 11771 11840
f 11900 11840 11837
f 11901 11837 11859
f 11771 11966 11935
f 11967 11859 11820
f 11968 11820 11817
f 11840 11900 11966
f 11969 11817 11832
f 11897 11832 11756
f 11895 11756 11758
f 11837 11901 11900
f 11970 11758 11810
f 11917 11810 11812
f 11915 11812 11830
f 11971 11830 11868
f 11859 11967 11901
f 11972 11868 11796
f 11864 11927 11790
f 11887 11790 11927
f 11820 11968 11967
f 11790 11887 11782
f 11817 11969 11968
f 11889 11782 11887
f 11832 11897 11969
f 11782 11889 11780
f 11756 11895 11897
f 11973 11780 11889
f 11758 11970 11895
f 11780 11973 11798
f 11810 11917 11970
f 11937 11798 11973
f 11812 11915 11917
f 11798 11937 11796
f 11830 11971 11915
f 11939 11796 11937
f 11868 11972 11971
f 11796 11939 11972
f 11971 11918 11915
f 11918 11971 11974
f 11959 11975 11960
f 11975 11959 11976
f 11977 11959 11958
f 11959 11977 11976
f 11978 11935 11966
f 11935 11978 11933
f 11902 11966 11900
f 11966 11902 11978
f 11979 11961 11962
f 11961 11979 11980
f 11927 11890 11887
f 11890 11927 11926
f 11981 11967 11968
f 11967 11981 11982
f 11970 11898 11895
f 11898 11970 11983
f 11980 11924 11961
f 11924 11980 11923
f 11882 11949 11984
f 11949 11882 11881
f 11936 11965 11934
f 11965 11936 11985
f 11986 11885 11950
f 11885 11986 11883
f 11987 11914 11952
f 11914 11987 11913
f 11988 11946 11989
f 11946 11988 11947
f 11984 11951 11990
f 11951 11984 11949
f 11912 11953 11910
f 11953 11912 11991
f 11992 11962 11963
f 11962 11992 11979
f 11993 11955 11954
f 11955 11993 11994
f 11985 11964 11965
f 11964 11985 11995
f 11894 11952 11892
f 11952 11894 11987
f 11982 11901 11967
f 11901 11982 11899
f 11889 11996 11973
f 11996 11889 11888
f 11990 11944 11941
f 11944 11990 11951
f 11897 11997 11969
f 11997 11897 11896
f 11998 11950 11948
f 11950 11998 11986
f 11989 11945 11999
f 11945 11989 11946
f 11943 11929 11930
f 11929 11943 11942
f 11991 11954 11953
f 11954 11991 11993
f 11972 11974 11971
f 11974 11972 12000
f 11997 11968 11969
f 11968 11997 11981
f 11960 11928 11925
f 11928 11960 11975
f 11973 11940 11937
f 11940 11973 11996
f 11917 11983 11970
f 11983 11917 11916
f 12001 11957 11956
f 11957 12001 12002
f 11995 11963 11964
f 11963 11995 11992
f 12002 11958 11957
f 11958 12002 11977
f 11999 11906 11903
f 11906 11999 11945
f 11998 11947 11988
f 11947 11998 11948
f 11939 12000 11972
f 12000 11939 11938
f 11994 11956 11955
f 11956 11994 12001
f 12003 12004 12005
f 12004 12003 12006
f 12007 12006 12003
f 12006 12007 12008
f 12005 12009 12010
f 12009 12005 12004
f 12011 12012 12013
f 12012 12011 12014
f 12015 12016 12017
f 12016 12015 12018
f 12019 12020 12021
f 12020 12019 12022
f 12023 12024 12025
f 12024 12023 12026
f 12027 12028 12029
f 12028 12027 12030
f 12031 12032 12033
f 12032 12031 12034
f 12035 12036 12037
f 12036 12035 12038
f 12039 12040 12041
f 12040 12039 12042
f 12043 12032 12044
f 12032 12043 12033
f 12045 12038 12035
f 12038 12045 12046
f 12018 12047 12016
f 12047 12018 12048
f 12010 12049 12050
f 12049 12010 12009
f 12051 12052 12053
f 12052 12051 12054
f 12055 12056 12057
f 12056 12055 12058
f 12059 12060 12061
f 12060 12059 12062
f 12026 12044 12024
f 12044 12026 12043
f 12063 12008 12007
f 12008 12063 12064
f 12065 12066 12067
f 12066 12065 12068
f 12069 12070 12071
f 12070 12069 12072
f 12041 12034 12031
f 12034 12041 12040
f 12073 12074 12075
f 12074 12073 12076
f 12077 12071 12078
f 12071 12077 12069
f 12079 12025 12080
f 12025 12079 12023
f 12081 12082 12083
f 12082 12081 12084
f 12085 12068 12065
f 12068 12085 12086
f 12087 12073 12075
f 12073 12087 12088
f 12050 12042 12039
f 12042 12050 12049
f 12089 12090 12091
f 12090 12089 12092
f 12093 12094 12095
f 12094 12093 12096
f 12097 12098 12099
f 12098 12097 12100
f 12101 12064 12063
f 12064 12101 12102
f 12072 12099 12070
f 12099 12072 12097
f 12103 12017 12104
f 12017 12103 12015
f 12061 12105 12106
f 12105 12061 12060
f 12107 12104 12108
f 12104 12107 12103
f 12109 12110 12111
f 12110 12109 12112
f 12113 12080 12114
f 12080 12113 12079
f 12112 12114 12110
f 12114 12112 12113
f 12115 12095 12116
f 12095 12115 12093
f 12076 12116 12074
f 12116 12076 12115
f 12106 12102 12101
f 12102 12106 12105
f 12030 12057 12028
f 12057 12030 12055
f 12048 12078 12047
f 12078 12048 12077
f 12117 12046 12045
f 12046 12117 12118
f 12020 12119 12120
f 12119 12020 12022
f 12096 12029 12094
f 12029 12096 12027
f 12121 12086 12085
f 12086 12121 12122
f 12053 12122 12121
f 12122 12053 12052
f 12013 12088 12087
f 12088 12013 12012
f 12120 12123 12124
f 12123 12120 12119
f 12037 12054 12051
f 12054 12037 12036
f 12058 12111 12056
f 12111 12058 12109
f 12125 12126 12127
f 12126 12125 12128
f 12128 12021 12126
f 12021 12128 12019
f 12129 12062 12059
f 12062 12129 12130
f 12092 12127 12090
f 12127 12092 12125
f 12083 12130 12129
f 12130 12083 12082
f 12100 12091 12098
f 12091 12100 12089
f 12124 12118 12117
f 12118 12124 12123
f 12067 12014 12011
f 12014 12067 12066
f 12081 12108 12084
f 12108 12081 12107
f 12131 12132 12133
f 12132 12131 12134
f 12135 12134 12131
f 12134 12135 12136
f 12133 12137 12138
f 12137 12133 12132
f 12139 12140 12141
f 12140 12139 12142
f 12143 12144 12145
f 12144 12143 12146
f 12147 12148 12149
f 12148 12147 12150
f 12151 12152 12153
f 12152 12151 12154
f 12155 12156 12157
f 12156 12155 12158
f 12159 12160 12161
f 12160 12159 12162
f 12163 12164 12165
f 12164 12163 12166
f 12167 12136 12135
f 12136 12167 12168
f 12169 12170 12171
f 12170 12169 12172
f 12173 12171 12174
f 12171 12173 12169
f 12175 12176 12177
f 12176 12175 12178
f 12179 12180 12181
f 12180 12179 12182
f 12183 12181 12184
f 12181 12183 12179
f 12185 12186 12187
f 12186 12185 12188
f 12182 12189 12180
f 12189 12182 12190
f 12191 12168 12167
f 12168 12191 12192
f 12193 12194 12195
f 12194 12193 12196
f 12197 12198 12199
f 12198 12197 12200
f 12201 12202 12203
f 12202 12201 12204
f 12165 12192 12191
f 12192 12165 12164
f 12142 12153 12140
f 12153 12142 12151
f 12007 12136 12168
f 12063 12168 12192
f 12136 12007 12134
f 12101 12192 12164
f 12003 12134 12007
f 12106 12164 12166
f 12134 12003 12132
f 12061 12166 12205
f 12005 12132 12003
f 12059 12205 12206
f 12132 12005 12137
f 12129 12206 12207
f 12010 12137 12005
f 12083 12207 12208
f 12137 12010 12209
f 12081 12208 12210
f 12050 12209 12010
f 12107 12210 12141
f 12209 12050 12211
f 12039 12211 12050
f 12168 12063 12007
f 12192 12101 12063
f 12164 12106 12101
f 12166 12061 12106
f 12103 12141 12140
f 12205 12059 12061
f 12206 12129 12059
f 12207 12083 12129
f 12015 12140 12153
f 12208 12081 12083
f 12210 12107 12081
f 12018 12153 12152
f 12141 12103 12107
f 12140 12015 12103
f 12153 12018 12015
f 12048 12152 12212
f 12152 12048 12018
f 12212 12077 12048
f 12174 12077 12212
f 12174 12069 12077
f 12171 12069 12174
f 12171 12072 12069
f 12171 12097 12072
f 12170 12097 12171
f 12170 12100 12097
f 12213 12100 12170
f 12100 12213 12089
f 12214 12089 12213
f 12089 12214 12092
f 12215 12092 12214
f 12092 12215 12125
f 12216 12125 12215
f 12125 12216 12128
f 12149 12128 12216
f 12128 12149 12019
f 12148 12019 12149
f 12019 12148 12022
f 12217 12022 12148
f 12022 12217 12119
f 12218 12119 12217
f 12119 12218 12123
f 12185 12123 12218
f 12187 12118 12185
f 12123 12185 12118
f 12211 12039 12204
f 12041 12204 12039
f 12204 12041 12202
f 12031 12202 12041
f 12202 12031 12189
f 12033 12189 12031
f 12189 12033 12180
f 12043 12180 12033
f 12180 12043 12181
f 12026 12181 12043
f 12181 12026 12184
f 12023 12184 12026
f 12184 12023 12219
f 12079 12219 12023
f 12219 12079 12220
f 12113 12220 12079
f 12220 12113 12221
f 12112 12221 12113
f 12112 12222 12221
f 12109 12222 12112
f 12058 12222 12109
f 12058 12223 12222
f 12055 12223 12058
f 12055 12194 12223
f 12030 12194 12055
f 12195 12030 12027
f 12030 12195 12194
f 12224 12027 12096
f 12160 12096 12093
f 12161 12093 12115
f 12027 12224 12195
f 12225 12115 12076
f 12226 12076 12073
f 12096 12160 12224
f 12227 12073 12088
f 12157 12088 12012
f 12155 12012 12014
f 12093 12161 12160
f 12228 12014 12066
f 12177 12066 12068
f 12175 12068 12086
f 12229 12086 12122
f 12115 12225 12161
f 12230 12122 12052
f 12118 12187 12046
f 12143 12046 12187
f 12076 12226 12225
f 12046 12143 12038
f 12073 12227 12226
f 12145 12038 12143
f 12088 12157 12227
f 12038 12145 12036
f 12012 12155 12157
f 12231 12036 12145
f 12014 12228 12155
f 12036 12231 12054
f 12066 12177 12228
f 12197 12054 12231
f 12068 12175 12177
f 12054 12197 12052
f 12086 12229 12175
f 12199 12052 12197
f 12122 12230 12229
f 12052 12199 12230
f 12229 12178 12175
f 12178 12229 12232
f 12217 12233 12218
f 12233 12217 12234
f 12150 12217 12148
f 12217 12150 12234
f 12154 12212 12152
f 12212 12154 12235
f 12236 12195 12224
f 12195 12236 12193
f 12162 12224 12160
f 12224 12162 12236
f 12196 12223 12194
f 12223 12196 12237
f 12238 12219 12220
f 12219 12238 12239
f 12187 12146 12143
f 12146 12187 12186
f 12240 12225 12226
f 12225 12240 12241
f 12228 12158 12155
f 12158 12228 12242
f 12239 12184 12219
f 12184 12239 12183
f 12138 12209 12243
f 12209 12138 12137
f 12244 12141 12210
f 12141 12244 12139
f 12235 12174 12212
f 12174 12235 12173
f 12245 12206 12246
f 12206 12245 12207
f 12243 12211 12247
f 12211 12243 12209
f 12172 12213 12170
f 12213 12172 12248
f 12249 12220 12221
f 12220 12249 12238
f 12250 12215 12214
f 12215 12250 12251
f 12237 12222 12223
f 12222 12237 12252
f 12241 12161 12225
f 12161 12241 12159
f 12145 12253 12231
f 12253 12145 12144
f 12247 12204 12201
f 12204 12247 12211
f 12157 12254 12227
f 12254 12157 12156
f 12255 12210 12208
f 12210 12255 12244
f 12246 12205 12256
f 12205 12246 12206
f 12203 12189 12190
f 12189 12203 12202
f 12248 12214 12213
f 12214 12248 12250
f 12230 12232 12229
f 12232 12230 12257
f 12254 12226 12227
f 12226 12254 12240
f 12218 12188 12185
f 12188 12218 12233
f 12231 12200 12197
f 12200 12231 12253
f 12177 12242 12228
f 12242 12177 12176
f 12258 12149 12216
f 12149 12258 12147
f 12252 12221 12222
f 12221 12252 12249
f 12256 12166 12163
f 12166 12256 12205
f 12255 12207 12245
f 12207 12255 12208
f 12199 12257 12230
f 12257 12199 12198
f 12251 12216 12215
f 12216 12251 12258
f 12135 12259 12260
f 12167 12260 12261
f 12259 12135 12262
f 12191 12261 12263
f 12131 12262 12135
f 12165 12263 12264
f 12262 12131 12265
f 12163 12264 12266
f 12133 12265 12131
f 12256 12266 12267
f 12265 12133 12268
f 12246 12267 12269
f 12138 12268 12133
f 12245 12269 12270
f 12268 12138 12271
f 12255 12270 12272
f 12243 12271 12138
f 12244 12272 12273
f 12271 12243 12274
f 12139 12273 12275
f 12247 12274 12243
f 12274 12247 12276
f 12260 12167 12135
f 12261 12191 12167
f 12263 12165 12191
f 12264 12163 12165
f 12266 12256 12163
f 12267 12246 12256
f 12269 12245 12246
f 12270 12255 12245
f 12272 12244 12255
f 12273 12139 12244
f 12275 12142 12139
f 12275 12151 12142
f 12275 12154 12151
f 12275 12235 12154
f 12275 12173 12235
f 12275 12169 12173
f 12275 12172 12169
f 12275 12248 12172
f 12275 12250 12248
f 12275 12251 12250
f 12275 12258 12251
f 12277 12258 12275
f 12258 12277 12147
f 12277 12150 12147
f 12277 12234 12150
f 12277 12233 12234
f 12277 12188 12233
f 12277 12186 12188
f 12277 12146 12186
f 12278 12146 12277
f 12146 12278 12144
f 12144 12278 12253
f 12253 12278 12200
f 12198 12278 12257
f 12257 12278 12279
f 12280 12277 12281
f 12282 12281 12283
f 12284 12277 12285
f 12282 12283 12286
f 12287 12277 12284
f 12288 12277 12287
f 12289 12286 12290
f 12277 12291 12285
f 12277 12292 12291
f 12277 12293 12292
f 12277 12294 12293
f 12277 12280 12294
f 12281 12295 12280
f 12281 12296 12295
f 12281 12297 12296
f 12298 12290 12299
f 12281 12300 12297
f 12281 12301 12300
f 12281 12282 12301
f 12286 12289 12282
f 12302 12299 12303
f 12290 12298 12289
f 12299 12302 12298
f 12303 12304 12302
f 12305 12304 12303
f 12305 12306 12304
f 12305 12307 12306
f 12308 12307 12305
f 12307 12308 12309
f 12310 12309 12308
f 12309 12310 12311
f 12312 12311 12310
f 12311 12312 12313
f 12314 12313 12312
f 12313 12314 12315
f 12316 12315 12314
f 12317 12315 12316
f 12315 12317 12318
f 12318 12317 12319
f 12319 12317 12320
f 12320 12317 12321
f 12321 12317 12322
f 12322 12317 12323
f 12324 12323 12317
f 12323 12324 12325
f 12325 12324 12326
f 12201 12276 12247
f 12276 12201 12327
f 12203 12327 12201
f 12327 12203 12328
f 12190 12328 12203
f 12328 12190 12329
f 12182 12329 12190
f 12329 12182 12330
f 12179 12330 12182
f 12330 12179 12331
f 12183 12331 12179
f 12331 12183 12332
f 12239 12332 12183
f 12332 12239 12333
f 12238 12333 12239
f 12333 12238 12334
f 12249 12334 12238
f 12334 12249 12335
f 12252 12335 12249
f 12237 12335 12252
f 12237 12336 12335
f 12196 12336 12237
f 12337 12196 12193
f 12196 12337 12336
f 12338 12193 12236
f 12339 12236 12162
f 12193 12338 12337
f 12340 12162 12159
f 12279 12159 12241
f 12236 12339 12338
f 12279 12241 12240
f 12279 12240 12254
f 12279 12254 12156
f 12162 12340 12339
f 12279 12156 12158
f 12279 12158 12242
f 12279 12242 12176
f 12279 12176 12178
f 12279 12178 12232
f 12279 12232 12257
f 12159 12279 12340
f 12200 12278 12198
f 12317 11399 11367
f 12341 11423 11399
f 12341 11397 11423
f 12341 11395 11397
f 12341 11488 11395
f 12341 11478 11488
f 11374 12341 12342
f 12341 11477 11478
f 12341 11487 11477
f 12341 11476 11487
f 11383 12342 12343
f 12341 11371 11476
f 12341 11374 11371
f 11386 12343 12344
f 12342 11383 11374
f 12343 11386 11383
f 11467 12344 12345
f 12344 11467 11386
f 12345 11405 11467
f 12346 11405 12345
f 12346 11401 11405
f 12346 11404 11401
f 12347 11404 12346
f 11404 12347 11480
f 12348 11480 12347
f 11480 12348 11482
f 12349 11482 12348
f 11482 12349 11483
f 12350 11483 12349
f 11483 12350 11490
f 12351 11490 12350
f 11490 12351 11379
f 12352 11379 12351
f 11379 12352 11382
f 12353 11382 12352
f 11382 12353 11466
f 12354 11466 12353
f 11466 12354 11465
f 12355 11465 12354
f 11465 12355 11420
f 11420 12356 11418
f 12356 11420 12355
f 11999 12357 12324
f 12357 11879 11875
f 12357 11907 11879
f 12357 11931 11907
f 12357 11905 11931
f 12357 11903 11905
f 12357 11999 11903
f 12324 11989 11999
f 12324 11988 11989
f 12324 11998 11988
f 12324 11986 11998
f 12324 11883 11986
f 12324 11886 11883
f 12358 11886 12324
f 11886 12358 11891
f 11891 12358 11894
f 11894 12358 11987
f 11987 12358 11913
f 11913 12358 11909
f 11909 12358 11912
f 11912 12358 11991
f 11991 12358 11993
f 11993 12358 11994
f 11994 12358 12001
f 11928 12359 11926
f 12359 11928 12360
f 11975 12360 11928
f 12360 11975 12361
f 11976 12361 11975
f 12361 11976 12362
f 11977 12362 11976
f 12362 11977 12363
f 12002 12363 11977
f 12363 12002 12358
f 12001 12358 12002
f 12357 11875 12364
f 11877 12364 11875
f 11882 12364 11877
f 11984 12364 11882
f 11990 12364 11984
f 11941 12364 11990
f 11943 12364 11941
f 11930 12364 11943
f 11922 12364 11930
f 11919 12364 11922
f 11923 12364 11919
f 12364 11923 12365
f 11980 12365 11923
f 12365 11980 12366
f 11979 12366 11980
f 12366 11979 12367
f 11992 12367 11979
f 12367 11992 12368
f 11995 12368 11992
f 11985 12368 11995
f 11985 12369 12368
f 11936 12369 11985
f 12370 11936 11933
f 11936 12370 12369
f 12371 11933 11978
f 12372 11978 11902
f 11933 12371 12370
f 12373 11902 11899
f 12374 11899 11982
f 11978 12372 12371
f 12375 11982 11981
f 12376 11981 11997
f 12377 11997 11896
f 11902 12373 12372
f 12378 11896 11898
f 12379 11898 11983
f 12380 11983 11916
f 12381 11916 11918
f 12382 11918 11974
f 12383 11974 12000
f 11899 12374 12373
f 12384 12000 11938
f 12385 11926 12359
f 11926 12385 11890
f 11982 12375 12374
f 12386 11890 12385
f 11981 12376 12375
f 11890 12386 11888
f 11997 12377 12376
f 12387 11888 12386
f 11896 12378 12377
f 11888 12387 11996
f 11898 12379 12378
f 12388 11996 12387
f 11983 12380 12379
f 11996 12388 11940
f 11916 12381 12380
f 12389 11940 12388
f 11918 12382 12381
f 11940 12389 11938
f 11974 12383 12382
f 12390 11938 12389
f 12000 12384 12383
f 11938 12390 12384
f 12391 12277 12288
f 12392 12277 12391
f 12277 12392 12278
f 12393 12278 12392
f 12394 12278 12393
f 12395 12278 12394
f 12396 12278 12395
f 12397 12278 12396
f 12398 12278 12397
f 12278 12398 12399
f 12399 12398 12400
f 12401 12400 12398
f 12400 12401 12402
f 12403 12402 12401
f 12402 12403 12404
f 12405 12404 12403
f 12404 12405 12406
f 12407 12406 12405
f 12408 12406 12407
f 12408 12409 12406
f 12410 12409 12408
f 12411 12410 12412
f 12413 12412 12414
f 12410 12411 12409
f 12415 12414 12416
f 12417 12416 12418
f 12357 12418 12419
f 12357 12419 12420
f 12412 12413 12411
f 12357 12420 12421
f 12357 12421 12422
f 12357 12422 12423
f 12357 12423 12424
f 12324 12424 12425
f 12324 12425 12426
f 12324 12426 12427
f 12324 12427 12428
f 12414 12415 12413
f 12324 12428 12429
f 12326 12324 12430
f 12416 12417 12415
f 12430 12324 12431
f 12431 12324 12429
f 12418 12357 12432
f 12418 12432 12417
f 12424 12324 12357
f 11399 12317 12341
f 11363 12317 11367
f 11365 12317 11363
f 11370 12317 11365
f 11474 12317 11370
f 11479 12317 11474
f 12317 11479 12324
f 11433 12324 11479
f 11435 12324 11433
f 11422 12324 11435
f 11414 12324 11422
f 11411 12324 11414
f 11415 12324 11411
f 12433 11415 11470
f 12433 11470 11469
f 12433 11469 11481
f 12433 11481 11484
f 12433 11484 11475
f 12433 11475 11428
f 12433 11428 11425
f 12433 11425 11468
f 12433 11468 11394
f 12433 11394 11391
f 12433 11391 11472
f 11415 12433 12324
f 12434 11472 11471
f 12435 11471 11486
f 12436 11486 11388
f 12437 11388 11390
f 12438 11390 11473
f 12439 11473 11408
f 12440 11408 11410
f 12441 11410 11464
f 12442 11464 11489
f 12443 11489 11430
f 12444 11418 12356
f 11418 12444 11378
f 11472 12434 12433
f 12445 11378 12444
f 11471 12435 12434
f 11378 12445 11376
f 11486 12436 12435
f 12446 11376 12445
f 11388 12437 12436
f 11376 12446 11485
f 11390 12438 12437
f 12447 11485 12446
f 11473 12439 12438
f 11485 12447 11432
f 11408 12440 12439
f 12448 11432 12447
f 11410 12441 12440
f 11432 12448 11430
f 11464 12442 12441
f 12449 11430 12448
f 11489 12443 12442
f 11430 12449 12443
f 11623 12450 12451
f 11655 12451 12452
f 12450 11623 12453
f 11679 12452 12454
f 11619 12453 11623
f 11653 12454 12455
f 12453 11619 12456
f 11651 12455 12457
f 11621 12456 11619
f 11744 12457 12458
f 12456 11621 12459
f 11734 12458 12460
f 11626 12459 11621
f 11733 12460 12461
f 12459 11626 12462
f 11743 12461 12463
f 11731 12462 11626
f 11732 12463 12464
f 12462 11731 12465
f 11627 12464 12466
f 11735 12465 11731
f 12465 11735 12467
f 12451 11655 11623
f 12452 11679 11655
f 12454 11653 11679
f 12455 11651 11653
f 12457 11744 11651
f 12458 11734 11744
f 11630 12466 12468
f 12460 11733 11734
f 12461 11743 11733
f 12463 11732 11743
f 11639 12468 12469
f 12464 11627 11732
f 12466 11630 11627
f 11642 12469 12470
f 12468 11639 11630
f 12469 11642 11639
f 11723 12470 12471
f 12470 11723 11642
f 12471 11661 11723
f 12472 11661 12471
f 12472 11657 11661
f 12472 11660 11657
f 12473 11660 12472
f 11660 12473 11736
f 12474 11736 12473
f 11736 12474 11738
f 12475 11738 12474
f 11738 12475 11739
f 12476 11739 12475
f 11739 12476 11746
f 12477 11746 12476
f 11746 12477 11635
f 11635 12477 11638
f 11638 12477 11722
f 11722 12477 11721
f 11721 12477 11676
f 11676 12477 11674
f 11674 12477 11634
f 11634 12477 11632
f 11632 12477 11741
f 12281 11688 12477
f 11741 12477 11688
f 11689 12467 11735
f 12467 11689 12478
f 11691 12478 11689
f 12478 11691 12479
f 11678 12479 11691
f 12479 11678 12480
f 11670 12480 11678
f 12480 11670 12481
f 11667 12481 11670
f 12481 11667 12482
f 11671 12482 11667
f 11727 12482 11671
f 11726 12482 11727
f 11737 12482 11726
f 11740 12482 11737
f 11725 12482 11740
f 11684 12482 11725
f 11681 12482 11684
f 11724 12482 11681
f 11650 12482 11724
f 11647 12482 11650
f 12277 11647 11729
f 11647 12277 12482
f 11728 12277 11729
f 11742 12277 11728
f 11644 12277 11742
f 11646 12277 11644
f 11730 12277 11646
f 11664 12277 11730
f 12281 11664 11666
f 12281 11666 11720
f 12281 11720 11745
f 12281 11745 11686
f 11688 12281 11686
f 11664 12281 12277
f 12483 11750 11752
f 12484 11748 11750
f 12484 11753 11748
f 12484 11793 11753
f 12484 11786 11793
f 12484 11784 11786
f 11858 12485 12486
f 12484 11778 11784
f 12484 11776 11778
f 12484 11788 11776
f 12484 11768 11788
f 12484 11769 11768
f 11854 12486 12487
f 12484 11824 11769
f 12485 11858 11824
f 12486 11854 11858
f 12487 11855 11854
f 12488 11855 12487
f 12488 11800 11855
f 12488 11801 11800
f 12489 11801 12488
f 11801 12489 11772
f 12490 11772 12489
f 11772 12490 11773
f 12491 11773 12490
f 11773 12491 11838
f 12492 11838 12491
f 11838 12492 11839
f 12493 11839 12492
f 11839 12493 11860
f 12494 11860 12493
f 11860 12494 11818
f 12495 11818 12494
f 11818 12495 11819
f 12496 11819 12495
f 11819 12496 11831
f 12497 11831 12496
f 11831 12497 11757
f 11496 12498 12499
f 11494 12499 12500
f 12498 11496 12501
f 11492 12500 12502
f 11552 12501 11496
f 11497 12502 12503
f 12501 11552 12504
f 11537 12503 12505
f 11590 12504 11552
f 11530 12505 12506
f 12504 11590 12507
f 11528 12506 12508
f 11593 12507 11590
f 11522 12508 12509
f 12507 11593 12510
f 11520 12509 12511
f 11548 12510 11593
f 11532 12511 12512
f 12510 11548 12513
f 11512 12512 12514
f 11550 12513 11548
f 12513 11550 12515
f 12515 11614 12516
f 11614 12515 11550
f 12499 11494 11496
f 12500 11492 11494
f 12502 11497 11492
f 12503 11537 11497
f 12505 11530 11537
f 12506 11528 11530
f 12508 11522 11528
f 12509 11520 11522
f 12511 11532 11520
f 12512 11512 11532
f 12514 11513 11512
f 12514 11568 11513
f 12514 11602 11568
f 12514 11598 11602
f 12514 11599 11598
f 12514 11544 11599
f 12514 11545 11544
f 12514 11516 11545
f 12514 11517 11516
f 12514 11582 11517
f 12514 11583 11582
f 12514 11604 11583
f 12514 11562 11604
f 12517 11562 12514
f 11562 12517 11563
f 12518 11541 11609
f 11541 12519 12520
f 12521 11609 11573
f 11541 12518 12519
f 12521 11573 11553
f 11563 12517 11575
f 12517 11501 11575
f 12517 11499 11501
f 12517 11555 11499
f 12521 11555 12517
f 11555 12521 11553
f 12521 12517 12522
f 11609 12521 12518
f 12523 12521 12522
f 12521 12523 12524
f 12524 12523 12525
f 12525 12523 12526
f 12523 12527 12526
f 12523 12528 12527
f 12523 12529 12528
f 12530 12529 12523
f 12529 12530 12531
f 12531 12530 12532
f 12530 12533 12532
f 12530 12534 12533
f 12530 12535 12534
f 12530 12536 12535
f 12537 12536 12530
f 12538 12536 12537
f 11274 12536 12538
f 12536 11238 12539
f 11296 12539 11240
f 11334 12539 11296
f 12539 11238 11240
f 12536 11236 11238
f 12536 11241 11236
f 12536 11281 11241
f 12536 11274 11281
f 12538 11272 11274
f 12538 11266 11272
f 12538 11264 11266
f 12538 11276 11264
f 12540 11276 12538
f 11276 12540 11256
f 11256 12540 11257
f 11257 12540 11312
f 11312 12540 11346
f 11346 12540 11342
f 11342 12540 11343
f 11343 12540 11288
f 11288 12540 11289
f 11289 12540 11260
f 11260 12540 11261
f 11261 12540 11326
f 11326 12540 11327
f 12541 11285 11353
f 11285 12542 12543
f 12544 11353 11317
f 11327 12540 11348
f 12545 11348 12540
f 11348 12545 11306
f 12546 11306 12545
f 11306 12546 11307
f 12547 11307 12546
f 11307 12547 11319
f 12548 11319 12547
f 11319 12548 11245
f 12549 11245 12548
f 11285 12550 12542
f 11245 12549 11243
f 11285 12551 12550
f 12552 11243 12549
f 11285 12553 12551
f 11243 12552 11299
f 11285 12554 12553
f 12555 11299 12552
f 11285 12556 12554
f 11299 12555 11297
f 11285 12557 12556
f 12558 11297 12555
f 11285 12559 12557
f 11297 12558 11317
f 11285 12560 12559
f 12561 11317 12558
f 11285 12562 12560
f 12544 11317 12561
f 11285 12563 12562
f 11353 12544 12541
f 11285 12564 12563
f 11285 12541 12564
f 11570 12516 11614
f 12516 11570 12565
f 11572 12565 11570
f 12565 11572 12566
f 11596 12566 11572
f 12566 11596 12567
f 11592 12567 11596
f 12567 11592 12568
f 11505 12568 11592
f 12568 11505 12569
f 11504 12569 11505
f 12569 11504 12570
f 11535 12570 11504
f 12570 11535 12571
f 11566 12571 11535
f 12571 11566 12572
f 11559 12572 11566
f 11558 12572 11559
f 11558 12573 12572
f 11587 12573 11558
f 12574 11587 11586
f 12575 11586 11579
f 12520 11579 11578
f 11587 12574 12573
f 12520 11578 11617
f 12520 11617 11616
f 12520 11616 11509
f 12520 11509 11508
f 12520 11508 11608
f 11586 12575 12574
f 12520 11608 11612
f 12520 11612 11605
f 12520 11605 11533
f 12520 11533 11523
f 12520 11523 11525
f 12520 11525 11539
f 12520 11539 11541
f 11579 12520 12575
f 11337 12539 11334
f 11292 12539 11337
f 11294 12539 11292
f 11362 12539 11294
f 11314 12539 11362
f 11316 12539 11314
f 11340 12539 11316
f 11336 12539 11340
f 11249 12539 11336
f 12539 11249 12576
f 11248 12576 11249
f 12576 11248 12577
f 11279 12577 11248
f 12577 11279 12578
f 11310 12578 11279
f 12578 11310 12579
f 11303 12579 11310
f 11302 12579 11303
f 11302 12580 12579
f 11331 12580 11302
f 12581 11331 11330
f 12582 11330 11323
f 12543 11323 11322
f 11331 12581 12580
f 12543 11322 11359
f 12543 11359 11358
f 12543 11358 11253
f 12543 11253 11252
f 12543 11252 11352
f 11330 12582 12581
f 12543 11352 11356
f 12543 11356 11349
f 12543 11349 11277
f 12543 11277 11267
f 12543 11267 11269
f 12543 11269 11283
f 12543 11283 11285
f 11323 12543 12582
f 12583 12006 12008
f 12584 12004 12006
f 12584 12009 12004
f 12584 12049 12009
f 12584 12042 12049
f 12584 12040 12042
f 12114 12585 12586
f 12584 12034 12040
f 12584 12032 12034
f 12584 12044 12032
f 12584 12024 12044
f 12584 12025 12024
f 12110 12586 12587
f 12584 12080 12025
f 12585 12114 12080
f 12586 12110 12114
f 12587 12111 12110
f 12588 12111 12587
f 12588 12056 12111
f 12588 12057 12056
f 12589 12057 12588
f 12057 12589 12028
f 12590 12028 12589
f 12028 12590 12029
f 12591 12029 12590
f 12029 12591 12094
f 12592 12094 12591
f 12094 12592 12095
f 12593 12095 12592
f 12095 12593 12116
f 12116 12593 12074
f 12074 12593 12075
f 12075 12593 12087
f 12087 12593 12013
f 12013 12593 12011
f 12011 12593 12067
f 12067 12593 12065
f 12065 12593 12085
f 12008 12594 12583
f 12006 12583 12595
f 12594 12008 12596
f 12006 12595 12597
f 12064 12596 12008
f 12006 12597 12598
f 12596 12064 12599
f 12006 12598 12600
f 12102 12599 12064
f 12006 12600 12601
f 12599 12102 12602
f 12006 12601 12603
f 12105 12602 12102
f 12006 12603 12604
f 12602 12105 12605
f 12006 12604 12606
f 12060 12605 12105
f 12006 12606 12607
f 12605 12060 12608
f 12006 12607 12609
f 12062 12608 12060
f 12006 12609 12584
f 12080 12584 12585
f 12608 12062 12610
f 12130 12610 12062
f 12610 12130 12611
f 12082 12611 12130
f 12611 12082 12612
f 12084 12612 12082
f 12612 12084 12613
f 12108 12613 12084
f 12613 12108 12614
f 12104 12614 12108
f 12614 12104 12615
f 12017 12615 12104
f 12016 12615 12017
f 12047 12615 12016
f 12078 12615 12047
f 12071 12615 12078
f 12070 12615 12071
f 12099 12615 12070
f 12098 12615 12099
f 12091 12615 12098
f 12090 12615 12091
f 12127 12615 12090
f 12126 12615 12127
f 12021 12615 12126
f 12517 12021 12020
f 12517 12020 12120
f 12085 12593 12121
f 12121 12593 12053
f 12053 12593 12051
f 12616 12051 12593
f 12051 12616 12037
f 12021 12517 12615
f 12124 12517 12120
f 12117 12517 12124
f 12045 12517 12117
f 12616 12045 12035
f 12037 12616 12035
f 12045 12616 12517
f 12517 12616 12522
f 12617 12616 12618
f 12617 12618 12619
f 12617 12619 12620
f 12616 12617 12522
f 12621 12617 12620
f 12622 12617 12621
f 12623 12617 12622
f 12624 12623 12625
f 12624 12625 12626
f 12623 12624 12617
f 12627 12624 12626
f 12628 12624 12627
f 12629 12624 12628
f 12630 12624 12629
f 12630 12537 12624
f 12630 12538 12537
f 11808 12630 12483
f 11750 12483 12484
f 11824 12484 12485
f 11808 12483 11752
f 11846 12630 11808
f 11849 12630 11846
f 11804 12630 11849
f 11806 12630 11804
f 12630 11806 12538
f 11874 12538 11806
f 11826 12538 11874
f 11828 12538 11826
f 11852 12538 11828
f 12631 11852 11848
f 12631 11848 11761
f 12631 11761 11760
f 12631 11760 11791
f 12631 11791 11822
f 12631 11822 11815
f 12631 11815 11814
f 12631 11814 11843
f 12631 11843 11842
f 12631 11842 11835
f 12631 11835 11834
f 12631 11834 11872
f 12631 11872 11862
f 12632 11757 12497
f 11757 12632 11755
f 12633 11755 12632
f 11755 12633 11811
f 12634 11811 12633
f 11852 12631 12538
f 12635 11862 11765
f 12636 11765 11764
f 12637 11764 11866
f 12638 11866 11870
f 12639 11870 11863
f 12640 11863 11789
f 12641 11789 11779
f 11811 12634 11809
f 12642 11809 12634
f 11862 12635 12631
f 11809 12642 11829
f 11765 12636 12635
f 12643 11829 12642
f 11764 12637 12636
f 11829 12643 11867
f 11866 12638 12637
f 12644 11867 12643
f 11870 12639 12638
f 11867 12644 11797
f 11863 12640 12639
f 12645 11797 12644
f 11789 12641 12640
f 11797 12645 11795
f 11779 12646 12641
f 12647 11795 12645
f 11779 12648 12646
f 11795 12647 11781
f 11781 12648 11779
f 12648 11781 12647
f 12649 12471 12650
f 12651 12572 12652
f 12572 12651 12571
f 12650 12571 12651
f 12470 12650 12471
f 12650 12470 12571
f 12470 12570 12571
f 12570 12470 12469
f 12469 12569 12570
f 12569 12469 12468
f 12468 12568 12569
f 12568 12468 12466
f 12466 12567 12568
f 12567 12466 12464
f 12464 12566 12567
f 12566 12464 12463
f 12463 12565 12566
f 12565 12463 12461
f 12565 12460 12516
f 12460 12565 12461
f 12516 12458 12515
f 12458 12516 12460
f 12515 12457 12513
f 12457 12515 12458
f 12513 12455 12510
f 12455 12513 12457
f 12510 12454 12507
f 12454 12510 12455
f 12507 12452 12504
f 12452 12507 12454
f 12504 12451 12501
f 12451 12504 12452
f 12501 12450 12498
f 12450 12501 12451
f 12498 12453 12499
f 12453 12498 12450
f 12499 12456 12500
f 12456 12499 12453
f 12500 12459 12502
f 12459 12500 12456
f 12502 12462 12503
f 12462 12502 12459
f 12503 12465 12505
f 12465 12503 12462
f 12505 12467 12506
f 12467 12505 12465
f 12506 12478 12508
f 12478 12506 12467
f 12508 12479 12509
f 12479 12508 12478
f 12479 12511 12509
f 12511 12479 12480
f 12480 12512 12511
f 12512 12480 12481
f 12481 12514 12512
f 12514 12481 12482
f 12482 12517 12514
f 12517 12482 12277
f 12277 12615 12517
f 12615 12277 12275
f 12275 12614 12615
f 12614 12275 12273
f 12273 12613 12614
f 12613 12273 12272
f 12272 12612 12613
f 12612 12272 12270
f 12612 12269 12611
f 12269 12612 12270
f 12611 12267 12610
f 12267 12611 12269
f 12610 12266 12608
f 12266 12610 12267
f 12608 12264 12605
f 12264 12608 12266
f 12605 12263 12602
f 12263 12605 12264
f 12602 12261 12599
f 12261 12602 12263
f 12599 12260 12596
f 12260 12599 12261
f 12596 12259 12594
f 12259 12596 12260
f 12594 12262 12583
f 12262 12594 12259
f 12583 12265 12595
f 12265 12583 12262
f 12595 12268 12597
f 12268 12595 12265
f 12597 12271 12598
f 12271 12597 12268
f 12598 12274 12600
f 12274 12598 12271
f 12600 12276 12601
f 12276 12600 12274
f 12601 12327 12603
f 12327 12601 12276
f 12603 12328 12604
f 12328 12603 12327
f 12328 12606 12604
f 12606 12328 12329
f 12329 12607 12606
f 12607 12329 12330
f 12330 12609 12607
f 12609 12330 12331
f 12331 12584 12609
f 12584 12331 12332
f 12332 12585 12584
f 12585 12332 12333
f 12333 12586 12585
f 12586 12333 12334
f 12586 12653 12587
f 12586 12654 12653
f 12334 12654 12586
f 12335 12654 12334
f 12654 12335 12655
f 12587 12653 12656
f 12335 12657 12655
f 12657 12335 12336
f 12656 12588 12587
f 12588 12656 12658
f 12336 12659 12657
f 12659 12336 12337
f 12658 12589 12588
f 12589 12658 12660
f 12659 12337 12661
f 12662 12589 12660
f 12589 12662 12590
f 12661 12590 12662
f 12338 12661 12337
f 12661 12338 12590
f 12338 12591 12590
f 12591 12338 12339
f 12339 12592 12591
f 12592 12339 12340
f 12340 12593 12592
f 12593 12340 12279
f 12279 12616 12593
f 12616 12279 12278
f 12278 12618 12616
f 12618 12278 12399
f 12399 12619 12618
f 12619 12399 12400
f 12400 12620 12619
f 12620 12400 12402
f 12402 12621 12620
f 12621 12402 12404
f 12404 12622 12621
f 12622 12404 12406
f 12406 12623 12622
f 12623 12406 12409
f 12409 12625 12623
f 12625 12409 12411
f 12411 12626 12625
f 12626 12411 12413
f 12413 12627 12626
f 12627 12413 12415
f 12415 12628 12627
f 12628 12415 12417
f 12417 12629 12628
f 12629 12417 12432
f 12432 12630 12629
f 12630 12432 12357
f 12357 12483 12630
f 12483 12357 12364
f 12364 12484 12483
f 12484 12364 12365
f 12365 12485 12484
f 12485 12365 12366
f 12366 12486 12485
f 12486 12366 12367
f 12486 12663 12487
f 12486 12664 12663
f 12367 12664 12486
f 12368 12664 12367
f 12664 12368 12665
f 12487 12663 12666
f 12368 12667 12665
f 12667 12368 12369
f 12666 12488 12487
f 12488 12666 12668
f 12369 12669 12667
f 12669 12369 12370
f 12668 12489 12488
f 12489 12668 12670
f 12669 12370 12671
f 12672 12489 12670
f 12489 12672 12490
f 12671 12490 12672
f 12371 12671 12370
f 12671 12371 12490
f 12371 12491 12490
f 12491 12371 12372
f 12372 12492 12491
f 12492 12372 12373
f 12373 12493 12492
f 12493 12373 12374
f 12374 12494 12493
f 12494 12374 12375
f 12375 12495 12494
f 12495 12375 12376
f 12376 12496 12495
f 12496 12376 12377
f 12378 12496 12377
f 12496 12378 12497
f 12379 12497 12378
f 12497 12379 12632
f 12380 12632 12379
f 12632 12380 12633
f 12381 12633 12380
f 12633 12381 12634
f 12382 12634 12381
f 12634 12382 12642
f 12383 12642 12382
f 12642 12383 12643
f 12384 12643 12383
f 12643 12384 12644
f 12390 12644 12384
f 12644 12390 12645
f 12389 12645 12390
f 12645 12389 12647
f 12388 12647 12389
f 12647 12388 12648
f 12387 12648 12388
f 12648 12387 12646
f 12386 12646 12387
f 12646 12386 12641
f 12385 12641 12386
f 12641 12385 12640
f 12359 12640 12385
f 12640 12359 12639
f 12360 12639 12359
f 12639 12360 12638
f 12361 12638 12360
f 12638 12361 12637
f 12361 12636 12637
f 12636 12361 12362
f 12362 12635 12636
f 12635 12362 12363
f 12363 12631 12635
f 12631 12363 12358
f 12358 12538 12631
f 12538 12358 12324
f 12324 12540 12538
f 12540 12324 12433
f 12433 12545 12540
f 12545 12433 12434
f 12434 12546 12545
f 12546 12434 12435
f 12435 12547 12546
f 12547 12435 12436
f 12437 12547 12436
f 12547 12437 12548
f 12438 12548 12437
f 12548 12438 12549
f 12439 12549 12438
f 12549 12439 12552
f 12440 12552 12439
f 12552 12440 12555
f 12441 12555 12440
f 12555 12441 12558
f 12442 12558 12441
f 12558 12442 12561
f 12443 12561 12442
f 12561 12443 12544
f 12449 12544 12443
f 12544 12449 12541
f 12448 12541 12449
f 12541 12448 12564
f 12447 12564 12448
f 12564 12447 12563
f 12446 12563 12447
f 12563 12446 12562
f 12445 12562 12446
f 12562 12445 12560
f 12444 12560 12445
f 12560 12444 12559
f 12356 12559 12444
f 12559 12356 12557
f 12355 12557 12356
f 12557 12355 12556
f 12354 12556 12355
f 12556 12354 12554
f 12354 12553 12554
f 12553 12354 12353
f 12353 12551 12553
f 12551 12353 12352
f 12352 12550 12551
f 12550 12352 12351
f 12351 12542 12550
f 12542 12351 12350
f 12350 12543 12542
f 12543 12350 12349
f 12349 12582 12543
f 12582 12349 12348
f 12582 12673 12581
f 12582 12674 12673
f 12348 12674 12582
f 12347 12674 12348
f 12674 12347 12675
f 12581 12673 12676
f 12347 12677 12675
f 12677 12347 12346
f 12676 12580 12581
f 12580 12676 12678
f 12346 12679 12677
f 12679 12346 12345
f 12678 12579 12580
f 12579 12678 12680
f 12679 12345 12681
f 12682 12579 12680
f 12579 12682 12578
f 12681 12578 12682
f 12344 12681 12345
f 12681 12344 12578
f 12344 12577 12578
f 12577 12344 12343
f 12343 12576 12577
f 12576 12343 12342
f 12342 12539 12576
f 12539 12342 12341
f 12341 12536 12539
f 12536 12341 12317
f 12317 12535 12536
f 12535 12317 12316
f 12316 12534 12535
f 12534 12316 12314
f 12314 12533 12534
f 12533 12314 12312
f 12312 12532 12533
f 12532 12312 12310
f 12310 12531 12532
f 12531 12310 12308
f 12308 12529 12531
f 12529 12308 12305
f 12305 12528 12529
f 12528 12305 12303
f 12303 12527 12528
f 12527 12303 12299
f 12299 12526 12527
f 12526 12299 12290
f 12290 12525 12526
f 12525 12290 12286
f 12286 12524 12525
f 12524 12286 12283
f 12283 12521 12524
f 12521 12283 12281
f 12281 12518 12521
f 12518 12281 12477
f 12477 12519 12518
f 12519 12477 12476
f 12476 12520 12519
f 12520 12476 12475
f 12475 12575 12520
f 12575 12475 12474
f 12575 12683 12574
f 12575 12684 12683
f 12474 12684 12575
f 12473 12684 12474
f 12684 12473 12685
f 12574 12683 12686
f 12473 12687 12685
f 12687 12473 12472
f 12686 12573 12574
f 12573 12686 12688
f 12472 12649 12687
f 12649 12472 12471
f 12688 12572 12573
f 12572 12688 12652
f 12311 12689 12690
f 12689 12311 12313
f 12284 12691 12287
f 12691 12284 12692
f 12285 12692 12284
f 12692 12285 12693
f 12287 12694 12288
f 12694 12287 12691
f 12695 12427 12696
f 12427 12695 12428
f 12309 12690 12697
f 12690 12309 12311
f 12403 12698 12699
f 12698 12403 12401
f 12419 12700 12701
f 12700 12419 12418
f 12702 12325 12703
f 12325 12702 12323
f 12414 12704 12705
f 12704 12414 12412
f 12706 12323 12702
f 12323 12706 12322
f 12298 12707 12708
f 12707 12298 12302
f 12318 12709 12710
f 12709 12318 12319
f 12301 12711 12712
f 12711 12301 12282
f 12296 12713 12295
f 12713 12296 12714
f 12407 12715 12716
f 12715 12407 12405
f 12420 12701 12717
f 12701 12420 12419
f 12282 12718 12711
f 12718 12282 12289
f 12719 12422 12720
f 12422 12719 12423
f 12292 12721 12291
f 12721 12292 12722
f 12723 12425 12724
f 12425 12723 12426
f 12401 12725 12698
f 12725 12401 12398
f 12703 12326 12726
f 12326 12703 12325
f 12293 12722 12292
f 12722 12293 12727
f 12410 12728 12729
f 12728 12410 12408
f 12396 12730 12731
f 12730 12396 12395
f 12418 12732 12700
f 12732 12418 12416
f 12421 12717 12733
f 12717 12421 12420
f 12289 12708 12718
f 12708 12289 12298
f 12416 12705 12732
f 12705 12416 12414
f 12393 12734 12394
f 12734 12393 12735
f 12736 12423 12719
f 12423 12736 12424
f 12291 12693 12285
f 12693 12291 12721
f 12280 12737 12294
f 12737 12280 12738
f 12392 12735 12393
f 12735 12392 12739
f 12319 12740 12709
f 12740 12319 12320
f 12397 12731 12741
f 12731 12397 12396
f 12315 12710 12742
f 12710 12315 12318
f 12398 12741 12725
f 12741 12398 12397
f 12302 12743 12707
f 12743 12302 12304
f 12288 12744 12391
f 12744 12288 12694
f 12295 12738 12280
f 12738 12295 12713
f 12745 12429 12746
f 12429 12745 12431
f 12294 12727 12293
f 12727 12294 12737
f 12394 12730 12395
f 12730 12394 12734
f 12408 12716 12728
f 12716 12408 12407
f 12391 12739 12392
f 12739 12391 12744
f 12307 12697 12747
f 12697 12307 12309
f 12297 12748 12749
f 12748 12297 12300
f 12306 12747 12750
f 12747 12306 12307
f 12720 12421 12733
f 12421 12720 12422
f 12412 12729 12704
f 12729 12412 12410
f 12724 12424 12736
f 12424 12724 12425
f 12696 12426 12723
f 12426 12696 12427
f 12405 12699 12715
f 12699 12405 12403
f 12726 12430 12751
f 12430 12726 12326
f 12313 12742 12689
f 12742 12313 12315
f 12740 12321 12752
f 12321 12740 12320
f 12304 12750 12743
f 12750 12304 12306
f 12751 12431 12745
f 12431 12751 12430
f 12300 12712 12748
f 12712 12300 12301
f 12752 12322 12706
f 12322 12752 12321
f 12746 12428 12695
f 12428 12746 12429
f 12297 12714 12296
f 12714 12297 12749
f 12753 12530 12523
f 12530 12753 12754
f 12755 12617 12624
f 12617 12755 12756
f 12757 12617 12756
f 12617 12757 12522
f 12757 12692 12693
f 12757 12691 12692
f 12757 12694 12691
f 12739 12757 12756
f 12757 12744 12694
f 12757 12739 12744
f 12756 12735 12739
f 12756 12734 12735
f 12756 12730 12734
f 12756 12731 12730
f 12756 12741 12731
f 12756 12725 12741
f 12756 12698 12725
f 12756 12699 12698
f 12756 12715 12699
f 12756 12716 12715
f 12756 12728 12716
f 12755 12728 12756
f 12728 12755 12729
f 12729 12755 12704
f 12704 12755 12705
f 12705 12755 12732
f 12732 12755 12700
f 12755 12701 12700
f 12755 12717 12701
f 12755 12733 12717
f 12755 12720 12733
f 12755 12719 12720
f 12755 12736 12719
f 12758 12736 12755
f 12736 12758 12724
f 12724 12758 12723
f 12723 12758 12696
f 12696 12758 12695
f 12695 12758 12746
f 12721 12757 12693
f 12722 12757 12721
f 12727 12757 12722
f 12737 12757 12727
f 12738 12757 12737
f 12757 12738 12753
f 12713 12753 12738
f 12714 12753 12713
f 12749 12753 12714
f 12748 12753 12749
f 12712 12753 12748
f 12711 12753 12712
f 12718 12753 12711
f 12708 12753 12718
f 12707 12753 12708
f 12743 12753 12707
f 12750 12753 12743
f 12754 12750 12747
f 12754 12747 12697
f 12754 12697 12690
f 12754 12690 12689
f 12754 12689 12742
f 12750 12754 12753
f 12710 12754 12742
f 12709 12754 12710
f 12740 12754 12709
f 12752 12754 12740
f 12706 12754 12752
f 12702 12754 12706
f 12758 12702 12703
f 12758 12703 12726
f 12758 12726 12751
f 12758 12751 12745
f 12758 12745 12746
f 12702 12758 12754
f 12537 12755 12624
f 12755 12537 12758
f 12753 12522 12757
f 12522 12753 12523
f 12530 12758 12537
f 12758 12530 12754
f 3367 12681 12682
f 12681 3367 3366
f 12680 3367 12682
f 12678 3367 12680
f 3382 12678 12676
f 3382 12676 12673
f 12678 3382 3367
f 3366 12679 12681
f 3366 12677 12679
f 3384 12677 3366
f 12677 3384 12675
f 12675 3384 12674
f 3384 12673 12674
f 12673 3384 3382
f 3375 12650 12651
f 12650 3375 3379
f 12652 3375 12651
f 12688 3375 12652
f 3378 12688 12686
f 3378 12686 12683
f 12688 3378 3375
f 3379 12649 12650
f 3379 12687 12649
f 3376 12687 3379
f 12687 3376 12685
f 12685 3376 12684
f 3376 12683 12684
f 12683 3376 3378
f 12663 3492 3478
f 3492 12663 12664
f 3478 12666 12663
f 3478 12668 12666
f 3477 12668 3478
f 12668 3477 12670
f 12670 3477 12672
f 12665 3492 12664
f 12667 3492 12665
f 3490 12667 12669
f 3490 12669 12671
f 12667 3490 3492
f 12671 3477 3490
f 3477 12671 12672
f 12653 3542 3541
f 3542 12653 12654
f 3541 12656 12653
f 3541 12658 12656
f 3507 12658 3541
f 12658 3507 12660
f 12660 3507 12662
f 12655 3542 12654
f 12657 3542 12655
f 3544 12657 12659
f 3544 12659 12661
f 12657 3544 3542
f 12661 3507 3544
f 3507 12661 12662
