/* 由 firmware/scripts/gen_lv_font.py 生成，请勿手改。
 *
 * Noto Sans SC（SIL OFL）按 i18n catalog 子集化后的 TTF。
 * 供 LVGL 的 TinyTTF 在运行时渲染，一份轮廓服务所有字号。
 */
#include "lv_font_zh.h"

const uint8_t pk_lv_font_zh_ttf[] = {
    0x00, 0x01, 0x00, 0x00, 0x00, 0x0F, 0x00, 0x80, 0x00, 0x03, 0x00, 0x70, 0x42, 0x41, 0x53, 0x45,
    0x8C, 0x06, 0xC0, 0x48, 0x00, 0x00, 0x76, 0xC8, 0x00, 0x00, 0x01, 0x0A, 0x4F, 0x53, 0x2F, 0x32,
    0x55, 0x4F, 0x59, 0xEF, 0x00, 0x00, 0x01, 0x78, 0x00, 0x00, 0x00, 0x60, 0x53, 0x54, 0x41, 0x54,
    0x78, 0x92, 0x6C, 0xDD, 0x00, 0x00, 0x77, 0xD4, 0x00, 0x00, 0x00, 0x2E, 0x63, 0x6D, 0x61, 0x70,
    0x62, 0xEE, 0x21, 0x15, 0x00, 0x00, 0x03, 0xA0, 0x00, 0x00, 0x03, 0x64, 0x67, 0x61, 0x73, 0x70,
    0x00, 0x00, 0x00, 0x10, 0x00, 0x00, 0x76, 0xC0, 0x00, 0x00, 0x00, 0x08, 0x67, 0x6C, 0x79, 0x66,
    0xE1, 0x00, 0xC6, 0x28, 0x00, 0x00, 0x08, 0x48, 0x00, 0x00, 0x6C, 0x50, 0x68, 0x65, 0x61, 0x64,
    0x25, 0xFF, 0x69, 0x1F, 0x00, 0x00, 0x00, 0xFC, 0x00, 0x00, 0x00, 0x36, 0x68, 0x68, 0x65, 0x61,
    0x08, 0x34, 0x02, 0xED, 0x00, 0x00, 0x01, 0x34, 0x00, 0x00, 0x00, 0x24, 0x68, 0x6D, 0x74, 0x78,
    0x9C, 0xEE, 0x19, 0x7C, 0x00, 0x00, 0x01, 0xD8, 0x00, 0x00, 0x01, 0xC8, 0x6C, 0x6F, 0x63, 0x61,
    0x61, 0x15, 0x7C, 0xAD, 0x00, 0x00, 0x07, 0x04, 0x00, 0x00, 0x01, 0x44, 0x6D, 0x61, 0x78, 0x70,
    0x00, 0xB1, 0x00, 0xA3, 0x00, 0x00, 0x01, 0x58, 0x00, 0x00, 0x00, 0x20, 0x6E, 0x61, 0x6D, 0x65,
    0x29, 0x37, 0x43, 0x5A, 0x00, 0x00, 0x74, 0x98, 0x00, 0x00, 0x02, 0x06, 0x70, 0x6F, 0x73, 0x74,
    0xFF, 0x86, 0x00, 0x32, 0x00, 0x00, 0x76, 0xA0, 0x00, 0x00, 0x00, 0x20, 0x76, 0x68, 0x65, 0x61,
    0x06, 0x80, 0x11, 0x73, 0x00, 0x00, 0x78, 0x04, 0x00, 0x00, 0x00, 0x24, 0x76, 0x6D, 0x74, 0x78,
    0x2D, 0xEF, 0x26, 0x11, 0x00, 0x00, 0x78, 0x28, 0x00, 0x00, 0x01, 0x44, 0x00, 0x01, 0x00, 0x00,
    0x00, 0x02, 0x01, 0x06, 0x6B, 0xEB, 0x1F, 0x7B, 0x5F, 0x0F, 0x3C, 0xF5, 0x00, 0x03, 0x03, 0xE8,
    0x00, 0x00, 0x00, 0x00, 0xDC, 0xB0, 0x24, 0xA7, 0x00, 0x00, 0x00, 0x00, 0xE6, 0x8E, 0x00, 0x37,
    0xFF, 0xD4, 0xFF, 0x06, 0x03, 0xD5, 0x03, 0x52, 0x00, 0x00, 0x00, 0x06, 0x00, 0x02, 0x00, 0x00,
    0x00, 0x00, 0x00, 0x00, 0x00, 0x01, 0x00, 0x00, 0x04, 0x88, 0xFE, 0xE0, 0x00, 0x00, 0x03, 0xE8,
    0xFF, 0xD4, 0xFF, 0xE1, 0x03, 0xD5, 0x00, 0x01, 0x00, 0x00, 0x00, 0x00, 0x00, 0x00, 0x00, 0x00,
    0x00, 0x00, 0x00, 0x00, 0x00, 0x00, 0x00, 0x43, 0x00, 0x01, 0x00, 0x00, 0x00, 0xA1, 0x00, 0xA2,
    0x00, 0x0F, 0x00, 0x00, 0x00, 0x00, 0x00, 0x01, 0x00, 0x00, 0x00, 0x00, 0x00, 0x00, 0x00, 0x00,
    0x00, 0x00, 0x00, 0x00, 0x00, 0x00, 0x00, 0x00, 0x00, 0x04, 0x03, 0xDE, 0x01, 0x90, 0x00, 0x05,
    0x00, 0x00, 0x02, 0x8A, 0x02, 0x58, 0x00, 0x00, 0x00, 0x4B, 0x02, 0x8A, 0x02, 0x58, 0x00, 0x00,
    0x01, 0x5E, 0x00, 0x32, 0x01, 0x45, 0x00, 0x00, 0x02, 0x0B, 0x02, 0x00, 0x00, 0x00, 0x00, 0x00,
    0x00, 0x00, 0x00, 0x00, 0x00, 0x03, 0x08, 0x01, 0x00, 0x00, 0x00, 0x00, 0x00, 0x10, 0x00, 0x00,
    0x00, 0x00, 0x41, 0x44, 0x42, 0x4F, 0x00, 0x40, 0x00, 0x20, 0xFF, 0x0C, 0x03, 0x70, 0xFF, 0x88,
    0x00, 0x00, 0x04, 0x88, 0x01, 0x20, 0x00, 0x00, 0x00, 0x01, 0x00, 0x00, 0x00, 0x00, 0x02, 0x1F,
    0x02, 0xDD, 0x00, 0x00, 0x00, 0x20, 0x00, 0x06, 0x03, 0xE8, 0x00, 0x64, 0x00, 0xE0, 0x00, 0x00,
    0x03, 0x99, 0x00, 0x27, 0x01, 0x52, 0x00, 0x5C, 0x01, 0x52, 0x00, 0x2A, 0x02, 0x2B, 0x00, 0x26,
    0x01, 0x5B, 0x00, 0x2E, 0x01, 0x16, 0x00, 0x49, 0x01, 0x88, 0x00, 0x0B, 0x02, 0x2B, 0x00, 0x32,
    0x02, 0x2B, 0x00, 0x58, 0x02, 0x2B, 0x00, 0x28, 0x02, 0x2B, 0x00, 0x1D, 0x02, 0x2B, 0x00, 0x14,
    0x02, 0x2B, 0x00, 0x1B, 0x02, 0x2B, 0x00, 0x38, 0x02, 0x2B, 0x00, 0x31, 0x02, 0x2B, 0x00, 0x2E,
    0x02, 0x2B, 0x00, 0x2C, 0x01, 0x16, 0x00, 0x49, 0x02, 0x60, 0x00, 0x04, 0x02, 0x91, 0x00, 0x65,
    0x02, 0x7E, 0x00, 0x3A, 0x02, 0xB0, 0x00, 0x65, 0x02, 0x4D, 0x00, 0x65, 0x02, 0x28, 0x00, 0x65,
    0x02, 0xB1, 0x00, 0x3A, 0x02, 0xD8, 0x00, 0x65, 0x01, 0x25, 0x00, 0x65, 0x02, 0x1F, 0x00, 0x65,
    0x03, 0x2C, 0x00, 0x65, 0x02, 0xD3, 0x00, 0x65, 0x02, 0xE6, 0x00, 0x3A, 0x02, 0x79, 0x00, 0x65,
    0x02, 0xE6, 0x00, 0x3A, 0x02, 0x7B, 0x00, 0x65, 0x02, 0x54, 0x00, 0x30, 0x02, 0x57, 0x00, 0x1F,
    0x02, 0xD1, 0x00, 0x62, 0x02, 0x3F, 0x00, 0x01, 0x03, 0x6E, 0x00, 0x1A, 0x02, 0x33, 0x00, 0x3B,
    0x02, 0x6A, 0x00, 0x5C, 0x01, 0xFE, 0x00, 0x34, 0x02, 0x6C, 0x00, 0x35, 0x02, 0x2A, 0x00, 0x34,
    0x01, 0x45, 0x00, 0x21, 0x02, 0x34, 0x00, 0x33, 0x02, 0x5F, 0x00, 0x5C, 0x01, 0x13, 0x00, 0x4E,
    0x01, 0x13, 0xFF, 0xD4, 0x02, 0x28, 0x00, 0x5C, 0x01, 0x1C, 0x00, 0x5C, 0x03, 0x9E, 0x00, 0x5C,
    0x02, 0x62, 0x00, 0x5C, 0x02, 0x5E, 0x00, 0x34, 0x02, 0x6C, 0x00, 0x5C, 0x01, 0x84, 0x00, 0x5C,
    0x01, 0xD4, 0x00, 0x20, 0x01, 0x79, 0x00, 0x1B, 0x02, 0x5F, 0x00, 0x54, 0x02, 0x09, 0x00, 0x0D,
    0x03, 0x22, 0x00, 0x1B, 0x02, 0x09, 0x00, 0x0D, 0x01, 0xDB, 0x00, 0x23, 0x01, 0x72, 0x00, 0x2D,
    0x03, 0xE8, 0x00, 0x34, 0x00, 0x2A, 0x01, 0x8A, 0x00, 0x60, 0x00, 0x37, 0x00, 0x2F, 0x00, 0x3B,
    0x00, 0x12, 0x00, 0x17, 0x00, 0x30, 0x00, 0x28, 0x00, 0x30, 0x00, 0x1C, 0x00, 0x35, 0x00, 0x36,
    0x00, 0x1E, 0x00, 0x26, 0x00, 0x1D, 0x00, 0x28, 0x00, 0x20, 0x00, 0x63, 0x00, 0x26, 0x00, 0x21,
    0x00, 0x1E, 0x00, 0x18, 0x00, 0x2A, 0x00, 0x31, 0x00, 0x45, 0x00, 0x1F, 0x00, 0x24, 0x00, 0x1F,
    0x00, 0x5D, 0x00, 0x1F, 0x00, 0x34, 0x00, 0x25, 0x00, 0x25, 0x00, 0x34, 0x00, 0x2D, 0x00, 0x1E,
    0x00, 0x24, 0x00, 0x1C, 0x00, 0x3D, 0x00, 0x3A, 0x00, 0x28, 0x00, 0x24, 0x00, 0x54, 0x00, 0x2E,
    0x00, 0x1B, 0x00, 0xB0, 0x00, 0x25, 0x00, 0x1C, 0x00, 0x20, 0x00, 0x20, 0x00, 0x1E, 0x00, 0x34,
    0x00, 0x26, 0x00, 0x26, 0x00, 0x26, 0x00, 0x1E, 0x00, 0x5A, 0x00, 0x2D, 0x00, 0x9E, 0x00, 0x1E,
    0x00, 0x21, 0x00, 0x26, 0x00, 0x25, 0x00, 0x24, 0x00, 0x26, 0x00, 0x4C, 0x00, 0x39, 0x00, 0x27,
    0x00, 0x25, 0x00, 0x26, 0x00, 0x35, 0x00, 0x24, 0x00, 0x36, 0x00, 0x2B, 0x00, 0x2E, 0x00, 0x2D,
    0x00, 0x2D, 0x00, 0x2B, 0x00, 0x27, 0x00, 0x24, 0x00, 0x23, 0x00, 0x28, 0x00, 0x25, 0x00, 0x2D,
    0x00, 0x27, 0x00, 0x39, 0x00, 0x2F, 0x00, 0x38, 0x00, 0x5B, 0x00, 0x32, 0x00, 0x1D, 0x00, 0x87,
    0x00, 0x00, 0x00, 0x02, 0x00, 0x00, 0x00, 0x03, 0x00, 0x00, 0x00, 0x14, 0x00, 0x03, 0x00, 0x01,
    0x00, 0x00, 0x00, 0x14, 0x00, 0x04, 0x03, 0x50, 0x00, 0x00, 0x00, 0xD0, 0x00, 0x80, 0x00, 0x06,
    0x00, 0x50, 0x00, 0x20, 0x00, 0x25, 0x00, 0x29, 0x00, 0x2B, 0x00, 0x3A, 0x00, 0x49, 0x00, 0x57,
    0x00, 0x70, 0x00, 0x77, 0x00, 0x7A, 0x00, 0xB0, 0x00, 0xB7, 0x30, 0x02, 0x4E, 0x2D, 0x4E, 0x8E,
    0x4E, 0xA4, 0x4E, 0xAE, 0x4E, 0xEA, 0x4F, 0xDD, 0x51, 0x73, 0x51, 0x8D, 0x51, 0xC6, 0x52, 0x07,
    0x52, 0x17, 0x52, 0xA8, 0x53, 0xD1, 0x53, 0xD6, 0x54, 0x04, 0x54, 0x08, 0x54, 0x0E, 0x54, 0x11,
    0x57, 0x28, 0x57, 0x30, 0x59, 0x07, 0x59, 0x1C, 0x59, 0x31, 0x59, 0xFF, 0x5B, 0x58, 0x5B, 0x9A,
    0x5C, 0x4F, 0x5D, 0xF2, 0x5E, 0x55, 0x5E, 0x73, 0x5E, 0xA6, 0x5E, 0xFA, 0x5F, 0x00, 0x60, 0x01,
    0x63, 0x09, 0x63, 0x62, 0x63, 0xA5, 0x65, 0x36, 0x65, 0x39, 0x65, 0x5B, 0x65, 0x87, 0x65, 0xAD,
    0x65, 0xB9, 0x65, 0xCB, 0x65, 0xE5, 0x67, 0x2C, 0x67, 0x3A, 0x67, 0x7F, 0x67, 0x84, 0x68, 0x21,
    0x6B, 0x63, 0x6D, 0x88, 0x6E, 0xDA, 0x72, 0x48, 0x75, 0x3B, 0x76, 0xD8, 0x76, 0xEE, 0x79, 0xD2,
    0x79, 0xFB, 0x7A, 0x0D, 0x7E, 0xD1, 0x7E, 0xE7, 0x7E, 0xED, 0x7F, 0x57, 0x7F, 0x6E, 0x82, 0x72,
    0x82, 0xAF, 0x82, 0xF1, 0x87, 0x8D, 0x88, 0x68, 0x8A, 0x00, 0x8B, 0xBE, 0x8B, 0xCA, 0x8B, 0xED,
    0x8B, 0xF4, 0x8C, 0x03, 0x8D, 0x25, 0x8D, 0x28, 0x8D, 0xF3, 0x8F, 0x6C, 0x8F, 0xC7, 0x90, 0x09,
    0x90, 0x1A, 0x91, 0x4D, 0x91, 0xCF, 0x95, 0x7F, 0x95, 0xF4, 0x98, 0x75, 0x98, 0x79, 0xFF, 0x0C,
    0xFF, 0xFF, 0x00, 0x00, 0x00, 0x20, 0x00, 0x25, 0x00, 0x28, 0x00, 0x2B, 0x00, 0x2D, 0x00, 0x41,
    0x00, 0x4C, 0x00, 0x61, 0x00, 0x72, 0x00, 0x79, 0x00, 0xB0, 0x00, 0xB7, 0x30, 0x01, 0x4E, 0x2D,
    0x4E, 0x8E, 0x4E, 0xA4, 0x4E, 0xAE, 0x4E, 0xEA, 0x4F, 0xDD, 0x51, 0x73, 0x51, 0x8D, 0x51, 0xC6,
    0x52, 0x07, 0x52, 0x17, 0x52, 0xA8, 0x53, 0xD1, 0x53, 0xD6, 0x54, 0x04, 0x54, 0x08, 0x54, 0x0E,
    0x54, 0x11, 0x57, 0x28, 0x57, 0x30, 0x59, 0x07, 0x59, 0x1C, 0x59, 0x31, 0x59, 0xFF, 0x5B, 0x57,
    0x5B, 0x9A, 0x5C, 0x4F, 0x5D, 0xF2, 0x5E, 0x55, 0x5E, 0x73, 0x5E, 0xA6, 0x5E, 0xFA, 0x5F, 0x00,
    0x60, 0x01, 0x63, 0x09, 0x63, 0x62, 0x63, 0xA5, 0x65, 0x36, 0x65, 0x39, 0x65, 0x5B, 0x65, 0x87,
    0x65, 0xAD, 0x65, 0xB9, 0x65, 0xCB, 0x65, 0xE5, 0x67, 0x2C, 0x67, 0x3A, 0x67, 0x7F, 0x67, 0x84,
    0x68, 0x21, 0x6B, 0x63, 0x6D, 0x88, 0x6E, 0xDA, 0x72, 0x47, 0x75, 0x3B, 0x76, 0xD8, 0x76, 0xEE,
    0x79, 0xD2, 0x79, 0xFB, 0x7A, 0x0D, 0x7E, 0xD1, 0x7E, 0xE7, 0x7E, 0xED, 0x7F, 0x57, 0x7F, 0x6E,
    0x82, 0x72, 0x82, 0xAF, 0x82, 0xF1, 0x87, 0x8D, 0x88, 0x68, 0x8A, 0x00, 0x8B, 0xBE, 0x8B, 0xCA,
    0x8B, 0xED, 0x8B, 0xF4, 0x8C, 0x03, 0x8D, 0x25, 0x8D, 0x28, 0x8D, 0xF3, 0x8F, 0x6C, 0x8F, 0xC7,
    0x90, 0x09, 0x90, 0x1A, 0x91, 0x4D, 0x91, 0xCF, 0x95, 0x7F, 0x95, 0xF4, 0x98, 0x75, 0x98, 0x79,
    0xFF, 0x0C, 0xFF, 0xFF, 0xFF, 0xE1, 0xFF, 0xDD, 0xFF, 0xDB, 0xFF, 0xDA, 0xFF, 0xD9, 0xFF, 0xD3,
    0xFF, 0xD1, 0xFF, 0xC8, 0xFF, 0xC7, 0xFF, 0xC6, 0xFF, 0x91, 0xFF, 0x8D, 0xD0, 0x41, 0xB2, 0x18,
    0xB1, 0xB8, 0xB1, 0xA3, 0xB1, 0x9A, 0xB1, 0x5F, 0xB0, 0x6D, 0xAE, 0xD8, 0xAE, 0xBF, 0xAE, 0x87,
    0xAE, 0x47, 0xAE, 0x38, 0xAD, 0xA8, 0xAC, 0x80, 0xAC, 0x7C, 0xAC, 0x4F, 0xAC, 0x4C, 0xAC, 0x47,
    0xAC, 0x45, 0xA9, 0x2F, 0xA9, 0x28, 0xA7, 0x52, 0xA7, 0x3E, 0xA7, 0x2A, 0xA6, 0x5D, 0xA5, 0x06,
    0xA4, 0xC5, 0xA4, 0x11, 0xA2, 0x6F, 0xA2, 0x0D, 0xA1, 0xF0, 0xA1, 0xBE, 0xA1, 0x6B, 0xA1, 0x66,
    0xA0, 0x66, 0x9D, 0x5F, 0x9D, 0x07, 0x9C, 0xC5, 0x9B, 0x35, 0x9B, 0x33, 0x9B, 0x12, 0x9A, 0xE7,
    0x9A, 0xC2, 0x9A, 0xB7, 0x9A, 0xA6, 0x9A, 0x8D, 0x99, 0x47, 0x99, 0x3A, 0x98, 0xF6, 0x98, 0xF2,
    0x98, 0x56, 0x95, 0x15, 0x92, 0xF1, 0x91, 0xA0, 0x8E, 0x34, 0x8B, 0x42, 0x89, 0xA6, 0x89, 0x91,
    0x86, 0xAE, 0x86, 0x86, 0x86, 0x75, 0x81, 0xB2, 0x81, 0x9D, 0x81, 0x98, 0x81, 0x2F, 0x81, 0x19,
    0x7E, 0x16, 0x7D, 0xDA, 0x7D, 0x99, 0x78, 0xFE, 0x78, 0x24, 0x76, 0x8D, 0x74, 0xD0, 0x74, 0xC5,
    0x74, 0xA3, 0x74, 0x9D, 0x74, 0x8F, 0x73, 0x6E, 0x73, 0x6C, 0x72, 0xA2, 0x71, 0x2A, 0x70, 0xD0,
    0x70, 0x8F, 0x70, 0x7F, 0x6F, 0x4D, 0x6E, 0xCC, 0x6B, 0x1D, 0x6A, 0xA9, 0x68, 0x29, 0x68, 0x26,
    0x01, 0x94, 0x00, 0x01, 0x00, 0x00, 0x00, 0x00, 0x00, 0x00, 0x00, 0x00, 0x00, 0x00, 0x00, 0x00,
    0x00, 0x00, 0x00, 0x00, 0x00, 0x00, 0x00, 0x00, 0x00, 0x00, 0x00, 0x00, 0x00, 0x00, 0x00, 0x00,
    0x00, 0x00, 0x00, 0x00, 0x00, 0x00, 0x00, 0x00, 0x00, 0x00, 0x00, 0x00, 0x00, 0x00, 0x00, 0x00,
    0x00, 0x00, 0x00, 0x00, 0x00, 0x00, 0x00, 0x00, 0x00, 0x00, 0x00, 0x00, 0x00, 0x00, 0x00, 0x00,
    0x00, 0x00, 0x00, 0x00, 0x00, 0x00, 0x00, 0x00, 0x00, 0x00, 0x00, 0x00, 0x00, 0x00, 0x00, 0x00,
    0x00, 0x00, 0x00, 0x00, 0x00, 0x00, 0x00, 0x00, 0x00, 0x00, 0x00, 0x00, 0x00, 0x00, 0x00, 0x00,
    0x00, 0x00, 0x00, 0x00, 0x00, 0x00, 0x00, 0x00, 0x00, 0x00, 0x00, 0x00, 0x00, 0x00, 0x00, 0x00,
    0x00, 0x00, 0x00, 0x00, 0x00, 0x00, 0x00, 0x00, 0x00, 0x00, 0x00, 0x00, 0x00, 0x00, 0x00, 0x00,
    0x00, 0x00, 0x00, 0x00, 0x00, 0x00, 0x00, 0x00, 0x00, 0x00, 0x00, 0x00, 0x00, 0x00, 0x00, 0x00,
    0x00, 0x00, 0x00, 0x00, 0x00, 0x00, 0x00, 0x00, 0x00, 0x00, 0x00, 0x00, 0x00, 0x00, 0x00, 0x00,
    0x00, 0x00, 0x00, 0x00, 0x00, 0x00, 0x00, 0x00, 0x00, 0x00, 0x00, 0x00, 0x00, 0x00, 0x00, 0x00,
    0x00, 0x00, 0x00, 0x00, 0x00, 0x00, 0x00, 0x00, 0x00, 0x00, 0x00, 0x00, 0x00, 0x00, 0x00, 0x00,
    0x00, 0x00, 0x00, 0x00, 0x00, 0x00, 0x00, 0x00, 0x00, 0x00, 0x00, 0x00, 0x00, 0x00, 0x00, 0x00,
    0x00, 0x00, 0x00, 0x00, 0x00, 0x00, 0x00, 0x00, 0x00, 0x00, 0x00, 0x5A, 0x00, 0x74, 0x00, 0x8E,
    0x00, 0xA2, 0x00, 0xAE, 0x00, 0xC4, 0x00, 0xD3, 0x01, 0x05, 0x01, 0x1C, 0x01, 0x49, 0x01, 0x8D,
    0x01, 0xAC, 0x01, 0xE4, 0x02, 0x2A, 0x02, 0x44, 0x02, 0xA0, 0x02, 0xE7, 0x03, 0x0D, 0x03, 0x2F,
    0x03, 0x66, 0x03, 0x97, 0x03, 0xBA, 0x03, 0xD1, 0x03, 0xE5, 0x04, 0x19, 0x04, 0x30, 0x04, 0x3C,
    0x04, 0x4B, 0x04, 0x7F, 0x04, 0xA2, 0x04, 0xD4, 0x04, 0xF7, 0x05, 0x40, 0x05, 0x6C, 0x05, 0xB0,
    0x05, 0xC1, 0x05, 0xE7, 0x06, 0x03, 0x06, 0x3D, 0x06, 0x7A, 0x06, 0xB2, 0x06, 0xE1, 0x07, 0x19,
    0x07, 0x51, 0x07, 0x74, 0x07, 0xEA, 0x08, 0x0C, 0x08, 0x28, 0x08, 0x56, 0x08, 0x6F, 0x08, 0x8D,
    0x08, 0xC2, 0x08, 0xE4, 0x09, 0x17, 0x09, 0x4F, 0x09, 0x6F, 0x09, 0xB1, 0x09, 0xD8, 0x09, 0xFA,
    0x0A, 0x16, 0x0A, 0x50, 0x0A, 0x80, 0x0A, 0x95, 0x0A, 0xC1, 0x0A, 0xD7, 0x0B, 0x07, 0x0B, 0x24,
    0x0B, 0x44, 0x0B, 0x75, 0x0B, 0xDA, 0x0C, 0x4F, 0x0C, 0xAE, 0x0D, 0x13, 0x0D, 0x71, 0x0D, 0xB8,
    0x0E, 0x24, 0x0E, 0xA5, 0x0F, 0x13, 0x0F, 0xB0, 0x10, 0x38, 0x10, 0xA2, 0x11, 0x06, 0x11, 0x4B,
    0x11, 0x99, 0x11, 0xE7, 0x12, 0x24, 0x12, 0xA8, 0x13, 0x18, 0x13, 0xA2, 0x13, 0xF5, 0x14, 0xA5,
    0x15, 0x04, 0x15, 0x6C, 0x15, 0xCE, 0x16, 0x40, 0x16, 0x82, 0x17, 0x05, 0x17, 0x3F, 0x17, 0xB6,
    0x18, 0x40, 0x18, 0x73, 0x19, 0x0C, 0x19, 0x97, 0x1A, 0x38, 0x1A, 0xDD, 0x1B, 0x51, 0x1B, 0xCE,
    0x1C, 0x7D, 0x1C, 0xC4, 0x1D, 0x58, 0x1D, 0xB9, 0x1E, 0x7F, 0x1E, 0xA0, 0x1E, 0xE2, 0x1F, 0x71,
    0x20, 0x07, 0x20, 0xC8, 0x21, 0x5C, 0x21, 0x86, 0x22, 0x10, 0x23, 0x0C, 0x23, 0x41, 0x23, 0xD1,
    0x24, 0x0A, 0x24, 0x91, 0x24, 0xB7, 0x25, 0x3E, 0x26, 0x06, 0x26, 0xA5, 0x27, 0x7E, 0x28, 0x4A,
    0x29, 0x29, 0x29, 0x8A, 0x29, 0xE5, 0x2A, 0x5C, 0x2A, 0xCC, 0x2B, 0x25, 0x2B, 0xC6, 0x2C, 0x45,
    0x2C, 0x7E, 0x2D, 0x30, 0x2D, 0xCF, 0x2E, 0x5A, 0x2F, 0x01, 0x2F, 0xA1, 0x30, 0x1E, 0x30, 0x9B,
    0x31, 0x46, 0x31, 0xDA, 0x32, 0x5C, 0x33, 0x0B, 0x33, 0xBD, 0x34, 0x57, 0x34, 0xA1, 0x34, 0xFB,
    0x35, 0x4B, 0x35, 0x9E, 0x36, 0x06, 0x36, 0x28, 0x00, 0x05, 0x00, 0x27, 0xFF, 0xF3, 0x03, 0x72,
    0x02, 0xEA, 0x00, 0x0F, 0x00, 0x1B, 0x00, 0x1F, 0x00, 0x2F, 0x00, 0x3B, 0x00, 0x00, 0x53, 0x22,
    0x26, 0x26, 0x35, 0x34, 0x36, 0x36, 0x33, 0x32, 0x16, 0x16, 0x15, 0x14, 0x06, 0x06, 0x27, 0x32,
    0x36, 0x35, 0x34, 0x26, 0x23, 0x22, 0x06, 0x15, 0x14, 0x16, 0x13, 0x01, 0x33, 0x01, 0x21, 0x22,
    0x26, 0x26, 0x35, 0x34, 0x36, 0x36, 0x33, 0x32, 0x16, 0x16, 0x15, 0x14, 0x06, 0x06, 0x27, 0x32,
    0x36, 0x35, 0x34, 0x26, 0x23, 0x22, 0x06, 0x15, 0x14, 0x16, 0xCD, 0x32, 0x4B, 0x29, 0x29, 0x4B,
    0x32, 0x33, 0x4B, 0x29, 0x29, 0x4B, 0x33, 0x2C, 0x35, 0x35, 0x2C, 0x2B, 0x36, 0x36, 0x40, 0x01,
    0x95, 0x3E, 0xFE, 0x6B, 0x01, 0xAC, 0x32, 0x4B, 0x29, 0x29, 0x4B, 0x32, 0x32, 0x4B, 0x29, 0x29,
    0x4B, 0x32, 0x2B, 0x37, 0x37, 0x2B, 0x2B, 0x37, 0x37, 0x01, 0x1C, 0x37, 0x68, 0x4A, 0x4A, 0x66,
    0x35, 0x35, 0x66, 0x4A, 0x4A, 0x68, 0x37, 0x38, 0x59, 0x58, 0x58, 0x55, 0x55, 0x58, 0x58, 0x59,
    0xFE, 0x9F, 0x02, 0xF7, 0xFD, 0x09, 0x36, 0x68, 0x4A, 0x4A, 0x66, 0x36, 0x36, 0x66, 0x4A, 0x4A,
    0x68, 0x36, 0x38, 0x58, 0x58, 0x58, 0x56, 0x56, 0x58, 0x58, 0x58, 0x00, 0x00, 0x01, 0x00, 0x5C,
    0xFF, 0x3C, 0x01, 0x27, 0x03, 0x32, 0x00, 0x0D, 0x00, 0x00, 0x57, 0x26, 0x26, 0x35, 0x34, 0x36,
    0x37, 0x17, 0x06, 0x06, 0x15, 0x14, 0x16, 0x17, 0xEF, 0x45, 0x4E, 0x4E, 0x45, 0x38, 0x40, 0x3F,
    0x3F, 0x40, 0xC4, 0x70, 0xF7, 0x94, 0x93, 0xF8, 0x70, 0x1A, 0x6B, 0xF7, 0x7F, 0x80, 0xF7, 0x6B,
    0x00, 0x01, 0x00, 0x2A, 0xFF, 0x3C, 0x00, 0xF6, 0x03, 0x32, 0x00, 0x0D, 0x00, 0x00, 0x57, 0x27,
    0x36, 0x36, 0x35, 0x34, 0x26, 0x27, 0x37, 0x16, 0x16, 0x15, 0x14, 0x06, 0x63, 0x39, 0x41, 0x40,
    0x40, 0x41, 0x39, 0x46, 0x4D, 0x4D, 0xC4, 0x19, 0x6B, 0xF7, 0x80, 0x7F, 0xF7, 0x6B, 0x1A, 0x70,
    0xF8, 0x93, 0x94, 0xF7, 0x00, 0x01, 0x00, 0x26, 0x00, 0x74, 0x02, 0x06, 0x02, 0x6E, 0x00, 0x0B,
    0x00, 0x00, 0x77, 0x35, 0x23, 0x35, 0x33, 0x35, 0x33, 0x15, 0x33, 0x15, 0x23, 0x15, 0xF1, 0xCB,
    0xCB, 0x49, 0xCC, 0xCC, 0x74, 0xDB, 0x44, 0xDB, 0xDB, 0x44, 0xDB, 0x00, 0x00, 0x01, 0x00, 0x2E,
    0x00, 0xF5, 0x01, 0x2F, 0x01, 0x3B, 0x00, 0x03, 0x00, 0x00, 0x77, 0x35, 0x21, 0x15, 0x2E, 0x01,
    0x01, 0xF5, 0x46, 0x46, 0x00, 0x01, 0x00, 0x49, 0xFF, 0xF3, 0x00, 0xCD, 0x00, 0x7E, 0x00, 0x0B,
    0x00, 0x00, 0x57, 0x22, 0x26, 0x35, 0x34, 0x36, 0x33, 0x32, 0x16, 0x15, 0x14, 0x06, 0x8B, 0x1B,
    0x27, 0x27, 0x1B, 0x1B, 0x27, 0x27, 0x0D, 0x27, 0x1E, 0x20, 0x26, 0x26, 0x20, 0x1E, 0x27, 0x00,
    0x00, 0x01, 0x00, 0x0B, 0xFF, 0x4D, 0x01, 0x79, 0x03, 0x1A, 0x00, 0x03, 0x00, 0x00, 0x57, 0x01,
    0x33, 0x01, 0x0B, 0x01, 0x2C, 0x42, 0xFE, 0xD5, 0xB3, 0x03, 0xCD, 0xFC, 0x33, 0x00, 0x00, 0x02,
    0x00, 0x32, 0xFF, 0xF3, 0x01, 0xFA, 0x02, 0xEA, 0x00, 0x0F, 0x00, 0x1F, 0x00, 0x00, 0x45, 0x22,
    0x26, 0x26, 0x35, 0x34, 0x36, 0x36, 0x33, 0x32, 0x16, 0x16, 0x15, 0x14, 0x06, 0x06, 0x27, 0x32,
    0x36, 0x36, 0x35, 0x34, 0x26, 0x26, 0x23, 0x22, 0x06, 0x06, 0x15, 0x14, 0x16, 0x16, 0x01, 0x16,
    0x45, 0x67, 0x38, 0x38, 0x67, 0x45, 0x46, 0x66, 0x38, 0x38, 0x66, 0x46, 0x2A, 0x3F, 0x23, 0x23,
    0x3F, 0x2A, 0x29, 0x40, 0x23, 0x23, 0x40, 0x0D, 0x54, 0xAA, 0x80, 0x80, 0xA7, 0x52, 0x53, 0xA6,
    0x80, 0x80, 0xAA, 0x54, 0x4A, 0x40, 0x89, 0x6B, 0x6B, 0x87, 0x3F, 0x3F, 0x87, 0x6B, 0x6B, 0x89,
    0x40, 0x00, 0x00, 0x01, 0x00, 0x58, 0x00, 0x00, 0x01, 0xEA, 0x02, 0xDD, 0x00, 0x0C, 0x00, 0x00,
    0x73, 0x35, 0x33, 0x11, 0x23, 0x35, 0x36, 0x36, 0x37, 0x33, 0x11, 0x33, 0x15, 0x58, 0xA4, 0x83,
    0x31, 0x49, 0x1E, 0x46, 0x93, 0x4C, 0x02, 0x23, 0x3A, 0x09, 0x1A, 0x11, 0xFD, 0x6F, 0x4C, 0x00,
    0x00, 0x01, 0x00, 0x28, 0x00, 0x00, 0x01, 0xF9, 0x02, 0xEA, 0x00, 0x1D, 0x00, 0x00, 0x73, 0x35,
    0x3E, 0x02, 0x35, 0x34, 0x26, 0x26, 0x23, 0x22, 0x06, 0x07, 0x27, 0x36, 0x36, 0x33, 0x32, 0x16,
    0x16, 0x15, 0x14, 0x06, 0x06, 0x07, 0x36, 0x36, 0x33, 0x33, 0x15, 0x2C, 0x73, 0x95, 0x48, 0x1D,
    0x3C, 0x2E, 0x2D, 0x4D, 0x1E, 0x35, 0x2C, 0x66, 0x46, 0x42, 0x5F, 0x35, 0x49, 0x81, 0x56, 0x1D,
    0x3F, 0x1C, 0xCB, 0x36, 0x65, 0xA6, 0x8F, 0x3F, 0x2A, 0x42, 0x25, 0x30, 0x25, 0x34, 0x31, 0x3A,
    0x35, 0x61, 0x41, 0x49, 0x96, 0x9B, 0x51, 0x02, 0x05, 0x4F, 0x00, 0x01, 0x00, 0x1D, 0xFF, 0xF3,
    0x01, 0xF3, 0x02, 0xEA, 0x00, 0x2E, 0x00, 0x00, 0x45, 0x22, 0x26, 0x26, 0x27, 0x37, 0x16, 0x16,
    0x33, 0x32, 0x36, 0x36, 0x35, 0x34, 0x26, 0x26, 0x23, 0x35, 0x32, 0x36, 0x36, 0x35, 0x34, 0x26,
    0x23, 0x22, 0x06, 0x07, 0x27, 0x36, 0x36, 0x33, 0x32, 0x16, 0x16, 0x15, 0x14, 0x06, 0x07, 0x15,
    0x1E, 0x02, 0x15, 0x14, 0x06, 0x06, 0x01, 0x07, 0x39, 0x57, 0x42, 0x18, 0x2F, 0x20, 0x57, 0x3E,
    0x2C, 0x43, 0x26, 0x2B, 0x64, 0x55, 0x4C, 0x58, 0x27, 0x42, 0x3A, 0x2C, 0x4D, 0x1F, 0x31, 0x2A,
    0x63, 0x3F, 0x3E, 0x61, 0x37, 0x48, 0x3A, 0x2B, 0x46, 0x2A, 0x40, 0x6A, 0x0D, 0x1C, 0x2E, 0x1B,
    0x3B, 0x21, 0x33, 0x21, 0x3D, 0x2A, 0x2C, 0x42, 0x25, 0x46, 0x25, 0x40, 0x27, 0x35, 0x3F, 0x28,
    0x1F, 0x3A, 0x26, 0x31, 0x2B, 0x52, 0x3A, 0x43, 0x58, 0x15, 0x05, 0x0A, 0x32, 0x4C, 0x32, 0x41,
    0x5E, 0x32, 0x00, 0x01, 0x00, 0x14, 0x00, 0x00, 0x02, 0x0C, 0x02, 0xDD, 0x00, 0x10, 0x00, 0x00,
    0x61, 0x11, 0x34, 0x36, 0x37, 0x23, 0x06, 0x06, 0x07, 0x07, 0x21, 0x15, 0x21, 0x35, 0x01, 0x33,
    0x11, 0x01, 0x54, 0x04, 0x01, 0x04, 0x0E, 0x1D, 0x10, 0xA7, 0x01, 0x99, 0xFE, 0x08, 0x01, 0x31,
    0x65, 0x01, 0xF4, 0x1B, 0x4E, 0x1C, 0x1A, 0x37, 0x1B, 0xFA, 0x49, 0x3C, 0x01, 0xD7, 0xFD, 0x23,
    0x00, 0x01, 0x00, 0x1B, 0xFF, 0xF3, 0x01, 0xF6, 0x02, 0xDD, 0x00, 0x23, 0x00, 0x00, 0x45, 0x22,
    0x26, 0x26, 0x27, 0x37, 0x1E, 0x02, 0x33, 0x32, 0x36, 0x36, 0x35, 0x34, 0x26, 0x23, 0x22, 0x06,
    0x07, 0x27, 0x13, 0x21, 0x15, 0x21, 0x07, 0x36, 0x36, 0x33, 0x32, 0x16, 0x16, 0x15, 0x14, 0x06,
    0x06, 0x01, 0x06, 0x39, 0x57, 0x41, 0x1A, 0x2E, 0x15, 0x33, 0x42, 0x2A, 0x2B, 0x47, 0x2A, 0x53,
    0x45, 0x24, 0x36, 0x20, 0x31, 0x18, 0x01, 0x64, 0xFE, 0xEC, 0x13, 0x18, 0x35, 0x21, 0x3D, 0x64,
    0x3C, 0x45, 0x6E, 0x0D, 0x1C, 0x2C, 0x19, 0x3C, 0x15, 0x25, 0x17, 0x2A, 0x4E, 0x35, 0x4E, 0x59,
    0x16, 0x15, 0x1F, 0x01, 0x56, 0x4E, 0xD4, 0x0E, 0x0F, 0x31, 0x68, 0x51, 0x50, 0x70, 0x3B, 0x00,
    0x00, 0x01, 0x00, 0x38, 0xFF, 0xF3, 0x02, 0x00, 0x02, 0xEA, 0x00, 0x30, 0x00, 0x00, 0x45, 0x22,
    0x2E, 0x02, 0x35, 0x34, 0x3E, 0x02, 0x33, 0x32, 0x16, 0x17, 0x07, 0x26, 0x26, 0x23, 0x22, 0x06,
    0x06, 0x15, 0x14, 0x16, 0x16, 0x33, 0x32, 0x36, 0x36, 0x35, 0x34, 0x26, 0x26, 0x23, 0x22, 0x06,
    0x07, 0x27, 0x3E, 0x02, 0x33, 0x32, 0x16, 0x16, 0x15, 0x14, 0x06, 0x06, 0x01, 0x2D, 0x34, 0x5A,
    0x42, 0x25, 0x2C, 0x4C, 0x62, 0x35, 0x39, 0x54, 0x1F, 0x34, 0x15, 0x3E, 0x21, 0x34, 0x56, 0x33,
    0x25, 0x47, 0x33, 0x24, 0x37, 0x21, 0x1D, 0x3A, 0x2D, 0x23, 0x52, 0x25, 0x03, 0x17, 0x38, 0x3F,
    0x1E, 0x3E, 0x5B, 0x33, 0x3A, 0x5F, 0x0D, 0x2D, 0x5B, 0x88, 0x5B, 0x6B, 0x98, 0x5E, 0x2B, 0x2A,
    0x21, 0x38, 0x1A, 0x1E, 0x3D, 0x8C, 0x78, 0x5E, 0x82, 0x43, 0x2A, 0x4B, 0x31, 0x32, 0x49, 0x27,
    0x2D, 0x37, 0x48, 0x1E, 0x2B, 0x17, 0x33, 0x66, 0x4D, 0x47, 0x6B, 0x3C, 0x00, 0x01, 0x00, 0x31,
    0x00, 0x00, 0x01, 0xFC, 0x02, 0xDD, 0x00, 0x0E, 0x00, 0x00, 0x73, 0x3E, 0x03, 0x37, 0x21, 0x35,
    0x21, 0x15, 0x0E, 0x03, 0x07, 0xC6, 0x05, 0x19, 0x30, 0x4B, 0x36, 0xFE, 0x9C, 0x01, 0xCB, 0x40,
    0x51, 0x2D, 0x15, 0x04, 0x68, 0xAF, 0x9B, 0x92, 0x4B, 0x4E, 0x37, 0x53, 0x98, 0x9E, 0xB1, 0x6C,
    0x00, 0x03, 0x00, 0x2E, 0xFF, 0xF3, 0x01, 0xFD, 0x02, 0xE8, 0x00, 0x20, 0x00, 0x2E, 0x00, 0x3E,
    0x00, 0x00, 0x45, 0x22, 0x26, 0x26, 0x35, 0x34, 0x36, 0x36, 0x37, 0x35, 0x26, 0x26, 0x35, 0x34,
    0x36, 0x36, 0x33, 0x32, 0x16, 0x16, 0x15, 0x14, 0x06, 0x06, 0x07, 0x15, 0x1E, 0x02, 0x15, 0x14,
    0x06, 0x06, 0x03, 0x36, 0x36, 0x35, 0x34, 0x26, 0x26, 0x23, 0x22, 0x06, 0x15, 0x14, 0x16, 0x16,
    0x03, 0x32, 0x36, 0x36, 0x35, 0x34, 0x2E, 0x02, 0x27, 0x06, 0x06, 0x15, 0x14, 0x16, 0x16, 0x01,
    0x18, 0x44, 0x6A, 0x3C, 0x27, 0x3E, 0x21, 0x28, 0x3B, 0x35, 0x5B, 0x39, 0x3F, 0x5A, 0x30, 0x1F,
    0x2C, 0x16, 0x20, 0x38, 0x23, 0x39, 0x67, 0x13, 0x25, 0x26, 0x1D, 0x38, 0x27, 0x33, 0x42, 0x2F,
    0x4C, 0x06, 0x2B, 0x3F, 0x23, 0x20, 0x35, 0x46, 0x27, 0x2C, 0x39, 0x28, 0x47, 0x0D, 0x32, 0x58,
    0x39, 0x31, 0x4F, 0x39, 0x12, 0x04, 0x1C, 0x53, 0x3A, 0x38, 0x53, 0x2F, 0x32, 0x56, 0x39, 0x26,
    0x44, 0x35, 0x12, 0x05, 0x12, 0x33, 0x49, 0x33, 0x34, 0x57, 0x32, 0x01, 0x9B, 0x21, 0x4B, 0x28,
    0x25, 0x3A, 0x23, 0x40, 0x36, 0x2B, 0x3B, 0x29, 0xFE, 0x98, 0x20, 0x38, 0x24, 0x25, 0x35, 0x28,
    0x20, 0x0F, 0x1C, 0x55, 0x35, 0x26, 0x3E, 0x23, 0x00, 0x01, 0x00, 0x2C, 0xFF, 0xF3, 0x01, 0xF5,
    0x02, 0xEA, 0x00, 0x31, 0x00, 0x00, 0x57, 0x22, 0x26, 0x27, 0x37, 0x16, 0x16, 0x33, 0x32, 0x3E,
    0x02, 0x35, 0x34, 0x26, 0x26, 0x23, 0x22, 0x06, 0x06, 0x15, 0x14, 0x16, 0x16, 0x33, 0x32, 0x36,
    0x37, 0x17, 0x0E, 0x02, 0x23, 0x22, 0x26, 0x26, 0x35, 0x34, 0x36, 0x36, 0x33, 0x32, 0x1E, 0x02,
    0x15, 0x14, 0x0E, 0x02, 0xEB, 0x3C, 0x57, 0x1E, 0x32, 0x18, 0x41, 0x23, 0x25, 0x42, 0x33, 0x1D,
    0x25, 0x48, 0x33, 0x23, 0x38, 0x22, 0x1D, 0x3B, 0x2B, 0x25, 0x51, 0x25, 0x04, 0x16, 0x39, 0x3F,
    0x20, 0x3D, 0x5B, 0x32, 0x3A, 0x5F, 0x39, 0x35, 0x5A, 0x42, 0x26, 0x2C, 0x4C, 0x5F, 0x0D, 0x2B,
    0x20, 0x39, 0x1A, 0x1E, 0x22, 0x4F, 0x80, 0x5E, 0x5A, 0x7C, 0x3F, 0x2A, 0x4A, 0x33, 0x31, 0x49,
    0x28, 0x2F, 0x36, 0x49, 0x1C, 0x2C, 0x18, 0x34, 0x67, 0x4B, 0x48, 0x6B, 0x3B, 0x2B, 0x57, 0x82,
    0x58, 0x6F, 0x9D, 0x62, 0x2D, 0x00, 0x00, 0x02, 0x00, 0x49, 0xFF, 0xF3, 0x00, 0xCD, 0x02, 0x12,
    0x00, 0x0B, 0x00, 0x17, 0x00, 0x00, 0x53, 0x22, 0x26, 0x35, 0x34, 0x36, 0x33, 0x32, 0x16, 0x15,
    0x14, 0x06, 0x03, 0x22, 0x26, 0x35, 0x34, 0x36, 0x33, 0x32, 0x16, 0x15, 0x14, 0x06, 0x8B, 0x1B,
    0x27, 0x27, 0x1B, 0x1B, 0x27, 0x27, 0x1B, 0x1B, 0x27, 0x27, 0x1B, 0x1B, 0x27, 0x27, 0x01, 0x86,
    0x27, 0x1F, 0x1F, 0x27, 0x27, 0x1F, 0x1F, 0x27, 0xFE, 0x6D, 0x27, 0x1E, 0x20, 0x26, 0x26, 0x20,
    0x1E, 0x27, 0x00, 0x02, 0x00, 0x04, 0x00, 0x00, 0x02, 0x5C, 0x02, 0xDD, 0x00, 0x0D, 0x00, 0x11,
    0x00, 0x00, 0x73, 0x13, 0x33, 0x13, 0x23, 0x03, 0x26, 0x26, 0x27, 0x23, 0x06, 0x06, 0x07, 0x03,
    0x37, 0x35, 0x21, 0x15, 0x04, 0xF8, 0x67, 0xF9, 0x62, 0x80, 0x14, 0x24, 0x12, 0x04, 0x11, 0x25,
    0x13, 0x82, 0x24, 0x01, 0x52, 0x02, 0xDD, 0xFD, 0x23, 0x01, 0x9A, 0x3F, 0x79, 0x40, 0x40, 0x79,
    0x3F, 0xFE, 0x66, 0xE0, 0x49, 0x49, 0x00, 0x03, 0x00, 0x65, 0x00, 0x00, 0x02, 0x64, 0x02, 0xDD,
    0x00, 0x12, 0x00, 0x1B, 0x00, 0x24, 0x00, 0x00, 0x73, 0x11, 0x33, 0x32, 0x16, 0x16, 0x15, 0x14,
    0x06, 0x06, 0x07, 0x15, 0x16, 0x16, 0x15, 0x14, 0x06, 0x06, 0x23, 0x03, 0x33, 0x32, 0x36, 0x35,
    0x34, 0x26, 0x23, 0x23, 0x11, 0x33, 0x32, 0x36, 0x35, 0x34, 0x26, 0x23, 0x23, 0x65, 0xD9, 0x4B,
    0x71, 0x40, 0x19, 0x30, 0x22, 0x41, 0x54, 0x47, 0x7D, 0x52, 0x8D, 0x6D, 0x5F, 0x52, 0x57, 0x56,
    0x71, 0x80, 0x5E, 0x6A, 0x68, 0x60, 0x80, 0x02, 0xDD, 0x24, 0x4E, 0x41, 0x24, 0x41, 0x2F, 0x0B,
    0x05, 0x0C, 0x58, 0x4B, 0x48, 0x5F, 0x30, 0x01, 0xA6, 0x40, 0x38, 0x41, 0x35, 0xFD, 0xB6, 0x46,
    0x4A, 0x45, 0x3F, 0x00, 0x00, 0x01, 0x00, 0x3A, 0xFF, 0xF3, 0x02, 0x5A, 0x02, 0xEA, 0x00, 0x1F,
    0x00, 0x00, 0x45, 0x22, 0x2E, 0x02, 0x35, 0x34, 0x3E, 0x02, 0x33, 0x32, 0x16, 0x17, 0x07, 0x26,
    0x26, 0x23, 0x22, 0x06, 0x06, 0x15, 0x14, 0x16, 0x16, 0x33, 0x32, 0x36, 0x37, 0x17, 0x06, 0x06,
    0x01, 0x79, 0x44, 0x75, 0x56, 0x30, 0x31, 0x58, 0x76, 0x46, 0x43, 0x66, 0x20, 0x32, 0x1D, 0x4A,
    0x2F, 0x45, 0x68, 0x3A, 0x38, 0x66, 0x46, 0x34, 0x53, 0x23, 0x33, 0x2B, 0x6E, 0x0D, 0x33, 0x62,
    0x8D, 0x59, 0x59, 0x8D, 0x62, 0x34, 0x37, 0x23, 0x3C, 0x1F, 0x26, 0x48, 0x85, 0x5B, 0x5D, 0x87,
    0x49, 0x2C, 0x27, 0x3B, 0x32, 0x37, 0x00, 0x02, 0x00, 0x65, 0x00, 0x00, 0x02, 0x75, 0x02, 0xDD,
    0x00, 0x0A, 0x00, 0x15, 0x00, 0x00, 0x73, 0x11, 0x33, 0x32, 0x16, 0x16, 0x15, 0x14, 0x06, 0x06,
    0x23, 0x27, 0x33, 0x32, 0x36, 0x36, 0x35, 0x34, 0x26, 0x26, 0x23, 0x23, 0x65, 0xB7, 0x71, 0x9A,
    0x4E, 0x4E, 0x98, 0x6F, 0x5F, 0x53, 0x56, 0x73, 0x39, 0x39, 0x73, 0x56, 0x53, 0x02, 0xDD, 0x55,
    0xA2, 0x75, 0x74, 0xA6, 0x57, 0x4C, 0x45, 0x84, 0x5C, 0x5E, 0x80, 0x43, 0x00, 0x01, 0x00, 0x65,
    0x00, 0x00, 0x02, 0x16, 0x02, 0xDD, 0x00, 0x0B, 0x00, 0x00, 0x73, 0x11, 0x21, 0x15, 0x21, 0x15,
    0x21, 0x15, 0x21, 0x11, 0x21, 0x15, 0x65, 0x01, 0xA6, 0xFE, 0xB6, 0x01, 0x16, 0xFE, 0xEA, 0x01,
    0x55, 0x02, 0xDD, 0x4E, 0xE6, 0x4F, 0xFE, 0xF5, 0x4F, 0x00, 0x00, 0x01, 0x00, 0x65, 0x00, 0x00,
    0x02, 0x0B, 0x02, 0xDD, 0x00, 0x09, 0x00, 0x00, 0x73, 0x11, 0x21, 0x15, 0x21, 0x15, 0x21, 0x15,
    0x21, 0x11, 0x65, 0x01, 0xA6, 0xFE, 0xB6, 0x01, 0x18, 0xFE, 0xE8, 0x02, 0xDD, 0x4E, 0xF8, 0x4E,
    0xFE, 0xB7, 0x00, 0x01, 0x00, 0x3A, 0xFF, 0xF3, 0x02, 0x67, 0x02, 0xEA, 0x00, 0x22, 0x00, 0x00,
    0x45, 0x22, 0x26, 0x26, 0x35, 0x34, 0x3E, 0x02, 0x33, 0x32, 0x16, 0x17, 0x07, 0x26, 0x26, 0x23,
    0x22, 0x06, 0x06, 0x15, 0x14, 0x16, 0x16, 0x33, 0x32, 0x36, 0x37, 0x35, 0x23, 0x35, 0x33, 0x11,
    0x06, 0x06, 0x01, 0x85, 0x61, 0x95, 0x55, 0x32, 0x5B, 0x7A, 0x49, 0x4D, 0x66, 0x20, 0x32, 0x1C,
    0x4B, 0x37, 0x4A, 0x6E, 0x3C, 0x39, 0x6E, 0x4E, 0x27, 0x47, 0x16, 0x9C, 0xF1, 0x24, 0x75, 0x0D,
    0x5A, 0xAA, 0x77, 0x59, 0x8D, 0x62, 0x34, 0x39, 0x21, 0x3C, 0x1D, 0x28, 0x48, 0x85, 0x5B, 0x5D,
    0x87, 0x49, 0x17, 0x14, 0xC0, 0x4D, 0xFE, 0xCC, 0x25, 0x30, 0x00, 0x01, 0x00, 0x65, 0x00, 0x00,
    0x02, 0x74, 0x02, 0xDD, 0x00, 0x0B, 0x00, 0x00, 0x73, 0x11, 0x33, 0x11, 0x21, 0x11, 0x33, 0x11,
    0x23, 0x11, 0x21, 0x11, 0x65, 0x5C, 0x01, 0x56, 0x5D, 0x5D, 0xFE, 0xAA, 0x02, 0xDD, 0xFE, 0xCD,
    0x01, 0x33, 0xFD, 0x23, 0x01, 0x5A, 0xFE, 0xA6, 0x00, 0x01, 0x00, 0x65, 0x00, 0x00, 0x00, 0xC1,
    0x02, 0xDD, 0x00, 0x03, 0x00, 0x00, 0x73, 0x11, 0x33, 0x11, 0x65, 0x5C, 0x02, 0xDD, 0xFD, 0x23,
    0x00, 0x01, 0x00, 0x65, 0x00, 0x00, 0x02, 0x02, 0x02, 0xDD, 0x00, 0x05, 0x00, 0x00, 0x73, 0x11,
    0x33, 0x11, 0x21, 0x15, 0x65, 0x5C, 0x01, 0x41, 0x02, 0xDD, 0xFD, 0x72, 0x4F, 0x00, 0x00, 0x01,
    0x00, 0x65, 0x00, 0x00, 0x02, 0xC7, 0x02, 0xDD, 0x00, 0x1F, 0x00, 0x00, 0x73, 0x11, 0x33, 0x13,
    0x16, 0x16, 0x17, 0x33, 0x36, 0x36, 0x37, 0x13, 0x33, 0x11, 0x23, 0x11, 0x34, 0x36, 0x36, 0x37,
    0x23, 0x07, 0x03, 0x23, 0x03, 0x27, 0x23, 0x1E, 0x02, 0x15, 0x11, 0x65, 0x6F, 0x8C, 0x0E, 0x1A,
    0x0D, 0x04, 0x0E, 0x19, 0x0C, 0x8C, 0x6F, 0x56, 0x04, 0x06, 0x02, 0x04, 0x3B, 0x8A, 0x3E, 0x8B,
    0x3B, 0x04, 0x04, 0x05, 0x03, 0x02, 0xDD, 0xFE, 0x78, 0x25, 0x4E, 0x26, 0x26, 0x4E, 0x25, 0x01,
    0x88, 0xFD, 0x23, 0x01, 0x96, 0x20, 0x4B, 0x4D, 0x20, 0xA7, 0xFE, 0x83, 0x01, 0x7D, 0xA7, 0x20,
    0x4D, 0x4B, 0x20, 0xFE, 0x6A, 0x00, 0x00, 0x01, 0x00, 0x65, 0x00, 0x00, 0x02, 0x6E, 0x02, 0xDD,
    0x00, 0x13, 0x00, 0x00, 0x73, 0x11, 0x33, 0x01, 0x17, 0x33, 0x26, 0x26, 0x35, 0x11, 0x33, 0x11,
    0x23, 0x01, 0x27, 0x23, 0x16, 0x16, 0x15, 0x11, 0x65, 0x5E, 0x01, 0x0C, 0x4F, 0x05, 0x05, 0x08,
    0x58, 0x5F, 0xFE, 0xF5, 0x4F, 0x04, 0x03, 0x08, 0x02, 0xDD, 0xFE, 0x32, 0x97, 0x37, 0x78, 0x39,
    0x01, 0x7D, 0xFD, 0x23, 0x01, 0xCF, 0x96, 0x37, 0x73, 0x3A, 0xFE, 0x7F, 0x00, 0x02, 0x00, 0x3A,
    0xFF, 0xF3, 0x02, 0xAC, 0x02, 0xEA, 0x00, 0x0F, 0x00, 0x1F, 0x00, 0x00, 0x45, 0x22, 0x26, 0x26,
    0x35, 0x34, 0x36, 0x36, 0x33, 0x32, 0x16, 0x16, 0x15, 0x14, 0x06, 0x06, 0x27, 0x32, 0x36, 0x36,
    0x35, 0x34, 0x26, 0x26, 0x23, 0x22, 0x06, 0x06, 0x15, 0x14, 0x16, 0x16, 0x01, 0x73, 0x5C, 0x8D,
    0x50, 0x50, 0x8D, 0x5C, 0x5C, 0x8D, 0x50, 0x50, 0x8D, 0x5C, 0x42, 0x62, 0x36, 0x36, 0x62, 0x42,
    0x41, 0x63, 0x36, 0x36, 0x63, 0x0D, 0x5D, 0xAC, 0x75, 0x76, 0xA9, 0x5A, 0x5B, 0xA8, 0x76, 0x75,
    0xAC, 0x5D, 0x51, 0x4A, 0x88, 0x5B, 0x5C, 0x85, 0x47, 0x47, 0x85, 0x5C, 0x5B, 0x88, 0x4A, 0x00,
    0x00, 0x02, 0x00, 0x65, 0x00, 0x00, 0x02, 0x48, 0x02, 0xDD, 0x00, 0x0C, 0x00, 0x15, 0x00, 0x00,
    0x73, 0x11, 0x33, 0x32, 0x16, 0x16, 0x15, 0x14, 0x06, 0x06, 0x23, 0x23, 0x11, 0x11, 0x33, 0x32,
    0x36, 0x35, 0x34, 0x26, 0x23, 0x23, 0x65, 0xD1, 0x52, 0x7C, 0x44, 0x44, 0x7A, 0x50, 0x79, 0x6D,
    0x60, 0x5E, 0x61, 0x61, 0x69, 0x02, 0xDD, 0x29, 0x5E, 0x50, 0x4D, 0x64, 0x31, 0xFE, 0xDC, 0x01,
    0x6F, 0x48, 0x4F, 0x50, 0x3C, 0x00, 0x00, 0x03, 0x00, 0x3A, 0xFF, 0x48, 0x02, 0xBC, 0x02, 0xEA,
    0x00, 0x0F, 0x00, 0x1F, 0x00, 0x2F, 0x00, 0x00, 0x45, 0x22, 0x26, 0x26, 0x35, 0x34, 0x36, 0x36,
    0x33, 0x32, 0x16, 0x16, 0x15, 0x14, 0x06, 0x06, 0x27, 0x32, 0x36, 0x36, 0x35, 0x34, 0x26, 0x26,
    0x23, 0x22, 0x06, 0x06, 0x15, 0x14, 0x16, 0x16, 0x05, 0x22, 0x26, 0x26, 0x27, 0x37, 0x1E, 0x02,
    0x33, 0x32, 0x36, 0x37, 0x17, 0x06, 0x06, 0x01, 0x73, 0x5C, 0x8D, 0x50, 0x50, 0x8D, 0x5C, 0x5C,
    0x8D, 0x50, 0x50, 0x8D, 0x5C, 0x42, 0x62, 0x36, 0x36, 0x62, 0x42, 0x41, 0x63, 0x36, 0x36, 0x63,
    0x01, 0x21, 0x45, 0x6E, 0x4B, 0x14, 0x60, 0x0F, 0x37, 0x4B, 0x2B, 0x19, 0x26, 0x0E, 0x12, 0x10,
    0x38, 0x0D, 0x5D, 0xAC, 0x75, 0x76, 0xA9, 0x5A, 0x5B, 0xA8, 0x76, 0x75, 0xAC, 0x5D, 0x4D, 0x4A,
    0x8A, 0x5D, 0x5C, 0x85, 0x47, 0x47, 0x85, 0x5C, 0x5D, 0x8A, 0x4A, 0xF8, 0x30, 0x55, 0x35, 0x08,
    0x27, 0x34, 0x1A, 0x06, 0x05, 0x47, 0x07, 0x0A, 0x00, 0x03, 0x00, 0x65, 0x00, 0x00, 0x02, 0x5F,
    0x02, 0xDD, 0x00, 0x0C, 0x00, 0x15, 0x00, 0x19, 0x00, 0x00, 0x73, 0x11, 0x33, 0x32, 0x16, 0x16,
    0x15, 0x14, 0x06, 0x06, 0x23, 0x23, 0x11, 0x11, 0x33, 0x32, 0x36, 0x35, 0x34, 0x26, 0x23, 0x23,
    0x01, 0x03, 0x37, 0x13, 0x65, 0xE5, 0x4B, 0x73, 0x42, 0x42, 0x73, 0x4B, 0x89, 0x7B, 0x56, 0x5C,
    0x5C, 0x56, 0x7B, 0x01, 0x36, 0xC0, 0x49, 0xDF, 0x02, 0xDD, 0x27, 0x5A, 0x4C, 0x49, 0x61, 0x2F,
    0xFE, 0xC9, 0x01, 0x81, 0x47, 0x48, 0x48, 0x3A, 0xFD, 0x6E, 0x01, 0x4F, 0x31, 0xFE, 0x80, 0x00,
    0x00, 0x01, 0x00, 0x30, 0xFF, 0xF3, 0x02, 0x29, 0x02, 0xEA, 0x00, 0x2D, 0x00, 0x00, 0x45, 0x22,
    0x26, 0x27, 0x37, 0x16, 0x16, 0x33, 0x32, 0x36, 0x35, 0x34, 0x26, 0x26, 0x27, 0x27, 0x2E, 0x02,
    0x35, 0x34, 0x36, 0x36, 0x33, 0x32, 0x16, 0x17, 0x07, 0x26, 0x26, 0x23, 0x22, 0x06, 0x15, 0x14,
    0x16, 0x16, 0x17, 0x17, 0x1E, 0x02, 0x15, 0x14, 0x06, 0x06, 0x01, 0x30, 0x4E, 0x83, 0x2F, 0x37,
    0x27, 0x6A, 0x39, 0x49, 0x51, 0x21, 0x37, 0x23, 0x69, 0x22, 0x45, 0x2E, 0x3C, 0x68, 0x43, 0x42,
    0x6F, 0x26, 0x30, 0x22, 0x51, 0x34, 0x3E, 0x4B, 0x25, 0x38, 0x1D, 0x68, 0x2A, 0x45, 0x28, 0x3C,
    0x70, 0x0D, 0x3A, 0x32, 0x40, 0x29, 0x32, 0x42, 0x35, 0x27, 0x2E, 0x1F, 0x0F, 0x2E, 0x0F, 0x2E,
    0x4A, 0x35, 0x39, 0x57, 0x32, 0x32, 0x28, 0x3B, 0x1F, 0x25, 0x39, 0x31, 0x24, 0x2E, 0x1C, 0x0D,
    0x2D, 0x12, 0x32, 0x4A, 0x36, 0x3A, 0x5F, 0x37, 0x00, 0x01, 0x00, 0x1F, 0x00, 0x00, 0x02, 0x38,
    0x02, 0xDD, 0x00, 0x07, 0x00, 0x00, 0x73, 0x11, 0x23, 0x35, 0x21, 0x15, 0x23, 0x11, 0xFD, 0xDE,
    0x02, 0x19, 0xDE, 0x02, 0x8F, 0x4E, 0x4E, 0xFD, 0x71, 0x00, 0x00, 0x01, 0x00, 0x62, 0xFF, 0xF3,
    0x02, 0x70, 0x02, 0xDD, 0x00, 0x17, 0x00, 0x00, 0x45, 0x22, 0x2E, 0x02, 0x35, 0x11, 0x33, 0x11,
    0x14, 0x16, 0x16, 0x33, 0x32, 0x36, 0x36, 0x35, 0x11, 0x33, 0x11, 0x14, 0x0E, 0x02, 0x01, 0x69,
    0x38, 0x60, 0x47, 0x28, 0x5C, 0x2E, 0x4D, 0x30, 0x31, 0x4E, 0x2F, 0x59, 0x27, 0x48, 0x60, 0x0D,
    0x20, 0x4A, 0x7A, 0x57, 0x01, 0xAF, 0xFE, 0x4F, 0x58, 0x65, 0x2B, 0x2B, 0x65, 0x58, 0x01, 0xB1,
    0xFE, 0x51, 0x57, 0x7A, 0x4A, 0x20, 0x00, 0x01, 0x00, 0x01, 0x00, 0x00, 0x02, 0x3F, 0x02, 0xDD,
    0x00, 0x0D, 0x00, 0x00, 0x73, 0x03, 0x33, 0x13, 0x16, 0x16, 0x17, 0x33, 0x36, 0x36, 0x37, 0x13,
    0x33, 0x03, 0xEB, 0xEA, 0x61, 0x77, 0x13, 0x1F, 0x15, 0x04, 0x15, 0x1F, 0x13, 0x76, 0x5E, 0xE9,
    0x02, 0xDD, 0xFE, 0x73, 0x40, 0x71, 0x41, 0x41, 0x71, 0x40, 0x01, 0x8D, 0xFD, 0x23, 0x00, 0x01,
    0x00, 0x1A, 0x00, 0x00, 0x03, 0x53, 0x02, 0xDD, 0x00, 0x21, 0x00, 0x00, 0x73, 0x03, 0x33, 0x13,
    0x16, 0x16, 0x17, 0x33, 0x36, 0x36, 0x37, 0x13, 0x33, 0x13, 0x16, 0x16, 0x17, 0x33, 0x36, 0x36,
    0x37, 0x13, 0x33, 0x03, 0x23, 0x03, 0x26, 0x26, 0x27, 0x23, 0x06, 0x06, 0x07, 0x03, 0xB5, 0x9B,
    0x5F, 0x4D, 0x0B, 0x16, 0x0B, 0x04, 0x0D, 0x1A, 0x0D, 0x65, 0x55, 0x66, 0x0D, 0x1A, 0x0E, 0x05,
    0x0A, 0x14, 0x0A, 0x4F, 0x58, 0x97, 0x70, 0x6F, 0x0A, 0x11, 0x09, 0x04, 0x08, 0x14, 0x09, 0x6D,
    0x02, 0xDD, 0xFE, 0x71, 0x3B, 0x77, 0x3C, 0x3C, 0x77, 0x3B, 0x01, 0x8F, 0xFE, 0x71, 0x3B, 0x77,
    0x3C, 0x3C, 0x77, 0x3B, 0x01, 0x8F, 0xFD, 0x23, 0x01, 0xBA, 0x2C, 0x51, 0x2A, 0x2A, 0x51, 0x2C,
    0xFE, 0x46, 0x00, 0x02, 0x00, 0x3B, 0xFF, 0xF3, 0x01, 0xE3, 0x02, 0x2D, 0x00, 0x1D, 0x00, 0x28,
    0x00, 0x00, 0x57, 0x22, 0x26, 0x26, 0x35, 0x34, 0x36, 0x37, 0x34, 0x26, 0x26, 0x23, 0x22, 0x06,
    0x07, 0x27, 0x3E, 0x02, 0x33, 0x32, 0x16, 0x16, 0x15, 0x11, 0x23, 0x27, 0x23, 0x06, 0x06, 0x27,
    0x32, 0x36, 0x37, 0x35, 0x0E, 0x02, 0x15, 0x14, 0x16, 0xD9, 0x2D, 0x48, 0x29, 0x9F, 0xAE, 0x13,
    0x30, 0x2D, 0x2F, 0x53, 0x21, 0x23, 0x19, 0x42, 0x4E, 0x2C, 0x42, 0x53, 0x27, 0x4B, 0x08, 0x03,
    0x26, 0x5B, 0x19, 0x27, 0x47, 0x27, 0x5B, 0x6C, 0x2E, 0x38, 0x0D, 0x24, 0x45, 0x31, 0x59, 0x5F,
    0x13, 0x23, 0x3F, 0x27, 0x25, 0x15, 0x3F, 0x10, 0x21, 0x16, 0x38, 0x63, 0x44, 0xFE, 0xB2, 0x41,
    0x20, 0x2E, 0x4A, 0x24, 0x23, 0x97, 0x0A, 0x25, 0x35, 0x24, 0x2F, 0x27, 0x00, 0x02, 0x00, 0x5C,
    0xFF, 0xF3, 0x02, 0x37, 0x03, 0x1C, 0x00, 0x14, 0x00, 0x23, 0x00, 0x00, 0x45, 0x22, 0x26, 0x27,
    0x23, 0x07, 0x23, 0x11, 0x33, 0x15, 0x07, 0x36, 0x36, 0x33, 0x32, 0x16, 0x16, 0x15, 0x14, 0x06,
    0x06, 0x27, 0x32, 0x36, 0x36, 0x35, 0x34, 0x26, 0x26, 0x23, 0x22, 0x06, 0x07, 0x11, 0x16, 0x16,
    0x01, 0x4B, 0x25, 0x52, 0x23, 0x04, 0x08, 0x49, 0x5C, 0x04, 0x25, 0x58, 0x2E, 0x46, 0x60, 0x32,
    0x43, 0x6B, 0x4D, 0x2D, 0x47, 0x28, 0x1D, 0x3E, 0x35, 0x22, 0x48, 0x26, 0x23, 0x47, 0x0D, 0x24,
    0x21, 0x38, 0x03, 0x1C, 0xDA, 0x61, 0x20, 0x2C, 0x45, 0x7C, 0x54, 0x5C, 0x84, 0x45, 0x4D, 0x33,
    0x61, 0x43, 0x3C, 0x5B, 0x32, 0x26, 0x24, 0xFE, 0xE2, 0x1F, 0x19, 0x00, 0x00, 0x01, 0x00, 0x34,
    0xFF, 0xF3, 0x01, 0xE2, 0x02, 0x2D, 0x00, 0x1D, 0x00, 0x00, 0x45, 0x22, 0x26, 0x26, 0x35, 0x34,
    0x36, 0x36, 0x33, 0x32, 0x16, 0x17, 0x07, 0x26, 0x26, 0x23, 0x22, 0x06, 0x06, 0x15, 0x14, 0x16,
    0x16, 0x33, 0x32, 0x36, 0x37, 0x17, 0x06, 0x06, 0x01, 0x32, 0x48, 0x73, 0x43, 0x48, 0x78, 0x45,
    0x35, 0x4D, 0x1C, 0x2E, 0x17, 0x35, 0x20, 0x31, 0x4E, 0x2C, 0x2B, 0x4B, 0x32, 0x26, 0x40, 0x1A,
    0x28, 0x25, 0x5A, 0x0D, 0x43, 0x7F, 0x5A, 0x5B, 0x7F, 0x44, 0x26, 0x1A, 0x3C, 0x15, 0x1A, 0x34,
    0x5E, 0x3F, 0x3E, 0x5E, 0x34, 0x1F, 0x17, 0x3E, 0x20, 0x24, 0x00, 0x02, 0x00, 0x35, 0xFF, 0xF3,
    0x02, 0x10, 0x03, 0x1C, 0x00, 0x14, 0x00, 0x23, 0x00, 0x00, 0x45, 0x22, 0x26, 0x26, 0x35, 0x34,
    0x36, 0x36, 0x33, 0x32, 0x16, 0x17, 0x27, 0x35, 0x33, 0x11, 0x23, 0x27, 0x23, 0x06, 0x06, 0x27,
    0x32, 0x36, 0x37, 0x11, 0x26, 0x26, 0x23, 0x22, 0x06, 0x06, 0x15, 0x14, 0x16, 0x16, 0x01, 0x15,
    0x44, 0x65, 0x37, 0x42, 0x6B, 0x3E, 0x30, 0x45, 0x24, 0x05, 0x5C, 0x4B, 0x08, 0x03, 0x20, 0x54,
    0x1D, 0x26, 0x44, 0x21, 0x22, 0x40, 0x22, 0x2B, 0x47, 0x2B, 0x24, 0x43, 0x0D, 0x42, 0x7F, 0x5B,
    0x58, 0x80, 0x46, 0x21, 0x1E, 0x5D, 0xD1, 0xFC, 0xE4, 0x40, 0x20, 0x2D, 0x4D, 0x25, 0x25, 0x01,
    0x1D, 0x1F, 0x1A, 0x35, 0x5D, 0x3E, 0x41, 0x5E, 0x31, 0x00, 0x00, 0x02, 0x00, 0x34, 0xFF, 0xF3,
    0x02, 0x00, 0x02, 0x2D, 0x00, 0x1B, 0x00, 0x23, 0x00, 0x00, 0x45, 0x22, 0x26, 0x26, 0x35, 0x34,
    0x3E, 0x02, 0x33, 0x32, 0x16, 0x16, 0x15, 0x14, 0x06, 0x07, 0x21, 0x1E, 0x02, 0x33, 0x32, 0x36,
    0x37, 0x17, 0x06, 0x06, 0x03, 0x21, 0x34, 0x26, 0x23, 0x22, 0x06, 0x06, 0x01, 0x38, 0x49, 0x76,
    0x45, 0x28, 0x45, 0x58, 0x2E, 0x46, 0x60, 0x33, 0x02, 0x02, 0xFE, 0x92, 0x03, 0x2F, 0x4E, 0x34,
    0x28, 0x41, 0x1F, 0x20, 0x23, 0x58, 0xE2, 0x01, 0x23, 0x47, 0x40, 0x26, 0x43, 0x2D, 0x0D, 0x44,
    0x7F, 0x59, 0x43, 0x69, 0x4B, 0x27, 0x3E, 0x73, 0x4E, 0x0F, 0x1A, 0x0B, 0x3A, 0x55, 0x2F, 0x17,
    0x14, 0x3D, 0x17, 0x20, 0x01, 0x48, 0x52, 0x57, 0x28, 0x4A, 0x00, 0x02, 0x00, 0x21, 0x00, 0x00,
    0x01, 0x64, 0x03, 0x29, 0x00, 0x0F, 0x00, 0x14, 0x00, 0x00, 0x73, 0x11, 0x34, 0x36, 0x36, 0x33,
    0x32, 0x16, 0x17, 0x07, 0x26, 0x23, 0x22, 0x06, 0x15, 0x11, 0x03, 0x35, 0x37, 0x33, 0x15, 0x6B,
    0x22, 0x46, 0x36, 0x19, 0x2F, 0x13, 0x14, 0x1E, 0x1F, 0x27, 0x26, 0xA5, 0x4E, 0xCA, 0x02, 0x76,
    0x37, 0x50, 0x2C, 0x0A, 0x07, 0x47, 0x0F, 0x36, 0x35, 0xFD, 0x8B, 0x01, 0xD5, 0x45, 0x05, 0x4A,
    0x00, 0x03, 0x00, 0x33, 0xFF, 0x06, 0x02, 0x26, 0x02, 0x2D, 0x00, 0x33, 0x00, 0x43, 0x00, 0x54,
    0x00, 0x00, 0x45, 0x22, 0x26, 0x26, 0x35, 0x34, 0x36, 0x37, 0x35, 0x26, 0x26, 0x35, 0x34, 0x36,
    0x37, 0x35, 0x26, 0x26, 0x35, 0x34, 0x36, 0x36, 0x33, 0x32, 0x16, 0x17, 0x33, 0x15, 0x23, 0x16,
    0x16, 0x15, 0x14, 0x06, 0x06, 0x23, 0x22, 0x26, 0x27, 0x06, 0x06, 0x15, 0x14, 0x16, 0x33, 0x33,
    0x32, 0x16, 0x15, 0x14, 0x06, 0x06, 0x03, 0x32, 0x36, 0x36, 0x35, 0x34, 0x26, 0x26, 0x23, 0x22,
    0x06, 0x06, 0x15, 0x14, 0x16, 0x16, 0x13, 0x32, 0x36, 0x36, 0x35, 0x34, 0x26, 0x23, 0x23, 0x22,
    0x26, 0x27, 0x06, 0x06, 0x15, 0x14, 0x16, 0x01, 0x13, 0x42, 0x66, 0x38, 0x2A, 0x26, 0x15, 0x1C,
    0x27, 0x15, 0x1B, 0x2C, 0x38, 0x5D, 0x36, 0x18, 0x27, 0x0E, 0xBD, 0x6F, 0x14, 0x18, 0x35, 0x5A,
    0x38, 0x13, 0x2B, 0x12, 0x0F, 0x14, 0x28, 0x37, 0x6B, 0x5E, 0x5F, 0x44, 0x7B, 0x55, 0x20, 0x35,
    0x1F, 0x1F, 0x34, 0x21, 0x1F, 0x35, 0x1F, 0x20, 0x34, 0x2D, 0x34, 0x4D, 0x2B, 0x38, 0x36, 0x5E,
    0x0F, 0x25, 0x12, 0x1D, 0x1A, 0x53, 0xFA, 0x22, 0x41, 0x2E, 0x23, 0x41, 0x17, 0x05, 0x0D, 0x2C,
    0x20, 0x22, 0x34, 0x0F, 0x04, 0x15, 0x4C, 0x31, 0x3C, 0x57, 0x2F, 0x08, 0x06, 0x46, 0x13, 0x3A,
    0x23, 0x3A, 0x55, 0x2E, 0x0A, 0x09, 0x0C, 0x1E, 0x17, 0x19, 0x22, 0x3E, 0x43, 0x32, 0x56, 0x34,
    0x01, 0xE4, 0x20, 0x3A, 0x27, 0x28, 0x39, 0x1E, 0x1E, 0x38, 0x29, 0x27, 0x3A, 0x20, 0xFE, 0x5B,
    0x20, 0x33, 0x1B, 0x27, 0x1E, 0x03, 0x05, 0x14, 0x31, 0x17, 0x2B, 0x34, 0x00, 0x01, 0x00, 0x5C,
    0x00, 0x00, 0x02, 0x0E, 0x03, 0x1C, 0x00, 0x14, 0x00, 0x00, 0x73, 0x11, 0x33, 0x15, 0x07, 0x36,
    0x36, 0x33, 0x32, 0x16, 0x15, 0x11, 0x23, 0x11, 0x34, 0x26, 0x23, 0x22, 0x06, 0x07, 0x11, 0x5C,
    0x5C, 0x04, 0x26, 0x56, 0x38, 0x56, 0x50, 0x5B, 0x31, 0x36, 0x2A, 0x42, 0x28, 0x03, 0x1C, 0xDA,
    0x70, 0x26, 0x35, 0x6D, 0x68, 0xFE, 0xA8, 0x01, 0x4C, 0x4D, 0x44, 0x2A, 0x29, 0xFE, 0x76, 0x00,
    0x00, 0x02, 0x00, 0x4E, 0x00, 0x00, 0x00, 0xC7, 0x03, 0x07, 0x00, 0x03, 0x00, 0x0F, 0x00, 0x00,
    0x73, 0x11, 0x33, 0x11, 0x03, 0x22, 0x26, 0x35, 0x34, 0x36, 0x33, 0x32, 0x16, 0x15, 0x14, 0x06,
    0x5C, 0x5C, 0x2E, 0x1B, 0x21, 0x21, 0x1B, 0x1B, 0x22, 0x22, 0x02, 0x1F, 0xFD, 0xE1, 0x02, 0x8F,
    0x21, 0x1C, 0x1B, 0x20, 0x20, 0x1B, 0x1C, 0x21, 0x00, 0x02, 0xFF, 0xD4, 0xFF, 0x0E, 0x00, 0xC7,
    0x03, 0x07, 0x00, 0x10, 0x00, 0x1C, 0x00, 0x00, 0x57, 0x22, 0x26, 0x27, 0x37, 0x16, 0x16, 0x33,
    0x32, 0x36, 0x35, 0x11, 0x33, 0x11, 0x14, 0x06, 0x06, 0x13, 0x22, 0x26, 0x35, 0x34, 0x36, 0x33,
    0x32, 0x16, 0x15, 0x14, 0x06, 0x23, 0x18, 0x29, 0x0E, 0x12, 0x0A, 0x1C, 0x0E, 0x29, 0x1A, 0x5B,
    0x1D, 0x42, 0x31, 0x1B, 0x22, 0x22, 0x1B, 0x1A, 0x23, 0x23, 0xF2, 0x08, 0x06, 0x45, 0x04, 0x06,
    0x3A, 0x31, 0x02, 0x5D, 0xFD, 0xA3, 0x37, 0x51, 0x2C, 0x03, 0x81, 0x21, 0x1C, 0x1B, 0x20, 0x20,
    0x1B, 0x1C, 0x21, 0x00, 0x00, 0x01, 0x00, 0x5C, 0x00, 0x00, 0x02, 0x1E, 0x03, 0x1C, 0x00, 0x0C,
    0x00, 0x00, 0x73, 0x11, 0x33, 0x11, 0x33, 0x13, 0x33, 0x07, 0x13, 0x23, 0x03, 0x07, 0x15, 0x5C,
    0x5A, 0x04, 0xE6, 0x66, 0xB5, 0xCD, 0x63, 0x9F, 0x66, 0x03, 0x1C, 0xFD, 0xE5, 0x01, 0x1E, 0xDB,
    0xFE, 0xBC, 0x01, 0x06, 0x77, 0x8F, 0x00, 0x01, 0x00, 0x5C, 0xFF, 0xF3, 0x00, 0xF1, 0x03, 0x1C,
    0x00, 0x10, 0x00, 0x00, 0x57, 0x22, 0x26, 0x26, 0x35, 0x11, 0x33, 0x11, 0x14, 0x16, 0x33, 0x32,
    0x36, 0x37, 0x17, 0x06, 0x06, 0xBC, 0x22, 0x2A, 0x14, 0x5C, 0x0F, 0x0A, 0x04, 0x08, 0x07, 0x0D,
    0x0A, 0x18, 0x0D, 0x1C, 0x37, 0x26, 0x02, 0xB0, 0xFD, 0x4A, 0x15, 0x12, 0x01, 0x01, 0x46, 0x03,
    0x05, 0x00, 0x00, 0x01, 0x00, 0x5C, 0x00, 0x00, 0x03, 0x49, 0x02, 0x2D, 0x00, 0x23, 0x00, 0x00,
    0x73, 0x11, 0x33, 0x17, 0x33, 0x36, 0x36, 0x33, 0x32, 0x16, 0x17, 0x36, 0x36, 0x33, 0x32, 0x16,
    0x15, 0x11, 0x23, 0x11, 0x34, 0x26, 0x23, 0x22, 0x06, 0x07, 0x11, 0x23, 0x11, 0x34, 0x26, 0x23,
    0x22, 0x06, 0x07, 0x11, 0x5C, 0x4B, 0x09, 0x02, 0x24, 0x55, 0x30, 0x3F, 0x46, 0x11, 0x2B, 0x57,
    0x32, 0x53, 0x51, 0x5B, 0x31, 0x34, 0x1F, 0x43, 0x27, 0x5B, 0x31, 0x34, 0x1F, 0x44, 0x25, 0x02,
    0x1F, 0x4F, 0x27, 0x36, 0x38, 0x30, 0x2E, 0x3A, 0x6D, 0x68, 0xFE, 0xA8, 0x01, 0x4C, 0x4D, 0x44,
    0x29, 0x2A, 0xFE, 0x76, 0x01, 0x4C, 0x4D, 0x44, 0x29, 0x2A, 0xFE, 0x76, 0x00, 0x01, 0x00, 0x5C,
    0x00, 0x00, 0x02, 0x0E, 0x02, 0x2D, 0x00, 0x14, 0x00, 0x00, 0x73, 0x11, 0x33, 0x17, 0x33, 0x36,
    0x36, 0x33, 0x32, 0x16, 0x15, 0x11, 0x23, 0x11, 0x34, 0x26, 0x23, 0x22, 0x06, 0x07, 0x11, 0x5C,
    0x4B, 0x09, 0x02, 0x27, 0x57, 0x38, 0x56, 0x50, 0x5B, 0x31, 0x36, 0x2A, 0x42, 0x28, 0x02, 0x1F,
    0x4F, 0x27, 0x36, 0x6D, 0x68, 0xFE, 0xA8, 0x01, 0x4C, 0x4D, 0x44, 0x2A, 0x29, 0xFE, 0x76, 0x00,
    0x00, 0x02, 0x00, 0x34, 0xFF, 0xF3, 0x02, 0x2A, 0x02, 0x2D, 0x00, 0x10, 0x00, 0x20, 0x00, 0x00,
    0x45, 0x22, 0x26, 0x26, 0x35, 0x34, 0x36, 0x36, 0x33, 0x32, 0x1E, 0x02, 0x15, 0x14, 0x06, 0x06,
    0x27, 0x32, 0x36, 0x36, 0x35, 0x34, 0x26, 0x26, 0x23, 0x22, 0x06, 0x06, 0x15, 0x14, 0x16, 0x16,
    0x01, 0x2F, 0x42, 0x74, 0x45, 0x45, 0x74, 0x42, 0x32, 0x5B, 0x46, 0x28, 0x46, 0x72, 0x43, 0x2F,
    0x47, 0x28, 0x28, 0x47, 0x2F, 0x2F, 0x47, 0x27, 0x27, 0x47, 0x0D, 0x43, 0x7F, 0x5A, 0x5B, 0x7F,
    0x44, 0x26, 0x4A, 0x6A, 0x44, 0x5A, 0x7F, 0x43, 0x4C, 0x34, 0x5E, 0x3E, 0x3F, 0x5E, 0x34, 0x34,
    0x5E, 0x3F, 0x3E, 0x5E, 0x34, 0x00, 0x00, 0x02, 0x00, 0x5C, 0xFF, 0x1B, 0x02, 0x37, 0x02, 0x2D,
    0x00, 0x14, 0x00, 0x23, 0x00, 0x00, 0x57, 0x11, 0x33, 0x17, 0x33, 0x36, 0x36, 0x33, 0x32, 0x16,
    0x16, 0x15, 0x14, 0x06, 0x06, 0x23, 0x22, 0x26, 0x27, 0x17, 0x15, 0x13, 0x32, 0x36, 0x36, 0x35,
    0x34, 0x26, 0x26, 0x23, 0x22, 0x06, 0x07, 0x11, 0x16, 0x16, 0x5C, 0x4B, 0x09, 0x02, 0x25, 0x59,
    0x2F, 0x46, 0x61, 0x31, 0x43, 0x6B, 0x3E, 0x25, 0x4C, 0x25, 0x03, 0x84, 0x2D, 0x47, 0x28, 0x1D,
    0x3E, 0x35, 0x22, 0x47, 0x27, 0x24, 0x46, 0xE5, 0x03, 0x04, 0x3F, 0x1F, 0x2E, 0x45, 0x7C, 0x54,
    0x5D, 0x83, 0x45, 0x21, 0x1E, 0x5F, 0xB8, 0x01, 0x25, 0x33, 0x61, 0x43, 0x3C, 0x5B, 0x32, 0x26,
    0x24, 0xFE, 0xE2, 0x1F, 0x19, 0x00, 0x00, 0x01, 0x00, 0x5C, 0x00, 0x00, 0x01, 0x86, 0x02, 0x2D,
    0x00, 0x12, 0x00, 0x00, 0x73, 0x11, 0x33, 0x17, 0x33, 0x36, 0x36, 0x33, 0x32, 0x16, 0x17, 0x07,
    0x26, 0x26, 0x23, 0x22, 0x06, 0x07, 0x11, 0x5C, 0x4B, 0x09, 0x02, 0x1C, 0x51, 0x2D, 0x13, 0x1B,
    0x0C, 0x11, 0x0E, 0x16, 0x11, 0x21, 0x4C, 0x1B, 0x02, 0x1F, 0x63, 0x34, 0x3D, 0x05, 0x07, 0x4F,
    0x04, 0x05, 0x39, 0x45, 0xFE, 0xA3, 0x00, 0x01, 0x00, 0x20, 0xFF, 0xF3, 0x01, 0xAF, 0x02, 0x2D,
    0x00, 0x2C, 0x00, 0x00, 0x57, 0x22, 0x26, 0x27, 0x37, 0x16, 0x16, 0x33, 0x32, 0x36, 0x35, 0x34,
    0x26, 0x26, 0x27, 0x2E, 0x02, 0x35, 0x34, 0x36, 0x36, 0x33, 0x32, 0x16, 0x17, 0x07, 0x26, 0x26,
    0x23, 0x22, 0x06, 0x15, 0x14, 0x16, 0x16, 0x17, 0x1E, 0x03, 0x15, 0x14, 0x06, 0x06, 0xEA, 0x39,
    0x6B, 0x26, 0x2C, 0x24, 0x4C, 0x31, 0x36, 0x35, 0x25, 0x39, 0x1E, 0x26, 0x49, 0x2F, 0x2C, 0x54,
    0x3B, 0x32, 0x57, 0x1F, 0x2C, 0x1C, 0x3B, 0x24, 0x34, 0x31, 0x21, 0x36, 0x1E, 0x1E, 0x3B, 0x2F,
    0x1D, 0x2D, 0x57, 0x0D, 0x2B, 0x20, 0x3D, 0x1D, 0x24, 0x31, 0x24, 0x1C, 0x25, 0x1B, 0x0B, 0x0F,
    0x25, 0x3B, 0x2E, 0x2C, 0x45, 0x29, 0x24, 0x1A, 0x39, 0x14, 0x1C, 0x2F, 0x20, 0x19, 0x22, 0x17,
    0x0C, 0x0B, 0x1A, 0x24, 0x35, 0x27, 0x2C, 0x4A, 0x2B, 0x00, 0x00, 0x01, 0x00, 0x1B, 0xFF, 0xF3,
    0x01, 0x6B, 0x02, 0xB8, 0x00, 0x18, 0x00, 0x00, 0x45, 0x22, 0x26, 0x26, 0x35, 0x11, 0x23, 0x35,
    0x37, 0x37, 0x33, 0x15, 0x33, 0x15, 0x23, 0x11, 0x14, 0x16, 0x33, 0x32, 0x36, 0x37, 0x17, 0x06,
    0x06, 0x01, 0x06, 0x39, 0x44, 0x1D, 0x51, 0x56, 0x0A, 0x4C, 0x94, 0x94, 0x25, 0x2F, 0x0F, 0x22,
    0x0D, 0x12, 0x17, 0x34, 0x0D, 0x2D, 0x52, 0x36, 0x01, 0x2D, 0x45, 0x05, 0x99, 0x99, 0x4A, 0xFE,
    0xD0, 0x31, 0x37, 0x09, 0x06, 0x45, 0x08, 0x0C, 0x00, 0x01, 0x00, 0x54, 0xFF, 0xF3, 0x02, 0x04,
    0x02, 0x1F, 0x00, 0x14, 0x00, 0x00, 0x57, 0x22, 0x26, 0x35, 0x11, 0x33, 0x11, 0x14, 0x16, 0x33,
    0x32, 0x36, 0x37, 0x11, 0x33, 0x11, 0x23, 0x27, 0x23, 0x06, 0x06, 0xFB, 0x56, 0x51, 0x5C, 0x30,
    0x36, 0x2A, 0x42, 0x27, 0x5B, 0x4C, 0x07, 0x03, 0x26, 0x55, 0x0D, 0x6C, 0x68, 0x01, 0x58, 0xFE,
    0xB3, 0x4B, 0x45, 0x2C, 0x30, 0x01, 0x81, 0xFD, 0xE1, 0x55, 0x2C, 0x36, 0x00, 0x01, 0x00, 0x0D,
    0x00, 0x00, 0x01, 0xFC, 0x02, 0x1F, 0x00, 0x0D, 0x00, 0x00, 0x73, 0x03, 0x33, 0x13, 0x16, 0x16,
    0x17, 0x33, 0x36, 0x36, 0x37, 0x13, 0x33, 0x03, 0xD1, 0xC4, 0x5F, 0x66, 0x0D, 0x19, 0x0C, 0x05,
    0x0D, 0x19, 0x0C, 0x67, 0x5A, 0xC0, 0x02, 0x1F, 0xFE, 0xCB, 0x28, 0x51, 0x27, 0x27, 0x51, 0x28,
    0x01, 0x35, 0xFD, 0xE1, 0x00, 0x01, 0x00, 0x1B, 0x00, 0x00, 0x03, 0x08, 0x02, 0x1F, 0x00, 0x21,
    0x00, 0x00, 0x73, 0x03, 0x33, 0x13, 0x16, 0x16, 0x17, 0x33, 0x36, 0x36, 0x37, 0x13, 0x33, 0x13,
    0x16, 0x16, 0x17, 0x33, 0x36, 0x36, 0x37, 0x13, 0x33, 0x03, 0x23, 0x03, 0x26, 0x26, 0x27, 0x23,
    0x06, 0x06, 0x07, 0x03, 0xB2, 0x97, 0x5D, 0x51, 0x09, 0x0F, 0x08, 0x05, 0x09, 0x11, 0x0A, 0x55,
    0x59, 0x55, 0x0A, 0x13, 0x09, 0x05, 0x08, 0x10, 0x09, 0x4F, 0x58, 0x93, 0x6F, 0x4E, 0x0A, 0x12,
    0x09, 0x05, 0x09, 0x11, 0x0B, 0x4D, 0x02, 0x1F, 0xFE, 0xC6, 0x27, 0x4A, 0x26, 0x26, 0x4A, 0x27,
    0x01, 0x3A, 0xFE, 0xC6, 0x27, 0x4A, 0x26, 0x26, 0x4A, 0x27, 0x01, 0x3A, 0xFD, 0xE1, 0x01, 0x25,
    0x26, 0x4D, 0x29, 0x29, 0x4E, 0x27, 0xFE, 0xDD, 0x00, 0x01, 0x00, 0x0D, 0xFF, 0x16, 0x01, 0xFC,
    0x02, 0x1F, 0x00, 0x1B, 0x00, 0x00, 0x57, 0x22, 0x26, 0x27, 0x37, 0x16, 0x16, 0x33, 0x32, 0x36,
    0x37, 0x37, 0x03, 0x33, 0x13, 0x16, 0x16, 0x17, 0x33, 0x36, 0x36, 0x37, 0x13, 0x33, 0x03, 0x0E,
    0x02, 0x65, 0x13, 0x20, 0x0D, 0x12, 0x08, 0x16, 0x0C, 0x2E, 0x3B, 0x11, 0x0C, 0xDA, 0x5F, 0x6E,
    0x0D, 0x1B, 0x0E, 0x05, 0x0B, 0x17, 0x0A, 0x62, 0x59, 0xCC, 0x13, 0x36, 0x4C, 0xEA, 0x06, 0x05,
    0x49, 0x03, 0x06, 0x43, 0x32, 0x29, 0x02, 0x20, 0xFE, 0xD3, 0x24, 0x50, 0x26, 0x26, 0x4F, 0x25,
    0x01, 0x2D, 0xFD, 0xB3, 0x35, 0x55, 0x32, 0x00, 0x00, 0x01, 0x00, 0x23, 0x00, 0x00, 0x01, 0xBE,
    0x02, 0x1F, 0x00, 0x09, 0x00, 0x00, 0x73, 0x35, 0x01, 0x23, 0x35, 0x21, 0x15, 0x01, 0x21, 0x15,
    0x23, 0x01, 0x1E, 0xFF, 0x01, 0x73, 0xFE, 0xE1, 0x01, 0x28, 0x31, 0x01, 0xA4, 0x4A, 0x31, 0xFE,
    0x5C, 0x4A, 0x00, 0x02, 0x00, 0x2D, 0x01, 0xE0, 0x01, 0x45, 0x02, 0xFD, 0x00, 0x0F, 0x00, 0x1B,
    0x00, 0x00, 0x53, 0x22, 0x26, 0x26, 0x35, 0x34, 0x36, 0x36, 0x33, 0x32, 0x16, 0x16, 0x15, 0x14,
    0x06, 0x06, 0x27, 0x32, 0x36, 0x35, 0x34, 0x26, 0x23, 0x22, 0x06, 0x15, 0x14, 0x16, 0xBA, 0x26,
    0x40, 0x27, 0x27, 0x40, 0x26, 0x25, 0x3F, 0x27, 0x27, 0x3F, 0x25, 0x25, 0x2F, 0x2F, 0x25, 0x26,
    0x2F, 0x2F, 0x01, 0xE0, 0x23, 0x40, 0x2B, 0x2C, 0x40, 0x23, 0x23, 0x40, 0x2C, 0x2B, 0x40, 0x23,
    0x33, 0x33, 0x28, 0x29, 0x34, 0x34, 0x29, 0x28, 0x33, 0x00, 0x00, 0x01, 0x00, 0x34, 0xFF, 0xC8,
    0x01, 0x55, 0x00, 0xE0, 0x00, 0x09, 0x00, 0x00, 0x45, 0x2E, 0x02, 0x27, 0x37, 0x1E, 0x02, 0x17,
    0x01, 0x11, 0x20, 0x4C, 0x4D, 0x24, 0x41, 0x24, 0x50, 0x4D, 0x1F, 0x38, 0x28, 0x50, 0x4A, 0x1D,
    0x39, 0x1D, 0x4C, 0x50, 0x25, 0x00, 0x00, 0x02, 0x00, 0x2A, 0xFF, 0xC3, 0x01, 0x5B, 0x00, 0xF4,
    0x00, 0x0F, 0x00, 0x1E, 0x00, 0x00, 0x77, 0x32, 0x16, 0x16, 0x15, 0x14, 0x06, 0x06, 0x23, 0x22,
    0x26, 0x26, 0x35, 0x34, 0x36, 0x36, 0x17, 0x32, 0x36, 0x35, 0x34, 0x26, 0x26, 0x23, 0x22, 0x06,
    0x06, 0x15, 0x14, 0x16, 0x16, 0xC2, 0x2B, 0x44, 0x2A, 0x2A, 0x44, 0x2B, 0x2A, 0x45, 0x29, 0x29,
    0x46, 0x29, 0x2B, 0x3B, 0x1B, 0x2E, 0x1D, 0x1B, 0x2E, 0x1C, 0x1C, 0x2E, 0xF4, 0x29, 0x45, 0x2A,
    0x2A, 0x45, 0x2A, 0x2A, 0x45, 0x2A, 0x2A, 0x45, 0x29, 0xFE, 0x3B, 0x2B, 0x1B, 0x2E, 0x1C, 0x1C,
    0x2E, 0x1B, 0x1C, 0x2F, 0x1B, 0x00, 0x00, 0x01, 0x01, 0x8A, 0x01, 0x12, 0x02, 0x5E, 0x01, 0xE6,
    0x00, 0x0F, 0x00, 0x00, 0x41, 0x32, 0x16, 0x16, 0x15, 0x14, 0x06, 0x06, 0x23, 0x22, 0x26, 0x26,
    0x35, 0x34, 0x36, 0x36, 0x01, 0xF4, 0x1E, 0x30, 0x1C, 0x1C, 0x30, 0x1E, 0x1D, 0x31, 0x1C, 0x1C,
    0x31, 0x01, 0xE6, 0x1C, 0x30, 0x1E, 0x1D, 0x31, 0x1C, 0x1C, 0x31, 0x1D, 0x1E, 0x30, 0x1C, 0x00,
    0x00, 0x03, 0x00, 0x60, 0xFF, 0xB1, 0x03, 0x86, 0x03, 0x48, 0x00, 0x07, 0x00, 0x0B, 0x00, 0x0F,
    0x00, 0x00, 0x53, 0x21, 0x11, 0x23, 0x11, 0x21, 0x11, 0x23, 0x37, 0x21, 0x15, 0x21, 0x01, 0x33,
    0x11, 0x23, 0x60, 0x03, 0x26, 0x4D, 0xFD, 0x72, 0x4B, 0x28, 0x02, 0xDE, 0xFD, 0x22, 0x01, 0x42,
    0x4F, 0x4F, 0x02, 0x95, 0xFE, 0x2A, 0x01, 0x8D, 0xFE, 0x6E, 0x88, 0x4A, 0x02, 0x50, 0xFC, 0x69,
    0x00, 0x03, 0x00, 0x37, 0xFF, 0xB5, 0x03, 0xB2, 0x03, 0x01, 0x00, 0x03, 0x00, 0x17, 0x00, 0x1B,
    0x00, 0x00, 0x53, 0x21, 0x15, 0x21, 0x01, 0x33, 0x11, 0x14, 0x06, 0x07, 0x06, 0x06, 0x23, 0x2E,
    0x02, 0x27, 0x16, 0x32, 0x36, 0x33, 0x32, 0x36, 0x35, 0x01, 0x21, 0x15, 0x21, 0x37, 0x03, 0x7B,
    0xFC, 0x85, 0x01, 0x9F, 0x4F, 0x19, 0x1C, 0x1C, 0x65, 0x4D, 0x02, 0x0A, 0x0D, 0x06, 0x29, 0x4A,
    0x37, 0x0B, 0x11, 0x0D, 0xFE, 0xA6, 0x02, 0xF0, 0xFD, 0x10, 0x01, 0xB9, 0x4B, 0x01, 0x7A, 0xFD,
    0x36, 0x29, 0x28, 0x0A, 0x0A, 0x04, 0x0B, 0x1C, 0x1D, 0x0B, 0x02, 0x01, 0x0B, 0x10, 0x02, 0xE3,
    0x4B, 0x00, 0x00, 0x06, 0x00, 0x2F, 0xFF, 0xAE, 0x03, 0xBE, 0x03, 0x51, 0x00, 0x0C, 0x00, 0x19,
    0x00, 0x25, 0x00, 0x29, 0x00, 0x33, 0x00, 0x3B, 0x00, 0x00, 0x41, 0x17, 0x0E, 0x02, 0x07, 0x2E,
    0x02, 0x27, 0x3E, 0x02, 0x01, 0x17, 0x0E, 0x02, 0x07, 0x2E, 0x02, 0x27, 0x3E, 0x02, 0x17, 0x16,
    0x04, 0x17, 0x0E, 0x02, 0x07, 0x2E, 0x02, 0x27, 0x03, 0x21, 0x15, 0x21, 0x05, 0x37, 0x1E, 0x02,
    0x17, 0x07, 0x2E, 0x02, 0x03, 0x37, 0x16, 0x16, 0x17, 0x07, 0x26, 0x26, 0x02, 0x8B, 0x4C, 0x36,
    0xB6, 0xF6, 0x98, 0x04, 0x10, 0x12, 0x08, 0x97, 0xEE, 0xA9, 0xFE, 0xE1, 0x49, 0x22, 0x59, 0x5F,
    0x2C, 0x06, 0x16, 0x16, 0x09, 0x2C, 0x5C, 0x53, 0x3F, 0x46, 0x01, 0x32, 0xE6, 0x08, 0x12, 0x10,
    0x06, 0x9D, 0xF2, 0xAC, 0x36, 0xDA, 0x03, 0x60, 0xFC, 0xA0, 0x02, 0x27, 0x3B, 0x2D, 0x63, 0x57,
    0x1C, 0x3F, 0x19, 0x55, 0x62, 0xF7, 0x47, 0x15, 0x2A, 0x0A, 0x49, 0x0A, 0x28, 0x01, 0xAB, 0x15,
    0x8A, 0xBD, 0x7B, 0x26, 0x09, 0x19, 0x1A, 0x08, 0x1F, 0x70, 0xAD, 0x01, 0x27, 0x1C, 0x2B, 0x56,
    0x4B, 0x1D, 0x08, 0x15, 0x15, 0x06, 0x19, 0x43, 0x4B, 0x89, 0xAD, 0xD9, 0x25, 0x08, 0x18, 0x1A,
    0x0B, 0x1E, 0x7D, 0xBF, 0x81, 0x01, 0x2C, 0x49, 0x49, 0x2B, 0x1F, 0x4C, 0x4D, 0x20, 0x32, 0x21,
    0x4F, 0x4F, 0x01, 0x2E, 0x18, 0x1D, 0x4B, 0x1A, 0x1D, 0x1B, 0x4C, 0x00, 0x00, 0x08, 0x00, 0x3B,
    0xFF, 0xB0, 0x03, 0xAA, 0x03, 0x4E, 0x00, 0x1F, 0x00, 0x2E, 0x00, 0x32, 0x00, 0x3A, 0x00, 0x3E,
    0x00, 0x42, 0x00, 0x4A, 0x00, 0x4E, 0x00, 0x00, 0x65, 0x33, 0x15, 0x14, 0x16, 0x33, 0x3A, 0x03,
    0x33, 0x32, 0x36, 0x36, 0x37, 0x1E, 0x02, 0x17, 0x0E, 0x02, 0x23, 0x2A, 0x03, 0x23, 0x22, 0x26,
    0x26, 0x35, 0x25, 0x33, 0x0E, 0x03, 0x07, 0x2E, 0x02, 0x27, 0x3E, 0x03, 0x03, 0x21, 0x15, 0x21,
    0x13, 0x21, 0x15, 0x23, 0x35, 0x21, 0x15, 0x23, 0x13, 0x15, 0x21, 0x35, 0x25, 0x21, 0x15, 0x21,
    0x13, 0x37, 0x16, 0x16, 0x17, 0x07, 0x26, 0x26, 0x03, 0x21, 0x15, 0x21, 0x02, 0x67, 0x4F, 0x0E,
    0x18, 0x04, 0x1B, 0x22, 0x1D, 0x07, 0x0E, 0x0F, 0x06, 0x02, 0x08, 0x17, 0x1A, 0x0A, 0x03, 0x13,
    0x28, 0x21, 0x07, 0x22, 0x29, 0x21, 0x06, 0x2A, 0x2F, 0x11, 0xFE, 0xC9, 0x4D, 0x04, 0x1A, 0x3C,
    0x6B, 0x55, 0x03, 0x0E, 0x0F, 0x08, 0x4D, 0x5E, 0x32, 0x15, 0xF1, 0x03, 0x6E, 0xFC, 0x92, 0x12,
    0x03, 0x4B, 0x4B, 0xFD, 0x48, 0x48, 0xC6, 0x01, 0xC3, 0xFD, 0xF2, 0x02, 0x5C, 0xFD, 0xA4, 0xEA,
    0x4A, 0x11, 0x20, 0x07, 0x4D, 0x08, 0x1D, 0x7A, 0x01, 0x50, 0xFE, 0xB0, 0xF0, 0xD1, 0x13, 0x0A,
    0x0F, 0x2E, 0x30, 0x06, 0x0B, 0x09, 0x02, 0x3A, 0x40, 0x19, 0x11, 0x2A, 0x24, 0xD1, 0x48, 0x69,
    0x4B, 0x33, 0x11, 0x0A, 0x17, 0x17, 0x07, 0x0C, 0x27, 0x3B, 0x57, 0x02, 0x36, 0x40, 0xFE, 0xC6,
    0xA6, 0x6A, 0x6A, 0x01, 0x71, 0x56, 0x56, 0x36, 0xC2, 0x01, 0x8F, 0x10, 0x18, 0x3A, 0x16, 0x13,
    0x16, 0x3C, 0xFD, 0xCB, 0x40, 0x00, 0x00, 0x05, 0x00, 0x12, 0xFF, 0xAE, 0x03, 0xC6, 0x03, 0x44,
    0x00, 0x0E, 0x00, 0x18, 0x00, 0x27, 0x00, 0x34, 0x00, 0x39, 0x00, 0x00, 0x41, 0x1E, 0x03, 0x17,
    0x0E, 0x02, 0x07, 0x2E, 0x02, 0x02, 0x27, 0x37, 0x37, 0x1E, 0x02, 0x17, 0x07, 0x2E, 0x02, 0x25,
    0x17, 0x06, 0x02, 0x06, 0x06, 0x07, 0x2E, 0x02, 0x27, 0x3E, 0x03, 0x25, 0x17, 0x0E, 0x02, 0x07,
    0x2E, 0x02, 0x27, 0x3E, 0x02, 0x07, 0x37, 0x17, 0x11, 0x23, 0x01, 0xB4, 0x19, 0x51, 0x7E, 0xB2,
    0x78, 0x09, 0x14, 0x13, 0x06, 0x7C, 0xB7, 0x80, 0x55, 0x1C, 0xB0, 0x3D, 0x16, 0x2E, 0x25, 0x0A,
    0x3F, 0x0A, 0x24, 0x2C, 0x01, 0x13, 0x4B, 0x1B, 0x53, 0x86, 0xCD, 0x94, 0x04, 0x10, 0x12, 0x07,
    0x90, 0xC4, 0x7F, 0x4D, 0xFD, 0xDB, 0x48, 0x21, 0x58, 0x66, 0x36, 0x04, 0x0F, 0x11, 0x07, 0x32,
    0x5C, 0x4F, 0x4D, 0x47, 0x01, 0x48, 0x02, 0xFF, 0x90, 0xF9, 0xC8, 0x93, 0x2C, 0x07, 0x18, 0x18,
    0x0A, 0x31, 0x9E, 0xD4, 0x01, 0x08, 0x9B, 0x1F, 0x1E, 0x1F, 0x49, 0x46, 0x1A, 0x24, 0x1B, 0x47,
    0x4C, 0x1B, 0x0D, 0x93, 0xFE, 0xFF, 0xD9, 0xAB, 0x3A, 0x08, 0x16, 0x14, 0x08, 0x36, 0xA0, 0xCE,
    0xF6, 0xC1, 0x15, 0x55, 0xA5, 0x92, 0x38, 0x09, 0x1C, 0x1D, 0x08, 0x31, 0x80, 0x93, 0xB6, 0x47,
    0x01, 0xFD, 0x29, 0x00, 0x00, 0x08, 0x00, 0x17, 0xFF, 0xB0, 0x03, 0xD5, 0x03, 0x45, 0x00, 0x03,
    0x00, 0x07, 0x00, 0x14, 0x00, 0x21, 0x00, 0x25, 0x00, 0x29, 0x00, 0x36, 0x00, 0x3B, 0x00, 0x00,
    0x41, 0x33, 0x11, 0x23, 0x01, 0x21, 0x15, 0x21, 0x25, 0x1E, 0x02, 0x17, 0x0E, 0x02, 0x07, 0x2E,
    0x02, 0x27, 0x27, 0x17, 0x0E, 0x02, 0x07, 0x2E, 0x02, 0x27, 0x3E, 0x02, 0x03, 0x15, 0x21, 0x35,
    0x25, 0x21, 0x11, 0x21, 0x03, 0x17, 0x0E, 0x02, 0x07, 0x2E, 0x02, 0x27, 0x3E, 0x02, 0x07, 0x37,
    0x17, 0x11, 0x23, 0x02, 0x56, 0x4B, 0x4B, 0xFE, 0xDC, 0x02, 0x88, 0xFD, 0x78, 0x01, 0x85, 0x1E,
    0x5C, 0x6E, 0x36, 0x08, 0x15, 0x12, 0x06, 0x37, 0x6D, 0x5E, 0x21, 0x38, 0x3B, 0x22, 0x64, 0x75,
    0x3C, 0x06, 0x12, 0x13, 0x09, 0x3B, 0x74, 0x61, 0x61, 0x01, 0x74, 0xFE, 0x44, 0x02, 0x07, 0xFD,
    0xF9, 0x67, 0x46, 0x21, 0x5A, 0x68, 0x37, 0x03, 0x0F, 0x11, 0x07, 0x32, 0x5E, 0x51, 0x4B, 0x46,
    0x02, 0x48, 0x01, 0xF1, 0xFD, 0xBF, 0x01, 0xAE, 0x45, 0x29, 0x3C, 0x73, 0x5F, 0x1E, 0x07, 0x15,
    0x16, 0x0A, 0x24, 0x6C, 0x80, 0x42, 0x1C, 0x16, 0x45, 0x83, 0x6B, 0x23, 0x0A, 0x15, 0x15, 0x07,
    0x1E, 0x60, 0x76, 0x01, 0xCB, 0xB8, 0xB8, 0x43, 0xFE, 0xC1, 0x01, 0x6B, 0x16, 0x54, 0xA4, 0x90,
    0x38, 0x09, 0x1C, 0x1C, 0x09, 0x30, 0x7F, 0x91, 0xB6, 0x47, 0x01, 0xFD, 0x2A, 0x00, 0x00, 0x06,
    0x00, 0x30, 0xFF, 0xB1, 0x03, 0xC0, 0x03, 0x44, 0x00, 0x03, 0x00, 0x07, 0x00, 0x14, 0x00, 0x1E,
    0x00, 0x27, 0x00, 0x3A, 0x00, 0x00, 0x53, 0x21, 0x15, 0x21, 0x07, 0x21, 0x15, 0x21, 0x25, 0x1E,
    0x02, 0x17, 0x0E, 0x02, 0x07, 0x2E, 0x02, 0x27, 0x13, 0x17, 0x0E, 0x02, 0x07, 0x27, 0x3E, 0x02,
    0x05, 0x37, 0x16, 0x16, 0x17, 0x07, 0x2E, 0x02, 0x17, 0x33, 0x15, 0x14, 0x0E, 0x03, 0x07, 0x2E,
    0x02, 0x27, 0x3E, 0x04, 0x35, 0x81, 0x02, 0xF0, 0xFD, 0x10, 0x3D, 0x03, 0x63, 0xFC, 0x9D, 0x01,
    0xDA, 0x23, 0x76, 0xA4, 0x65, 0x08, 0x15, 0x12, 0x06, 0x69, 0xA6, 0x7A, 0x28, 0xED, 0x51, 0x15,
    0x30, 0x31, 0x16, 0x3F, 0x15, 0x2E, 0x29, 0xFE, 0x27, 0x3F, 0x20, 0x3B, 0x0E, 0x44, 0x08, 0x20,
    0x27, 0xD8, 0x55, 0x10, 0x32, 0x61, 0xA1, 0x78, 0x04, 0x12, 0x15, 0x0B, 0x73, 0x96, 0x5A, 0x2C,
    0x0E, 0x02, 0x73, 0x4B, 0xB2, 0x4A, 0x32, 0x57, 0x8C, 0x63, 0x19, 0x09, 0x19, 0x1B, 0x0C, 0x20,
    0x71, 0xA0, 0x64, 0x01, 0xF9, 0x1B, 0x27, 0x52, 0x4B, 0x1D, 0x1A, 0x1E, 0x4F, 0x53, 0x03, 0x20,
    0x26, 0x5F, 0x23, 0x25, 0x18, 0x3C, 0x3F, 0xAD, 0xAB, 0x31, 0x6B, 0x6B, 0x6A, 0x61, 0x2A, 0x09,
    0x18, 0x19, 0x08, 0x27, 0x56, 0x5D, 0x5D, 0x5B, 0x29, 0x00, 0x00, 0x06, 0x00, 0x28, 0xFF, 0xAE,
    0x03, 0xC2, 0x03, 0x0B, 0x00, 0x03, 0x00, 0x07, 0x00, 0x0B, 0x00, 0x1E, 0x00, 0x24, 0x00, 0x28,
    0x00, 0x00, 0x77, 0x21, 0x15, 0x21, 0x13, 0x21, 0x15, 0x21, 0x13, 0x21, 0x15, 0x21, 0x25, 0x33,
    0x11, 0x14, 0x06, 0x07, 0x06, 0x06, 0x23, 0x26, 0x26, 0x27, 0x16, 0x16, 0x36, 0x33, 0x36, 0x36,
    0x35, 0x01, 0x21, 0x15, 0x21, 0x11, 0x23, 0x01, 0x33, 0x11, 0x23, 0x28, 0x03, 0x9A, 0xFC, 0x66,
    0x25, 0x03, 0x50, 0xFC, 0xB0, 0x83, 0x02, 0x4B, 0xFD, 0xB5, 0x02, 0x2F, 0x4A, 0x13, 0x19, 0x18,
    0x56, 0x41, 0x03, 0x10, 0x09, 0x22, 0x3D, 0x2D, 0x08, 0x0E, 0x0B, 0xFD, 0x9F, 0x02, 0x7F, 0xFD,
    0xCB, 0x4A, 0x01, 0x2C, 0x4C, 0x4C, 0xE8, 0x46, 0x02, 0x69, 0x46, 0xFE, 0xE1, 0x42, 0xFF, 0xFD,
    0xA9, 0x22, 0x25, 0x09, 0x09, 0x04, 0x0F, 0x2A, 0x0F, 0x01, 0x01, 0x01, 0x01, 0x09, 0x0D, 0x02,
    0x56, 0x45, 0xFD, 0x90, 0x03, 0x47, 0xFD, 0xD9, 0x00, 0x09, 0x00, 0x30, 0xFF, 0xB0, 0x03, 0xBA,
    0x03, 0x41, 0x00, 0x03, 0x00, 0x07, 0x00, 0x0B, 0x00, 0x18, 0x00, 0x20, 0x00, 0x24, 0x00, 0x2C,
    0x00, 0x36, 0x00, 0x40, 0x00, 0x00, 0x41, 0x21, 0x15, 0x21, 0x17, 0x21, 0x15, 0x21, 0x15, 0x21,
    0x15, 0x21, 0x13, 0x17, 0x0E, 0x02, 0x07, 0x2E, 0x02, 0x27, 0x3E, 0x02, 0x17, 0x21, 0x15, 0x21,
    0x11, 0x23, 0x11, 0x37, 0x17, 0x33, 0x11, 0x23, 0x03, 0x37, 0x16, 0x16, 0x17, 0x07, 0x26, 0x26,
    0x05, 0x37, 0x1E, 0x02, 0x17, 0x07, 0x2E, 0x02, 0x03, 0x3E, 0x02, 0x37, 0x17, 0x0E, 0x02, 0x07,
    0x01, 0x9E, 0x01, 0xF3, 0xFE, 0x0D, 0x01, 0x01, 0xF1, 0xFE, 0x0F, 0x02, 0x1B, 0xFD, 0xE5, 0x1E,
    0x46, 0x1D, 0x4E, 0x5B, 0x33, 0x05, 0x15, 0x15, 0x08, 0x32, 0x57, 0x48, 0x0F, 0x01, 0xF3, 0xFE,
    0x0D, 0x46, 0x37, 0xE2, 0x49, 0x49, 0x27, 0x3F, 0x18, 0x2C, 0x0C, 0x44, 0x0B, 0x2B, 0xFD, 0xBC,
    0x41, 0x1A, 0x36, 0x2F, 0x0D, 0x46, 0x0D, 0x2D, 0x34, 0x19, 0x17, 0x36, 0x36, 0x16, 0x43, 0x15,
    0x31, 0x32, 0x18, 0x01, 0xCD, 0x42, 0x85, 0x42, 0x89, 0x44, 0x03, 0x48, 0x11, 0x53, 0xA0, 0x8A,
    0x35, 0x07, 0x15, 0x13, 0x06, 0x30, 0x7F, 0x93, 0x5E, 0x41, 0xFD, 0x5C, 0x02, 0xAA, 0x3B, 0x25,
    0xFD, 0xA6, 0x03, 0x0F, 0x1C, 0x21, 0x4E, 0x1D, 0x22, 0x1E, 0x52, 0x06, 0x1F, 0x22, 0x51, 0x4D,
    0x1D, 0x25, 0x1E, 0x4F, 0x53, 0xFD, 0x28, 0x2A, 0x70, 0x7C, 0x3B, 0x24, 0x38, 0x77, 0x71, 0x30,
    0x00, 0x06, 0x00, 0x1C, 0xFF, 0xB1, 0x03, 0xAC, 0x03, 0x21, 0x00, 0x03, 0x00, 0x22, 0x00, 0x26,
    0x00, 0x36, 0x00, 0x41, 0x00, 0x51, 0x00, 0x00, 0x41, 0x21, 0x15, 0x21, 0x25, 0x33, 0x30, 0x06,
    0x14, 0x15, 0x06, 0x02, 0x06, 0x06, 0x07, 0x06, 0x06, 0x07, 0x06, 0x26, 0x27, 0x26, 0x26, 0x27,
    0x16, 0x16, 0x33, 0x32, 0x36, 0x37, 0x3E, 0x02, 0x12, 0x37, 0x05, 0x25, 0x17, 0x05, 0x01, 0x33,
    0x0E, 0x04, 0x07, 0x26, 0x26, 0x27, 0x3E, 0x04, 0x01, 0x27, 0x37, 0x25, 0x16, 0x16, 0x17, 0x0E,
    0x03, 0x07, 0x2E, 0x02, 0x27, 0x36, 0x36, 0x35, 0x11, 0x33, 0x11, 0x30, 0x0E, 0x03, 0x01, 0xA4,
    0x01, 0xDE, 0xFE, 0x22, 0x01, 0xBC, 0x4C, 0x01, 0x05, 0x0B, 0x0F, 0x14, 0x0F, 0x10, 0x24, 0x1A,
    0x18, 0x4D, 0x29, 0x01, 0x0C, 0x0A, 0x2C, 0x49, 0x11, 0x0E, 0x11, 0x08, 0x0D, 0x12, 0x0E, 0x0B,
    0x05, 0xFC, 0xBC, 0x01, 0x89, 0x0C, 0xFE, 0x77, 0x02, 0x1E, 0x4B, 0x02, 0x0A, 0x1E, 0x3E, 0x69,
    0x52, 0x09, 0x20, 0x0E, 0x4E, 0x63, 0x3A, 0x1B, 0x08, 0xFE, 0x51, 0x0A, 0x1F, 0x01, 0x00, 0x02,
    0x08, 0x04, 0x59, 0x6D, 0x3A, 0x1B, 0x08, 0x02, 0x0D, 0x0E, 0x06, 0x0D, 0x1F, 0x48, 0x10, 0x18,
    0x19, 0x10, 0x02, 0xF0, 0x48, 0x48, 0x10, 0x14, 0x06, 0xBF, 0xFE, 0xF8, 0xA7, 0x5B, 0x13, 0x17,
    0x12, 0x04, 0x02, 0x01, 0x02, 0x11, 0x2C, 0x10, 0x04, 0x02, 0x07, 0x0B, 0x0E, 0x58, 0xA5, 0x01,
    0x03, 0xB8, 0xD0, 0x53, 0x43, 0x55, 0x01, 0x08, 0x62, 0xBE, 0xB1, 0x9C, 0x82, 0x30, 0x0F, 0x22,
    0x0A, 0x2B, 0x77, 0x92, 0xA4, 0xB1, 0xFD, 0xCE, 0x47, 0x1E, 0x6D, 0x10, 0x26, 0x0C, 0x28, 0x32,
    0x1E, 0x11, 0x07, 0x0A, 0x19, 0x19, 0x08, 0x07, 0x23, 0x1E, 0x02, 0x52, 0xFD, 0x6D, 0x0A, 0x11,
    0x13, 0x14, 0x00, 0x07, 0x00, 0x35, 0xFF, 0xAB, 0x03, 0x9C, 0x03, 0x43, 0x00, 0x03, 0x00, 0x10,
    0x00, 0x14, 0x00, 0x24, 0x00, 0x2E, 0x00, 0x32, 0x00, 0x44, 0x00, 0x00, 0x53, 0x21, 0x15, 0x21,
    0x37, 0x17, 0x0E, 0x02, 0x07, 0x2E, 0x02, 0x27, 0x3E, 0x02, 0x17, 0x33, 0x15, 0x21, 0x25, 0x33,
    0x37, 0x17, 0x0E, 0x02, 0x07, 0x2E, 0x02, 0x27, 0x3E, 0x02, 0x37, 0x05, 0x37, 0x1E, 0x02, 0x17,
    0x07, 0x2E, 0x02, 0x01, 0x33, 0x11, 0x23, 0x13, 0x33, 0x11, 0x14, 0x06, 0x07, 0x06, 0x06, 0x23,
    0x26, 0x26, 0x27, 0x16, 0x16, 0x37, 0x32, 0x36, 0x35, 0x3D, 0x01, 0xFE, 0xFE, 0x02, 0xAC, 0x49,
    0x14, 0x39, 0x49, 0x2D, 0x06, 0x15, 0x17, 0x08, 0x2C, 0x44, 0x33, 0x0E, 0xFD, 0xFE, 0xEE, 0x01,
    0x03, 0x0E, 0x0D, 0x2E, 0x19, 0x74, 0xA9, 0x6B, 0x05, 0x0F, 0x11, 0x08, 0x62, 0xA0, 0x6E, 0x15,
    0xFE, 0xE1, 0x2B, 0x1D, 0x40, 0x3A, 0x11, 0x2C, 0x12, 0x38, 0x40, 0x01, 0xB0, 0x4A, 0x4A, 0xCE,
    0x4C, 0x14, 0x16, 0x16, 0x4A, 0x3A, 0x02, 0x0F, 0x08, 0x29, 0x46, 0x0C, 0x0C, 0x0A, 0x03, 0x12,
    0x48, 0x2B, 0x0D, 0x5C, 0xAC, 0x93, 0x39, 0x08, 0x12, 0x13, 0x05, 0x33, 0x88, 0xA0, 0x6E, 0x45,
    0x45, 0x03, 0x0E, 0xAD, 0xFB, 0xA6, 0x2F, 0x09, 0x18, 0x16, 0x08, 0x26, 0x9A, 0xE3, 0x98, 0xF7,
    0x37, 0x12, 0x2E, 0x2D, 0x13, 0x3F, 0x13, 0x30, 0x31, 0x01, 0xBA, 0xFD, 0xD0, 0x02, 0x9F, 0xFC,
    0xCF, 0x23, 0x24, 0x0A, 0x08, 0x05, 0x0E, 0x2B, 0x10, 0x01, 0x01, 0x01, 0x09, 0x0C, 0x00, 0x08,
    0x00, 0x36, 0xFF, 0xB1, 0x03, 0xB1, 0x03, 0x37, 0x00, 0x03, 0x00, 0x22, 0x00, 0x33, 0x00, 0x37,
    0x00, 0x3B, 0x00, 0x45, 0x00, 0x51, 0x00, 0x68, 0x00, 0x00, 0x41, 0x21, 0x15, 0x21, 0x25, 0x33,
    0x30, 0x14, 0x14, 0x15, 0x0E, 0x03, 0x07, 0x06, 0x06, 0x07, 0x06, 0x22, 0x27, 0x26, 0x26, 0x27,
    0x16, 0x16, 0x33, 0x32, 0x36, 0x37, 0x3E, 0x03, 0x37, 0x27, 0x33, 0x0E, 0x04, 0x07, 0x2E, 0x02,
    0x27, 0x3E, 0x04, 0x25, 0x21, 0x15, 0x21, 0x07, 0x21, 0x15, 0x21, 0x05, 0x37, 0x1E, 0x02, 0x17,
    0x07, 0x2E, 0x02, 0x01, 0x27, 0x37, 0x25, 0x16, 0x16, 0x17, 0x0E, 0x04, 0x07, 0x2E, 0x02, 0x27,
    0x36, 0x36, 0x37, 0x3E, 0x03, 0x37, 0x17, 0x0E, 0x02, 0x07, 0x15, 0x30, 0x0E, 0x02, 0x01, 0xFB,
    0x01, 0x92, 0xFE, 0x6E, 0x01, 0x6D, 0x49, 0x05, 0x0B, 0x0D, 0x12, 0x0E, 0x0F, 0x21, 0x18, 0x17,
    0x4C, 0x28, 0x01, 0x0C, 0x0A, 0x2A, 0x48, 0x10, 0x0D, 0x13, 0x07, 0x0B, 0x0F, 0x0C, 0x0A, 0x05,
    0xDB, 0x4A, 0x01, 0x05, 0x15, 0x2C, 0x4F, 0x3C, 0x07, 0x14, 0x16, 0x0A, 0x3A, 0x49, 0x29, 0x12,
    0x05, 0xFD, 0xCC, 0x01, 0x83, 0xFE, 0x7D, 0x23, 0x01, 0xB8, 0xFE, 0x48, 0x01, 0x26, 0x3E, 0x13,
    0x28, 0x22, 0x09, 0x42, 0x08, 0x21, 0x26, 0xFE, 0xEB, 0x06, 0x26, 0x01, 0x47, 0x02, 0x06, 0x03,
    0x5D, 0x7C, 0x4F, 0x2D, 0x16, 0x08, 0x02, 0x08, 0x0A, 0x04, 0x0C, 0x15, 0x0D, 0x06, 0x16, 0x1C,
    0x19, 0x09, 0x4A, 0x10, 0x2B, 0x31, 0x19, 0x10, 0x15, 0x10, 0x02, 0x61, 0x48, 0x48, 0x0E, 0x12,
    0x06, 0x9B, 0xD5, 0x89, 0x4C, 0x11, 0x13, 0x10, 0x03, 0x02, 0x03, 0x10, 0x2A, 0x10, 0x04, 0x02,
    0x06, 0x09, 0x0C, 0x47, 0x85, 0xD0, 0x95, 0xE7, 0x69, 0xD0, 0xC7, 0xB4, 0x98, 0x3A, 0x09, 0x15,
    0x13, 0x05, 0x35, 0x8E, 0xAA, 0xBC, 0xC5, 0x21, 0x43, 0xAB, 0x45, 0x67, 0x11, 0x2D, 0x67, 0x60,
    0x23, 0x16, 0x24, 0x61, 0x69, 0xFE, 0xFD, 0x40, 0x1B, 0x45, 0x0F, 0x26, 0x0C, 0x15, 0x1C, 0x13,
    0x0E, 0x08, 0x04, 0x08, 0x19, 0x1B, 0x09, 0x04, 0x25, 0x1D, 0x0E, 0x3F, 0x56, 0x63, 0x31, 0x18,
    0x42, 0x8B, 0x7F, 0x33, 0x02, 0x08, 0x0D, 0x0E, 0x00, 0x07, 0x00, 0x1E, 0xFF, 0xAD, 0x03, 0xC4,
    0x03, 0x4C, 0x00, 0x0B, 0x00, 0x1C, 0x00, 0x20, 0x00, 0x2E, 0x00, 0x38, 0x00, 0x4E, 0x00, 0x56,
    0x00, 0x00, 0x41, 0x16, 0x04, 0x17, 0x0E, 0x02, 0x07, 0x2E, 0x02, 0x27, 0x25, 0x33, 0x37, 0x17,
    0x0E, 0x03, 0x07, 0x26, 0x26, 0x27, 0x3E, 0x03, 0x37, 0x25, 0x21, 0x15, 0x21, 0x13, 0x17, 0x0E,
    0x03, 0x07, 0x2E, 0x02, 0x27, 0x36, 0x36, 0x12, 0x37, 0x37, 0x1E, 0x02, 0x17, 0x07, 0x2E, 0x02,
    0x05, 0x2E, 0x02, 0x27, 0x36, 0x36, 0x37, 0x3E, 0x02, 0x37, 0x17, 0x0E, 0x02, 0x07, 0x15, 0x30,
    0x0E, 0x02, 0x15, 0x35, 0x37, 0x21, 0x07, 0x21, 0x22, 0x06, 0x01, 0x97, 0x43, 0x01, 0x1B, 0xCF,
    0x07, 0x13, 0x10, 0x05, 0x8D, 0xDE, 0xA0, 0x33, 0x01, 0xA5, 0x0F, 0x0E, 0x33, 0x21, 0x72, 0x95,
    0xAE, 0x5E, 0x06, 0x17, 0x0B, 0x58, 0xA4, 0x8B, 0x68, 0x1D, 0xFE, 0x85, 0x01, 0x87, 0xFE, 0x63,
    0x5A, 0x54, 0x14, 0x42, 0x6A, 0x99, 0x6A, 0x05, 0x14, 0x15, 0x0A, 0x85, 0xAB, 0x62, 0xF1, 0x3A,
    0x16, 0x31, 0x2C, 0x0E, 0x3B, 0x0E, 0x2C, 0x30, 0xFD, 0xD9, 0x02, 0x09, 0x09, 0x05, 0x0B, 0x11,
    0x09, 0x06, 0x19, 0x1C, 0x08, 0x50, 0x0C, 0x21, 0x24, 0x11, 0x12, 0x19, 0x12, 0x33, 0x02, 0xE0,
    0x01, 0xFD, 0x59, 0x30, 0x33, 0x01, 0x95, 0xA4, 0xD9, 0x28, 0x08, 0x17, 0x19, 0x0B, 0x20, 0x7E,
    0xBC, 0x7A, 0x30, 0x04, 0x18, 0x69, 0xA2, 0x78, 0x52, 0x1A, 0x0E, 0x27, 0x0B, 0x15, 0x4B, 0x6D,
    0x8F, 0x5A, 0x0D, 0x48, 0x01, 0xE3, 0x0E, 0x8E, 0xF7, 0xD0, 0xA9, 0x41, 0x08, 0x17, 0x15, 0x06,
    0x51, 0xE7, 0x01, 0x29, 0x7C, 0x24, 0x16, 0x35, 0x32, 0x12, 0x29, 0x13, 0x34, 0x36, 0xF4, 0x09,
    0x1A, 0x1B, 0x09, 0x03, 0x14, 0x11, 0x0A, 0x37, 0x4B, 0x26, 0x0F, 0x2A, 0x55, 0x4A, 0x1C, 0x02,
    0x08, 0x0D, 0x0F, 0x07, 0x3B, 0x1E, 0x48, 0x09, 0x00, 0x09, 0x00, 0x26, 0xFF, 0xB0, 0x03, 0xC7,
    0x03, 0x19, 0x00, 0x03, 0x00, 0x12, 0x00, 0x1F, 0x00, 0x23, 0x00, 0x27, 0x00, 0x2B, 0x00, 0x2F,
    0x00, 0x39, 0x00, 0x3D, 0x00, 0x00, 0x41, 0x21, 0x15, 0x21, 0x25, 0x33, 0x37, 0x17, 0x06, 0x02,
    0x06, 0x07, 0x26, 0x26, 0x27, 0x36, 0x36, 0x12, 0x37, 0x07, 0x16, 0x12, 0x16, 0x17, 0x0E, 0x02,
    0x07, 0x26, 0x26, 0x02, 0x27, 0x25, 0x21, 0x15, 0x21, 0x17, 0x33, 0x15, 0x23, 0x15, 0x33, 0x15,
    0x23, 0x03, 0x33, 0x11, 0x07, 0x27, 0x3E, 0x02, 0x37, 0x17, 0x0E, 0x02, 0x07, 0x01, 0x33, 0x11,
    0x23, 0x01, 0xFA, 0x01, 0x77, 0xFE, 0x89, 0x01, 0x60, 0x0C, 0x0D, 0x2E, 0x18, 0x71, 0xA3, 0x65,
    0x08, 0x1D, 0x0C, 0x5D, 0x9B, 0x6C, 0x17, 0xEE, 0x17, 0x56, 0x8A, 0x64, 0x08, 0x14, 0x12, 0x06,
    0x68, 0x8E, 0x59, 0x1A, 0xFE, 0x06, 0x01, 0xC6, 0xFE, 0x3A, 0x6A, 0xFA, 0xFA, 0xFD, 0xFD, 0x27,
    0x48, 0x48, 0x4D, 0x3B, 0x9C, 0xAF, 0x56, 0x04, 0x52, 0xA6, 0x98, 0x3F, 0x01, 0x2D, 0x49, 0x49,
    0x02, 0xD8, 0x48, 0x48, 0x02, 0x0C, 0xC9, 0xFE, 0xCC, 0xDB, 0x46, 0x0D, 0x22, 0x0A, 0x3A, 0xD1,
    0x01, 0x21, 0xB1, 0x22, 0x9C, 0xFE, 0xF2, 0xCD, 0x3B, 0x06, 0x15, 0x16, 0x0A, 0x44, 0xD9, 0x01,
    0x1D, 0xA9, 0x7F, 0x44, 0x8C, 0x41, 0x91, 0x42, 0x01, 0xBF, 0xFD, 0x7E, 0x09, 0x19, 0x09, 0x17,
    0x1C, 0x0E, 0x40, 0x0F, 0x1E, 0x1A, 0x0B, 0x02, 0xBB, 0xFC, 0xBD, 0x00, 0x00, 0x06, 0x00, 0x1D,
    0xFF, 0xAC, 0x03, 0xC9, 0x03, 0x50, 0x00, 0x03, 0x00, 0x10, 0x00, 0x23, 0x00, 0x32, 0x00, 0x3A,
    0x00, 0x3E, 0x00, 0x00, 0x77, 0x21, 0x15, 0x21, 0x13, 0x17, 0x0E, 0x02, 0x07, 0x2E, 0x02, 0x27,
    0x3E, 0x02, 0x05, 0x33, 0x37, 0x17, 0x0E, 0x03, 0x07, 0x2E, 0x02, 0x27, 0x3E, 0x04, 0x37, 0x05,
    0x1E, 0x03, 0x17, 0x0E, 0x02, 0x07, 0x2E, 0x03, 0x27, 0x03, 0x21, 0x11, 0x23, 0x11, 0x21, 0x11,
    0x23, 0x13, 0x21, 0x15, 0x21, 0xF2, 0x02, 0x0A, 0xFD, 0xF6, 0x84, 0x48, 0x29, 0x6C, 0x7A, 0x3E,
    0x06, 0x14, 0x16, 0x09, 0x3F, 0x77, 0x65, 0x01, 0x91, 0x10, 0x0D, 0x34, 0x38, 0xA9, 0xCE, 0xDB,
    0x69, 0x04, 0x0C, 0x0E, 0x07, 0x50, 0xA8, 0xA2, 0x92, 0x75, 0x26, 0xFE, 0x45, 0x32, 0x90, 0xB1,
    0xC6, 0x67, 0x08, 0x13, 0x10, 0x06, 0x67, 0xC6, 0xB3, 0x96, 0x38, 0x1F, 0x02, 0x51, 0x4F, 0xFE,
    0x49, 0x4B, 0x85, 0x01, 0xA6, 0xFE, 0x2D, 0x1E, 0x43, 0x03, 0x75, 0x19, 0x43, 0x7D, 0x68, 0x27,
    0x08, 0x14, 0x15, 0x06, 0x23, 0x5F, 0x72, 0x34, 0x04, 0x22, 0x59, 0x91, 0x71, 0x51, 0x19, 0x0A,
    0x1A, 0x18, 0x07, 0x10, 0x36, 0x4A, 0x5C, 0x6C, 0x3C, 0x22, 0x40, 0x74, 0x5F, 0x46, 0x14, 0x08,
    0x19, 0x19, 0x0A, 0x17, 0x4D, 0x67, 0x7F, 0x4A, 0xFE, 0x82, 0xFE, 0x99, 0x01, 0x22, 0xFE, 0xDB,
    0x03, 0x33, 0x42, 0x00, 0x00, 0x05, 0x00, 0x28, 0xFF, 0xB2, 0x03, 0xC9, 0x03, 0x4B, 0x00, 0x03,
    0x00, 0x07, 0x00, 0x0F, 0x00, 0x1B, 0x00, 0x26, 0x00, 0x00, 0x53, 0x21, 0x15, 0x21, 0x03, 0x21,
    0x15, 0x21, 0x03, 0x21, 0x11, 0x23, 0x11, 0x21, 0x11, 0x23, 0x01, 0x17, 0x0E, 0x02, 0x07, 0x26,
    0x26, 0x27, 0x3E, 0x02, 0x37, 0x16, 0x16, 0x17, 0x06, 0x06, 0x07, 0x2E, 0x02, 0x27, 0xF8, 0x01,
    0xF9, 0xFE, 0x07, 0x12, 0x02, 0x18, 0xFD, 0xE8, 0x22, 0x02, 0x6D, 0x4F, 0xFE, 0x2E, 0x4C, 0x01,
    0x41, 0x42, 0x38, 0x9A, 0xB6, 0x61, 0x09, 0x1E, 0x0F, 0x5F, 0xB4, 0x97, 0x42, 0x5B, 0xDC, 0x7E,
    0x0F, 0x1D, 0x09, 0x55, 0x9B, 0x8E, 0x42, 0x02, 0x01, 0x45, 0xFE, 0x74, 0x46, 0x01, 0x5A, 0xFE,
    0x72, 0x01, 0x4A, 0xFE, 0xB2, 0x03, 0x99, 0x22, 0x53, 0x95, 0x79, 0x2B, 0x10, 0x25, 0x0D, 0x26,
    0x6E, 0x8A, 0x13, 0x65, 0x8B, 0x36, 0x0C, 0x26, 0x12, 0x29, 0x5F, 0x76, 0x4C, 0x00, 0x00, 0x05,
    0x00, 0x20, 0xFF, 0xAE, 0x03, 0xBA, 0x03, 0x40, 0x00, 0x03, 0x00, 0x07, 0x00, 0x15, 0x00, 0x1D,
    0x00, 0x2E, 0x00, 0x00, 0x53, 0x21, 0x15, 0x21, 0x13, 0x21, 0x15, 0x21, 0x01, 0x17, 0x0E, 0x03,
    0x07, 0x26, 0x26, 0x27, 0x3E, 0x03, 0x01, 0x21, 0x11, 0x23, 0x11, 0x21, 0x11, 0x23, 0x03, 0x33,
    0x11, 0x14, 0x0E, 0x02, 0x07, 0x2E, 0x02, 0x27, 0x3E, 0x03, 0x35, 0xBD, 0x02, 0xFD, 0xFD, 0x03,
    0x9F, 0x01, 0xE6, 0xFE, 0x1A, 0x01, 0xD9, 0x40, 0x47, 0xAC, 0xBD, 0xC0, 0x5B, 0x01, 0x0C, 0x06,
    0x59, 0xBB, 0xB4, 0x9D, 0xFE, 0x3C, 0x02, 0x39, 0x4F, 0xFE, 0x61, 0x4B, 0xA1, 0x4C, 0x09, 0x1B,
    0x35, 0x2B, 0x06, 0x18, 0x18, 0x09, 0x29, 0x2F, 0x17, 0x08, 0x02, 0x33, 0x48, 0xFE, 0x3E, 0x46,
    0x03, 0x5D, 0x3D, 0x11, 0x1C, 0x15, 0x10, 0x05, 0x0F, 0x26, 0x0D, 0x05, 0x10, 0x15, 0x1A, 0xFE,
    0x2A, 0xFE, 0x55, 0x01, 0x65, 0xFE, 0x99, 0x03, 0x3F, 0xFE, 0xFC, 0x3E, 0x94, 0x9A, 0x93, 0x3D,
    0x09, 0x14, 0x12, 0x05, 0x39, 0x84, 0x8C, 0x86, 0x3A, 0x00, 0x00, 0x05, 0x00, 0x63, 0xFF, 0xB0,
    0x03, 0x8B, 0x03, 0x4A, 0x00, 0x05, 0x00, 0x19, 0x00, 0x22, 0x00, 0x26, 0x00, 0x2E, 0x00, 0x00,
    0x53, 0x21, 0x15, 0x21, 0x11, 0x23, 0x01, 0x33, 0x11, 0x14, 0x06, 0x07, 0x06, 0x06, 0x23, 0x2E,
    0x02, 0x27, 0x16, 0x16, 0x36, 0x33, 0x32, 0x36, 0x35, 0x01, 0x17, 0x06, 0x06, 0x07, 0x27, 0x3E,
    0x02, 0x03, 0x33, 0x11, 0x23, 0x13, 0x21, 0x11, 0x21, 0x35, 0x21, 0x35, 0x21, 0x63, 0x02, 0xF9,
    0xFD, 0x51, 0x4A, 0x02, 0xDD, 0x4B, 0x14, 0x1B, 0x1B, 0x5E, 0x45, 0x01, 0x09, 0x0A, 0x06, 0x24,
    0x43, 0x31, 0x0A, 0x10, 0x0A, 0xFE, 0x76, 0x5D, 0x16, 0x36, 0x17, 0x47, 0x0E, 0x1D, 0x1B, 0x7F,
    0x45, 0x45, 0x20, 0x01, 0x68, 0xFE, 0x98, 0x01, 0x22, 0xFE, 0xDE, 0x02, 0x9B, 0x49, 0xFD, 0x5E,
    0x02, 0xEB, 0xFD, 0x79, 0x25, 0x28, 0x0A, 0x09, 0x04, 0x0B, 0x1B, 0x1D, 0x0B, 0x02, 0x01, 0x01,
    0x0B, 0x0D, 0x03, 0x36, 0x0F, 0x36, 0x70, 0x28, 0x12, 0x1C, 0x48, 0x49, 0xFE, 0xA1, 0xFE, 0x6D,
    0x01, 0x93, 0xFE, 0xB5, 0x44, 0xC4, 0x00, 0x06, 0x00, 0x26, 0xFF, 0xB4, 0x03, 0xAB, 0x03, 0x48,
    0x00, 0x03, 0x00, 0x07, 0x00, 0x0B, 0x00, 0x0F, 0x00, 0x1D, 0x00, 0x21, 0x00, 0x00, 0x53, 0x21,
    0x15, 0x21, 0x05, 0x21, 0x15, 0x21, 0x03, 0x21, 0x15, 0x21, 0x01, 0x33, 0x11, 0x23, 0x03, 0x17,
    0x0E, 0x02, 0x07, 0x2E, 0x02, 0x27, 0x3E, 0x03, 0x03, 0x33, 0x11, 0x23, 0x3F, 0x03, 0x6C, 0xFC,
    0x94, 0x01, 0x36, 0x02, 0x0F, 0xFD, 0xF1, 0x28, 0x02, 0x5D, 0xFD, 0xA3, 0x01, 0x09, 0x4B, 0x4B,
    0xCF, 0x4E, 0x23, 0x6B, 0x96, 0x64, 0x04, 0x0E, 0x0F, 0x06, 0x44, 0x6F, 0x58, 0x41, 0xB1, 0x4B,
    0x4B, 0x02, 0xAD, 0x48, 0xF5, 0x46, 0xFE, 0xE4, 0x46, 0x02, 0x69, 0xFD, 0xB7, 0x03, 0x60, 0x13,
    0x72, 0xE0, 0xC3, 0x47, 0x0A, 0x19, 0x19, 0x09, 0x2F, 0x7F, 0x93, 0x9C, 0xFE, 0xB1, 0xFE, 0x08,
    0x00, 0x07, 0x00, 0x21, 0xFF, 0xC7, 0x03, 0xC4, 0x03, 0x48, 0x00, 0x03, 0x00, 0x07, 0x00, 0x29,
    0x00, 0x47, 0x00, 0x4B, 0x00, 0x4F, 0x00, 0x58, 0x00, 0x00, 0x41, 0x33, 0x11, 0x23, 0x01, 0x25,
    0x17, 0x05, 0x13, 0x33, 0x11, 0x14, 0x16, 0x16, 0x33, 0x3A, 0x04, 0x33, 0x32, 0x36, 0x36, 0x37,
    0x16, 0x16, 0x17, 0x0E, 0x02, 0x23, 0x2A, 0x04, 0x23, 0x22, 0x26, 0x26, 0x35, 0x01, 0x23, 0x37,
    0x37, 0x17, 0x07, 0x14, 0x0E, 0x02, 0x07, 0x06, 0x06, 0x07, 0x06, 0x06, 0x23, 0x26, 0x26, 0x27,
    0x16, 0x16, 0x33, 0x32, 0x36, 0x37, 0x3E, 0x02, 0x34, 0x25, 0x21, 0x15, 0x21, 0x13, 0x33, 0x11,
    0x23, 0x07, 0x3E, 0x02, 0x37, 0x17, 0x06, 0x06, 0x07, 0x02, 0x7B, 0x47, 0x47, 0xFE, 0xC6, 0x02,
    0x1A, 0x1D, 0xFD, 0xE5, 0x50, 0x48, 0x0C, 0x21, 0x22, 0x0A, 0x2E, 0x3D, 0x3E, 0x32, 0x0C, 0x1E,
    0x1D, 0x0D, 0x04, 0x0D, 0x27, 0x0F, 0x05, 0x1A, 0x39, 0x34, 0x09, 0x31, 0x42, 0x42, 0x31, 0x08,
    0x39, 0x41, 0x1A, 0x01, 0xA1, 0x08, 0x11, 0x0E, 0x35, 0x04, 0x01, 0x02, 0x04, 0x02, 0x04, 0x1C,
    0x17, 0x14, 0x35, 0x15, 0x02, 0x09, 0x07, 0x12, 0x29, 0x08, 0x0C, 0x0F, 0x03, 0x03, 0x03, 0x01,
    0xFC, 0xDC, 0x01, 0x3D, 0xFE, 0xC3, 0x80, 0x47, 0x47, 0x89, 0x28, 0x69, 0x76, 0x3B, 0x11, 0x50,
    0xA3, 0x42, 0x03, 0x48, 0xFD, 0x47, 0x01, 0x1D, 0xE3, 0x40, 0xE6, 0x01, 0x82, 0xFD, 0x62, 0x1B,
    0x1D, 0x0A, 0x17, 0x3E, 0x39, 0x0A, 0x10, 0x02, 0x45, 0x50, 0x21, 0x17, 0x3B, 0x36, 0x02, 0x36,
    0x0F, 0x0B, 0x14, 0x0E, 0x47, 0x7C, 0x64, 0x43, 0x0F, 0x1E, 0x1F, 0x05, 0x06, 0x02, 0x0F, 0x26,
    0x0D, 0x01, 0x01, 0x0A, 0x11, 0x0A, 0x3D, 0x60, 0x7E, 0x1D, 0x47, 0x01, 0x2C, 0xFD, 0x77, 0x19,
    0x0F, 0x2B, 0x31, 0x19, 0x43, 0x25, 0x4A, 0x1D, 0x00, 0x08, 0x00, 0x1E, 0xFF, 0xB0, 0x03, 0xCD,
    0x03, 0x4B, 0x00, 0x03, 0x00, 0x17, 0x00, 0x24, 0x00, 0x2C, 0x00, 0x30, 0x00, 0x34, 0x00, 0x38,
    0x00, 0x44, 0x00, 0x00, 0x41, 0x21, 0x15, 0x21, 0x25, 0x33, 0x37, 0x17, 0x0E, 0x04, 0x07, 0x2E,
    0x02, 0x27, 0x3E, 0x04, 0x37, 0x05, 0x1E, 0x02, 0x17, 0x0E, 0x02, 0x07, 0x2E, 0x02, 0x27, 0x03,
    0x21, 0x11, 0x23, 0x11, 0x21, 0x11, 0x23, 0x13, 0x21, 0x15, 0x21, 0x15, 0x21, 0x15, 0x21, 0x01,
    0x33, 0x11, 0x23, 0x03, 0x17, 0x06, 0x06, 0x07, 0x2E, 0x02, 0x27, 0x3E, 0x02, 0x01, 0x46, 0x01,
    0xAC, 0xFE, 0x54, 0x01, 0x94, 0x10, 0x0D, 0x31, 0x2A, 0x7D, 0x96, 0xA8, 0xAE, 0x55, 0x02, 0x0C,
    0x0D, 0x07, 0x52, 0xA8, 0xA0, 0x8E, 0x71, 0x23, 0xFE, 0x67, 0x3E, 0xC9, 0xFC, 0x89, 0x08, 0x12,
    0x10, 0x05, 0x88, 0xFD, 0xD2, 0x47, 0x56, 0x02, 0x91, 0x51, 0xFE, 0x0E, 0x4E, 0x1F, 0x02, 0x44,
    0xFD, 0xBC, 0x02, 0x44, 0xFD, 0xBC, 0x01, 0x03, 0x4D, 0x4D, 0x5B, 0x51, 0x33, 0x9D, 0x72, 0x06,
    0x12, 0x13, 0x09, 0x49, 0x71, 0x52, 0x02, 0xF2, 0x42, 0x42, 0x04, 0x1F, 0x41, 0x6B, 0x56, 0x41,
    0x2E, 0x0E, 0x0B, 0x1A, 0x1A, 0x08, 0x0B, 0x28, 0x3A, 0x4B, 0x5B, 0x35, 0x39, 0x46, 0x6A, 0x44,
    0x0F, 0x08, 0x19, 0x19, 0x0B, 0x12, 0x4C, 0x77, 0x51, 0xFE, 0xD9, 0xFE, 0x4D, 0x01, 0x71, 0xFE,
    0x8D, 0x01, 0x0E, 0x3D, 0x6F, 0x42, 0x01, 0x76, 0xFE, 0xA7, 0x03, 0x5E, 0x10, 0x51, 0x99, 0x3C,
    0x09, 0x15, 0x14, 0x05, 0x23, 0x55, 0x5C, 0x00, 0x00, 0x09, 0x00, 0x18, 0xFF, 0xAE, 0x03, 0xCA,
    0x03, 0x4E, 0x00, 0x03, 0x00, 0x10, 0x00, 0x18, 0x00, 0x1C, 0x00, 0x29, 0x00, 0x36, 0x00, 0x47,
    0x00, 0x4C, 0x00, 0x54, 0x00, 0x00, 0x41, 0x21, 0x15, 0x21, 0x07, 0x1E, 0x02, 0x17, 0x0E, 0x02,
    0x07, 0x2E, 0x02, 0x27, 0x37, 0x37, 0x16, 0x16, 0x17, 0x07, 0x26, 0x26, 0x01, 0x21, 0x15, 0x21,
    0x33, 0x17, 0x0E, 0x02, 0x07, 0x2E, 0x02, 0x27, 0x3E, 0x02, 0x25, 0x17, 0x0E, 0x02, 0x07, 0x2E,
    0x02, 0x27, 0x3E, 0x02, 0x05, 0x33, 0x37, 0x17, 0x0E, 0x03, 0x07, 0x2E, 0x02, 0x27, 0x3E, 0x02,
    0x37, 0x05, 0x37, 0x17, 0x11, 0x23, 0x13, 0x37, 0x16, 0x16, 0x17, 0x07, 0x26, 0x26, 0x02, 0x21,
    0x01, 0x3F, 0xFE, 0xA0, 0x17, 0x2B, 0x8D, 0xBB, 0x6E, 0x08, 0x14, 0x11, 0x06, 0x70, 0xBC, 0x90,
    0x30, 0x85, 0x2E, 0x21, 0x43, 0x13, 0x32, 0x11, 0x42, 0xFD, 0xEC, 0x03, 0x72, 0xFC, 0x8E, 0xE3,
    0x49, 0x21, 0x59, 0x67, 0x36, 0x05, 0x15, 0x16, 0x09, 0x36, 0x62, 0x52, 0x01, 0x30, 0x4B, 0x1D,
    0x56, 0x69, 0x3C, 0x06, 0x12, 0x14, 0x08, 0x39, 0x64, 0x4D, 0x01, 0x2F, 0x0E, 0x0E, 0x2F, 0x21,
    0x70, 0x93, 0xAF, 0x60, 0x05, 0x10, 0x13, 0x08, 0x7E, 0xD7, 0x9D, 0x26, 0xFD, 0x76, 0x47, 0x02,
    0x49, 0xEE, 0x46, 0x13, 0x29, 0x0A, 0x49, 0x09, 0x26, 0x02, 0x20, 0x43, 0x46, 0x63, 0xA8, 0x7B,
    0x21, 0x08, 0x17, 0x19, 0x0A, 0x27, 0x87, 0xB9, 0x6E, 0x13, 0x25, 0x18, 0x41, 0x18, 0x2A, 0x19,
    0x43, 0x01, 0x5D, 0x47, 0x16, 0x4E, 0x93, 0x80, 0x30, 0x08, 0x15, 0x15, 0x07, 0x2B, 0x75, 0x87,
    0x47, 0x15, 0x47, 0x90, 0x82, 0x32, 0x08, 0x13, 0x13, 0x06, 0x2D, 0x7A, 0x85, 0x32, 0x03, 0x17,
    0x7B, 0xC3, 0x93, 0x69, 0x22, 0x0A, 0x17, 0x17, 0x06, 0x28, 0x90, 0xD7, 0x94, 0x58, 0x47, 0x02,
    0xFD, 0xB3, 0x03, 0x86, 0x17, 0x1B, 0x47, 0x19, 0x1B, 0x19, 0x48, 0x00, 0x00, 0x05, 0x00, 0x2A,
    0xFF, 0xAF, 0x03, 0xCB, 0x03, 0x48, 0x00, 0x03, 0x00, 0x10, 0x00, 0x14, 0x00, 0x20, 0x00, 0x33,
    0x00, 0x00, 0x53, 0x21, 0x15, 0x21, 0x13, 0x17, 0x0E, 0x02, 0x07, 0x2E, 0x02, 0x27, 0x3E, 0x02,
    0x17, 0x21, 0x15, 0x21, 0x05, 0x16, 0x16, 0x17, 0x0E, 0x02, 0x07, 0x2E, 0x02, 0x27, 0x03, 0x33,
    0x11, 0x14, 0x0E, 0x03, 0x07, 0x2E, 0x02, 0x27, 0x3E, 0x04, 0x35, 0x36, 0x03, 0x7D, 0xFC, 0x83,
    0xB6, 0x4E, 0x14, 0x39, 0x44, 0x25, 0x08, 0x1B, 0x1B, 0x0A, 0x27, 0x43, 0x34, 0x09, 0x02, 0x7C,
    0xFD, 0x5F, 0x01, 0x63, 0x2E, 0xD2, 0xAA, 0x08, 0x13, 0x11, 0x06, 0x76, 0xAD, 0x77, 0x24, 0x13,
    0x4E, 0x11, 0x32, 0x62, 0xA0, 0x78, 0x04, 0x10, 0x13, 0x08, 0x70, 0x96, 0x5B, 0x2E, 0x0F, 0x01,
    0x86, 0x4B, 0x01, 0xFF, 0x10, 0x4A, 0x8B, 0x78, 0x2D, 0x06, 0x0F, 0x0E, 0x04, 0x2B, 0x71, 0x83,
    0x5D, 0x4C, 0xD6, 0x97, 0xC5, 0x27, 0x08, 0x18, 0x1A, 0x0A, 0x1E, 0x76, 0xAF, 0x73, 0x01, 0xE2,
    0xFE, 0xC9, 0x45, 0x8B, 0x86, 0x7A, 0x69, 0x29, 0x09, 0x18, 0x18, 0x08, 0x26, 0x5F, 0x6D, 0x77,
    0x7B, 0x3D, 0x00, 0x0B, 0x00, 0x31, 0xFF, 0xAF, 0x03, 0xBA, 0x03, 0x48, 0x00, 0x03, 0x00, 0x10,
    0x00, 0x1B, 0x00, 0x26, 0x00, 0x2E, 0x00, 0x39, 0x00, 0x43, 0x00, 0x47, 0x00, 0x51, 0x00, 0x60,
    0x00, 0x6B, 0x00, 0x00, 0x53, 0x21, 0x15, 0x21, 0x25, 0x17, 0x0E, 0x03, 0x07, 0x26, 0x26, 0x27,
    0x3E, 0x02, 0x05, 0x37, 0x1E, 0x03, 0x17, 0x07, 0x26, 0x26, 0x24, 0x13, 0x17, 0x06, 0x06, 0x07,
    0x2E, 0x02, 0x27, 0x36, 0x36, 0x01, 0x36, 0x36, 0x37, 0x17, 0x06, 0x06, 0x07, 0x01, 0x33, 0x37,
    0x17, 0x06, 0x06, 0x07, 0x27, 0x36, 0x36, 0x37, 0x25, 0x37, 0x1E, 0x02, 0x17, 0x07, 0x2E, 0x02,
    0x05, 0x21, 0x15, 0x21, 0x03, 0x3E, 0x02, 0x37, 0x17, 0x0E, 0x02, 0x07, 0x01, 0x33, 0x0E, 0x03,
    0x07, 0x2E, 0x02, 0x27, 0x3E, 0x03, 0x17, 0x16, 0x16, 0x17, 0x06, 0x06, 0x07, 0x2E, 0x02, 0x27,
    0x38, 0x03, 0x78, 0xFC, 0x88, 0x02, 0x76, 0x49, 0x21, 0x72, 0xA7, 0xDE, 0x8C, 0x04, 0x11, 0x09,
    0xB2, 0xFD, 0xA2, 0xFE, 0x3A, 0x3D, 0x62, 0xC3, 0xB6, 0x9F, 0x3E, 0x47, 0x4C, 0xD8, 0xFF, 0x00,
    0x91, 0x46, 0x1C, 0x58, 0x30, 0x06, 0x16, 0x16, 0x09, 0x31, 0x50, 0xFE, 0x6E, 0x30, 0x87, 0x46,
    0x12, 0x3E, 0x80, 0x36, 0x03, 0x0B, 0x0D, 0x0D, 0x37, 0x15, 0x30, 0x16, 0x3F, 0x12, 0x2A, 0x0D,
    0xFD, 0x01, 0x26, 0x21, 0x4B, 0x43, 0x15, 0x26, 0x15, 0x41, 0x4B, 0x01, 0x54, 0x01, 0x9F, 0xFE,
    0x40, 0xEE, 0x22, 0x4B, 0x45, 0x18, 0x4E, 0x18, 0x42, 0x44, 0x1C, 0x01, 0x37, 0x4A, 0x0A, 0x29,
    0x4E, 0x7F, 0x60, 0x03, 0x0E, 0x0F, 0x07, 0x58, 0x74, 0x45, 0x24, 0x3E, 0x1D, 0x94, 0x7E, 0x0C,
    0x18, 0x07, 0x59, 0x7D, 0x52, 0x16, 0x01, 0x2A, 0x43, 0x28, 0x15, 0x53, 0x75, 0x4C, 0x2C, 0x0B,
    0x10, 0x25, 0x0E, 0x09, 0x3C, 0x77, 0x44, 0x35, 0x12, 0x2B, 0x2F, 0x2F, 0x17, 0x3A, 0x1F, 0x41,
    0x3E, 0x02, 0xF7, 0x11, 0x4D, 0x8A, 0x30, 0x06, 0x11, 0x11, 0x04, 0x2C, 0x7C, 0xFE, 0xBF, 0x16,
    0x47, 0x26, 0x3F, 0x23, 0x48, 0x1D, 0x01, 0x65, 0x04, 0x13, 0x2F, 0x62, 0x22, 0x19, 0x1F, 0x57,
    0x29, 0x20, 0x34, 0x0C, 0x23, 0x25, 0x11, 0x39, 0x11, 0x27, 0x25, 0x09, 0x40, 0xFD, 0xC6, 0x24,
    0x5E, 0x65, 0x2E, 0x14, 0x2D, 0x60, 0x55, 0x1F, 0x02, 0x5A, 0x43, 0x70, 0x5A, 0x44, 0x17, 0x09,
    0x16, 0x16, 0x07, 0x13, 0x39, 0x4B, 0x5E, 0x0E, 0x60, 0x70, 0x12, 0x0B, 0x24, 0x0F, 0x12, 0x47,
    0x71, 0x4E, 0x00, 0x06, 0x00, 0x45, 0xFF, 0xB1, 0x03, 0xA2, 0x03, 0x4F, 0x00, 0x03, 0x00, 0x07,
    0x00, 0x1B, 0x00, 0x2A, 0x00, 0x32, 0x00, 0x3A, 0x00, 0x00, 0x53, 0x21, 0x15, 0x21, 0x07, 0x21,
    0x15, 0x21, 0x25, 0x33, 0x11, 0x14, 0x06, 0x07, 0x06, 0x06, 0x23, 0x2E, 0x02, 0x27, 0x16, 0x16,
    0x32, 0x33, 0x36, 0x36, 0x35, 0x13, 0x33, 0x37, 0x17, 0x0E, 0x02, 0x07, 0x26, 0x26, 0x27, 0x3E,
    0x02, 0x37, 0x25, 0x21, 0x15, 0x23, 0x35, 0x21, 0x15, 0x23, 0x01, 0x37, 0x16, 0x16, 0x17, 0x07,
    0x26, 0x26, 0xE9, 0x01, 0xE0, 0xFE, 0x20, 0xA4, 0x03, 0x5D, 0xFC, 0xA3, 0x01, 0x87, 0x4F, 0x14,
    0x1B, 0x1A, 0x53, 0x40, 0x02, 0x0B, 0x0D, 0x06, 0x22, 0x3D, 0x2E, 0x09, 0x0D, 0x0A, 0xE7, 0x14,
    0x11, 0x33, 0x24, 0x5B, 0x64, 0x32, 0x07, 0x19, 0x0A, 0x2B, 0x57, 0x4C, 0x19, 0xFD, 0x9D, 0x03,
    0x48, 0x4D, 0xFD, 0x4F, 0x4A, 0x01, 0x57, 0x4A, 0x16, 0x27, 0x09, 0x4D, 0x08, 0x25, 0x02, 0x27,
    0x47, 0xB4, 0x48, 0x87, 0xFE, 0xA1, 0x21, 0x24, 0x0A, 0x08, 0x04, 0x0B, 0x1B, 0x1B, 0x0A, 0x01,
    0x01, 0x01, 0x09, 0x0A, 0x02, 0x19, 0x04, 0x27, 0x24, 0x4A, 0x40, 0x18, 0x0A, 0x1B, 0x08, 0x15,
    0x3A, 0x41, 0x1C, 0xC9, 0xCF, 0x87, 0x87, 0x01, 0x27, 0x17, 0x1B, 0x45, 0x1A, 0x1C, 0x1B, 0x47,
    0x00, 0x07, 0x00, 0x1F, 0xFF, 0xB1, 0x03, 0xBD, 0x03, 0x48, 0x00, 0x03, 0x00, 0x07, 0x00, 0x1A,
    0x00, 0x29, 0x00, 0x2D, 0x00, 0x3B, 0x00, 0x3F, 0x00, 0x00, 0x41, 0x21, 0x15, 0x21, 0x13, 0x21,
    0x15, 0x21, 0x17, 0x33, 0x11, 0x14, 0x06, 0x07, 0x06, 0x06, 0x23, 0x26, 0x26, 0x27, 0x16, 0x16,
    0x36, 0x33, 0x36, 0x36, 0x35, 0x13, 0x33, 0x37, 0x17, 0x0E, 0x02, 0x07, 0x26, 0x26, 0x27, 0x3E,
    0x02, 0x37, 0x25, 0x21, 0x15, 0x21, 0x25, 0x17, 0x0E, 0x02, 0x07, 0x2E, 0x02, 0x27, 0x3E, 0x03,
    0x03, 0x33, 0x11, 0x23, 0x01, 0x4F, 0x02, 0x6E, 0xFD, 0x92, 0x55, 0x01, 0x9C, 0xFE, 0x64, 0xC1,
    0x4C, 0x11, 0x19, 0x1A, 0x55, 0x41, 0x02, 0x0D, 0x08, 0x21, 0x3B, 0x2B, 0x09, 0x0D, 0x08, 0xC7,
    0x13, 0x0F, 0x30, 0x1F, 0x50, 0x57, 0x29, 0x07, 0x1A, 0x09, 0x25, 0x4C, 0x42, 0x14, 0xFD, 0x13,
    0x03, 0x6C, 0xFC, 0x94, 0x01, 0x42, 0x4D, 0x23, 0x6B, 0x96, 0x65, 0x04, 0x0D, 0x0F, 0x06, 0x44,
    0x70, 0x58, 0x41, 0xB0, 0x4C, 0x4C, 0x01, 0x0A, 0x46, 0x01, 0x49, 0x45, 0x6B, 0xFE, 0xAC, 0x21,
    0x23, 0x09, 0x09, 0x02, 0x10, 0x27, 0x10, 0x01, 0x01, 0x01, 0x01, 0x08, 0x0A, 0x02, 0x03, 0x04,
    0x26, 0x22, 0x45, 0x3D, 0x17, 0x0B, 0x19, 0x09, 0x13, 0x38, 0x3C, 0x1A, 0xC7, 0x48, 0xCB, 0x13,
    0x72, 0xE1, 0xC3, 0x47, 0x09, 0x19, 0x1A, 0x08, 0x30, 0x7F, 0x93, 0x9C, 0xFE, 0xB5, 0xFE, 0x03,
    0x00, 0x07, 0x00, 0x24, 0xFF, 0xAD, 0x03, 0xC0, 0x03, 0x4F, 0x00, 0x03, 0x00, 0x07, 0x00, 0x0B,
    0x00, 0x16, 0x00, 0x2D, 0x00, 0x35, 0x00, 0x3D, 0x00, 0x00, 0x53, 0x21, 0x15, 0x21, 0x05, 0x21,
    0x15, 0x21, 0x03, 0x33, 0x11, 0x27, 0x03, 0x17, 0x06, 0x06, 0x07, 0x2E, 0x02, 0x27, 0x36, 0x36,
    0x37, 0x1E, 0x03, 0x33, 0x3A, 0x03, 0x36, 0x33, 0x0E, 0x02, 0x07, 0x23, 0x23, 0x22, 0x2E, 0x02,
    0x27, 0x03, 0x21, 0x15, 0x23, 0x35, 0x21, 0x15, 0x23, 0x01, 0x37, 0x16, 0x16, 0x17, 0x07, 0x26,
    0x26, 0xD3, 0x02, 0x48, 0xFD, 0xB8, 0x01, 0x20, 0x01, 0x51, 0xFE, 0xAF, 0x27, 0x4E, 0x4E, 0xEC,
    0x4C, 0x14, 0x62, 0x55, 0x05, 0x16, 0x18, 0x0A, 0x54, 0x58, 0x40, 0x1A, 0x54, 0x6E, 0x85, 0x4D,
    0x0B, 0x32, 0x3F, 0x42, 0x36, 0x0E, 0x05, 0x0C, 0x09, 0x02, 0x32, 0xB8, 0x59, 0x97, 0x79, 0x5E,
    0x20, 0x81, 0x03, 0x44, 0x4D, 0xFD, 0x53, 0x4A, 0x01, 0x58, 0x4A, 0x11, 0x23, 0x07, 0x4D, 0x07,
    0x20, 0x02, 0x14, 0x49, 0xA4, 0x46, 0x01, 0x11, 0xFE, 0x05, 0x0B, 0x01, 0x78, 0x08, 0x97, 0xE4,
    0x4A, 0x07, 0x13, 0x13, 0x05, 0x41, 0xD2, 0x08, 0x4C, 0x5F, 0x32, 0x12, 0x01, 0x09, 0x1B, 0x1D,
    0x0B, 0x17, 0x3E, 0x73, 0x5B, 0x01, 0xF4, 0xDA, 0x93, 0x93, 0x01, 0x3D, 0x15, 0x1D, 0x45, 0x19,
    0x18, 0x18, 0x48, 0x00, 0x00, 0x08, 0x00, 0x1F, 0xFF, 0xAE, 0x03, 0xB3, 0x03, 0x18, 0x00, 0x10,
    0x00, 0x18, 0x00, 0x1C, 0x00, 0x20, 0x00, 0x24, 0x00, 0x35, 0x00, 0x3D, 0x00, 0x46, 0x00, 0x00,
    0x53, 0x33, 0x11, 0x14, 0x0E, 0x02, 0x07, 0x2E, 0x02, 0x27, 0x3E, 0x03, 0x35, 0x13, 0x21, 0x15,
    0x21, 0x35, 0x21, 0x35, 0x21, 0x13, 0x21, 0x15, 0x21, 0x13, 0x21, 0x15, 0x21, 0x25, 0x33, 0x11,
    0x23, 0x01, 0x33, 0x15, 0x14, 0x0E, 0x02, 0x07, 0x2E, 0x02, 0x27, 0x3E, 0x03, 0x35, 0x03, 0x37,
    0x16, 0x16, 0x17, 0x07, 0x26, 0x26, 0x25, 0x17, 0x06, 0x06, 0x07, 0x27, 0x3E, 0x02, 0x88, 0x4B,
    0x08, 0x17, 0x2D, 0x27, 0x06, 0x18, 0x19, 0x0A, 0x24, 0x2A, 0x14, 0x07, 0x31, 0x02, 0xC4, 0xFD,
    0x3C, 0x02, 0x75, 0xFD, 0x8B, 0x29, 0x02, 0xD1, 0xFD, 0x2F, 0x1A, 0x02, 0x9B, 0xFD, 0x65, 0x01,
    0xAD, 0x4A, 0x4A, 0xFE, 0xF0, 0x49, 0x0E, 0x2C, 0x56, 0x49, 0x04, 0x12, 0x13, 0x09, 0x42, 0x4D,
    0x27, 0x0C, 0x3D, 0x45, 0x0F, 0x23, 0x0A, 0x46, 0x09, 0x22, 0x01, 0x77, 0x4F, 0x19, 0x37, 0x17,
    0x38, 0x0E, 0x1E, 0x1C, 0x03, 0x18, 0xFE, 0xB5, 0x3D, 0x8E, 0x93, 0x89, 0x38, 0x06, 0x10, 0x10,
    0x03, 0x36, 0x7F, 0x86, 0x82, 0x39, 0x01, 0x4B, 0xE9, 0x42, 0x66, 0xFE, 0x04, 0x41, 0x01, 0x0B,
    0x40, 0x2D, 0xFE, 0x1D, 0x01, 0xE1, 0x8F, 0x2E, 0x5E, 0x58, 0x4E, 0x21, 0x09, 0x14, 0x15, 0x06,
    0x1C, 0x44, 0x4B, 0x4C, 0x26, 0x01, 0x0C, 0x15, 0x15, 0x37, 0x13, 0x1A, 0x14, 0x38, 0x30, 0x17,
    0x27, 0x52, 0x1D, 0x15, 0x15, 0x36, 0x37, 0x00, 0x00, 0x03, 0x00, 0x5D, 0xFF, 0xCC, 0x03, 0xB8,
    0x03, 0x0A, 0x00, 0x25, 0x00, 0x29, 0x00, 0x2F, 0x00, 0x00, 0x53, 0x33, 0x11, 0x14, 0x16, 0x16,
    0x33, 0x3A, 0x04, 0x33, 0x32, 0x3E, 0x02, 0x37, 0x1E, 0x02, 0x17, 0x0E, 0x03, 0x23, 0x2A, 0x05,
    0x23, 0x22, 0x26, 0x26, 0x35, 0x13, 0x21, 0x15, 0x21, 0x03, 0x21, 0x11, 0x23, 0x11, 0x21, 0x92,
    0x4C, 0x15, 0x39, 0x37, 0x0F, 0x4A, 0x5F, 0x61, 0x4F, 0x15, 0x29, 0x33, 0x1C, 0x0F, 0x05, 0x0A,
    0x1B, 0x1C, 0x0B, 0x07, 0x18, 0x2D, 0x4F, 0x3E, 0x0A, 0x39, 0x4F, 0x56, 0x4E, 0x38, 0x0A, 0x51,
    0x5E, 0x26, 0x29, 0x02, 0x4E, 0xFD, 0xB2, 0x5E, 0x02, 0xDC, 0x4E, 0xFD, 0x72, 0x02, 0x5D, 0xFE,
    0x08, 0x20, 0x22, 0x0D, 0x10, 0x2B, 0x4D, 0x3C, 0x07, 0x0C, 0x0A, 0x02, 0x45, 0x5C, 0x36, 0x18,
    0x1A, 0x42, 0x3E, 0x01, 0x52, 0x4A, 0x01, 0x9C, 0xFE, 0x32, 0x01, 0x83, 0x00, 0x0C, 0x00, 0x1F,
    0xFF, 0xB0, 0x03, 0xCA, 0x03, 0x48, 0x00, 0x03, 0x00, 0x07, 0x00, 0x13, 0x00, 0x1F, 0x00, 0x25,
    0x00, 0x37, 0x00, 0x3B, 0x00, 0x3F, 0x00, 0x43, 0x00, 0x47, 0x00, 0x4B, 0x00, 0x4F, 0x00, 0x00,
    0x53, 0x21, 0x15, 0x21, 0x25, 0x33, 0x11, 0x23, 0x03, 0x17, 0x06, 0x06, 0x07, 0x2E, 0x02, 0x27,
    0x3E, 0x02, 0x05, 0x1E, 0x02, 0x17, 0x06, 0x06, 0x07, 0x2E, 0x02, 0x27, 0x05, 0x21, 0x15, 0x21,
    0x15, 0x23, 0x25, 0x33, 0x15, 0x14, 0x06, 0x07, 0x06, 0x06, 0x23, 0x26, 0x26, 0x27, 0x16, 0x16,
    0x33, 0x36, 0x36, 0x35, 0x01, 0x15, 0x21, 0x35, 0x25, 0x15, 0x21, 0x35, 0x25, 0x21, 0x11, 0x21,
    0x03, 0x21, 0x15, 0x21, 0x37, 0x33, 0x15, 0x23, 0x25, 0x33, 0x15, 0x23, 0x35, 0x03, 0x7E, 0xFC,
    0x82, 0x01, 0x96, 0x4A, 0x4A, 0x65, 0x4D, 0x31, 0xAF, 0x88, 0x04, 0x0F, 0x11, 0x08, 0x56, 0x80,
    0x59, 0x01, 0x6A, 0x1C, 0x58, 0x6A, 0x34, 0x0B, 0x1A, 0x08, 0x36, 0x6C, 0x5B, 0x1F, 0xFE, 0x51,
    0x02, 0x2D, 0xFE, 0x1B, 0x48, 0x02, 0x08, 0x49, 0x0D, 0x13, 0x12, 0x40, 0x2D, 0x03, 0x0C, 0x06,
    0x20, 0x33, 0x09, 0x09, 0x06, 0xFE, 0x1A, 0x02, 0x0A, 0xFD, 0xF6, 0x02, 0x0A, 0xFD, 0xAE, 0x02,
    0x9D, 0xFD, 0x63, 0x6A, 0x03, 0x65, 0xFC, 0x9B, 0xE5, 0x49, 0x49, 0x01, 0x4C, 0x4A, 0x4A, 0x01,
    0x3C, 0x3D, 0x08, 0xFE, 0xA9, 0x01, 0xD3, 0x0C, 0x59, 0xA0, 0x3B, 0x09, 0x15, 0x14, 0x05, 0x22,
    0x57, 0x61, 0x2A, 0x23, 0x40, 0x31, 0x0F, 0x0A, 0x21, 0x0E, 0x13, 0x3D, 0x4D, 0x2A, 0x5B, 0x3D,
    0xAD, 0xEA, 0xA2, 0x19, 0x1A, 0x08, 0x07, 0x02, 0x0D, 0x1E, 0x0D, 0x01, 0x01, 0x01, 0x06, 0x08,
    0x01, 0xCD, 0x40, 0x40, 0x70, 0x40, 0x40, 0x32, 0xFE, 0xEB, 0x01, 0x95, 0x3F, 0x7F, 0xAF, 0xAF,
    0xAC, 0x00, 0x00, 0x05, 0x00, 0x34, 0xFF, 0xB1, 0x03, 0xB5, 0x03, 0x05, 0x00, 0x03, 0x00, 0x07,
    0x00, 0x11, 0x00, 0x1B, 0x00, 0x1F, 0x00, 0x00, 0x53, 0x21, 0x15, 0x21, 0x03, 0x21, 0x15, 0x21,
    0x13, 0x37, 0x1E, 0x02, 0x17, 0x07, 0x2E, 0x02, 0x25, 0x17, 0x0E, 0x02, 0x07, 0x27, 0x3E, 0x02,
    0x25, 0x33, 0x11, 0x23, 0x69, 0x03, 0x14, 0xFC, 0xEC, 0x35, 0x03, 0x81, 0xFC, 0x7F, 0x7A, 0x44,
    0x14, 0x26, 0x1F, 0x06, 0x47, 0x07, 0x1D, 0x24, 0x02, 0x31, 0x4F, 0x12, 0x2B, 0x2A, 0x14, 0x41,
    0x13, 0x29, 0x24, 0xFE, 0xE5, 0x4E, 0x4E, 0x03, 0x05, 0x4B, 0xFE, 0xA2, 0x4B, 0x01, 0x65, 0x14,
    0x24, 0x52, 0x4F, 0x1D, 0x19, 0x1E, 0x4F, 0x55, 0x3E, 0x16, 0x29, 0x56, 0x50, 0x1E, 0x15, 0x20,
    0x53, 0x57, 0x7D, 0xFC, 0xC9, 0x00, 0x00, 0x08, 0x00, 0x25, 0xFF, 0xB0, 0x03, 0xC2, 0x03, 0x4D,
    0x00, 0x03, 0x00, 0x07, 0x00, 0x0F, 0x00, 0x20, 0x00, 0x2D, 0x00, 0x31, 0x00, 0x42, 0x00, 0x4A,
    0x00, 0x00, 0x53, 0x21, 0x15, 0x21, 0x17, 0x21, 0x15, 0x21, 0x13, 0x33, 0x15, 0x33, 0x35, 0x33,
    0x11, 0x21, 0x05, 0x33, 0x37, 0x17, 0x0E, 0x03, 0x07, 0x26, 0x26, 0x27, 0x3E, 0x03, 0x37, 0x05,
    0x1E, 0x02, 0x17, 0x0E, 0x02, 0x07, 0x2E, 0x02, 0x27, 0x03, 0x21, 0x15, 0x21, 0x27, 0x33, 0x11,
    0x14, 0x0E, 0x02, 0x07, 0x2E, 0x02, 0x27, 0x3E, 0x03, 0x35, 0x01, 0x37, 0x16, 0x16, 0x17, 0x07,
    0x26, 0x26, 0xE1, 0x02, 0xC8, 0xFD, 0x38, 0x0E, 0x02, 0x3D, 0xFD, 0xC3, 0x93, 0x48, 0xF3, 0x4A,
    0xFE, 0x7B, 0x01, 0x96, 0x0F, 0x0D, 0x2F, 0x29, 0x87, 0xAC, 0xC2, 0x67, 0x03, 0x12, 0x09, 0x5F,
    0xB9, 0xA1, 0x7C, 0x23, 0xFE, 0x77, 0x32, 0xA9, 0xDB, 0x7D, 0x08, 0x11, 0x0E, 0x05, 0x7F, 0xDF,
    0xB0, 0x39, 0xAE, 0x03, 0x13, 0xFC, 0xED, 0x23, 0x4B, 0x07, 0x14, 0x26, 0x20, 0x07, 0x19, 0x1A,
    0x09, 0x1F, 0x23, 0x12, 0x05, 0x01, 0x5B, 0x4B, 0x12, 0x21, 0x07, 0x4E, 0x07, 0x1E, 0x02, 0x2D,
    0x3E, 0xE6, 0x3E, 0x01, 0xB9, 0xFF, 0xFF, 0xFE, 0xC5, 0x40, 0x03, 0x19, 0x4D, 0x6E, 0x49, 0x2D,
    0x0C, 0x0D, 0x26, 0x0D, 0x08, 0x26, 0x3F, 0x5C, 0x3F, 0x27, 0x42, 0x5F, 0x3A, 0x0B, 0x08, 0x17,
    0x18, 0x0A, 0x0F, 0x43, 0x6E, 0x4D, 0x02, 0x28, 0x47, 0x47, 0xFE, 0xF0, 0x3C, 0x8D, 0x94, 0x8C,
    0x3C, 0x06, 0x0D, 0x0D, 0x02, 0x39, 0x84, 0x8A, 0x83, 0x38, 0x01, 0x67, 0x12, 0x1E, 0x49, 0x19,
    0x15, 0x1A, 0x4B, 0x00, 0x00, 0x0A, 0x00, 0x25, 0xFF, 0xB0, 0x03, 0xC2, 0x03, 0x48, 0x00, 0x03,
    0x00, 0x07, 0x00, 0x0B, 0x00, 0x0F, 0x00, 0x17, 0x00, 0x1B, 0x00, 0x1F, 0x00, 0x2D, 0x00, 0x44,
    0x00, 0x5B, 0x00, 0x00, 0x41, 0x21, 0x15, 0x21, 0x17, 0x21, 0x15, 0x21, 0x07, 0x21, 0x15, 0x21,
    0x13, 0x33, 0x11, 0x23, 0x03, 0x21, 0x11, 0x21, 0x35, 0x21, 0x35, 0x21, 0x25, 0x33, 0x15, 0x23,
    0x17, 0x33, 0x15, 0x23, 0x37, 0x33, 0x37, 0x17, 0x06, 0x02, 0x07, 0x2E, 0x02, 0x27, 0x36, 0x36,
    0x37, 0x07, 0x1E, 0x03, 0x33, 0x3A, 0x04, 0x37, 0x0E, 0x02, 0x07, 0x23, 0x23, 0x22, 0x2E, 0x02,
    0x27, 0x37, 0x2E, 0x02, 0x27, 0x36, 0x36, 0x37, 0x3E, 0x02, 0x37, 0x35, 0x37, 0x17, 0x06, 0x06,
    0x07, 0x15, 0x30, 0x0E, 0x02, 0x01, 0x4A, 0x02, 0x67, 0xFD, 0x99, 0x31, 0x02, 0x08, 0xFD, 0xF8,
    0x2A, 0x02, 0x58, 0xFD, 0xA8, 0xF4, 0x47, 0x47, 0xBB, 0x01, 0xE2, 0xFE, 0x17, 0x01, 0xA6, 0xFE,
    0x61, 0xFE, 0xB6, 0xE4, 0xE4, 0x49, 0x99, 0xA2, 0x88, 0x0E, 0x0E, 0x2A, 0x17, 0x7D, 0x5E, 0x05,
    0x14, 0x16, 0x08, 0x5C, 0x74, 0x13, 0x82, 0x1F, 0x62, 0x84, 0xA4, 0x5F, 0x0C, 0x3C, 0x4E, 0x4F,
    0x40, 0x0F, 0x06, 0x0B, 0x0A, 0x02, 0x34, 0xE4, 0x6D, 0xB4, 0x90, 0x6B, 0x23, 0x13, 0x02, 0x0C,
    0x0C, 0x05, 0x0E, 0x22, 0x0F, 0x0B, 0x2F, 0x36, 0x15, 0x1C, 0x30, 0x2C, 0x61, 0x2E, 0x10, 0x16,
    0x10, 0x02, 0x6C, 0x3B, 0xD8, 0x39, 0x4F, 0x3C, 0x02, 0xB3, 0xFC, 0xE9, 0x02, 0xC2, 0xFE, 0xB3,
    0x3D, 0xD4, 0x53, 0x43, 0xDB, 0x43, 0x43, 0x01, 0x0A, 0xD5, 0xFE, 0xEA, 0x48, 0x08, 0x13, 0x13,
    0x04, 0x42, 0xFC, 0xBD, 0x86, 0x69, 0x82, 0x46, 0x19, 0x01, 0x08, 0x19, 0x1A, 0x0A, 0x1E, 0x50,
    0x94, 0x77, 0x47, 0x08, 0x16, 0x18, 0x07, 0x03, 0x22, 0x18, 0x0F, 0x50, 0x6B, 0x36, 0x05, 0x0D,
    0x1F, 0x5D, 0xAB, 0x3D, 0x01, 0x08, 0x0C, 0x0D, 0x00, 0x04, 0x00, 0x34, 0xFF, 0xAC, 0x03, 0xB5,
    0x03, 0x07, 0x00, 0x03, 0x00, 0x07, 0x00, 0x0B, 0x00, 0x1C, 0x00, 0x00, 0x53, 0x21, 0x15, 0x21,
    0x03, 0x21, 0x15, 0x21, 0x01, 0x33, 0x11, 0x23, 0x01, 0x33, 0x11, 0x14, 0x0E, 0x02, 0x07, 0x2E,
    0x02, 0x27, 0x3E, 0x03, 0x35, 0x59, 0x03, 0x3D, 0xFC, 0xC3, 0x25, 0x03, 0x81, 0xFC, 0x7F, 0x02,
    0x55, 0x4D, 0x4D, 0xFE, 0x9C, 0x4C, 0x10, 0x33, 0x66, 0x56, 0x07, 0x14, 0x17, 0x0A, 0x51, 0x60,
    0x2F, 0x0F, 0x03, 0x07, 0x48, 0xFE, 0xE3, 0x48, 0x01, 0x87, 0xFC, 0xCE, 0x03, 0x33, 0xFE, 0xEB,
    0x49, 0x94, 0x8D, 0x81, 0x36, 0x0A, 0x14, 0x14, 0x06, 0x32, 0x74, 0x7E, 0x84, 0x41, 0x00, 0x08,
    0x00, 0x2D, 0xFF, 0xC6, 0x03, 0xBE, 0x03, 0x4C, 0x00, 0x03, 0x00, 0x13, 0x00, 0x1F, 0x00, 0x29,
    0x00, 0x4B, 0x00, 0x55, 0x00, 0x5F, 0x00, 0x69, 0x00, 0x00, 0x53, 0x21, 0x15, 0x21, 0x25, 0x33,
    0x0E, 0x04, 0x07, 0x26, 0x26, 0x27, 0x3E, 0x04, 0x17, 0x16, 0x16, 0x17, 0x0E, 0x02, 0x07, 0x2E,
    0x02, 0x27, 0x03, 0x37, 0x1E, 0x02, 0x17, 0x07, 0x2E, 0x02, 0x07, 0x33, 0x15, 0x14, 0x16, 0x33,
    0x3A, 0x04, 0x33, 0x32, 0x36, 0x36, 0x37, 0x1E, 0x02, 0x17, 0x0E, 0x02, 0x23, 0x2A, 0x04, 0x23,
    0x22, 0x26, 0x26, 0x35, 0x37, 0x37, 0x1E, 0x02, 0x17, 0x07, 0x2E, 0x02, 0x05, 0x37, 0x1E, 0x02,
    0x17, 0x07, 0x2E, 0x02, 0x25, 0x17, 0x0E, 0x02, 0x07, 0x27, 0x3E, 0x02, 0x38, 0x03, 0x7C, 0xFC,
    0x84, 0x01, 0x9A, 0x4E, 0x08, 0x1D, 0x39, 0x62, 0x99, 0x6F, 0x06, 0x19, 0x0C, 0x6A, 0x90, 0x5A,
    0x32, 0x18, 0x61, 0x2E, 0xCB, 0x99, 0x09, 0x13, 0x11, 0x06, 0x6A, 0xA3, 0x74, 0x24, 0x69, 0x3F,
    0x1E, 0x3E, 0x38, 0x12, 0x43, 0x10, 0x36, 0x3E, 0x8D, 0x4A, 0x1C, 0x30, 0x09, 0x2C, 0x37, 0x3A,
    0x2F, 0x0C, 0x1B, 0x1A, 0x0B, 0x03, 0x08, 0x18, 0x1A, 0x0A, 0x05, 0x18, 0x35, 0x30, 0x08, 0x2F,
    0x3F, 0x3E, 0x2F, 0x07, 0x39, 0x40, 0x19, 0x8C, 0x39, 0x1E, 0x3E, 0x37, 0x10, 0x3E, 0x0F, 0x35,
    0x3E, 0x01, 0x38, 0x42, 0x1A, 0x32, 0x27, 0x09, 0x48, 0x09, 0x24, 0x30, 0xFD, 0x93, 0x43, 0x0A,
    0x1E, 0x25, 0x16, 0x44, 0x17, 0x26, 0x1D, 0x02, 0xBB, 0x46, 0xD7, 0x4B, 0x8E, 0x81, 0x6F, 0x58,
    0x1E, 0x0E, 0x26, 0x0C, 0x1A, 0x4F, 0x63, 0x73, 0x7F, 0x57, 0x86, 0xB4, 0x23, 0x08, 0x19, 0x19,
    0x0B, 0x1E, 0x6E, 0x9F, 0x66, 0xFE, 0xF6, 0x28, 0x10, 0x2A, 0x2A, 0x14, 0x2B, 0x12, 0x2D, 0x2B,
    0x97, 0xC4, 0x16, 0x0D, 0x10, 0x33, 0x33, 0x07, 0x0B, 0x08, 0x03, 0x3E, 0x45, 0x1A, 0x11, 0x2D,
    0x29, 0xDC, 0x22, 0x19, 0x3D, 0x3A, 0x18, 0x29, 0x18, 0x3E, 0x3F, 0x04, 0x15, 0x29, 0x61, 0x5B,
    0x24, 0x1A, 0x24, 0x5D, 0x63, 0x30, 0x16, 0x29, 0x5F, 0x59, 0x22, 0x22, 0x21, 0x54, 0x5A, 0x00,
    0x00, 0x09, 0x00, 0x1E, 0xFF, 0xAE, 0x03, 0xBF, 0x03, 0x4D, 0x00, 0x03, 0x00, 0x10, 0x00, 0x1C,
    0x00, 0x24, 0x00, 0x2F, 0x00, 0x37, 0x00, 0x40, 0x00, 0x44, 0x00, 0x56, 0x00, 0x00, 0x41, 0x21,
    0x15, 0x21, 0x25, 0x17, 0x0E, 0x02, 0x07, 0x2E, 0x02, 0x27, 0x3E, 0x02, 0x05, 0x37, 0x1E, 0x03,
    0x17, 0x07, 0x2E, 0x03, 0x13, 0x37, 0x16, 0x16, 0x17, 0x07, 0x26, 0x26, 0x03, 0x3E, 0x03, 0x37,
    0x17, 0x0E, 0x02, 0x07, 0x03, 0x21, 0x15, 0x23, 0x35, 0x21, 0x15, 0x23, 0x05, 0x3E, 0x02, 0x37,
    0x17, 0x06, 0x06, 0x07, 0x03, 0x21, 0x15, 0x21, 0x13, 0x33, 0x11, 0x14, 0x06, 0x07, 0x06, 0x06,
    0x23, 0x26, 0x26, 0x27, 0x16, 0x32, 0x37, 0x32, 0x36, 0x35, 0x01, 0x63, 0x02, 0x5C, 0xFD, 0xA4,
    0x01, 0xA4, 0x52, 0x19, 0x71, 0xBC, 0x88, 0x03, 0x0D, 0x0F, 0x06, 0x7F, 0xAD, 0x64, 0xFE, 0xAB,
    0x32, 0x3D, 0x89, 0x84, 0x74, 0x29, 0x36, 0x27, 0x71, 0x84, 0x88, 0x71, 0x4B, 0x0F, 0x1A, 0x07,
    0x4E, 0x05, 0x1B, 0xBD, 0x17, 0x2F, 0x2E, 0x28, 0x0E, 0x4C, 0x14, 0x3C, 0x41, 0x1D, 0x6A, 0x02,
    0x32, 0x48, 0xFE, 0x5D, 0x47, 0xFE, 0x9F, 0x2B, 0x6E, 0x7A, 0x3E, 0x0A, 0x55, 0xAE, 0x46, 0x06,
    0x01, 0x3B, 0xFE, 0xC5, 0x87, 0x48, 0x10, 0x13, 0x13, 0x41, 0x31, 0x02, 0x0D, 0x08, 0x22, 0x38,
    0x0A, 0x0A, 0x09, 0x01, 0xBF, 0x44, 0x1A, 0x05, 0x8C, 0xBC, 0x76, 0x23, 0x08, 0x19, 0x18, 0x08,
    0x1C, 0x67, 0xA6, 0x47, 0x30, 0x1D, 0x47, 0x4D, 0x4A, 0x1F, 0x3A, 0x1F, 0x4B, 0x50, 0x4B, 0x02,
    0x8C, 0x0E, 0x25, 0x55, 0x1F, 0x11, 0x20, 0x57, 0xFD, 0xB8, 0x25, 0x61, 0x6A, 0x6B, 0x30, 0x0B,
    0x45, 0x97, 0x8B, 0x34, 0x02, 0x11, 0xC2, 0x7F, 0x80, 0xF0, 0x0C, 0x1F, 0x26, 0x12, 0x43, 0x1C,
    0x37, 0x16, 0x01, 0xB3, 0x47, 0x01, 0x10, 0xFC, 0xBF, 0x1F, 0x22, 0x09, 0x08, 0x05, 0x0E, 0x27,
    0x0F, 0x01, 0x01, 0x08, 0x0B, 0x00, 0x00, 0x0A, 0x00, 0x24, 0xFF, 0xAF, 0x03, 0xC9, 0x03, 0x4A,
    0x00, 0x07, 0x00, 0x0B, 0x00, 0x1C, 0x00, 0x20, 0x00, 0x2C, 0x00, 0x3B, 0x00, 0x3F, 0x00, 0x47,
    0x00, 0x53, 0x00, 0x65, 0x00, 0x00, 0x53, 0x36, 0x36, 0x37, 0x17, 0x06, 0x06, 0x07, 0x03, 0x21,
    0x15, 0x21, 0x13, 0x33, 0x11, 0x14, 0x06, 0x07, 0x06, 0x06, 0x27, 0x26, 0x26, 0x27, 0x16, 0x32,
    0x37, 0x32, 0x35, 0x01, 0x21, 0x15, 0x21, 0x37, 0x17, 0x06, 0x06, 0x07, 0x2E, 0x02, 0x27, 0x3E,
    0x02, 0x17, 0x33, 0x37, 0x17, 0x0E, 0x02, 0x07, 0x26, 0x26, 0x27, 0x3E, 0x02, 0x37, 0x01, 0x21,
    0x15, 0x21, 0x13, 0x21, 0x11, 0x23, 0x11, 0x21, 0x11, 0x23, 0x05, 0x1E, 0x02, 0x17, 0x06, 0x06,
    0x07, 0x2E, 0x02, 0x27, 0x03, 0x33, 0x15, 0x14, 0x0E, 0x03, 0x07, 0x26, 0x26, 0x27, 0x3E, 0x04,
    0x35, 0x24, 0x39, 0x9F, 0x52, 0x0B, 0x4C, 0x98, 0x3D, 0x08, 0x01, 0x1B, 0xFE, 0xE5, 0x74, 0x4A,
    0x0F, 0x12, 0x11, 0x39, 0x2C, 0x02, 0x0D, 0x08, 0x1D, 0x2F, 0x08, 0x10, 0x01, 0x5A, 0x01, 0x1F,
    0xFE, 0xE1, 0x1B, 0x4C, 0x23, 0x6E, 0x50, 0x05, 0x12, 0x14, 0x08, 0x32, 0x4D, 0x38, 0xFE, 0x11,
    0x0C, 0x32, 0x13, 0x36, 0x39, 0x1B, 0x0A, 0x1F, 0x0C, 0x18, 0x33, 0x2B, 0x0D, 0xFE, 0x47, 0x02,
    0x69, 0xFD, 0x97, 0x49, 0x01, 0xDA, 0x4B, 0xFE, 0xB9, 0x48, 0x01, 0x0C, 0x1C, 0x58, 0x72, 0x41,
    0x0C, 0x1C, 0x08, 0x43, 0x76, 0x5D, 0x1E, 0x02, 0x49, 0x0C, 0x27, 0x4D, 0x81, 0x62, 0x08, 0x1D,
    0x0D, 0x5E, 0x7C, 0x47, 0x22, 0x09, 0x01, 0x35, 0x0F, 0x30, 0x1B, 0x46, 0x18, 0x32, 0x14, 0x01,
    0x93, 0x46, 0x01, 0x0F, 0xFC, 0xC5, 0x1E, 0x23, 0x09, 0x0A, 0x06, 0x01, 0x0F, 0x2A, 0x10, 0x01,
    0x01, 0x10, 0x02, 0xE4, 0x40, 0x9A, 0x0E, 0x4D, 0xA3, 0x45, 0x09, 0x14, 0x12, 0x06, 0x28, 0x5C,
    0x60, 0x30, 0x04, 0x22, 0x20, 0x46, 0x3F, 0x19, 0x09, 0x14, 0x05, 0x18, 0x3C, 0x3E, 0x19, 0xFE,
    0x40, 0x41, 0x01, 0x6B, 0xFE, 0xBF, 0x01, 0x05, 0xFE, 0xFB, 0x11, 0x3B, 0x69, 0x4F, 0x17, 0x0B,
    0x23, 0x0E, 0x1C, 0x5B, 0x77, 0x45, 0x01, 0x3A, 0x7B, 0x2C, 0x63, 0x69, 0x6B, 0x65, 0x2E, 0x0B,
    0x20, 0x0A, 0x29, 0x5C, 0x60, 0x5F, 0x58, 0x26, 0x00, 0x0C, 0x00, 0x1C, 0xFF, 0xAE, 0x03, 0xC3,
    0x03, 0x47, 0x00, 0x07, 0x00, 0x0B, 0x00, 0x1C, 0x00, 0x20, 0x00, 0x24, 0x00, 0x2C, 0x00, 0x35,
    0x00, 0x39, 0x00, 0x46, 0x00, 0x50, 0x00, 0x5C, 0x00, 0x64, 0x00, 0x00, 0x53, 0x36, 0x36, 0x37,
    0x17, 0x06, 0x06, 0x07, 0x03, 0x21, 0x15, 0x21, 0x13, 0x33, 0x11, 0x14, 0x06, 0x07, 0x06, 0x06,
    0x27, 0x26, 0x26, 0x27, 0x16, 0x32, 0x33, 0x32, 0x35, 0x13, 0x21, 0x15, 0x21, 0x07, 0x21, 0x15,
    0x21, 0x37, 0x37, 0x16, 0x16, 0x17, 0x07, 0x26, 0x26, 0x25, 0x17, 0x06, 0x06, 0x07, 0x27, 0x3E,
    0x02, 0x01, 0x21, 0x15, 0x21, 0x25, 0x17, 0x0E, 0x03, 0x07, 0x26, 0x26, 0x27, 0x3E, 0x02, 0x05,
    0x3E, 0x02, 0x37, 0x17, 0x0E, 0x02, 0x07, 0x27, 0x37, 0x1E, 0x03, 0x17, 0x07, 0x2E, 0x03, 0x13,
    0x37, 0x16, 0x16, 0x17, 0x07, 0x26, 0x26, 0x1C, 0x37, 0x9B, 0x51, 0x0A, 0x49, 0x94, 0x3D, 0x06,
    0x01, 0x21, 0xFE, 0xDF, 0x77, 0x46, 0x0F, 0x13, 0x11, 0x39, 0x2C, 0x01, 0x0D, 0x07, 0x1E, 0x30,
    0x08, 0x11, 0xDF, 0x02, 0x1F, 0xFD, 0xE1, 0x23, 0x02, 0x5C, 0xFD, 0xA4, 0x6C, 0x39, 0x17, 0x2A,
    0x0A, 0x3C, 0x0A, 0x28, 0x01, 0x23, 0x47, 0x18, 0x33, 0x17, 0x3D, 0x10, 0x20, 0x1E, 0xFE, 0x58,
    0x02, 0x74, 0xFD, 0x8C, 0x01, 0xB4, 0x48, 0x15, 0x4B, 0x76, 0xA6, 0x6F, 0x05, 0x11, 0x0A, 0x8A,
    0xB6, 0x6B, 0xFE, 0xA5, 0x1E, 0x42, 0x3C, 0x14, 0x46, 0x16, 0x3C, 0x3F, 0x1B, 0x4A, 0x2D, 0x3F,
    0x88, 0x86, 0x74, 0x29, 0x31, 0x27, 0x71, 0x84, 0x8A, 0x68, 0x45, 0x14, 0x25, 0x0A, 0x49, 0x09,
    0x24, 0x01, 0x35, 0x0E, 0x30, 0x1A, 0x46, 0x18, 0x30, 0x14, 0x01, 0x93, 0x46, 0x01, 0x0F, 0xFC,
    0xC3, 0x1E, 0x22, 0x09, 0x09, 0x06, 0x01, 0x0E, 0x29, 0x0F, 0x01, 0x11, 0x02, 0xD6, 0x42, 0xA8,
    0x41, 0xC7, 0x18, 0x1E, 0x47, 0x1A, 0x1C, 0x1B, 0x4A, 0x35, 0x15, 0x29, 0x58, 0x1E, 0x13, 0x16,
    0x39, 0x3B, 0xFE, 0xCB, 0x41, 0x15, 0x0D, 0x4E, 0x75, 0x51, 0x36, 0x11, 0x10, 0x25, 0x0B, 0x0F,
    0x45, 0x79, 0x37, 0x26, 0x65, 0x6C, 0x30, 0x0D, 0x32, 0x6C, 0x61, 0x23, 0x08, 0x32, 0x11, 0x31,
    0x39, 0x3B, 0x1D, 0x39, 0x1C, 0x3C, 0x3B, 0x34, 0x02, 0xC0, 0x0B, 0x1C, 0x45, 0x1A, 0x0F, 0x1A,
    0x48, 0x00, 0x00, 0x07, 0x00, 0x3D, 0xFF, 0xAF, 0x03, 0xC4, 0x03, 0x48, 0x00, 0x03, 0x00, 0x10,
    0x00, 0x1D, 0x00, 0x2A, 0x00, 0x2E, 0x00, 0x39, 0x00, 0x48, 0x00, 0x00, 0x41, 0x21, 0x15, 0x21,
    0x13, 0x17, 0x0E, 0x02, 0x07, 0x2E, 0x02, 0x27, 0x3E, 0x02, 0x17, 0x17, 0x06, 0x02, 0x06, 0x07,
    0x2E, 0x02, 0x27, 0x3E, 0x02, 0x27, 0x1E, 0x02, 0x17, 0x0E, 0x02, 0x07, 0x2E, 0x02, 0x27, 0x03,
    0x33, 0x11, 0x23, 0x27, 0x27, 0x37, 0x37, 0x16, 0x16, 0x17, 0x0E, 0x03, 0x07, 0x2E, 0x02, 0x27,
    0x36, 0x36, 0x35, 0x11, 0x33, 0x11, 0x30, 0x0E, 0x02, 0x02, 0x25, 0x01, 0x97, 0xFE, 0x69, 0x1C,
    0x4D, 0x11, 0x36, 0x48, 0x30, 0x05, 0x13, 0x15, 0x09, 0x2C, 0x40, 0x2E, 0xF8, 0x4A, 0x1B, 0x64,
    0xA2, 0x79, 0x04, 0x12, 0x12, 0x09, 0x75, 0x9A, 0x5B, 0xD3, 0x20, 0x68, 0x97, 0x64, 0x08, 0x15,
    0x11, 0x06, 0x67, 0x99, 0x6A, 0x22, 0xC0, 0x4A, 0x4A, 0xE8, 0x07, 0x22, 0xEF, 0x03, 0x0B, 0x04,
    0x56, 0x6A, 0x39, 0x1B, 0x08, 0x03, 0x0A, 0x0C, 0x06, 0x0B, 0x18, 0x4A, 0x18, 0x1E, 0x18, 0x02,
    0x85, 0x47, 0x01, 0x0A, 0x0C, 0x61, 0xB4, 0x9A, 0x3B, 0x08, 0x18, 0x18, 0x07, 0x33, 0x8B, 0xA2,
    0x8F, 0x0A, 0xA8, 0xFE, 0xFE, 0xBD, 0x42, 0x08, 0x17, 0x17, 0x08, 0x39, 0xAE, 0xF2, 0x80, 0x84,
    0xEC, 0xB3, 0x32, 0x07, 0x15, 0x17, 0x0A, 0x39, 0xC0, 0xFB, 0x91, 0x01, 0x00, 0xFC, 0x76, 0xB5,
    0x47, 0x1F, 0x4F, 0x10, 0x25, 0x0C, 0x1F, 0x28, 0x18, 0x0E, 0x07, 0x0A, 0x19, 0x1A, 0x08, 0x07,
    0x1F, 0x1E, 0x01, 0xEC, 0xFD, 0xD1, 0x0E, 0x16, 0x18, 0x00, 0x00, 0x07, 0x00, 0x3A, 0xFF, 0xAC,
    0x03, 0xC8, 0x03, 0x48, 0x00, 0x03, 0x00, 0x10, 0x00, 0x1D, 0x00, 0x2A, 0x00, 0x36, 0x00, 0x46,
    0x00, 0x4E, 0x00, 0x00, 0x41, 0x21, 0x15, 0x21, 0x37, 0x17, 0x0E, 0x02, 0x07, 0x2E, 0x02, 0x27,
    0x3E, 0x02, 0x17, 0x17, 0x06, 0x02, 0x06, 0x07, 0x2E, 0x02, 0x27, 0x3E, 0x02, 0x27, 0x1E, 0x02,
    0x17, 0x0E, 0x02, 0x07, 0x26, 0x26, 0x02, 0x27, 0x01, 0x27, 0x37, 0x25, 0x16, 0x16, 0x17, 0x0E,
    0x04, 0x07, 0x2E, 0x02, 0x27, 0x36, 0x36, 0x35, 0x11, 0x33, 0x11, 0x30, 0x0E, 0x03, 0x03, 0x21,
    0x11, 0x21, 0x35, 0x33, 0x35, 0x21, 0x02, 0x31, 0x01, 0x87, 0xFE, 0x79, 0x23, 0x4A, 0x13, 0x38,
    0x46, 0x2B, 0x06, 0x15, 0x17, 0x08, 0x2A, 0x41, 0x31, 0xE8, 0x4D, 0x1A, 0x66, 0xAA, 0x82, 0x04,
    0x0F, 0x12, 0x08, 0x7B, 0x9E, 0x5D, 0xC3, 0x1A, 0x5F, 0x94, 0x68, 0x09, 0x14, 0x11, 0x07, 0x6B,
    0x97, 0x62, 0x1E, 0xFE, 0x47, 0x09, 0x23, 0x01, 0x3C, 0x01, 0x05, 0x03, 0x57, 0x77, 0x4A, 0x2B,
    0x15, 0x07, 0x02, 0x0A, 0x0C, 0x06, 0x0B, 0x14, 0x4C, 0x0F, 0x18, 0x17, 0x0F, 0x0C, 0x01, 0x63,
    0xFE, 0xBC, 0xFA, 0xFE, 0xE7, 0x02, 0x8F, 0x46, 0xFF, 0x0D, 0x5D, 0xAF, 0x97, 0x3A, 0x07, 0x14,
    0x15, 0x06, 0x35, 0x8A, 0xA1, 0x8E, 0x0A, 0xAD, 0xFE, 0xFB, 0xBD, 0x41, 0x0A, 0x19, 0x19, 0x08,
    0x38, 0xAC, 0xF2, 0x89, 0x8A, 0xEF, 0xB2, 0x30, 0x07, 0x17, 0x17, 0x0A, 0x37, 0xBF, 0x01, 0x00,
    0x98, 0xFD, 0x9D, 0x4A, 0x21, 0x71, 0x11, 0x29, 0x0D, 0x21, 0x2E, 0x20, 0x13, 0x0D, 0x06, 0x0B,
    0x1D, 0x1D, 0x09, 0x05, 0x18, 0x1C, 0x01, 0x7D, 0xFE, 0x3A, 0x08, 0x0C, 0x10, 0x12, 0x03, 0x1A,
    0xFE, 0x98, 0x4A, 0xD4, 0x00, 0x0B, 0x00, 0x28, 0xFF, 0xB0, 0x03, 0xC4, 0x03, 0x4E, 0x00, 0x03,
    0x00, 0x07, 0x00, 0x14, 0x00, 0x21, 0x00, 0x2D, 0x00, 0x39, 0x00, 0x43, 0x00, 0x4D, 0x00, 0x57,
    0x00, 0x61, 0x00, 0x6B, 0x00, 0x00, 0x53, 0x21, 0x15, 0x21, 0x25, 0x21, 0x15, 0x21, 0x37, 0x17,
    0x0E, 0x02, 0x07, 0x2E, 0x02, 0x27, 0x3E, 0x02, 0x17, 0x17, 0x06, 0x02, 0x06, 0x07, 0x2E, 0x02,
    0x27, 0x36, 0x36, 0x12, 0x27, 0x1E, 0x02, 0x17, 0x06, 0x06, 0x07, 0x26, 0x26, 0x02, 0x27, 0x25,
    0x17, 0x0E, 0x02, 0x07, 0x26, 0x26, 0x27, 0x3E, 0x02, 0x07, 0x37, 0x1E, 0x02, 0x17, 0x07, 0x2E,
    0x02, 0x03, 0x37, 0x1E, 0x02, 0x17, 0x07, 0x2E, 0x02, 0x25, 0x17, 0x0E, 0x02, 0x07, 0x27, 0x3E,
    0x02, 0x01, 0x3E, 0x02, 0x37, 0x17, 0x0E, 0x02, 0x07, 0x13, 0x37, 0x1E, 0x02, 0x17, 0x07, 0x2E,
    0x02, 0xA9, 0x01, 0x0E, 0xFE, 0xF2, 0x01, 0xC6, 0x01, 0x40, 0xFE, 0xC0, 0x16, 0x48, 0x0F, 0x2F,
    0x3E, 0x27, 0x05, 0x15, 0x16, 0x09, 0x26, 0x37, 0x2A, 0xB9, 0x47, 0x14, 0x54, 0x9B, 0x7E, 0x04,
    0x10, 0x13, 0x08, 0x79, 0x92, 0x4D, 0x99, 0x17, 0x50, 0x7D, 0x59, 0x0C, 0x1D, 0x0A, 0x5C, 0x7F,
    0x52, 0x19, 0xFE, 0xD6, 0x43, 0x1D, 0x52, 0x62, 0x35, 0x09, 0x1F, 0x0E, 0x32, 0x5E, 0x4F, 0x01,
    0x2A, 0x28, 0x58, 0x4C, 0x18, 0x2E, 0x17, 0x4C, 0x55, 0xCE, 0x3A, 0x0E, 0x1C, 0x18, 0x06, 0x3F,
    0x05, 0x16, 0x1B, 0x01, 0x4C, 0x40, 0x11, 0x2A, 0x2A, 0x14, 0x3A, 0x15, 0x2B, 0x27, 0xFE, 0x9E,
    0x35, 0x8C, 0x9D, 0x4F, 0x08, 0x4A, 0x97, 0x8B, 0x39, 0x9D, 0x3A, 0x0B, 0x11, 0x0E, 0x04, 0x3F,
    0x02, 0x0E, 0x10, 0x02, 0x1F, 0x3D, 0xC1, 0x45, 0xF0, 0x0E, 0x56, 0xA2, 0x8B, 0x36, 0x07, 0x13,
    0x14, 0x06, 0x30, 0x80, 0x94, 0x79, 0x06, 0xB5, 0xFE, 0xED, 0xC4, 0x44, 0x07, 0x17, 0x16, 0x07,
    0x3A, 0xB7, 0x01, 0x01, 0x8C, 0x8E, 0xFB, 0xC1, 0x35, 0x0A, 0x21, 0x0D, 0x3E, 0xCC, 0x01, 0x0A,
    0x99, 0xE8, 0x17, 0x41, 0x7E, 0x6B, 0x28, 0x0D, 0x20, 0x0B, 0x22, 0x62, 0x73, 0x29, 0x2F, 0x1E,
    0x49, 0x48, 0x1C, 0x39, 0x1D, 0x4C, 0x4C, 0xFE, 0xB3, 0x0F, 0x26, 0x54, 0x4F, 0x1C, 0x16, 0x1E,
    0x51, 0x57, 0x45, 0x13, 0x35, 0x76, 0x6D, 0x29, 0x13, 0x29, 0x70, 0x76, 0xFE, 0xC4, 0x0C, 0x22,
    0x2A, 0x15, 0x43, 0x14, 0x28, 0x25, 0x0F, 0x01, 0xAF, 0x0C, 0x25, 0x52, 0x4C, 0x1C, 0x12, 0x1D,
    0x4F, 0x55, 0x00, 0x04, 0x00, 0x24, 0xFF, 0xB2, 0x03, 0xC7, 0x03, 0x4F, 0x00, 0x0C, 0x00, 0x19,
    0x00, 0x1D, 0x00, 0x25, 0x00, 0x00, 0x41, 0x17, 0x06, 0x02, 0x04, 0x07, 0x2E, 0x02, 0x27, 0x36,
    0x24, 0x36, 0x25, 0x16, 0x16, 0x04, 0x17, 0x0E, 0x02, 0x07, 0x26, 0x24, 0x02, 0x27, 0x27, 0x21,
    0x15, 0x21, 0x25, 0x37, 0x16, 0x16, 0x17, 0x07, 0x26, 0x26, 0x02, 0xD5, 0x4D, 0x3F, 0xC6, 0xFE,
    0xEC, 0xB6, 0x04, 0x10, 0x13, 0x08, 0xB3, 0x01, 0x0B, 0xBA, 0xFE, 0x72, 0x39, 0xC2, 0x01, 0x10,
    0xAE, 0x08, 0x14, 0x11, 0x07, 0xB3, 0xFE, 0xEE, 0xC5, 0x40, 0x97, 0x03, 0x88, 0xFC, 0x78, 0x01,
    0x75, 0x4E, 0x17, 0x2D, 0x0B, 0x53, 0x09, 0x2A, 0x02, 0x76, 0x17, 0xB5, 0xFE, 0xF8, 0xB5, 0x3B,
    0x09, 0x1B, 0x1B, 0x08, 0x34, 0xA7, 0xF7, 0xA7, 0x9B, 0xFC, 0xB3, 0x2C, 0x08, 0x19, 0x19, 0x0B,
    0x31, 0xBD, 0x01, 0x0E, 0xA8, 0x3D, 0x4A, 0xE9, 0x18, 0x24, 0x57, 0x1F, 0x1B, 0x1F, 0x59, 0x00,
    0x00, 0x0C, 0x00, 0x54, 0xFF, 0xAB, 0x03, 0xC1, 0x03, 0x4A, 0x00, 0x03, 0x00, 0x07, 0x00, 0x0B,
    0x00, 0x0F, 0x00, 0x1B, 0x00, 0x24, 0x00, 0x2C, 0x00, 0x38, 0x00, 0x3C, 0x00, 0x40, 0x00, 0x4C,
    0x00, 0x5A, 0x00, 0x00, 0x53, 0x21, 0x15, 0x21, 0x03, 0x21, 0x15, 0x21, 0x03, 0x33, 0x11, 0x23,
    0x13, 0x33, 0x11, 0x23, 0x13, 0x17, 0x0E, 0x02, 0x07, 0x26, 0x26, 0x27, 0x3E, 0x02, 0x13, 0x17,
    0x06, 0x06, 0x07, 0x27, 0x3E, 0x02, 0x25, 0x37, 0x16, 0x16, 0x17, 0x07, 0x26, 0x26, 0x17, 0x1E,
    0x03, 0x17, 0x07, 0x2E, 0x03, 0x27, 0x37, 0x21, 0x15, 0x21, 0x37, 0x33, 0x11, 0x23, 0x13, 0x17,
    0x0E, 0x02, 0x07, 0x26, 0x26, 0x27, 0x3E, 0x02, 0x05, 0x33, 0x11, 0x14, 0x06, 0x06, 0x07, 0x26,
    0x26, 0x27, 0x3E, 0x02, 0x35, 0xB1, 0x01, 0x62, 0xFE, 0x9E, 0x34, 0x01, 0x7C, 0xFE, 0x84, 0x29,
    0x43, 0x43, 0xEC, 0x41, 0x41, 0x03, 0x2C, 0x12, 0x38, 0x42, 0x23, 0x06, 0x13, 0x08, 0x20, 0x3F,
    0x35, 0x9F, 0x3C, 0x13, 0x28, 0x13, 0x2D, 0x0B, 0x17, 0x16, 0xFE, 0xF3, 0x31, 0x12, 0x1A, 0x03,
    0x35, 0x03, 0x18, 0xB0, 0x0A, 0x28, 0x2E, 0x26, 0x08, 0x2C, 0x09, 0x23, 0x29, 0x26, 0x0B, 0xF7,
    0x01, 0x70, 0xFE, 0x90, 0xC0, 0x47, 0x47, 0x6E, 0x3E, 0x30, 0x7A, 0x83, 0x3E, 0x03, 0x0E, 0x08,
    0x3A, 0x7A, 0x6D, 0xFE, 0xDF, 0x47, 0x0D, 0x27, 0x28, 0x0A, 0x21, 0x0F, 0x24, 0x21, 0x0A, 0x02,
    0x1B, 0x41, 0xFE, 0x7F, 0x43, 0x03, 0x0E, 0xFC, 0xF2, 0x03, 0x30, 0xFD, 0x32, 0x01, 0x81, 0x13,
    0x37, 0x76, 0x67, 0x22, 0x0E, 0x24, 0x0C, 0x1D, 0x59, 0x64, 0x01, 0x3D, 0x12, 0x2D, 0x62, 0x22,
    0x10, 0x19, 0x3F, 0x41, 0x08, 0x10, 0x29, 0x61, 0x23, 0x12, 0x24, 0x62, 0xF9, 0x09, 0x2D, 0x35,
    0x2D, 0x0B, 0x34, 0x10, 0x33, 0x38, 0x31, 0x0D, 0x45, 0x46, 0x21, 0xFD, 0xDC, 0x03, 0x9B, 0x38,
    0x16, 0x27, 0x20, 0x0C, 0x0C, 0x22, 0x0C, 0x0E, 0x20, 0x26, 0x54, 0xFE, 0xC2, 0x5A, 0xAD, 0xA5,
    0x4E, 0x0C, 0x19, 0x08, 0x48, 0x9A, 0x9E, 0x4D, 0x00, 0x05, 0x00, 0x2E, 0xFF, 0xAE, 0x03, 0xA8,
    0x03, 0x4E, 0x00, 0x03, 0x00, 0x07, 0x00, 0x24, 0x00, 0x34, 0x00, 0x3C, 0x00, 0x00, 0x53, 0x21,
    0x15, 0x21, 0x05, 0x21, 0x15, 0x21, 0x25, 0x33, 0x30, 0x06, 0x14, 0x07, 0x0E, 0x02, 0x07, 0x06,
    0x06, 0x07, 0x06, 0x26, 0x27, 0x26, 0x26, 0x27, 0x16, 0x16, 0x33, 0x32, 0x36, 0x37, 0x3E, 0x02,
    0x37, 0x25, 0x33, 0x0E, 0x04, 0x07, 0x26, 0x26, 0x27, 0x3E, 0x04, 0x13, 0x37, 0x16, 0x16, 0x17,
    0x07, 0x26, 0x26, 0x44, 0x03, 0x64, 0xFC, 0x9C, 0x01, 0x39, 0x01, 0x90, 0xFE, 0x70, 0x01, 0x7B,
    0x4E, 0x01, 0x02, 0x09, 0x16, 0x1C, 0x14, 0x11, 0x29, 0x1D, 0x1A, 0x5C, 0x32, 0x01, 0x0F, 0x0B,
    0x36, 0x5F, 0x14, 0x11, 0x16, 0x09, 0x0F, 0x19, 0x15, 0x08, 0xFE, 0x5E, 0x53, 0x04, 0x10, 0x25,
    0x45, 0x71, 0x55, 0x08, 0x20, 0x0F, 0x51, 0x69, 0x3F, 0x1F, 0x0D, 0x65, 0x48, 0x15, 0x2A, 0x0A,
    0x4C, 0x09, 0x28, 0x02, 0x9B, 0x49, 0xA0, 0x49, 0x49, 0x0E, 0x10, 0x06, 0x8E, 0xB0, 0x5E, 0x14,
    0x13, 0x0E, 0x02, 0x02, 0x02, 0x03, 0x11, 0x29, 0x0F, 0x04, 0x03, 0x05, 0x07, 0x0E, 0x5A, 0xAB,
    0x86, 0xCB, 0x4F, 0xA2, 0x9C, 0x8F, 0x7A, 0x2C, 0x0E, 0x22, 0x0B, 0x28, 0x70, 0x83, 0x91, 0x94,
    0x01, 0x09, 0x1C, 0x23, 0x53, 0x1E, 0x21, 0x1E, 0x57, 0x00, 0x00, 0x0D, 0x00, 0x1B, 0xFF, 0xB0,
    0x03, 0xC9, 0x03, 0x49, 0x00, 0x03, 0x00, 0x07, 0x00, 0x0B, 0x00, 0x18, 0x00, 0x37, 0x00, 0x3B,
    0x00, 0x3F, 0x00, 0x43, 0x00, 0x4E, 0x00, 0x59, 0x00, 0x65, 0x00, 0x7A, 0x00, 0x82, 0x00, 0x00,
    0x53, 0x21, 0x15, 0x21, 0x17, 0x33, 0x15, 0x23, 0x25, 0x33, 0x11, 0x23, 0x01, 0x33, 0x0E, 0x03,
    0x07, 0x26, 0x26, 0x27, 0x3E, 0x02, 0x17, 0x33, 0x30, 0x14, 0x14, 0x15, 0x0E, 0x03, 0x07, 0x06,
    0x06, 0x07, 0x06, 0x26, 0x27, 0x26, 0x26, 0x27, 0x16, 0x16, 0x33, 0x32, 0x36, 0x37, 0x3E, 0x03,
    0x37, 0x37, 0x21, 0x15, 0x21, 0x07, 0x21, 0x15, 0x21, 0x17, 0x33, 0x15, 0x23, 0x03, 0x17, 0x06,
    0x06, 0x07, 0x2E, 0x02, 0x27, 0x36, 0x36, 0x05, 0x33, 0x37, 0x17, 0x06, 0x06, 0x07, 0x27, 0x36,
    0x36, 0x37, 0x05, 0x33, 0x0E, 0x02, 0x07, 0x26, 0x26, 0x27, 0x3E, 0x02, 0x17, 0x1E, 0x02, 0x33,
    0x3A, 0x02, 0x36, 0x33, 0x0E, 0x02, 0x07, 0x23, 0x23, 0x22, 0x2E, 0x02, 0x27, 0x01, 0x37, 0x16,
    0x16, 0x17, 0x07, 0x26, 0x26, 0x2C, 0x01, 0x90, 0xFE, 0x70, 0x8E, 0xAE, 0xAE, 0x01, 0xDB, 0x44,
    0x44, 0xFE, 0x03, 0x47, 0x01, 0x09, 0x1C, 0x37, 0x30, 0x09, 0x20, 0x0E, 0x3B, 0x33, 0x0E, 0xB7,
    0x45, 0x03, 0x05, 0x09, 0x0C, 0x0A, 0x0B, 0x1B, 0x14, 0x11, 0x36, 0x1F, 0x01, 0x0A, 0x07, 0x1D,
    0x30, 0x0A, 0x0B, 0x0E, 0x05, 0x07, 0x09, 0x07, 0x06, 0x02, 0xCA, 0x01, 0xA6, 0xFE, 0x5A, 0x31,
    0x01, 0x98, 0xFE, 0x68, 0xCE, 0xE3, 0xE3, 0x8D, 0x49, 0x19, 0x52, 0x33, 0x06, 0x17, 0x17, 0x09,
    0x32, 0x4B, 0x01, 0x5D, 0x0C, 0x0B, 0x31, 0x13, 0x28, 0x13, 0x3A, 0x10, 0x22, 0x0E, 0xFE, 0x8A,
    0x42, 0x03, 0x15, 0x33, 0x31, 0x07, 0x1C, 0x0D, 0x2A, 0x2C, 0x11, 0x36, 0x16, 0x4C, 0x66, 0x3C,
    0x07, 0x29, 0x31, 0x2C, 0x0B, 0x05, 0x09, 0x07, 0x02, 0x21, 0x64, 0x39, 0x5F, 0x4D, 0x3A, 0x15,
    0xFE, 0xB0, 0x44, 0x16, 0x2B, 0x0B, 0x46, 0x0B, 0x2A, 0x02, 0xA5, 0x47, 0x83, 0x46, 0x5D, 0xFE,
    0x0E, 0x02, 0x7D, 0x79, 0xD3, 0xB5, 0x94, 0x38, 0x0D, 0x1D, 0x09, 0x43, 0xC5, 0xFC, 0x0C, 0x0D,
    0x10, 0x05, 0x7D, 0xAC, 0x6D, 0x3C, 0x0C, 0x11, 0x0E, 0x02, 0x03, 0x01, 0x01, 0x10, 0x26, 0x0F,
    0x03, 0x01, 0x05, 0x08, 0x09, 0x37, 0x68, 0xA5, 0x78, 0xFB, 0x45, 0x6C, 0x42, 0xB0, 0x42, 0x02,
    0x67, 0x0F, 0x60, 0xAC, 0x3B, 0x07, 0x12, 0x12, 0x05, 0x35, 0x9C, 0xDE, 0x03, 0x10, 0x2E, 0x62,
    0x21, 0x16, 0x20, 0x55, 0x29, 0x98, 0x5B, 0xA9, 0x8C, 0x31, 0x0B, 0x1E, 0x08, 0x2B, 0x7D, 0x98,
    0x3B, 0x5E, 0x62, 0x21, 0x01, 0x09, 0x19, 0x1A, 0x09, 0x16, 0x3A, 0x6D, 0x56, 0x02, 0x56, 0x16,
    0x21, 0x4E, 0x1C, 0x19, 0x1C, 0x52, 0x00, 0x03, 0x00, 0xB0, 0xFF, 0xBB, 0x03, 0x40, 0x03, 0x04,
    0x00, 0x07, 0x00, 0x0B, 0x00, 0x0F, 0x00, 0x00, 0x53, 0x21, 0x11, 0x23, 0x11, 0x21, 0x11, 0x23,
    0x13, 0x21, 0x15, 0x21, 0x03, 0x21, 0x15, 0x21, 0xB0, 0x02, 0x90, 0x50, 0xFE, 0x0D, 0x4D, 0x34,
    0x02, 0x2E, 0xFD, 0xD2, 0x02, 0x02, 0x31, 0xFD, 0xCF, 0x03, 0x04, 0xFC, 0xBC, 0x02, 0xF9, 0xFD,
    0x02, 0x01, 0xEF, 0x4A, 0xFE, 0xE7, 0x4B, 0x00, 0x00, 0x05, 0x00, 0x25, 0xFF, 0xB0, 0x03, 0xC5,
    0x03, 0x47, 0x00, 0x03, 0x00, 0x07, 0x00, 0x0B, 0x00, 0x18, 0x00, 0x25, 0x00, 0x00, 0x53, 0x21,
    0x15, 0x21, 0x13, 0x21, 0x15, 0x21, 0x13, 0x33, 0x11, 0x23, 0x03, 0x17, 0x0E, 0x02, 0x07, 0x2E,
    0x02, 0x27, 0x3E, 0x02, 0x25, 0x1E, 0x02, 0x17, 0x0E, 0x02, 0x07, 0x2E, 0x02, 0x27, 0x41, 0x03,
    0x68, 0xFC, 0x98, 0xA1, 0x02, 0x22, 0xFD, 0xDE, 0xEA, 0x4F, 0x4F, 0x49, 0x44, 0x25, 0x71, 0x88,
    0x4C, 0x06, 0x14, 0x15, 0x09, 0x4A, 0x86, 0x6C, 0x01, 0x00, 0x22, 0x6D, 0x89, 0x4C, 0x09, 0x17,
    0x14, 0x07, 0x4D, 0x8A, 0x70, 0x25, 0x02, 0x75, 0x4C, 0xFE, 0x8E, 0x4C, 0x02, 0xDC, 0xFC, 0x69,
    0x02, 0xAC, 0x15, 0x68, 0xBF, 0x9D, 0x34, 0x09, 0x17, 0x15, 0x08, 0x2D, 0x92, 0xB3, 0x5B, 0x5D,
    0xB0, 0x8E, 0x2C, 0x07, 0x17, 0x18, 0x0B, 0x33, 0x9B, 0xBF, 0x67, 0x00, 0x00, 0x07, 0x00, 0x1C,
    0xFF, 0xB0, 0x03, 0xD3, 0x03, 0x48, 0x00, 0x03, 0x00, 0x14, 0x00, 0x3D, 0x00, 0x41, 0x00, 0x45,
    0x00, 0x53, 0x00, 0x5F, 0x00, 0x00, 0x41, 0x33, 0x15, 0x23, 0x27, 0x33, 0x11, 0x14, 0x0E, 0x02,
    0x07, 0x2E, 0x02, 0x27, 0x3E, 0x03, 0x35, 0x01, 0x33, 0x11, 0x14, 0x16, 0x17, 0x16, 0x33, 0x32,
    0x32, 0x33, 0x32, 0x37, 0x36, 0x36, 0x37, 0x36, 0x36, 0x35, 0x16, 0x16, 0x17, 0x14, 0x06, 0x06,
    0x07, 0x06, 0x07, 0x06, 0x06, 0x23, 0x22, 0x22, 0x23, 0x22, 0x26, 0x27, 0x2E, 0x02, 0x35, 0x01,
    0x21, 0x15, 0x21, 0x13, 0x33, 0x11, 0x23, 0x03, 0x17, 0x0E, 0x03, 0x07, 0x26, 0x26, 0x27, 0x3E,
    0x03, 0x17, 0x1E, 0x03, 0x17, 0x07, 0x2E, 0x03, 0x27, 0x02, 0x1E, 0xFA, 0xFA, 0x2C, 0x49, 0x0C,
    0x21, 0x42, 0x36, 0x05, 0x15, 0x17, 0x08, 0x32, 0x3C, 0x1E, 0x09, 0x01, 0x05, 0x4A, 0x03, 0x04,
    0x08, 0x0A, 0x05, 0x11, 0x07, 0x0E, 0x06, 0x04, 0x05, 0x01, 0x02, 0x02, 0x0C, 0x20, 0x0E, 0x03,
    0x03, 0x02, 0x07, 0x15, 0x0B, 0x1B, 0x0F, 0x0B, 0x1E, 0x0A, 0x0E, 0x20, 0x0B, 0x09, 0x0A, 0x04,
    0xFD, 0x3D, 0x01, 0x83, 0xFE, 0x7D, 0xA6, 0x49, 0x49, 0x03, 0x31, 0x0E, 0x2A, 0x34, 0x3A, 0x1F,
    0x06, 0x18, 0x09, 0x1C, 0x39, 0x31, 0x28, 0x52, 0x0B, 0x2D, 0x34, 0x2B, 0x09, 0x2F, 0x0B, 0x27,
    0x2E, 0x2A, 0x0D, 0x03, 0x0F, 0x47, 0x47, 0xFE, 0xBF, 0x3E, 0x8F, 0x92, 0x87, 0x38, 0x07, 0x13,
    0x12, 0x04, 0x35, 0x7B, 0x83, 0x81, 0x3A, 0x01, 0x41, 0xFD, 0x2F, 0x18, 0x1D, 0x03, 0x06, 0x07,
    0x05, 0x0F, 0x12, 0x11, 0x4C, 0x32, 0x0B, 0x11, 0x04, 0x1C, 0x3F, 0x34, 0x0D, 0x29, 0x0F, 0x07,
    0x07, 0x09, 0x0A, 0x08, 0x16, 0x2F, 0x2A, 0x02, 0x2E, 0x48, 0x01, 0x1E, 0xFC, 0x69, 0x02, 0x94,
    0x10, 0x3D, 0x82, 0x7C, 0x6A, 0x25, 0x0F, 0x27, 0x0E, 0x22, 0x5D, 0x6E, 0x72, 0x37, 0x0A, 0x30,
    0x3A, 0x31, 0x0A, 0x3E, 0x12, 0x37, 0x3D, 0x34, 0x0F, 0x00, 0x00, 0x09, 0x00, 0x20, 0xFF, 0xAE,
    0x03, 0xC7, 0x03, 0x48, 0x00, 0x03, 0x00, 0x07, 0x00, 0x16, 0x00, 0x22, 0x00, 0x33, 0x00, 0x37,
    0x00, 0x47, 0x00, 0x54, 0x00, 0x62, 0x00, 0x00, 0x53, 0x21, 0x15, 0x21, 0x13, 0x33, 0x11, 0x23,
    0x11, 0x17, 0x0E, 0x03, 0x07, 0x2E, 0x02, 0x27, 0x3E, 0x03, 0x37, 0x1E, 0x03, 0x17, 0x07, 0x2E,
    0x03, 0x27, 0x37, 0x33, 0x15, 0x14, 0x0E, 0x02, 0x07, 0x2E, 0x02, 0x27, 0x3E, 0x03, 0x35, 0x37,
    0x21, 0x15, 0x21, 0x25, 0x33, 0x37, 0x17, 0x0E, 0x02, 0x07, 0x2E, 0x02, 0x27, 0x3E, 0x02, 0x37,
    0x07, 0x1E, 0x02, 0x17, 0x0E, 0x02, 0x07, 0x2E, 0x02, 0x27, 0x01, 0x17, 0x0E, 0x03, 0x07, 0x26,
    0x26, 0x27, 0x3E, 0x03, 0x3A, 0x01, 0x49, 0xFE, 0xB7, 0x8B, 0x46, 0x46, 0x27, 0x0B, 0x23, 0x2C,
    0x32, 0x19, 0x04, 0x0D, 0x0F, 0x07, 0x1A, 0x31, 0x2C, 0x23, 0x4D, 0x08, 0x23, 0x27, 0x22, 0x06,
    0x2E, 0x07, 0x1D, 0x21, 0x1E, 0x0A, 0xC6, 0x49, 0x0A, 0x1B, 0x35, 0x2B, 0x07, 0x17, 0x17, 0x09,
    0x2A, 0x31, 0x18, 0x07, 0x23, 0x01, 0x91, 0xFE, 0x6F, 0x01, 0x77, 0x0D, 0x0D, 0x2F, 0x1C, 0x79,
    0xAB, 0x69, 0x05, 0x10, 0x11, 0x08, 0x60, 0xA2, 0x73, 0x19, 0xF6, 0x1C, 0x63, 0x94, 0x64, 0x09,
    0x13, 0x12, 0x06, 0x67, 0x97, 0x65, 0x20, 0x01, 0x5F, 0x32, 0x2C, 0x74, 0x81, 0x83, 0x3C, 0x02,
    0x0C, 0x07, 0x3B, 0x7E, 0x7B, 0x69, 0x02, 0x87, 0x46, 0x01, 0x07, 0xFC, 0x69, 0x02, 0xA9, 0x11,
    0x3D, 0x82, 0x7D, 0x6B, 0x25, 0x0A, 0x1B, 0x1A, 0x09, 0x20, 0x5E, 0x6E, 0x73, 0x03, 0x0A, 0x33,
    0x3D, 0x33, 0x0C, 0x39, 0x12, 0x3C, 0x40, 0x37, 0x10, 0xE0, 0xF5, 0x3F, 0x97, 0x9E, 0x95, 0x3E,
    0x06, 0x11, 0x0F, 0x04, 0x3B, 0x8B, 0x91, 0x8C, 0x3B, 0x2A, 0x44, 0x44, 0x03, 0x0E, 0xA3, 0xF0,
    0xA2, 0x30, 0x09, 0x17, 0x16, 0x07, 0x28, 0x96, 0xDA, 0x8D, 0x1D, 0x77, 0xCF, 0x99, 0x28, 0x07,
    0x17, 0x17, 0x0B, 0x2F, 0xA7, 0xDF, 0x85, 0x01, 0x4D, 0x3C, 0x12, 0x1B, 0x13, 0x0C, 0x03, 0x0D,
    0x26, 0x0D, 0x03, 0x0D, 0x13, 0x18, 0x00, 0x0A, 0x00, 0x20, 0xFF, 0xB0, 0x03, 0xAA, 0x03, 0x48,
    0x00, 0x0C, 0x00, 0x10, 0x00, 0x2F, 0x00, 0x3A, 0x00, 0x51, 0x00, 0x5B, 0x00, 0x5F, 0x00, 0x63,
    0x00, 0x72, 0x00, 0x7E, 0x00, 0x00, 0x41, 0x17, 0x0E, 0x02, 0x07, 0x2E, 0x02, 0x27, 0x3E, 0x02,
    0x17, 0x21, 0x15, 0x21, 0x25, 0x33, 0x30, 0x14, 0x06, 0x15, 0x0E, 0x03, 0x07, 0x06, 0x06, 0x07,
    0x06, 0x26, 0x27, 0x26, 0x26, 0x27, 0x16, 0x16, 0x33, 0x16, 0x36, 0x37, 0x3E, 0x03, 0x37, 0x01,
    0x27, 0x37, 0x25, 0x16, 0x16, 0x17, 0x0E, 0x03, 0x07, 0x2E, 0x02, 0x27, 0x36, 0x36, 0x37, 0x3E,
    0x03, 0x37, 0x17, 0x0E, 0x02, 0x07, 0x15, 0x30, 0x0E, 0x02, 0x37, 0x37, 0x1E, 0x02, 0x17, 0x07,
    0x2E, 0x02, 0x01, 0x21, 0x15, 0x21, 0x13, 0x33, 0x11, 0x23, 0x03, 0x17, 0x0E, 0x03, 0x07, 0x2E,
    0x02, 0x27, 0x3E, 0x03, 0x17, 0x1E, 0x03, 0x17, 0x07, 0x2E, 0x03, 0x27, 0x02, 0x04, 0x4A, 0x13,
    0x35, 0x3F, 0x24, 0x07, 0x17, 0x17, 0x09, 0x24, 0x3C, 0x2F, 0x07, 0x01, 0x82, 0xFE, 0x5D, 0x01,
    0x86, 0x4A, 0x01, 0x05, 0x0C, 0x0F, 0x14, 0x0E, 0x0F, 0x23, 0x18, 0x17, 0x46, 0x25, 0x01, 0x0D,
    0x09, 0x28, 0x43, 0x0F, 0x0E, 0x11, 0x07, 0x0C, 0x12, 0x0D, 0x0C, 0x05, 0xFE, 0x4E, 0x03, 0x22,
    0x01, 0x01, 0x02, 0x07, 0x03, 0x5D, 0x70, 0x3C, 0x1B, 0x08, 0x01, 0x09, 0x09, 0x04, 0x0C, 0x16,
    0x0D, 0x06, 0x19, 0x1E, 0x1D, 0x0A, 0x48, 0x13, 0x30, 0x37, 0x1B, 0x0E, 0x13, 0x0E, 0xCA, 0x37,
    0x14, 0x26, 0x1F, 0x08, 0x3C, 0x08, 0x1D, 0x25, 0xFD, 0xA8, 0x01, 0x51, 0xFE, 0xAF, 0x95, 0x48,
    0x48, 0x02, 0x2D, 0x0C, 0x24, 0x2C, 0x33, 0x1B, 0x03, 0x0E, 0x10, 0x07, 0x1A, 0x31, 0x2D, 0x22,
    0x52, 0x08, 0x24, 0x29, 0x22, 0x07, 0x2F, 0x09, 0x1F, 0x22, 0x20, 0x0A, 0x03, 0x48, 0x10, 0x49,
    0x8D, 0x7A, 0x2F, 0x06, 0x12, 0x11, 0x05, 0x2B, 0x71, 0x82, 0x61, 0x46, 0x46, 0x0F, 0x13, 0x05,
    0xB1, 0xF1, 0x99, 0x54, 0x13, 0x15, 0x10, 0x03, 0x03, 0x01, 0x02, 0x10, 0x2A, 0x11, 0x04, 0x01,
    0x01, 0x06, 0x0A, 0x0E, 0x51, 0x97, 0xEC, 0xA9, 0xFD, 0xF7, 0x39, 0x18, 0x2D, 0x0D, 0x23, 0x09,
    0x12, 0x18, 0x0E, 0x09, 0x04, 0x07, 0x19, 0x1A, 0x09, 0x03, 0x21, 0x18, 0x0C, 0x37, 0x4C, 0x57,
    0x2B, 0x15, 0x3D, 0x7B, 0x6E, 0x2D, 0x02, 0x07, 0x0C, 0x0D, 0xE8, 0x14, 0x26, 0x59, 0x53, 0x1F,
    0x19, 0x20, 0x55, 0x5A, 0x01, 0x36, 0x46, 0x01, 0x07, 0xFC, 0x69, 0x02, 0xA9, 0x10, 0x3E, 0x81,
    0x7D, 0x6C, 0x26, 0x0B, 0x1B, 0x1A, 0x09, 0x21, 0x5E, 0x6E, 0x73, 0x0F, 0x0A, 0x33, 0x3D, 0x34,
    0x0C, 0x37, 0x13, 0x3B, 0x3F, 0x37, 0x10, 0x00, 0x00, 0x0A, 0x00, 0x1E, 0xFF, 0xAF, 0x03, 0xC6,
    0x03, 0x4E, 0x00, 0x03, 0x00, 0x0E, 0x00, 0x18, 0x00, 0x25, 0x00, 0x2D, 0x00, 0x31, 0x00, 0x35,
    0x00, 0x44, 0x00, 0x50, 0x00, 0x5B, 0x00, 0x00, 0x41, 0x21, 0x15, 0x21, 0x17, 0x17, 0x06, 0x06,
    0x07, 0x26, 0x26, 0x27, 0x3E, 0x02, 0x37, 0x37, 0x1E, 0x02, 0x17, 0x07, 0x2E, 0x02, 0x07, 0x1E,
    0x02, 0x17, 0x0E, 0x02, 0x07, 0x2E, 0x02, 0x27, 0x13, 0x37, 0x16, 0x16, 0x17, 0x07, 0x26, 0x26,
    0x05, 0x21, 0x15, 0x21, 0x13, 0x33, 0x11, 0x23, 0x03, 0x17, 0x0E, 0x03, 0x07, 0x2E, 0x02, 0x27,
    0x3E, 0x03, 0x17, 0x1E, 0x03, 0x17, 0x07, 0x2E, 0x03, 0x27, 0x05, 0x17, 0x06, 0x06, 0x07, 0x2E,
    0x02, 0x27, 0x36, 0x36, 0x01, 0x90, 0x02, 0x25, 0xFD, 0xDB, 0x85, 0x44, 0x22, 0x5F, 0x33, 0x09,
    0x20, 0x0C, 0x21, 0x3F, 0x34, 0xCB, 0x34, 0x21, 0x44, 0x3B, 0x11, 0x38, 0x10, 0x39, 0x43, 0xCF,
    0x23, 0x78, 0xA4, 0x66, 0x09, 0x13, 0x12, 0x06, 0x68, 0xA7, 0x7C, 0x28, 0x5F, 0x3F, 0x1A, 0x2E,
    0x0C, 0x43, 0x0B, 0x2D, 0xFD, 0xE9, 0x01, 0x38, 0xFE, 0xC8, 0x82, 0x45, 0x45, 0x07, 0x2D, 0x0B,
    0x22, 0x2A, 0x31, 0x1A, 0x03, 0x0E, 0x0F, 0x07, 0x19, 0x2E, 0x2A, 0x20, 0x55, 0x09, 0x22, 0x27,
    0x20, 0x07, 0x2D, 0x08, 0x1D, 0x22, 0x1F, 0x0A, 0x02, 0x18, 0x49, 0x31, 0xD2, 0xA5, 0x04, 0x12,
    0x12, 0x08, 0x9D, 0xC9, 0x02, 0xB5, 0x46, 0x1A, 0x1E, 0x3C, 0x78, 0x2C, 0x0A, 0x1B, 0x08, 0x1B,
    0x47, 0x4C, 0x01, 0x28, 0x1F, 0x4B, 0x49, 0x1D, 0x2E, 0x1E, 0x4B, 0x4D, 0x72, 0x64, 0xA8, 0x7B,
    0x21, 0x08, 0x17, 0x19, 0x0B, 0x27, 0x89, 0xBA, 0x6F, 0x01, 0xA4, 0x1B, 0x1C, 0x44, 0x1B, 0x20,
    0x1B, 0x48, 0xA2, 0x46, 0x01, 0x1A, 0xFC, 0x69, 0x02, 0x99, 0x10, 0x3D, 0x83, 0x7E, 0x6D, 0x26,
    0x0A, 0x1A, 0x1B, 0x08, 0x22, 0x5F, 0x70, 0x74, 0x0D, 0x0B, 0x37, 0x41, 0x38, 0x0C, 0x39, 0x14,
    0x3E, 0x44, 0x3B, 0x10, 0x44, 0x12, 0xAA, 0xF0, 0x4A, 0x08, 0x16, 0x15, 0x06, 0x44, 0xDF, 0x00,
    0x00, 0x05, 0x00, 0x34, 0xFF, 0xDD, 0x03, 0xB6, 0x02, 0xFF, 0x00, 0x03, 0x00, 0x07, 0x00, 0x0B,
    0x00, 0x0F, 0x00, 0x13, 0x00, 0x00, 0x53, 0x21, 0x15, 0x21, 0x01, 0x21, 0x15, 0x21, 0x01, 0x21,
    0x15, 0x21, 0x01, 0x33, 0x11, 0x23, 0x01, 0x33, 0x11, 0x23, 0x5A, 0x03, 0x3B, 0xFC, 0xC5, 0x01,
    0xB1, 0x01, 0x63, 0xFE, 0x9D, 0xFE, 0x29, 0x03, 0x82, 0xFC, 0x7E, 0x01, 0xB2, 0x4F, 0x4F, 0xFE,
    0xD6, 0x4D, 0x4D, 0x02, 0xFF, 0x4A, 0xFE, 0xF5, 0x49, 0xFE, 0xC5, 0x49, 0x03, 0x06, 0xFD, 0x1F,
    0x01, 0xFC, 0xFE, 0x01, 0x00, 0x0A, 0x00, 0x26, 0xFF, 0xB0, 0x03, 0xA7, 0x03, 0x49, 0x00, 0x03,
    0x00, 0x07, 0x00, 0x10, 0x00, 0x1A, 0x00, 0x20, 0x00, 0x31, 0x00, 0x35, 0x00, 0x3F, 0x00, 0x49,
    0x00, 0x53, 0x00, 0x00, 0x41, 0x21, 0x15, 0x21, 0x07, 0x21, 0x15, 0x21, 0x01, 0x17, 0x06, 0x06,
    0x07, 0x27, 0x3E, 0x02, 0x05, 0x37, 0x1E, 0x02, 0x17, 0x07, 0x2E, 0x02, 0x17, 0x21, 0x15, 0x21,
    0x11, 0x23, 0x01, 0x33, 0x11, 0x14, 0x06, 0x07, 0x06, 0x06, 0x23, 0x26, 0x26, 0x27, 0x16, 0x16,
    0x37, 0x36, 0x35, 0x03, 0x33, 0x11, 0x23, 0x01, 0x37, 0x1E, 0x02, 0x17, 0x07, 0x2E, 0x02, 0x07,
    0x37, 0x1E, 0x02, 0x17, 0x07, 0x2E, 0x02, 0x03, 0x3E, 0x02, 0x37, 0x17, 0x0E, 0x02, 0x07, 0x01,
    0xAC, 0x01, 0xAC, 0xFE, 0x54, 0x03, 0x01, 0xAF, 0xFE, 0x51, 0x01, 0xB6, 0x48, 0x1A, 0x3D, 0x1B,
    0x40, 0x12, 0x27, 0x25, 0xFE, 0x0C, 0x3F, 0x16, 0x2A, 0x21, 0x08, 0x43, 0x07, 0x20, 0x28, 0x06,
    0x01, 0xE0, 0xFE, 0x6A, 0x4A, 0x01, 0xBB, 0x49, 0x10, 0x16, 0x17, 0x4D, 0x39, 0x02, 0x0E, 0x08,
    0x2B, 0x47, 0x0C, 0x14, 0xDA, 0x4B, 0x4B, 0xFD, 0xF9, 0x2D, 0x1F, 0x42, 0x3B, 0x12, 0x2E, 0x12,
    0x39, 0x43, 0x4E, 0x2B, 0x20, 0x44, 0x3D, 0x12, 0x2C, 0x13, 0x3C, 0x43, 0x01, 0x19, 0x3B, 0x3D,
    0x19, 0x38, 0x17, 0x36, 0x39, 0x1B, 0x01, 0x79, 0x41, 0x6D, 0x40, 0x02, 0xA1, 0x1C, 0x32, 0x67,
    0x24, 0x1B, 0x1A, 0x41, 0x46, 0x05, 0x1D, 0x1C, 0x42, 0x40, 0x1A, 0x21, 0x19, 0x42, 0x44, 0xC2,
    0x47, 0xFD, 0xCC, 0x02, 0x7B, 0xFD, 0xE3, 0x1F, 0x23, 0x0A, 0x09, 0x03, 0x0E, 0x2A, 0x0F, 0x01,
    0x01, 0x01, 0x01, 0x12, 0x03, 0x3A, 0xFE, 0xB6, 0x01, 0x0B, 0x33, 0x0F, 0x28, 0x2A, 0x12, 0x3A,
    0x13, 0x2B, 0x2C, 0xFC, 0x35, 0x0E, 0x28, 0x2A, 0x12, 0x3B, 0x13, 0x2B, 0x2A, 0xFD, 0xFD, 0x27,
    0x6C, 0x78, 0x39, 0x2D, 0x35, 0x74, 0x6F, 0x30, 0x00, 0x0F, 0x00, 0x26, 0xFF, 0xB0, 0x03, 0xC6,
    0x03, 0x4D, 0x00, 0x03, 0x00, 0x0E, 0x00, 0x19, 0x00, 0x22, 0x00, 0x2C, 0x00, 0x41, 0x00, 0x4D,
    0x00, 0x56, 0x00, 0x60, 0x00, 0x68, 0x00, 0x73, 0x00, 0x83, 0x00, 0x8D, 0x00, 0x97, 0x00, 0xA1,
    0x00, 0x00, 0x41, 0x21, 0x15, 0x21, 0x01, 0x1E, 0x02, 0x17, 0x06, 0x06, 0x07, 0x26, 0x26, 0x27,
    0x27, 0x17, 0x06, 0x06, 0x07, 0x2E, 0x02, 0x27, 0x36, 0x36, 0x05, 0x17, 0x06, 0x06, 0x07, 0x27,
    0x3E, 0x02, 0x27, 0x37, 0x1E, 0x02, 0x17, 0x07, 0x2E, 0x02, 0x05, 0x2E, 0x02, 0x27, 0x36, 0x36,
    0x37, 0x3E, 0x02, 0x37, 0x17, 0x06, 0x06, 0x07, 0x15, 0x30, 0x0E, 0x02, 0x15, 0x27, 0x37, 0x25,
    0x16, 0x16, 0x17, 0x0E, 0x04, 0x13, 0x17, 0x0E, 0x02, 0x07, 0x27, 0x36, 0x36, 0x37, 0x37, 0x1E,
    0x02, 0x17, 0x07, 0x2E, 0x02, 0x27, 0x37, 0x16, 0x16, 0x17, 0x07, 0x26, 0x26, 0x03, 0x27, 0x37,
    0x37, 0x14, 0x16, 0x17, 0x0E, 0x03, 0x07, 0x2E, 0x02, 0x27, 0x36, 0x36, 0x35, 0x35, 0x33, 0x15,
    0x30, 0x0E, 0x03, 0x01, 0x37, 0x1E, 0x02, 0x17, 0x07, 0x2E, 0x02, 0x07, 0x37, 0x1E, 0x02, 0x17,
    0x07, 0x2E, 0x02, 0x03, 0x3E, 0x02, 0x37, 0x17, 0x0E, 0x02, 0x07, 0x01, 0x33, 0x02, 0x78, 0xFD,
    0x88, 0x01, 0x4F, 0x1B, 0x5B, 0x7F, 0x4F, 0x0D, 0x1C, 0x09, 0x7C, 0xAA, 0x2D, 0x1A, 0x44, 0x34,
    0xAF, 0x6D, 0x04, 0x12, 0x13, 0x08, 0x69, 0xAA, 0x01, 0x6C, 0x3B, 0x27, 0x5F, 0x27, 0x31, 0x1A,
    0x3C, 0x39, 0xCE, 0x34, 0x1C, 0x3E, 0x38, 0x11, 0x38, 0x10, 0x36, 0x3D, 0xFE, 0xB9, 0x02, 0x08,
    0x08, 0x05, 0x0F, 0x1F, 0x12, 0x0E, 0x3B, 0x46, 0x1E, 0x45, 0x37, 0x7A, 0x3B, 0x0E, 0x13, 0x0E,
    0x02, 0x27, 0x01, 0x79, 0x03, 0x09, 0x04, 0x6D, 0x93, 0x5B, 0x33, 0x18, 0x73, 0x3C, 0x1D, 0x48,
    0x50, 0x2A, 0x2B, 0x37, 0x70, 0xFF, 0x2B, 0x27, 0x53, 0x4B, 0x17, 0x2D, 0x16, 0x4A, 0x54, 0xB6,
    0x49, 0x10, 0x1E, 0x08, 0x4D, 0x07, 0x1D, 0x96, 0x04, 0x21, 0xDF, 0x02, 0x02, 0x4E, 0x5F, 0x33,
    0x19, 0x07, 0x02, 0x0C, 0x0D, 0x06, 0x0C, 0x1E, 0x43, 0x0F, 0x17, 0x17, 0x0F, 0xFE, 0xBC, 0x2F,
    0x1D, 0x3C, 0x35, 0x10, 0x31, 0x0F, 0x35, 0x3C, 0x49, 0x2F, 0x1D, 0x3C, 0x35, 0x11, 0x31, 0x10,
    0x35, 0x3C, 0x03, 0x16, 0x35, 0x35, 0x16, 0x3B, 0x14, 0x31, 0x33, 0x17, 0x02, 0xEB, 0x42, 0xFE,
    0xC8, 0x55, 0x91, 0x6C, 0x1E, 0x0A, 0x25, 0x0F, 0x36, 0xD8, 0x90, 0x11, 0x15, 0x59, 0x87, 0x2D,
    0x08, 0x15, 0x14, 0x06, 0x27, 0x7A, 0x0D, 0x2A, 0x21, 0x43, 0x17, 0x26, 0x10, 0x2C, 0x30, 0xD4,
    0x21, 0x1B, 0x40, 0x3E, 0x18, 0x28, 0x19, 0x40, 0x43, 0x94, 0x08, 0x19, 0x1B, 0x09, 0x03, 0x13,
    0x10, 0x0B, 0x37, 0x4B, 0x28, 0x20, 0x40, 0x73, 0x28, 0x02, 0x06, 0x0B, 0x0C, 0x06, 0x35, 0x18,
    0x28, 0x0E, 0x20, 0x0A, 0x0D, 0x12, 0x0C, 0x08, 0x07, 0x01, 0x72, 0x19, 0x24, 0x49, 0x41, 0x17,
    0x3A, 0x1C, 0x59, 0x04, 0x32, 0x1A, 0x40, 0x3F, 0x19, 0x38, 0x19, 0x42, 0x42, 0xDE, 0x14, 0x1B,
    0x41, 0x17, 0x17, 0x18, 0x43, 0xFC, 0x92, 0x3D, 0x1B, 0x36, 0x0F, 0x24, 0x0C, 0x15, 0x1B, 0x10,
    0x0A, 0x05, 0x08, 0x15, 0x15, 0x06, 0x08, 0x22, 0x20, 0xA2, 0xDB, 0x0A, 0x11, 0x13, 0x14, 0x03,
    0x52, 0x2B, 0x12, 0x2D, 0x2E, 0x13, 0x32, 0x15, 0x30, 0x2F, 0xF9, 0x2C, 0x10, 0x2C, 0x2C, 0x13,
    0x32, 0x13, 0x2E, 0x2E, 0xFD, 0xFD, 0x27, 0x6B, 0x77, 0x38, 0x28, 0x34, 0x72, 0x6D, 0x2E, 0x00,
    0x00, 0x04, 0x00, 0x26, 0xFF, 0xAE, 0x03, 0x87, 0x03, 0x47, 0x00, 0x03, 0x00, 0x07, 0x00, 0x17,
    0x00, 0x1D, 0x00, 0x00, 0x53, 0x21, 0x15, 0x21, 0x01, 0x33, 0x11, 0x23, 0x01, 0x33, 0x11, 0x14,
    0x0E, 0x02, 0x07, 0x2E, 0x02, 0x27, 0x3E, 0x02, 0x35, 0x17, 0x21, 0x11, 0x23, 0x11, 0x21, 0xDB,
    0x02, 0xAC, 0xFD, 0x54, 0x01, 0x43, 0x4F, 0x4F, 0xFE, 0x96, 0x4E, 0x0B, 0x20, 0x40, 0x36, 0x06,
    0x15, 0x16, 0x0A, 0x40, 0x3C, 0x12, 0x24, 0x02, 0x15, 0x51, 0xFE, 0x3C, 0x02, 0x45, 0x4D, 0x01,
    0x4F, 0xFE, 0xDB, 0x01, 0x0C, 0xFE, 0xB3, 0x4B, 0x96, 0x90, 0x86, 0x3C, 0x0A, 0x15, 0x15, 0x07,
    0x47, 0xA6, 0xB2, 0x59, 0x89, 0xFE, 0x58, 0x01, 0x5B, 0x00, 0x00, 0x09, 0x00, 0x1E, 0xFF, 0xAB,
    0x03, 0xC3, 0x03, 0x4A, 0x00, 0x03, 0x00, 0x07, 0x00, 0x0B, 0x00, 0x11, 0x00, 0x22, 0x00, 0x32,
    0x00, 0x3F, 0x00, 0x4B, 0x00, 0x5C, 0x00, 0x00, 0x53, 0x21, 0x15, 0x21, 0x25, 0x21, 0x15, 0x21,
    0x03, 0x33, 0x11, 0x23, 0x07, 0x33, 0x11, 0x23, 0x11, 0x23, 0x03, 0x33, 0x11, 0x14, 0x0E, 0x02,
    0x07, 0x2E, 0x02, 0x27, 0x3E, 0x03, 0x35, 0x25, 0x33, 0x37, 0x17, 0x0E, 0x02, 0x07, 0x2E, 0x02,
    0x27, 0x3E, 0x02, 0x37, 0x07, 0x1E, 0x02, 0x17, 0x0E, 0x02, 0x07, 0x2E, 0x02, 0x27, 0x01, 0x17,
    0x0E, 0x02, 0x07, 0x26, 0x26, 0x27, 0x3E, 0x02, 0x05, 0x33, 0x11, 0x14, 0x0E, 0x02, 0x07, 0x2E,
    0x02, 0x27, 0x3E, 0x03, 0x35, 0x86, 0x01, 0x31, 0xFE, 0xCF, 0x01, 0x86, 0x01, 0x66, 0xFE, 0x9A,
    0xF2, 0x45, 0x45, 0x91, 0xF1, 0x45, 0xAC, 0x20, 0x45, 0x06, 0x12, 0x24, 0x1E, 0x06, 0x13, 0x14,
    0x09, 0x19, 0x1E, 0x0F, 0x05, 0x02, 0xF4, 0x0E, 0x0C, 0x2D, 0x16, 0x68, 0x98, 0x5F, 0x04, 0x10,
    0x11, 0x08, 0x57, 0x8E, 0x62, 0x14, 0xE6, 0x17, 0x56, 0x84, 0x5B, 0x08, 0x14, 0x11, 0x06, 0x5D,
    0x85, 0x57, 0x1A, 0x01, 0x48, 0x2F, 0x3C, 0x96, 0x9F, 0x4B, 0x02, 0x0D, 0x06, 0x4A, 0x9B, 0x8B,
    0xFE, 0x90, 0x48, 0x07, 0x13, 0x27, 0x21, 0x07, 0x15, 0x17, 0x09, 0x1D, 0x22, 0x12, 0x05, 0x02,
    0x33, 0x43, 0x34, 0x45, 0x01, 0x6B, 0xFE, 0xC1, 0xAC, 0xFE, 0x52, 0x01, 0x6A, 0x02, 0x19, 0xFE,
    0x73, 0x42, 0x87, 0x84, 0x79, 0x34, 0x08, 0x10, 0x11, 0x05, 0x30, 0x70, 0x79, 0x79, 0x39, 0x7E,
    0x03, 0x0C, 0xA4, 0xF2, 0xA6, 0x31, 0x09, 0x17, 0x16, 0x07, 0x27, 0x99, 0xDD, 0x8E, 0x1E, 0x79,
    0xD0, 0x9A, 0x2B, 0x07, 0x15, 0x16, 0x0A, 0x32, 0xA8, 0xDF, 0x85, 0x01, 0x54, 0x40, 0x0E, 0x18,
    0x10, 0x05, 0x0D, 0x25, 0x0D, 0x06, 0x12, 0x17, 0x2F, 0xFE, 0xA7, 0x3F, 0x87, 0x87, 0x7D, 0x36,
    0x07, 0x0F, 0x10, 0x04, 0x32, 0x75, 0x7C, 0x7B, 0x38, 0x00, 0x00, 0x07, 0x00, 0x5A, 0xFF, 0xB4,
    0x03, 0x8F, 0x03, 0x07, 0x00, 0x03, 0x00, 0x07, 0x00, 0x0B, 0x00, 0x0F, 0x00, 0x13, 0x00, 0x17,
    0x00, 0x1D, 0x00, 0x00, 0x53, 0x21, 0x15, 0x21, 0x05, 0x33, 0x11, 0x23, 0x27, 0x15, 0x21, 0x35,
    0x25, 0x15, 0x21, 0x35, 0x25, 0x21, 0x11, 0x21, 0x01, 0x33, 0x11, 0x23, 0x01, 0x33, 0x11, 0x21,
    0x15, 0x21, 0x5C, 0x03, 0x32, 0xFC, 0xCE, 0x01, 0x73, 0x43, 0x43, 0x8E, 0x01, 0x60, 0xFE, 0xA0,
    0x01, 0x60, 0xFE, 0x60, 0x01, 0xE2, 0xFE, 0x1E, 0x02, 0x43, 0x4B, 0x4B, 0xFD, 0x16, 0x4D, 0x02,
    0xCE, 0xFC, 0xE5, 0x03, 0x07, 0x47, 0x8B, 0xFE, 0x74, 0xA9, 0x84, 0x84, 0xBF, 0x83, 0x83, 0x3F,
    0xFE, 0x3E, 0x01, 0x87, 0xFD, 0x9F, 0x02, 0x5A, 0xFE, 0x1B, 0x46, 0x00, 0x00, 0x09, 0x00, 0x2D,
    0xFF, 0xCC, 0x03, 0xBC, 0x03, 0x52, 0x00, 0x03, 0x00, 0x07, 0x00, 0x16, 0x00, 0x27, 0x00, 0x2F,
    0x00, 0x39, 0x00, 0x43, 0x00, 0x47, 0x00, 0x57, 0x00, 0x00, 0x53, 0x21, 0x15, 0x21, 0x07, 0x21,
    0x15, 0x21, 0x13, 0x33, 0x15, 0x14, 0x06, 0x06, 0x07, 0x2E, 0x02, 0x27, 0x3E, 0x02, 0x35, 0x25,
    0x33, 0x11, 0x14, 0x06, 0x07, 0x06, 0x06, 0x23, 0x26, 0x26, 0x27, 0x16, 0x32, 0x37, 0x32, 0x35,
    0x01, 0x17, 0x06, 0x06, 0x07, 0x27, 0x36, 0x36, 0x07, 0x37, 0x1E, 0x02, 0x17, 0x07, 0x2E, 0x02,
    0x07, 0x37, 0x1E, 0x02, 0x17, 0x07, 0x2E, 0x02, 0x01, 0x21, 0x15, 0x21, 0x13, 0x21, 0x11, 0x23,
    0x35, 0x23, 0x15, 0x23, 0x35, 0x23, 0x15, 0x23, 0x35, 0x23, 0x15, 0x23, 0xF6, 0x02, 0x15, 0xFD,
    0xEB, 0xC3, 0x03, 0x89, 0xFC, 0x77, 0xA1, 0x4B, 0x18, 0x44, 0x42, 0x05, 0x14, 0x15, 0x09, 0x3D,
    0x3B, 0x12, 0x02, 0x11, 0x4B, 0x10, 0x15, 0x14, 0x44, 0x33, 0x02, 0x0E, 0x08, 0x24, 0x3D, 0x0A,
    0x12, 0xFE, 0xEA, 0x52, 0x0F, 0x1A, 0x0C, 0x47, 0x0B, 0x19, 0x3C, 0x25, 0x1B, 0x39, 0x33, 0x10,
    0x27, 0x0F, 0x32, 0x39, 0x22, 0x26, 0x1C, 0x3D, 0x36, 0x11, 0x26, 0x11, 0x36, 0x3D, 0xFE, 0x8B,
    0x03, 0x8E, 0xFC, 0x72, 0x71, 0x02, 0xAD, 0x49, 0x87, 0x46, 0x86, 0x45, 0x86, 0x46, 0x02, 0xFD,
    0x3E, 0x99, 0x42, 0x01, 0x19, 0xB1, 0x36, 0x77, 0x71, 0x2B, 0x08, 0x15, 0x13, 0x05, 0x27, 0x5E,
    0x63, 0x2D, 0xB0, 0xFE, 0x71, 0x1B, 0x1F, 0x09, 0x08, 0x03, 0x0E, 0x24, 0x0E, 0x01, 0x01, 0x0F,
    0x01, 0xE3, 0x10, 0x1E, 0x38, 0x14, 0x0F, 0x18, 0x3C, 0xB4, 0x2B, 0x0C, 0x20, 0x22, 0x10, 0x2F,
    0x0F, 0x24, 0x23, 0xD1, 0x2B, 0x0D, 0x24, 0x24, 0x10, 0x30, 0x11, 0x26, 0x25, 0xFE, 0x73, 0x43,
    0x01, 0x39, 0xFE, 0xE9, 0xDA, 0xDA, 0xDA, 0xDA, 0xDA, 0xDA, 0x00, 0x04, 0x00, 0x9E, 0xFF, 0xB6,
    0x03, 0x45, 0x03, 0x0A, 0x00, 0x03, 0x00, 0x07, 0x00, 0x0B, 0x00, 0x13, 0x00, 0x00, 0x53, 0x21,
    0x15, 0x21, 0x15, 0x21, 0x15, 0x21, 0x15, 0x21, 0x15, 0x21, 0x03, 0x21, 0x11, 0x23, 0x11, 0x21,
    0x11, 0x23, 0xD2, 0x02, 0x42, 0xFD, 0xBE, 0x02, 0x42, 0xFD, 0xBE, 0x02, 0x42, 0xFD, 0xBE, 0x34,
    0x02, 0xA7, 0x4E, 0xFD, 0xF2, 0x4B, 0x02, 0x1E, 0x48, 0xA5, 0x48, 0xA6, 0x49, 0x03, 0x10, 0xFC,
    0xAC, 0x03, 0x0A, 0xFC, 0xF6, 0x00, 0x00, 0x09, 0x00, 0x1E, 0xFF, 0xB2, 0x03, 0xBB, 0x03, 0x48,
    0x00, 0x03, 0x00, 0x07, 0x00, 0x15, 0x00, 0x21, 0x00, 0x2D, 0x00, 0x3A, 0x00, 0x44, 0x00, 0x50,
    0x00, 0x54, 0x00, 0x00, 0x53, 0x33, 0x11, 0x23, 0x03, 0x21, 0x15, 0x21, 0x37, 0x17, 0x0E, 0x03,
    0x07, 0x26, 0x26, 0x27, 0x3E, 0x03, 0x13, 0x17, 0x0E, 0x02, 0x07, 0x26, 0x26, 0x27, 0x3E, 0x02,
    0x03, 0x1E, 0x03, 0x17, 0x07, 0x2E, 0x03, 0x27, 0x37, 0x17, 0x0E, 0x02, 0x07, 0x2E, 0x02, 0x27,
    0x3E, 0x02, 0x25, 0x37, 0x1E, 0x02, 0x17, 0x07, 0x2E, 0x02, 0x13, 0x17, 0x0E, 0x02, 0x07, 0x26,
    0x26, 0x27, 0x3E, 0x02, 0x03, 0x33, 0x11, 0x23, 0xD2, 0x4A, 0x4A, 0xA7, 0x01, 0x7E, 0xFE, 0x82,
    0xAB, 0x2F, 0x0E, 0x2B, 0x33, 0x38, 0x1D, 0x06, 0x17, 0x09, 0x1A, 0x36, 0x32, 0x29, 0xAB, 0x2E,
    0x2E, 0x74, 0x7C, 0x3A, 0x02, 0x0D, 0x06, 0x38, 0x77, 0x6B, 0x36, 0x09, 0x26, 0x2D, 0x24, 0x07,
    0x2D, 0x09, 0x21, 0x26, 0x23, 0x0B, 0xF8, 0x46, 0x09, 0x19, 0x20, 0x12, 0x07, 0x18, 0x17, 0x09,
    0x12, 0x1E, 0x16, 0x01, 0x21, 0x40, 0x1A, 0x2D, 0x24, 0x09, 0x44, 0x09, 0x23, 0x2C, 0x28, 0x46,
    0x27, 0x8B, 0xC7, 0x83, 0x06, 0x17, 0x0C, 0x7D, 0xBC, 0x82, 0xAA, 0x48, 0x48, 0x02, 0xF5, 0xFC,
    0xBD, 0x02, 0x7C, 0x46, 0x2B, 0x13, 0x35, 0x72, 0x6F, 0x61, 0x22, 0x0F, 0x28, 0x0E, 0x1E, 0x54,
    0x62, 0x65, 0x01, 0x55, 0x3C, 0x12, 0x1E, 0x17, 0x08, 0x0C, 0x22, 0x0C, 0x0A, 0x18, 0x1F, 0xFE,
    0xAD, 0x09, 0x2F, 0x38, 0x2F, 0x0B, 0x3B, 0x12, 0x36, 0x3C, 0x34, 0x0E, 0xE6, 0x0D, 0x3A, 0x75,
    0x69, 0x28, 0x05, 0x0C, 0x0C, 0x03, 0x26, 0x62, 0x6F, 0x2E, 0x16, 0x2B, 0x62, 0x5E, 0x25, 0x19,
    0x25, 0x60, 0x63, 0xFE, 0xF4, 0x16, 0x6D, 0x9F, 0x6B, 0x1F, 0x0F, 0x27, 0x0C, 0x1B, 0x5E, 0x8F,
    0x02, 0x4B, 0xFD, 0x95, 0x00, 0x0D, 0x00, 0x21, 0xFF, 0xAC, 0x03, 0xBE, 0x03, 0x48, 0x00, 0x03,
    0x00, 0x07, 0x00, 0x14, 0x00, 0x20, 0x00, 0x2C, 0x00, 0x37, 0x00, 0x43, 0x00, 0x47, 0x00, 0x58,
    0x00, 0x5C, 0x00, 0x6D, 0x00, 0x75, 0x00, 0x7D, 0x00, 0x00, 0x53, 0x33, 0x11, 0x23, 0x03, 0x21,
    0x15, 0x21, 0x37, 0x17, 0x0E, 0x03, 0x07, 0x26, 0x26, 0x27, 0x3E, 0x02, 0x13, 0x17, 0x0E, 0x02,
    0x07, 0x26, 0x26, 0x27, 0x3E, 0x02, 0x03, 0x1E, 0x03, 0x17, 0x07, 0x2E, 0x03, 0x27, 0x01, 0x17,
    0x06, 0x06, 0x07, 0x2E, 0x02, 0x27, 0x36, 0x36, 0x13, 0x17, 0x06, 0x06, 0x07, 0x2E, 0x02, 0x27,
    0x3E, 0x02, 0x03, 0x33, 0x15, 0x21, 0x25, 0x33, 0x37, 0x17, 0x0E, 0x03, 0x07, 0x26, 0x26, 0x27,
    0x3E, 0x03, 0x37, 0x03, 0x33, 0x15, 0x21, 0x25, 0x33, 0x37, 0x17, 0x0E, 0x03, 0x07, 0x26, 0x26,
    0x27, 0x3E, 0x03, 0x37, 0x25, 0x37, 0x16, 0x16, 0x17, 0x07, 0x26, 0x26, 0x13, 0x37, 0x16, 0x16,
    0x17, 0x07, 0x26, 0x26, 0xC7, 0x46, 0x46, 0x98, 0x01, 0x59, 0xFE, 0xA7, 0x95, 0x2E, 0x0D, 0x25,
    0x2E, 0x31, 0x1A, 0x06, 0x17, 0x09, 0x20, 0x3F, 0x35, 0x9F, 0x2F, 0x29, 0x69, 0x6E, 0x34, 0x02,
    0x0D, 0x07, 0x32, 0x69, 0x5F, 0x29, 0x08, 0x24, 0x28, 0x22, 0x07, 0x2C, 0x07, 0x1E, 0x23, 0x20,
    0x09, 0x01, 0x94, 0x4D, 0x2E, 0x8B, 0x63, 0x06, 0x12, 0x13, 0x08, 0x5D, 0x83, 0x5F, 0x4D, 0x32,
    0xA3, 0x78, 0x06, 0x11, 0x12, 0x08, 0x4C, 0x77, 0x55, 0x44, 0xF3, 0xFE, 0xD4, 0x01, 0x16, 0x0E,
    0x0D, 0x30, 0x20, 0x65, 0x80, 0x90, 0x4B, 0x06, 0x17, 0x0A, 0x45, 0x88, 0x78, 0x5C, 0x1B, 0xAC,
    0xFA, 0xFE, 0xCA, 0x01, 0x1F, 0x0E, 0x0D, 0x31, 0x21, 0x70, 0x94, 0xAD, 0x5C, 0x06, 0x16, 0x0B,
    0x56, 0xA3, 0x8B, 0x69, 0x1C, 0xFE, 0x8D, 0x37, 0x21, 0x47, 0x15, 0x3B, 0x11, 0x47, 0x0F, 0x38,
    0x26, 0x4F, 0x15, 0x3B, 0x14, 0x4E, 0x02, 0xFA, 0xFC, 0xB5, 0x02, 0x7A, 0x46, 0x2C, 0x12, 0x35,
    0x73, 0x6F, 0x62, 0x23, 0x10, 0x27, 0x0E, 0x29, 0x7A, 0x89, 0x01, 0x6D, 0x3C, 0x11, 0x1E, 0x16,
    0x08, 0x0C, 0x22, 0x0C, 0x0A, 0x18, 0x1D, 0xFE, 0xA0, 0x09, 0x2B, 0x33, 0x2B, 0x0A, 0x3C, 0x10,
    0x33, 0x39, 0x30, 0x0E, 0x01, 0x97, 0x0F, 0x45, 0x85, 0x36, 0x08, 0x14, 0x12, 0x05, 0x2E, 0x77,
    0xFE, 0xCC, 0x0F, 0x52, 0x9D, 0x3C, 0x08, 0x14, 0x13, 0x05, 0x23, 0x58, 0x5E, 0x01, 0x38, 0x40,
    0x40, 0x03, 0x18, 0x47, 0x70, 0x55, 0x3D, 0x14, 0x0D, 0x22, 0x0B, 0x10, 0x36, 0x4B, 0x60, 0x3A,
    0xFE, 0xA6, 0x41, 0x41, 0x03, 0x16, 0x63, 0x95, 0x6B, 0x49, 0x16, 0x0E, 0x24, 0x0C, 0x11, 0x40,
    0x61, 0x84, 0x55, 0xD8, 0x25, 0x13, 0x34, 0x16, 0x29, 0x15, 0x38, 0xFE, 0x89, 0x26, 0x17, 0x3E,
    0x19, 0x2A, 0x19, 0x41, 0x00, 0x0C, 0x00, 0x26, 0xFF, 0xB0, 0x03, 0xBB, 0x03, 0x48, 0x00, 0x03,
    0x00, 0x07, 0x00, 0x13, 0x00, 0x1F, 0x00, 0x2B, 0x00, 0x2F, 0x00, 0x33, 0x00, 0x39, 0x00, 0x4B,
    0x00, 0x4F, 0x00, 0x59, 0x00, 0x62, 0x00, 0x00, 0x53, 0x33, 0x11, 0x23, 0x03, 0x21, 0x15, 0x21,
    0x37, 0x17, 0x0E, 0x02, 0x07, 0x26, 0x26, 0x27, 0x3E, 0x02, 0x13, 0x17, 0x0E, 0x02, 0x07, 0x26,
    0x26, 0x27, 0x3E, 0x02, 0x03, 0x1E, 0x03, 0x17, 0x07, 0x2E, 0x03, 0x27, 0x05, 0x21, 0x15, 0x21,
    0x15, 0x21, 0x15, 0x21, 0x03, 0x21, 0x15, 0x21, 0x11, 0x23, 0x01, 0x33, 0x11, 0x14, 0x06, 0x07,
    0x06, 0x06, 0x23, 0x26, 0x26, 0x27, 0x16, 0x32, 0x37, 0x32, 0x36, 0x35, 0x03, 0x33, 0x11, 0x23,
    0x03, 0x37, 0x1E, 0x02, 0x17, 0x07, 0x2E, 0x02, 0x25, 0x17, 0x06, 0x06, 0x07, 0x27, 0x3E, 0x02,
    0xC4, 0x44, 0x44, 0x96, 0x01, 0x54, 0xFE, 0xAC, 0x91, 0x30, 0x10, 0x34, 0x3D, 0x21, 0x06, 0x18,
    0x09, 0x1E, 0x3B, 0x32, 0x95, 0x2C, 0x27, 0x64, 0x6A, 0x31, 0x02, 0x0E, 0x06, 0x31, 0x64, 0x5B,
    0x23, 0x09, 0x22, 0x29, 0x21, 0x07, 0x28, 0x07, 0x1E, 0x23, 0x1F, 0x09, 0x01, 0x03, 0x01, 0x8D,
    0xFE, 0x73, 0x01, 0x8B, 0xFE, 0x75, 0x2D, 0x01, 0xAE, 0xFE, 0x97, 0x45, 0x01, 0x97, 0x46, 0x10,
    0x15, 0x15, 0x48, 0x3A, 0x01, 0x0E, 0x08, 0x2A, 0x45, 0x0A, 0x0B, 0x09, 0xC9, 0x47, 0x47, 0xE1,
    0x3B, 0x15, 0x28, 0x21, 0x07, 0x3E, 0x08, 0x1F, 0x26, 0x01, 0xB9, 0x43, 0x1A, 0x3D, 0x1A, 0x3B,
    0x11, 0x27, 0x24, 0x02, 0xFB, 0xFC, 0xB5, 0x02, 0x79, 0x46, 0x2A, 0x12, 0x43, 0x96, 0x87, 0x2E,
    0x10, 0x2A, 0x0F, 0x27, 0x75, 0x81, 0x01, 0x6C, 0x3C, 0x11, 0x1E, 0x16, 0x07, 0x0C, 0x21, 0x0C,
    0x09, 0x19, 0x1D, 0xFE, 0x9A, 0x09, 0x28, 0x31, 0x29, 0x09, 0x3B, 0x10, 0x31, 0x35, 0x2F, 0x0C,
    0x32, 0x41, 0x6D, 0x40, 0x01, 0xA0, 0x47, 0xFD, 0xCC, 0x02, 0x7B, 0xFD, 0xE3, 0x1E, 0x23, 0x09,
    0x08, 0x05, 0x0F, 0x29, 0x0E, 0x01, 0x01, 0x08, 0x0A, 0x03, 0x39, 0xFE, 0xBF, 0x01, 0x02, 0x1D,
    0x1C, 0x42, 0x3E, 0x19, 0x21, 0x19, 0x40, 0x43, 0x40, 0x1E, 0x31, 0x67, 0x24, 0x1C, 0x19, 0x42,
    0x46, 0x00, 0x00, 0x0B, 0x00, 0x25, 0xFF, 0xAE, 0x03, 0xBF, 0x03, 0x47, 0x00, 0x05, 0x00, 0x29,
    0x00, 0x3F, 0x00, 0x4A, 0x00, 0x61, 0x00, 0x6B, 0x00, 0x73, 0x00, 0x77, 0x00, 0x7B, 0x00, 0x8A,
    0x00, 0x8E, 0x00, 0x00, 0x41, 0x33, 0x15, 0x23, 0x11, 0x23, 0x13, 0x33, 0x37, 0x17, 0x06, 0x06,
    0x07, 0x16, 0x16, 0x15, 0x14, 0x06, 0x07, 0x06, 0x06, 0x07, 0x06, 0x06, 0x27, 0x34, 0x26, 0x27,
    0x16, 0x16, 0x37, 0x36, 0x37, 0x36, 0x36, 0x35, 0x34, 0x26, 0x27, 0x36, 0x36, 0x37, 0x01, 0x2E,
    0x02, 0x27, 0x36, 0x36, 0x37, 0x3E, 0x03, 0x37, 0x17, 0x06, 0x06, 0x07, 0x15, 0x30, 0x0E, 0x02,
    0x15, 0x27, 0x37, 0x37, 0x14, 0x16, 0x17, 0x0E, 0x03, 0x27, 0x2E, 0x02, 0x27, 0x36, 0x36, 0x37,
    0x3E, 0x03, 0x37, 0x17, 0x0E, 0x02, 0x07, 0x15, 0x30, 0x0E, 0x02, 0x15, 0x27, 0x37, 0x37, 0x06,
    0x06, 0x17, 0x0E, 0x02, 0x03, 0x36, 0x36, 0x37, 0x17, 0x06, 0x06, 0x07, 0x01, 0x21, 0x15, 0x21,
    0x17, 0x21, 0x15, 0x21, 0x13, 0x33, 0x11, 0x14, 0x06, 0x06, 0x07, 0x2E, 0x02, 0x27, 0x3E, 0x02,
    0x35, 0x07, 0x21, 0x15, 0x21, 0x02, 0xAF, 0xD2, 0x90, 0x42, 0xC6, 0x0B, 0x0A, 0x31, 0x15, 0x37,
    0x1D, 0x38, 0x35, 0x16, 0x18, 0x0B, 0x1D, 0x10, 0x11, 0x2B, 0x16, 0x0B, 0x08, 0x15, 0x29, 0x0F,
    0x15, 0x0D, 0x0E, 0x0C, 0x33, 0x39, 0x1F, 0x34, 0x11, 0xFC, 0xCF, 0x02, 0x08, 0x09, 0x04, 0x0E,
    0x20, 0x13, 0x0A, 0x27, 0x30, 0x30, 0x14, 0x3F, 0x2D, 0x73, 0x3D, 0x0E, 0x15, 0x0E, 0x05, 0x21,
    0xD7, 0x03, 0x02, 0x4B, 0x5C, 0x32, 0x19, 0x0D, 0x02, 0x08, 0x0A, 0x04, 0x0C, 0x18, 0x0C, 0x07,
    0x19, 0x1F, 0x1D, 0x0B, 0x48, 0x14, 0x32, 0x38, 0x1D, 0x0D, 0x12, 0x0D, 0x02, 0x24, 0xA0, 0x03,
    0x03, 0x01, 0x49, 0x4C, 0x20, 0x1D, 0x35, 0x92, 0x4D, 0x0C, 0x47, 0x8D, 0x3A, 0x01, 0x2F, 0x01,
    0x20, 0xFE, 0xE0, 0x0B, 0x01, 0x02, 0xFE, 0xFE, 0x67, 0x43, 0x14, 0x42, 0x45, 0x06, 0x14, 0x16,
    0x09, 0x41, 0x3E, 0x12, 0x8A, 0x01, 0x43, 0xFE, 0xBD, 0x03, 0x08, 0x41, 0xFC, 0xE9, 0x03, 0x58,
    0x03, 0x1B, 0x42, 0x99, 0x4F, 0x49, 0x71, 0x31, 0x2C, 0x48, 0x12, 0x08, 0x09, 0x02, 0x01, 0x01,
    0x01, 0x0E, 0x25, 0x0E, 0x02, 0x01, 0x01, 0x01, 0x08, 0x0A, 0x30, 0x1A, 0x2E, 0x68, 0x49, 0x5A,
    0xA9, 0x42, 0xFD, 0xB5, 0x08, 0x18, 0x1A, 0x09, 0x03, 0x24, 0x1C, 0x0E, 0x3E, 0x55, 0x61, 0x32,
    0x23, 0x63, 0xC3, 0x49, 0x01, 0x08, 0x0C, 0x0D, 0x06, 0x3C, 0x19, 0x2C, 0x0E, 0x24, 0x0B, 0x12,
    0x16, 0x0E, 0x0A, 0xED, 0x07, 0x1A, 0x1B, 0x09, 0x03, 0x22, 0x1A, 0x0D, 0x39, 0x4F, 0x5A, 0x2D,
    0x19, 0x3E, 0x7F, 0x73, 0x2E, 0x02, 0x08, 0x0D, 0x0C, 0x06, 0x38, 0x16, 0x10, 0x0E, 0x24, 0x0C,
    0x09, 0x0B, 0x09, 0xFE, 0x8C, 0x11, 0x33, 0x1C, 0x3E, 0x1C, 0x36, 0x16, 0x02, 0xC8, 0x44, 0x91,
    0x44, 0x01, 0xA4, 0xFE, 0x60, 0x61, 0xB4, 0x9E, 0x42, 0x08, 0x11, 0x11, 0x05, 0x3B, 0x90, 0xA3,
    0x58, 0x97, 0x44, 0x00, 0x00, 0x0C, 0x00, 0x24, 0xFF, 0xE5, 0x03, 0xB9, 0x03, 0x49, 0x00, 0x15,
    0x00, 0x20, 0x00, 0x37, 0x00, 0x42, 0x00, 0x4A, 0x00, 0x4E, 0x00, 0x52, 0x00, 0x5E, 0x00, 0x67,
    0x00, 0x70, 0x00, 0x7E, 0x00, 0x84, 0x00, 0x00, 0x77, 0x2E, 0x02, 0x27, 0x36, 0x36, 0x37, 0x3E,
    0x03, 0x37, 0x17, 0x06, 0x06, 0x07, 0x15, 0x30, 0x0E, 0x02, 0x15, 0x27, 0x37, 0x25, 0x06, 0x14,
    0x17, 0x0E, 0x03, 0x27, 0x2E, 0x02, 0x27, 0x36, 0x36, 0x37, 0x3E, 0x03, 0x37, 0x17, 0x0E, 0x02,
    0x07, 0x15, 0x30, 0x0E, 0x02, 0x15, 0x27, 0x37, 0x37, 0x06, 0x06, 0x15, 0x0E, 0x03, 0x03, 0x36,
    0x36, 0x37, 0x17, 0x06, 0x06, 0x07, 0x01, 0x21, 0x15, 0x21, 0x13, 0x33, 0x11, 0x23, 0x03, 0x17,
    0x0E, 0x02, 0x07, 0x26, 0x26, 0x27, 0x3E, 0x02, 0x13, 0x17, 0x06, 0x06, 0x07, 0x27, 0x3E, 0x02,
    0x25, 0x37, 0x1E, 0x02, 0x17, 0x07, 0x26, 0x26, 0x17, 0x1E, 0x04, 0x17, 0x07, 0x2E, 0x04, 0x27,
    0x01, 0x33, 0x11, 0x21, 0x15, 0x21, 0x43, 0x02, 0x08, 0x09, 0x04, 0x10, 0x24, 0x16, 0x0C, 0x30,
    0x3B, 0x3C, 0x1A, 0x3D, 0x3A, 0x8A, 0x48, 0x0F, 0x13, 0x0F, 0x04, 0x24, 0x01, 0x0F, 0x01, 0x01,
    0x5E, 0x71, 0x3D, 0x1C, 0x0E, 0x02, 0x08, 0x09, 0x05, 0x0D, 0x1A, 0x0F, 0x09, 0x1F, 0x25, 0x25,
    0x0D, 0x47, 0x18, 0x3B, 0x42, 0x21, 0x0E, 0x12, 0x0E, 0x01, 0x22, 0xB7, 0x02, 0x03, 0x3E, 0x4E,
    0x2B, 0x16, 0x18, 0x3E, 0xB3, 0x5D, 0x06, 0x56, 0xAC, 0x44, 0x01, 0xC8, 0x01, 0xB1, 0xFE, 0x4F,
    0xB6, 0x40, 0x40, 0x05, 0x2C, 0x14, 0x3B, 0x47, 0x25, 0x05, 0x14, 0x08, 0x21, 0x44, 0x39, 0xC4,
    0x3D, 0x14, 0x2F, 0x14, 0x2F, 0x0D, 0x1B, 0x19, 0xFE, 0xB7, 0x33, 0x0C, 0x1A, 0x15, 0x05, 0x36,
    0x08, 0x23, 0xCC, 0x0B, 0x27, 0x2F, 0x2F, 0x24, 0x09, 0x2F, 0x0A, 0x22, 0x2A, 0x2B, 0x25, 0x0C,
    0xFE, 0xD3, 0x45, 0x01, 0xD5, 0xFD, 0xE6, 0xB6, 0x08, 0x18, 0x1A, 0x09, 0x03, 0x24, 0x1B, 0x0E,
    0x3E, 0x57, 0x63, 0x33, 0x24, 0x67, 0xC3, 0x49, 0x02, 0x07, 0x0B, 0x0D, 0x06, 0x3C, 0x1A, 0x31,
    0x0F, 0x24, 0x0C, 0x13, 0x18, 0x0F, 0x09, 0xEC, 0x08, 0x1A, 0x1B, 0x09, 0x03, 0x22, 0x1A, 0x0D,
    0x39, 0x4F, 0x5B, 0x2D, 0x20, 0x3D, 0x7D, 0x71, 0x2E, 0x02, 0x08, 0x0C, 0x0D, 0x06, 0x37, 0x16,
    0x13, 0x0E, 0x23, 0x0B, 0x08, 0x0B, 0x08, 0x06, 0xFE, 0x8F, 0x0D, 0x28, 0x15, 0x3F, 0x15, 0x2B,
    0x11, 0x02, 0x16, 0x41, 0x01, 0x78, 0xFD, 0x0E, 0x01, 0xA4, 0x11, 0x3B, 0x7D, 0x6D, 0x23, 0x0D,
    0x25, 0x0C, 0x1F, 0x5E, 0x6B, 0x01, 0x43, 0x12, 0x30, 0x68, 0x25, 0x11, 0x1A, 0x43, 0x45, 0x0D,
    0x0E, 0x1E, 0x45, 0x41, 0x19, 0x11, 0x27, 0x6B, 0xF3, 0x0B, 0x2E, 0x39, 0x39, 0x2F, 0x0B, 0x34,
    0x12, 0x34, 0x3C, 0x3A, 0x31, 0x0F, 0x01, 0x6B, 0xFD, 0x08, 0x43, 0x00, 0x00, 0x0E, 0x00, 0x26,
    0xFF, 0xAE, 0x03, 0xBD, 0x03, 0x48, 0x00, 0x03, 0x00, 0x07, 0x00, 0x0F, 0x00, 0x17, 0x00, 0x1B,
    0x00, 0x26, 0x00, 0x2A, 0x00, 0x3B, 0x00, 0x45, 0x00, 0x5B, 0x00, 0x66, 0x00, 0x7D, 0x00, 0x88,
    0x00, 0x90, 0x00, 0x00, 0x41, 0x21, 0x15, 0x21, 0x37, 0x33, 0x11, 0x23, 0x07, 0x37, 0x16, 0x16,
    0x17, 0x07, 0x26, 0x26, 0x07, 0x37, 0x16, 0x16, 0x17, 0x07, 0x26, 0x26, 0x27, 0x21, 0x15, 0x21,
    0x25, 0x33, 0x37, 0x17, 0x06, 0x06, 0x07, 0x27, 0x36, 0x36, 0x37, 0x01, 0x21, 0x15, 0x21, 0x01,
    0x33, 0x15, 0x14, 0x0E, 0x02, 0x07, 0x2E, 0x02, 0x27, 0x3E, 0x03, 0x35, 0x13, 0x37, 0x1E, 0x02,
    0x17, 0x07, 0x2E, 0x02, 0x25, 0x2E, 0x02, 0x27, 0x36, 0x36, 0x37, 0x3E, 0x03, 0x37, 0x17, 0x06,
    0x06, 0x07, 0x15, 0x30, 0x0E, 0x02, 0x15, 0x27, 0x37, 0x37, 0x14, 0x16, 0x17, 0x0E, 0x03, 0x27,
    0x2E, 0x02, 0x27, 0x36, 0x36, 0x37, 0x3E, 0x03, 0x37, 0x17, 0x0E, 0x02, 0x07, 0x15, 0x30, 0x0E,
    0x02, 0x15, 0x27, 0x37, 0x37, 0x06, 0x06, 0x15, 0x0E, 0x03, 0x03, 0x36, 0x36, 0x37, 0x17, 0x06,
    0x06, 0x07, 0x01, 0xB6, 0x01, 0xBF, 0xFE, 0x41, 0xB5, 0x4A, 0x4A, 0x91, 0x23, 0x21, 0x48, 0x13,
    0x24, 0x14, 0x46, 0x6A, 0x24, 0x22, 0x4A, 0x15, 0x25, 0x13, 0x4A, 0x23, 0x01, 0xE1, 0xFE, 0x1F,
    0x01, 0xD1, 0x0B, 0x0C, 0x30, 0x10, 0x24, 0x12, 0x3C, 0x0F, 0x21, 0x0B, 0xFE, 0x1A, 0x02, 0x2F,
    0xFD, 0xD1, 0x01, 0x0C, 0x46, 0x14, 0x3E, 0x7D, 0x6A, 0x04, 0x0F, 0x12, 0x07, 0x62, 0x73, 0x39,
    0x11, 0x29, 0x2E, 0x27, 0x55, 0x4B, 0x17, 0x31, 0x16, 0x4A, 0x53, 0xFD, 0x6B, 0x02, 0x08, 0x09,
    0x03, 0x0F, 0x23, 0x16, 0x0C, 0x2D, 0x39, 0x3A, 0x17, 0x3B, 0x36, 0x86, 0x44, 0x0E, 0x14, 0x0E,
    0x06, 0x22, 0xFE, 0x02, 0x02, 0x58, 0x6B, 0x3A, 0x1A, 0x0E, 0x02, 0x08, 0x09, 0x04, 0x0D, 0x1C,
    0x10, 0x08, 0x21, 0x28, 0x28, 0x0F, 0x41, 0x19, 0x3E, 0x46, 0x23, 0x0D, 0x11, 0x0D, 0x02, 0x23,
    0xAD, 0x02, 0x03, 0x3B, 0x49, 0x2A, 0x15, 0x18, 0x3A, 0xA3, 0x55, 0x0C, 0x4F, 0x9E, 0x40, 0x02,
    0xEB, 0x40, 0x9D, 0xFE, 0xEB, 0x6F, 0x25, 0x11, 0x32, 0x15, 0x2A, 0x15, 0x34, 0x47, 0x27, 0x12,
    0x35, 0x16, 0x2B, 0x16, 0x37, 0xFC, 0x41, 0x41, 0x03, 0x0C, 0x32, 0x68, 0x24, 0x10, 0x21, 0x60,
    0x2B, 0xFE, 0xB5, 0x42, 0x01, 0x30, 0x79, 0x37, 0x78, 0x77, 0x6E, 0x2E, 0x09, 0x14, 0x14, 0x07,
    0x29, 0x62, 0x6A, 0x68, 0x2F, 0xFE, 0xF7, 0x29, 0x1A, 0x40, 0x41, 0x1A, 0x2F, 0x1A, 0x43, 0x43,
    0x68, 0x07, 0x18, 0x19, 0x08, 0x04, 0x24, 0x1C, 0x0E, 0x3E, 0x57, 0x64, 0x33, 0x22, 0x67, 0xC5,
    0x4A, 0x02, 0x07, 0x0B, 0x0C, 0x06, 0x3F, 0x1A, 0x3F, 0x0F, 0x25, 0x0B, 0x18, 0x1E, 0x12, 0x0C,
    0xEC, 0x07, 0x19, 0x1A, 0x09, 0x03, 0x21, 0x1A, 0x0D, 0x3A, 0x4F, 0x5B, 0x2D, 0x1E, 0x3E, 0x7D,
    0x71, 0x2E, 0x02, 0x07, 0x0C, 0x0D, 0x05, 0x36, 0x17, 0x11, 0x0D, 0x24, 0x0B, 0x07, 0x0B, 0x07,
    0x06, 0xFE, 0x90, 0x13, 0x3A, 0x1E, 0x3E, 0x1E, 0x3C, 0x19, 0x00, 0x08, 0x00, 0x4C, 0xFF, 0xAF,
    0x03, 0x7B, 0x03, 0x1D, 0x00, 0x03, 0x00, 0x07, 0x00, 0x0B, 0x00, 0x0F, 0x00, 0x19, 0x00, 0x1D,
    0x00, 0x2A, 0x00, 0x3C, 0x00, 0x00, 0x41, 0x15, 0x33, 0x35, 0x21, 0x15, 0x33, 0x35, 0x21, 0x15,
    0x33, 0x35, 0x27, 0x21, 0x11, 0x21, 0x13, 0x37, 0x1E, 0x02, 0x17, 0x07, 0x2E, 0x02, 0x27, 0x21,
    0x15, 0x21, 0x37, 0x17, 0x0E, 0x02, 0x07, 0x2E, 0x02, 0x27, 0x3E, 0x02, 0x05, 0x33, 0x37, 0x17,
    0x0E, 0x03, 0x07, 0x2E, 0x02, 0x27, 0x3E, 0x03, 0x37, 0x02, 0x86, 0xAA, 0xFE, 0x6B, 0xA6, 0xFE,
    0x74, 0xA1, 0xE9, 0x03, 0x0E, 0xFC, 0xF2, 0xBF, 0x39, 0x23, 0x4C, 0x44, 0x14, 0x3E, 0x13, 0x40,
    0x4B, 0x1C, 0x01, 0xDC, 0xFE, 0x24, 0x4A, 0x4B, 0x22, 0x65, 0x7A, 0x41, 0x05, 0x11, 0x12, 0x07,
    0x3D, 0x73, 0x5C, 0x01, 0x9A, 0x10, 0x0E, 0x32, 0x2F, 0x94, 0xBF, 0xDD, 0x77, 0x04, 0x0E, 0x12,
    0x08, 0x75, 0xD8, 0xB5, 0x89, 0x27, 0x02, 0xDD, 0x97, 0x97, 0x97, 0x97, 0x97, 0x97, 0x40, 0xFE,
    0xE8, 0xFE, 0xFA, 0x26, 0x1B, 0x40, 0x40, 0x1B, 0x2A, 0x1A, 0x42, 0x43, 0xBC, 0x43, 0xB0, 0x19,
    0x37, 0x6A, 0x5A, 0x21, 0x09, 0x15, 0x15, 0x07, 0x1D, 0x50, 0x5E, 0x3D, 0x03, 0x1F, 0x6B, 0x9F,
    0x6F, 0x48, 0x14, 0x09, 0x19, 0x19, 0x07, 0x12, 0x40, 0x63, 0x8E, 0x5F, 0x00, 0x0B, 0x00, 0x39,
    0xFF, 0xCE, 0x03, 0xB1, 0x03, 0x22, 0x00, 0x03, 0x00, 0x07, 0x00, 0x0B, 0x00, 0x0F, 0x00, 0x13,
    0x00, 0x1C, 0x00, 0x20, 0x00, 0x24, 0x00, 0x28, 0x00, 0x2C, 0x00, 0x34, 0x00, 0x00, 0x41, 0x15,
    0x33, 0x35, 0x21, 0x15, 0x33, 0x35, 0x21, 0x15, 0x33, 0x35, 0x27, 0x21, 0x15, 0x21, 0x07, 0x21,
    0x15, 0x21, 0x25, 0x17, 0x06, 0x06, 0x07, 0x23, 0x3E, 0x02, 0x01, 0x21, 0x15, 0x21, 0x13, 0x21,
    0x15, 0x21, 0x17, 0x21, 0x15, 0x21, 0x17, 0x21, 0x15, 0x21, 0x03, 0x21, 0x11, 0x23, 0x11, 0x21,
    0x11, 0x23, 0x02, 0x8B, 0xA9, 0xFE, 0x6D, 0xA5, 0xFE, 0x77, 0x9F, 0xE7, 0x03, 0x0A, 0xFC, 0xF6,
    0x31, 0x03, 0x56, 0xFC, 0xAA, 0x01, 0x84, 0x4D, 0x08, 0x19, 0x0A, 0x47, 0x07, 0x0E, 0x0C, 0xFE,
    0x75, 0x03, 0x78, 0xFC, 0x88, 0xA9, 0x02, 0x21, 0xFD, 0xDF, 0x04, 0x02, 0x1B, 0xFD, 0xE5, 0x04,
    0x02, 0x1B, 0xFD, 0xE5, 0x2C, 0x02, 0x6A, 0x4A, 0xFE, 0x28, 0x48, 0x02, 0xEC, 0x5A, 0x5A, 0x5A,
    0x5A, 0x5A, 0x5A, 0x36, 0xC7, 0x3A, 0x3B, 0x88, 0x05, 0x34, 0x75, 0x2B, 0x1D, 0x4B, 0x4F, 0xFD,
    0xBA, 0x38, 0x01, 0x72, 0x2D, 0x3A, 0x2D, 0x3B, 0x2D, 0x01, 0x67, 0xFE, 0x3C, 0x01, 0x91, 0xFE,
    0x6F, 0x00, 0x00, 0x07, 0x00, 0x27, 0xFF, 0xC1, 0x03, 0xC3, 0x03, 0x4B, 0x00, 0x03, 0x00, 0x07,
    0x00, 0x16, 0x00, 0x3A, 0x00, 0x47, 0x00, 0x4D, 0x00, 0x51, 0x00, 0x00, 0x41, 0x33, 0x11, 0x23,
    0x03, 0x21, 0x15, 0x21, 0x25, 0x33, 0x37, 0x17, 0x0E, 0x02, 0x07, 0x26, 0x26, 0x27, 0x3E, 0x02,
    0x37, 0x05, 0x33, 0x11, 0x14, 0x16, 0x16, 0x33, 0x3A, 0x04, 0x33, 0x32, 0x36, 0x36, 0x37, 0x16,
    0x16, 0x17, 0x0E, 0x03, 0x23, 0x2A, 0x05, 0x23, 0x22, 0x26, 0x26, 0x35, 0x13, 0x17, 0x0E, 0x02,
    0x07, 0x2E, 0x02, 0x27, 0x3E, 0x02, 0x07, 0x21, 0x11, 0x23, 0x11, 0x21, 0x15, 0x21, 0x15, 0x21,
    0x01, 0xDA, 0x49, 0x49, 0x8C, 0x01, 0x40, 0xFE, 0x9E, 0x01, 0x4A, 0x12, 0x0F, 0x31, 0x18, 0x3F,
    0x45, 0x20, 0x08, 0x1B, 0x0A, 0x1D, 0x3A, 0x31, 0x0F, 0xFE, 0x34, 0x49, 0x13, 0x38, 0x37, 0x10,
    0x4C, 0x62, 0x63, 0x52, 0x14, 0x32, 0x31, 0x15, 0x06, 0x0F, 0x2A, 0x10, 0x07, 0x16, 0x29, 0x48,
    0x38, 0x0A, 0x3B, 0x51, 0x59, 0x51, 0x3A, 0x09, 0x4F, 0x5B, 0x26, 0xB7, 0x45, 0x27, 0x6E, 0x7E,
    0x42, 0x03, 0x0F, 0x11, 0x07, 0x3E, 0x76, 0x64, 0x60, 0x02, 0x7E, 0x4B, 0xFD, 0xCD, 0x02, 0x57,
    0xFD, 0xA9, 0x02, 0x1B, 0xFE, 0xF7, 0x01, 0xDF, 0x44, 0x44, 0x04, 0x23, 0x26, 0x51, 0x47, 0x1B,
    0x0B, 0x19, 0x08, 0x18, 0x43, 0x44, 0x1D, 0xAE, 0xFE, 0x1D, 0x1E, 0x20, 0x0C, 0x18, 0x46, 0x42,
    0x09, 0x10, 0x03, 0x3A, 0x4F, 0x2D, 0x13, 0x17, 0x3F, 0x3A, 0x02, 0xFA, 0x19, 0x4B, 0x8C, 0x76,
    0x2C, 0x08, 0x1A, 0x1C, 0x08, 0x26, 0x68, 0x7B, 0xD5, 0xFE, 0x97, 0x01, 0x22, 0xAD, 0x48, 0x00,
    0x00, 0x07, 0x00, 0x25, 0xFF, 0xC4, 0x03, 0xB9, 0x03, 0x49, 0x00, 0x03, 0x00, 0x07, 0x00, 0x0B,
    0x00, 0x2C, 0x00, 0x36, 0x00, 0x40, 0x00, 0x4A, 0x00, 0x00, 0x53, 0x21, 0x15, 0x21, 0x37, 0x33,
    0x11, 0x23, 0x01, 0x33, 0x11, 0x23, 0x05, 0x33, 0x11, 0x14, 0x16, 0x33, 0x3A, 0x03, 0x33, 0x32,
    0x36, 0x36, 0x37, 0x1E, 0x02, 0x17, 0x0E, 0x02, 0x23, 0x2A, 0x04, 0x23, 0x22, 0x26, 0x26, 0x35,
    0x01, 0x37, 0x1E, 0x02, 0x17, 0x07, 0x2E, 0x02, 0x25, 0x17, 0x0E, 0x02, 0x07, 0x27, 0x3E, 0x02,
    0x25, 0x37, 0x1E, 0x02, 0x17, 0x07, 0x2E, 0x02, 0x40, 0x03, 0x68, 0xFC, 0x98, 0xDF, 0x4A, 0x4A,
    0x01, 0x5E, 0x4B, 0x4B, 0xFE, 0xA6, 0x4B, 0x1A, 0x2A, 0x0B, 0x35, 0x40, 0x39, 0x0D, 0x1B, 0x1B,
    0x0B, 0x03, 0x09, 0x19, 0x1B, 0x0A, 0x05, 0x1A, 0x36, 0x32, 0x07, 0x2B, 0x36, 0x36, 0x2A, 0x06,
    0x37, 0x3C, 0x18, 0x01, 0xDC, 0x46, 0x1A, 0x2F, 0x24, 0x07, 0x4B, 0x07, 0x23, 0x2C, 0xFD, 0x81,
    0x47, 0x0C, 0x21, 0x2B, 0x1C, 0x47, 0x1C, 0x2D, 0x21, 0x01, 0x1E, 0x41, 0x1D, 0x38, 0x2D, 0x0C,
    0x46, 0x0B, 0x2B, 0x36, 0x02, 0xC6, 0x49, 0xCC, 0xFE, 0xC6, 0x01, 0x39, 0xFE, 0xC6, 0x80, 0xFE,
    0xAA, 0x1B, 0x10, 0x16, 0x42, 0x42, 0x06, 0x0D, 0x09, 0x03, 0x4E, 0x55, 0x21, 0x14, 0x32, 0x2E,
    0x01, 0x20, 0x15, 0x32, 0x73, 0x6C, 0x29, 0x19, 0x29, 0x6D, 0x76, 0x3F, 0x15, 0x33, 0x73, 0x6D,
    0x29, 0x24, 0x28, 0x66, 0x6D, 0xD9, 0x1F, 0x2A, 0x61, 0x5B, 0x24, 0x24, 0x24, 0x5E, 0x62, 0x00,
    0x00, 0x07, 0x00, 0x26, 0xFF, 0xAE, 0x03, 0xC9, 0x03, 0x48, 0x00, 0x03, 0x00, 0x0B, 0x00, 0x1E,
    0x00, 0x2A, 0x00, 0x2E, 0x00, 0x32, 0x00, 0x36, 0x00, 0x00, 0x53, 0x21, 0x15, 0x21, 0x13, 0x21,
    0x11, 0x23, 0x35, 0x21, 0x15, 0x23, 0x01, 0x33, 0x11, 0x14, 0x0E, 0x03, 0x07, 0x2E, 0x02, 0x27,
    0x3E, 0x04, 0x35, 0x17, 0x16, 0x16, 0x17, 0x0E, 0x02, 0x07, 0x2E, 0x02, 0x27, 0x01, 0x21, 0x15,
    0x21, 0x37, 0x33, 0x11, 0x23, 0x01, 0x33, 0x11, 0x23, 0x39, 0x03, 0x78, 0xFC, 0x88, 0x67, 0x02,
    0xAE, 0x4B, 0xFD, 0xE5, 0x48, 0x01, 0x29, 0x4E, 0x13, 0x34, 0x64, 0xA1, 0x77, 0x04, 0x10, 0x11,
    0x09, 0x72, 0x98, 0x5C, 0x2E, 0x0F, 0x5A, 0x30, 0xD5, 0xA1, 0x09, 0x12, 0x10, 0x05, 0x70, 0xAB,
    0x79, 0x26, 0xFE, 0x66, 0x03, 0x5B, 0xFC, 0xA5, 0xD4, 0x4A, 0x4A, 0x01, 0x67, 0x4B, 0x4B, 0x01,
    0x16, 0x47, 0x01, 0x31, 0xFE, 0xF9, 0xC5, 0xC5, 0x01, 0x7A, 0xFE, 0xEB, 0x34, 0x63, 0x5F, 0x55,
    0x49, 0x1C, 0x08, 0x18, 0x17, 0x08, 0x19, 0x40, 0x4A, 0x50, 0x54, 0x2B, 0x63, 0x71, 0x83, 0x16,
    0x08, 0x18, 0x1A, 0x0A, 0x14, 0x50, 0x80, 0x59, 0x02, 0x01, 0x44, 0xA0, 0xFE, 0xF7, 0x01, 0x09,
    0xFE, 0xF7, 0x00, 0x0F, 0x00, 0x35, 0xFF, 0xB0, 0x03, 0xC5, 0x03, 0x41, 0x00, 0x03, 0x00, 0x0B,
    0x00, 0x15, 0x00, 0x19, 0x00, 0x1D, 0x00, 0x25, 0x00, 0x29, 0x00, 0x2D, 0x00, 0x31, 0x00, 0x35,
    0x00, 0x39, 0x00, 0x3F, 0x00, 0x50, 0x00, 0x58, 0x00, 0x61, 0x00, 0x00, 0x41, 0x33, 0x15, 0x23,
    0x03, 0x36, 0x36, 0x37, 0x17, 0x06, 0x06, 0x07, 0x25, 0x37, 0x1E, 0x02, 0x17, 0x07, 0x2E, 0x02,
    0x03, 0x15, 0x33, 0x35, 0x25, 0x21, 0x11, 0x21, 0x13, 0x33, 0x11, 0x33, 0x11, 0x23, 0x11, 0x33,
    0x05, 0x33, 0x15, 0x23, 0x03, 0x15, 0x33, 0x35, 0x25, 0x21, 0x15, 0x21, 0x03, 0x21, 0x15, 0x21,
    0x13, 0x21, 0x15, 0x21, 0x03, 0x21, 0x15, 0x21, 0x11, 0x23, 0x01, 0x33, 0x11, 0x14, 0x06, 0x07,
    0x06, 0x06, 0x23, 0x26, 0x26, 0x27, 0x16, 0x32, 0x33, 0x32, 0x35, 0x01, 0x37, 0x16, 0x16, 0x17,
    0x07, 0x26, 0x26, 0x37, 0x17, 0x06, 0x06, 0x07, 0x27, 0x3E, 0x02, 0x02, 0xC5, 0x43, 0x43, 0xA6,
    0x46, 0xC4, 0x66, 0x05, 0x5E, 0xBB, 0x49, 0x01, 0x09, 0x36, 0x14, 0x22, 0x19, 0x05, 0x3A, 0x05,
    0x18, 0x21, 0xE4, 0xF6, 0xFE, 0xD1, 0x01, 0x6A, 0xFE, 0x96, 0x9A, 0x39, 0x05, 0x43, 0x05, 0xFE,
    0x3B, 0x39, 0x39, 0x5E, 0xF2, 0xFE, 0xCD, 0x01, 0x78, 0xFE, 0x88, 0x31, 0x01, 0xD9, 0xFE, 0x27,
    0x68, 0x01, 0x02, 0xFE, 0xFE, 0x59, 0x01, 0x95, 0xFE, 0xA7, 0x3C, 0x01, 0x7D, 0x3E, 0x0B, 0x11,
    0x10, 0x35, 0x27, 0x02, 0x0A, 0x07, 0x1C, 0x2C, 0x07, 0x0E, 0xFE, 0xEA, 0x2C, 0x12, 0x21, 0x07,
    0x2E, 0x05, 0x21, 0xAD, 0x32, 0x14, 0x2E, 0x13, 0x28, 0x0D, 0x1C, 0x1A, 0x03, 0x41, 0xF1, 0xFD,
    0xBD, 0x09, 0x20, 0x10, 0x3F, 0x12, 0x21, 0x0D, 0xFA, 0x0D, 0x2B, 0x63, 0x5D, 0x22, 0x11, 0x23,
    0x5E, 0x65, 0x01, 0xAA, 0xF7, 0xF7, 0x41, 0xFE, 0x85, 0x01, 0x63, 0xFE, 0xC0, 0xFE, 0xDF, 0x01,
    0x21, 0x78, 0xE5, 0x02, 0x9F, 0x5E, 0x5E, 0x37, 0xCC, 0x01, 0x46, 0x41, 0xFD, 0xE7, 0x33, 0x01,
    0x0F, 0x3B, 0xFE, 0x50, 0x01, 0xEB, 0xFE, 0x66, 0x18, 0x1D, 0x08, 0x08, 0x03, 0x0D, 0x22, 0x0D,
    0x01, 0x0E, 0x01, 0x39, 0x0F, 0x1B, 0x41, 0x18, 0x12, 0x18, 0x43, 0x31, 0x16, 0x27, 0x55, 0x1F,
    0x13, 0x16, 0x37, 0x3A, 0x00, 0x09, 0x00, 0x24, 0xFF, 0xB1, 0x03, 0xC7, 0x03, 0x48, 0x00, 0x03,
    0x00, 0x07, 0x00, 0x0B, 0x00, 0x0F, 0x00, 0x1E, 0x00, 0x2B, 0x00, 0x34, 0x00, 0x3F, 0x00, 0x4F,
    0x00, 0x00, 0x53, 0x21, 0x15, 0x21, 0x17, 0x21, 0x15, 0x21, 0x07, 0x21, 0x15, 0x21, 0x01, 0x33,
    0x11, 0x23, 0x27, 0x17, 0x0E, 0x03, 0x07, 0x2E, 0x02, 0x27, 0x3E, 0x03, 0x37, 0x1E, 0x02, 0x17,
    0x0E, 0x02, 0x07, 0x2E, 0x02, 0x27, 0x05, 0x17, 0x06, 0x06, 0x07, 0x27, 0x3E, 0x02, 0x01, 0x27,
    0x37, 0x25, 0x16, 0x16, 0x17, 0x0E, 0x03, 0x07, 0x2E, 0x02, 0x27, 0x36, 0x36, 0x35, 0x35, 0x33,
    0x11, 0x30, 0x0E, 0x03, 0x69, 0x03, 0x1D, 0xFC, 0xE3, 0x33, 0x02, 0xBE, 0xFD, 0x42, 0x5B, 0x03,
    0x65, 0xFC, 0x9B, 0x01, 0x8B, 0x4C, 0x4C, 0x10, 0x40, 0x25, 0x63, 0x70, 0x76, 0x38, 0x05, 0x12,
    0x13, 0x08, 0x37, 0x75, 0x6D, 0x5E, 0x90, 0x21, 0x74, 0xA1, 0x66, 0x09, 0x12, 0x11, 0x06, 0x6A,
    0xA5, 0x78, 0x27, 0x01, 0x67, 0x3E, 0x32, 0x78, 0x33, 0x31, 0x22, 0x4C, 0x48, 0xFD, 0xC8, 0x06,
    0x23, 0x01, 0x2A, 0x01, 0x08, 0x03, 0x68, 0x7F, 0x45, 0x1E, 0x09, 0x02, 0x0B, 0x0D, 0x07, 0x0D,
    0x1A, 0x4D, 0x10, 0x19, 0x19, 0x11, 0x02, 0xEF, 0x41, 0x55, 0x3E, 0x59, 0x41, 0x01, 0xC7, 0xFE,
    0x45, 0x24, 0x1E, 0x2D, 0x52, 0x4A, 0x3B, 0x15, 0x09, 0x17, 0x16, 0x07, 0x12, 0x35, 0x42, 0x4B,
    0x15, 0x60, 0x9E, 0x72, 0x1D, 0x08, 0x17, 0x18, 0x0B, 0x24, 0x7D, 0xB0, 0x6C, 0x34, 0x2C, 0x2A,
    0x55, 0x1D, 0x27, 0x15, 0x38, 0x3A, 0xFE, 0x71, 0x40, 0x1E, 0x59, 0x10, 0x26, 0x0C, 0x22, 0x29,
    0x17, 0x0D, 0x06, 0x09, 0x1A, 0x19, 0x08, 0x07, 0x1D, 0x1E, 0xD7, 0xFE, 0xE9, 0x09, 0x10, 0x13,
    0x12, 0x00, 0x00, 0x06, 0x00, 0x36, 0xFF, 0xB1, 0x03, 0xB7, 0x03, 0x4A, 0x00, 0x03, 0x00, 0x07,
    0x00, 0x0B, 0x00, 0x0F, 0x00, 0x17, 0x00, 0x1F, 0x00, 0x00, 0x77, 0x21, 0x15, 0x21, 0x03, 0x21,
    0x15, 0x21, 0x35, 0x21, 0x15, 0x21, 0x27, 0x21, 0x15, 0x21, 0x13, 0x21, 0x11, 0x23, 0x35, 0x21,
    0x15, 0x23, 0x13, 0x37, 0x16, 0x16, 0x17, 0x07, 0x26, 0x26, 0xEE, 0x02, 0x11, 0xFD, 0xEF, 0x26,
    0x02, 0x5B, 0xFD, 0xA5, 0x02, 0x5B, 0xFD, 0xA5, 0x92, 0x03, 0x81, 0xFC, 0x7F, 0x88, 0x02, 0x70,
    0x4C, 0xFE, 0x26, 0x4A, 0xDE, 0x49, 0x1D, 0x3A, 0x0D, 0x4C, 0x0D, 0x37, 0x1B, 0x40, 0x01, 0xAD,
    0x3E, 0xD4, 0x3E, 0xD2, 0x42, 0xFE, 0x7B, 0xFE, 0xC9, 0xF7, 0xFA, 0x03, 0x83, 0x16, 0x20, 0x4E,
    0x1E, 0x19, 0x1D, 0x51, 0x00, 0x0A, 0x00, 0x2B, 0xFF, 0xAD, 0x03, 0xC3, 0x03, 0x36, 0x00, 0x09,
    0x00, 0x14, 0x00, 0x18, 0x00, 0x1C, 0x00, 0x20, 0x00, 0x31, 0x00, 0x3D, 0x00, 0x4C, 0x00, 0x67,
    0x00, 0x77, 0x00, 0x00, 0x53, 0x37, 0x1E, 0x02, 0x17, 0x07, 0x2E, 0x02, 0x13, 0x27, 0x37, 0x37,
    0x16, 0x16, 0x17, 0x0E, 0x03, 0x03, 0x33, 0x15, 0x23, 0x01, 0x21, 0x15, 0x21, 0x03, 0x21, 0x15,
    0x21, 0x25, 0x33, 0x37, 0x17, 0x0E, 0x03, 0x07, 0x26, 0x26, 0x27, 0x3E, 0x03, 0x37, 0x05, 0x1E,
    0x02, 0x17, 0x0E, 0x02, 0x07, 0x26, 0x26, 0x27, 0x13, 0x33, 0x15, 0x14, 0x06, 0x06, 0x07, 0x2E,
    0x02, 0x27, 0x3E, 0x02, 0x35, 0x37, 0x33, 0x15, 0x14, 0x16, 0x33, 0x3A, 0x02, 0x33, 0x32, 0x36,
    0x37, 0x16, 0x16, 0x17, 0x06, 0x06, 0x23, 0x2A, 0x02, 0x23, 0x22, 0x26, 0x26, 0x35, 0x01, 0x2E,
    0x02, 0x27, 0x3E, 0x02, 0x35, 0x11, 0x33, 0x11, 0x30, 0x0E, 0x02, 0x7A, 0x31, 0x1B, 0x3B, 0x34,
    0x0F, 0x33, 0x0F, 0x33, 0x3A, 0x1A, 0x0E, 0x13, 0xBC, 0x04, 0x11, 0x06, 0x42, 0x53, 0x2C, 0x15,
    0x8A, 0xB2, 0xB2, 0x01, 0xD5, 0x01, 0x05, 0xFE, 0xFB, 0x80, 0x01, 0xD3, 0xFE, 0x2D, 0x01, 0xBB,
    0x0E, 0x0E, 0x2E, 0x1F, 0x69, 0x8B, 0xA1, 0x58, 0x04, 0x16, 0x0A, 0x51, 0x98, 0x82, 0x61, 0x1A,
    0xFE, 0xAA, 0x28, 0x88, 0xBC, 0x72, 0x08, 0x12, 0x10, 0x04, 0xB1, 0xFA, 0x44, 0x45, 0x47, 0x1C,
    0x4C, 0x48, 0x05, 0x12, 0x13, 0x07, 0x42, 0x42, 0x16, 0xF8, 0x47, 0x06, 0x0C, 0x06, 0x1C, 0x1D,
    0x06, 0x0B, 0x1B, 0x09, 0x01, 0x04, 0x02, 0x09, 0x1D, 0x0F, 0x07, 0x20, 0x1E, 0x06, 0x23, 0x24,
    0x0D, 0xFD, 0xCC, 0x03, 0x0E, 0x11, 0x07, 0x0A, 0x17, 0x11, 0x49, 0x19, 0x20, 0x19, 0x03, 0x08,
    0x2E, 0x16, 0x36, 0x35, 0x15, 0x35, 0x16, 0x36, 0x39, 0xFC, 0xD4, 0x44, 0x1E, 0x89, 0x0F, 0x25,
    0x0B, 0x31, 0x3D, 0x23, 0x13, 0x02, 0x42, 0x48, 0x01, 0x5E, 0x46, 0xFE, 0xB0, 0x46, 0x46, 0x03,
    0x14, 0x62, 0x98, 0x70, 0x4C, 0x17, 0x0E, 0x27, 0x0C, 0x13, 0x44, 0x63, 0x84, 0x53, 0x29, 0x5B,
    0x92, 0x64, 0x18, 0x08, 0x18, 0x18, 0x0B, 0x2B, 0xD0, 0x9B, 0x01, 0xE1, 0x71, 0x2E, 0x64, 0x5A,
    0x23, 0x08, 0x15, 0x15, 0x06, 0x1E, 0x49, 0x4D, 0x25, 0x6F, 0xE8, 0x16, 0x10, 0x03, 0x02, 0x0E,
    0x26, 0x0D, 0x03, 0x02, 0x14, 0x2E, 0x26, 0xFD, 0x87, 0x09, 0x18, 0x18, 0x07, 0x06, 0x1A, 0x24,
    0x17, 0x01, 0xAF, 0xFE, 0x10, 0x13, 0x1D, 0x1F, 0x00, 0x09, 0x00, 0x2E, 0xFF, 0xB0, 0x03, 0xD5,
    0x03, 0x4A, 0x00, 0x09, 0x00, 0x14, 0x00, 0x18, 0x00, 0x29, 0x00, 0x36, 0x00, 0x42, 0x00, 0x4E,
    0x00, 0x5A, 0x00, 0x65, 0x00, 0x00, 0x53, 0x37, 0x1E, 0x02, 0x17, 0x07, 0x2E, 0x02, 0x13, 0x27,
    0x37, 0x37, 0x16, 0x16, 0x17, 0x0E, 0x03, 0x03, 0x33, 0x15, 0x23, 0x13, 0x2E, 0x02, 0x27, 0x3E,
    0x02, 0x35, 0x11, 0x33, 0x11, 0x30, 0x0E, 0x03, 0x01, 0x1E, 0x02, 0x17, 0x0E, 0x02, 0x07, 0x2E,
    0x02, 0x27, 0x37, 0x17, 0x06, 0x06, 0x07, 0x2E, 0x02, 0x27, 0x3E, 0x02, 0x17, 0x17, 0x0E, 0x02,
    0x07, 0x26, 0x26, 0x27, 0x3E, 0x02, 0x17, 0x17, 0x0E, 0x02, 0x07, 0x26, 0x26, 0x27, 0x3E, 0x02,
    0x17, 0x17, 0x06, 0x06, 0x07, 0x26, 0x26, 0x27, 0x3E, 0x02, 0x83, 0x30, 0x1B, 0x3A, 0x33, 0x0F,
    0x34, 0x0E, 0x31, 0x39, 0x1E, 0x0D, 0x16, 0xBB, 0x04, 0x0E, 0x05, 0x42, 0x52, 0x2C, 0x14, 0x95,
    0xCD, 0xCD, 0x8E, 0x04, 0x11, 0x12, 0x07, 0x09, 0x1B, 0x14, 0x49, 0x11, 0x19, 0x18, 0x11, 0x01,
    0xE7, 0x21, 0x65, 0x74, 0x38, 0x09, 0x15, 0x13, 0x06, 0x37, 0x74, 0x68, 0x25, 0x19, 0x46, 0x32,
    0xA9, 0x6D, 0x05, 0x13, 0x13, 0x08, 0x46, 0x77, 0x5C, 0x33, 0x3D, 0x20, 0x56, 0x5D, 0x2E, 0x08,
    0x1A, 0x0E, 0x2C, 0x5B, 0x52, 0x79, 0x3E, 0x25, 0x6C, 0x7D, 0x41, 0x08, 0x1B, 0x0E, 0x40, 0x79,
    0x67, 0x8B, 0x44, 0x46, 0xFE, 0xA7, 0x07, 0x19, 0x0C, 0x6B, 0xB4, 0x8A, 0x03, 0x06, 0x30, 0x14,
    0x32, 0x31, 0x15, 0x37, 0x15, 0x34, 0x34, 0xFC, 0xDC, 0x46, 0x20, 0x80, 0x0F, 0x26, 0x0B, 0x30,
    0x3A, 0x21, 0x13, 0x02, 0x3A, 0x48, 0xFE, 0x06, 0x08, 0x14, 0x12, 0x05, 0x08, 0x1F, 0x2B, 0x1A,
    0x01, 0xA3, 0xFE, 0x2A, 0x10, 0x1A, 0x1E, 0x1B, 0x03, 0x4F, 0x33, 0x67, 0x55, 0x1B, 0x07, 0x15,
    0x17, 0x0A, 0x1F, 0x61, 0x73, 0x3A, 0x40, 0x15, 0x6C, 0xB5, 0x40, 0x08, 0x14, 0x14, 0x06, 0x26,
    0x65, 0x77, 0xDD, 0x1A, 0x27, 0x4B, 0x3F, 0x17, 0x0C, 0x1D, 0x0A, 0x14, 0x38, 0x41, 0x68, 0x1C,
    0x36, 0x64, 0x51, 0x1D, 0x0D, 0x20, 0x0B, 0x19, 0x49, 0x59, 0x60, 0x1B, 0x7C, 0xA1, 0x2C, 0x0E,
    0x25, 0x0E, 0x18, 0x50, 0x72, 0x00, 0x00, 0x0B, 0x00, 0x2D, 0xFF, 0xB0, 0x03, 0xBE, 0x03, 0x2D,
    0x00, 0x03, 0x00, 0x07, 0x00, 0x0F, 0x00, 0x13, 0x00, 0x1E, 0x00, 0x22, 0x00, 0x2E, 0x00, 0x38,
    0x00, 0x3C, 0x00, 0x47, 0x00, 0x56, 0x00, 0x00, 0x41, 0x21, 0x15, 0x21, 0x03, 0x21, 0x15, 0x21,
    0x17, 0x21, 0x11, 0x23, 0x11, 0x21, 0x11, 0x23, 0x37, 0x21, 0x15, 0x21, 0x13, 0x17, 0x0E, 0x02,
    0x07, 0x23, 0x3E, 0x03, 0x07, 0x21, 0x15, 0x21, 0x25, 0x33, 0x37, 0x17, 0x06, 0x06, 0x07, 0x27,
    0x3E, 0x02, 0x37, 0x25, 0x37, 0x1E, 0x02, 0x17, 0x07, 0x2E, 0x02, 0x07, 0x33, 0x15, 0x23, 0x13,
    0x27, 0x37, 0x37, 0x16, 0x16, 0x17, 0x0E, 0x03, 0x07, 0x2E, 0x02, 0x27, 0x36, 0x36, 0x35, 0x11,
    0x33, 0x11, 0x30, 0x0E, 0x02, 0x01, 0x63, 0x02, 0x39, 0xFD, 0xC7, 0x23, 0x02, 0x7E, 0xFD, 0x82,
    0x53, 0x01, 0xE7, 0x4A, 0xFE, 0xAB, 0x48, 0x24, 0x01, 0x97, 0xFE, 0x69, 0x7E, 0x4B, 0x0B, 0x20,
    0x1F, 0x0C, 0x4F, 0x0B, 0x19, 0x18, 0x16, 0xA6, 0x01, 0x9F, 0xFE, 0x61, 0x01, 0x8D, 0x07, 0x0C,
    0x35, 0x04, 0x0D, 0x07, 0x47, 0x05, 0x09, 0x07, 0x02, 0xFD, 0x4E, 0x30, 0x1B, 0x3B, 0x35, 0x0F,
    0x33, 0x10, 0x32, 0x3A, 0x50, 0xB3, 0xB3, 0x8D, 0x0B, 0x16, 0xB1, 0x03, 0x0C, 0x05, 0x3F, 0x4D,
    0x2B, 0x13, 0x06, 0x03, 0x0D, 0x10, 0x06, 0x0B, 0x19, 0x46, 0x14, 0x1C, 0x14, 0x03, 0x24, 0x43,
    0xFE, 0xC5, 0x44, 0x53, 0xFE, 0xA4, 0x01, 0x19, 0xFE, 0xE4, 0x69, 0x42, 0x03, 0x33, 0x08, 0x3E,
    0x8F, 0x85, 0x30, 0x25, 0x62, 0x6A, 0x6B, 0x6C, 0x41, 0x41, 0x04, 0x05, 0x38, 0x80, 0x35, 0x05,
    0x25, 0x53, 0x4E, 0x1A, 0x98, 0x2E, 0x16, 0x36, 0x34, 0x15, 0x36, 0x16, 0x37, 0x39, 0xD9, 0x49,
    0xFE, 0x08, 0x46, 0x1F, 0x75, 0x0E, 0x25, 0x0C, 0x2B, 0x37, 0x20, 0x11, 0x08, 0x0A, 0x19, 0x18,
    0x08, 0x08, 0x23, 0x1F, 0x01, 0xB4, 0xFE, 0x09, 0x0F, 0x17, 0x19, 0x00, 0x00, 0x0A, 0x00, 0x2D,
    0xFF, 0xAF, 0x03, 0xBF, 0x03, 0x47, 0x00, 0x09, 0x00, 0x0D, 0x00, 0x19, 0x00, 0x2A, 0x00, 0x33,
    0x00, 0x3C, 0x00, 0x40, 0x00, 0x44, 0x00, 0x52, 0x00, 0x72, 0x00, 0x00, 0x53, 0x37, 0x1E, 0x02,
    0x17, 0x07, 0x2E, 0x02, 0x07, 0x33, 0x15, 0x23, 0x13, 0x27, 0x37, 0x37, 0x1E, 0x02, 0x17, 0x0E,
    0x03, 0x07, 0x2E, 0x02, 0x27, 0x3E, 0x02, 0x35, 0x11, 0x33, 0x11, 0x30, 0x0E, 0x03, 0x13, 0x37,
    0x16, 0x16, 0x17, 0x07, 0x2E, 0x02, 0x25, 0x17, 0x06, 0x06, 0x07, 0x27, 0x3E, 0x02, 0x05, 0x15,
    0x21, 0x35, 0x25, 0x21, 0x11, 0x21, 0x37, 0x33, 0x0E, 0x03, 0x07, 0x26, 0x26, 0x27, 0x3E, 0x03,
    0x37, 0x33, 0x11, 0x14, 0x16, 0x33, 0x3A, 0x03, 0x33, 0x32, 0x36, 0x36, 0x35, 0x1E, 0x02, 0x17,
    0x0E, 0x02, 0x23, 0x2A, 0x03, 0x23, 0x22, 0x26, 0x26, 0x35, 0x6F, 0x33, 0x1B, 0x3B, 0x35, 0x10,
    0x36, 0x0F, 0x33, 0x3B, 0x5D, 0xBD, 0xBD, 0x83, 0x10, 0x15, 0xC7, 0x04, 0x08, 0x0A, 0x04, 0x47,
    0x56, 0x2F, 0x15, 0x05, 0x04, 0x0F, 0x11, 0x08, 0x0A, 0x1C, 0x15, 0x4B, 0x12, 0x1B, 0x1B, 0x12,
    0xFA, 0x40, 0x1D, 0x36, 0x0C, 0x45, 0x06, 0x1D, 0x24, 0x01, 0x49, 0x4E, 0x18, 0x38, 0x19, 0x42,
    0x10, 0x23, 0x1F, 0xFE, 0xCE, 0x01, 0x54, 0xFE, 0x63, 0x01, 0xE8, 0xFE, 0x18, 0x80, 0x4C, 0x05,
    0x1A, 0x33, 0x5B, 0x48, 0x06, 0x1C, 0x0C, 0x41, 0x51, 0x2D, 0x14, 0xA8, 0x4A, 0x0B, 0x12, 0x04,
    0x16, 0x1B, 0x18, 0x05, 0x0C, 0x0C, 0x06, 0x09, 0x17, 0x19, 0x0B, 0x04, 0x12, 0x25, 0x20, 0x05,
    0x1C, 0x21, 0x1C, 0x06, 0x24, 0x28, 0x10, 0x03, 0x05, 0x2E, 0x17, 0x39, 0x36, 0x16, 0x35, 0x16,
    0x39, 0x3C, 0xDF, 0x49, 0xFE, 0x11, 0x4C, 0x20, 0x8C, 0x0B, 0x19, 0x18, 0x07, 0x33, 0x41, 0x25,
    0x14, 0x08, 0x0A, 0x1A, 0x1A, 0x07, 0x07, 0x1A, 0x25, 0x16, 0x01, 0x97, 0xFE, 0x24, 0x0D, 0x15,
    0x18, 0x18, 0x03, 0x4B, 0x1A, 0x27, 0x5F, 0x23, 0x1E, 0x17, 0x3D, 0x3E, 0x37, 0x18, 0x37, 0x75,
    0x2A, 0x19, 0x1D, 0x4A, 0x4E, 0xEC, 0xB6, 0xB6, 0x44, 0xFE, 0xC2, 0x12, 0x4B, 0x80, 0x6A, 0x51,
    0x1E, 0x0E, 0x22, 0x0A, 0x18, 0x47, 0x5B, 0x6F, 0x46, 0xFE, 0xCB, 0x14, 0x0B, 0x10, 0x36, 0x36,
    0x06, 0x0D, 0x09, 0x03, 0x40, 0x48, 0x1B, 0x12, 0x2B, 0x27, 0x00, 0x0C, 0x00, 0x2B, 0xFF, 0xB1,
    0x03, 0x9C, 0x03, 0x32, 0x00, 0x0F, 0x00, 0x13, 0x00, 0x25, 0x00, 0x29, 0x00, 0x2D, 0x00, 0x31,
    0x00, 0x39, 0x00, 0x3D, 0x00, 0x47, 0x00, 0x52, 0x00, 0x56, 0x00, 0x67, 0x00, 0x00, 0x41, 0x33,
    0x11, 0x14, 0x0E, 0x02, 0x07, 0x2E, 0x02, 0x27, 0x3E, 0x02, 0x35, 0x13, 0x21, 0x15, 0x21, 0x25,
    0x33, 0x11, 0x14, 0x06, 0x07, 0x06, 0x06, 0x23, 0x2E, 0x02, 0x27, 0x16, 0x16, 0x37, 0x32, 0x35,
    0x01, 0x21, 0x15, 0x21, 0x07, 0x21, 0x15, 0x21, 0x13, 0x33, 0x11, 0x23, 0x07, 0x33, 0x15, 0x23,
    0x35, 0x33, 0x35, 0x23, 0x27, 0x33, 0x11, 0x23, 0x01, 0x37, 0x1E, 0x02, 0x17, 0x07, 0x2E, 0x02,
    0x13, 0x27, 0x37, 0x37, 0x16, 0x16, 0x17, 0x0E, 0x03, 0x03, 0x33, 0x15, 0x23, 0x13, 0x2E, 0x02,
    0x27, 0x3E, 0x02, 0x35, 0x11, 0x33, 0x11, 0x30, 0x0E, 0x03, 0x01, 0x7F, 0x43, 0x08, 0x17, 0x2C,
    0x25, 0x05, 0x15, 0x15, 0x08, 0x2E, 0x2A, 0x0C, 0x2A, 0x01, 0xCE, 0xFE, 0x32, 0x01, 0xAF, 0x44,
    0x10, 0x14, 0x14, 0x43, 0x36, 0x01, 0x08, 0x09, 0x06, 0x28, 0x3F, 0x0A, 0x14, 0xFE, 0xA8, 0x01,
    0x19, 0xFE, 0xE7, 0x16, 0x01, 0x48, 0xFE, 0xB8, 0x82, 0x3D, 0x3D, 0x4C, 0xED, 0xED, 0xB3, 0xB3,
    0x20, 0x3A, 0x3A, 0xFE, 0x69, 0x31, 0x1C, 0x3B, 0x34, 0x10, 0x35, 0x0F, 0x33, 0x3A, 0x2B, 0x0F,
    0x12, 0x98, 0x05, 0x11, 0x06, 0x36, 0x44, 0x26, 0x12, 0x89, 0xB2, 0xB2, 0x84, 0x05, 0x10, 0x13,
    0x07, 0x0A, 0x1A, 0x14, 0x49, 0x11, 0x18, 0x19, 0x10, 0x03, 0x1B, 0xFE, 0x8B, 0x3A, 0x84, 0x86,
    0x7E, 0x33, 0x06, 0x0F, 0x0F, 0x04, 0x41, 0x9F, 0xA5, 0x48, 0x01, 0x75, 0x43, 0x43, 0xFC, 0xEF,
    0x1E, 0x23, 0x0A, 0x08, 0x04, 0x0A, 0x19, 0x19, 0x09, 0x01, 0x01, 0x01, 0x14, 0x02, 0x5B, 0x3A,
    0x66, 0x39, 0x01, 0x2D, 0xFE, 0xE4, 0x63, 0xEA, 0x39, 0x79, 0x38, 0xFE, 0xE8, 0x02, 0xE1, 0x2E,
    0x16, 0x36, 0x35, 0x15, 0x35, 0x17, 0x37, 0x38, 0xFC, 0xDF, 0x45, 0x1F, 0x74, 0x0F, 0x25, 0x0B,
    0x2B, 0x36, 0x20, 0x11, 0x02, 0x3B, 0x48, 0xFE, 0x06, 0x08, 0x14, 0x12, 0x05, 0x08, 0x1F, 0x2B,
    0x1A, 0x01, 0xA3, 0xFE, 0x2A, 0x10, 0x1A, 0x1E, 0x1B, 0x00, 0x00, 0x07, 0x00, 0x27, 0xFF, 0xB1,
    0x03, 0xC5, 0x03, 0x3F, 0x00, 0x0F, 0x00, 0x19, 0x00, 0x21, 0x00, 0x2E, 0x00, 0x32, 0x00, 0x42,
    0x00, 0x4E, 0x00, 0x00, 0x53, 0x33, 0x11, 0x14, 0x0E, 0x02, 0x07, 0x26, 0x26, 0x27, 0x3E, 0x03,
    0x35, 0x13, 0x37, 0x1E, 0x02, 0x17, 0x07, 0x2E, 0x02, 0x03, 0x21, 0x11, 0x23, 0x11, 0x23, 0x11,
    0x23, 0x01, 0x17, 0x0E, 0x02, 0x07, 0x2E, 0x02, 0x27, 0x3E, 0x02, 0x07, 0x21, 0x15, 0x21, 0x37,
    0x33, 0x37, 0x17, 0x06, 0x02, 0x06, 0x07, 0x2E, 0x02, 0x27, 0x3E, 0x02, 0x37, 0x07, 0x1E, 0x02,
    0x17, 0x06, 0x06, 0x07, 0x2E, 0x02, 0x27, 0xEA, 0x42, 0x0D, 0x2C, 0x55, 0x49, 0x08, 0x1B, 0x0B,
    0x45, 0x4E, 0x25, 0x0B, 0x36, 0x35, 0x17, 0x30, 0x2C, 0x0D, 0x37, 0x0D, 0x2B, 0x2F, 0xDE, 0x01,
    0x64, 0x41, 0xE4, 0x3F, 0x02, 0x11, 0x44, 0x12, 0x35, 0x42, 0x28, 0x04, 0x11, 0x11, 0x08, 0x24,
    0x3A, 0x2D, 0x11, 0x01, 0x6A, 0xFE, 0x96, 0xE4, 0x0D, 0x0D, 0x28, 0x13, 0x61, 0x93, 0x61, 0x04,
    0x10, 0x12, 0x08, 0x5E, 0x8C, 0x59, 0x11, 0xE3, 0x20, 0x6A, 0x93, 0x5E, 0x0C, 0x1B, 0x09, 0x61,
    0x97, 0x6D, 0x23, 0x02, 0x90, 0xFE, 0xF2, 0x38, 0x7D, 0x7D, 0x72, 0x2D, 0x0B, 0x1F, 0x09, 0x27,
    0x66, 0x71, 0x70, 0x30, 0xFE, 0xFD, 0x20, 0x1B, 0x41, 0x3C, 0x16, 0x27, 0x17, 0x3F, 0x42, 0x02,
    0xB6, 0xFD, 0xA2, 0x02, 0x1A, 0xFD, 0xE4, 0x02, 0x87, 0x0F, 0x54, 0xA6, 0x90, 0x39, 0x08, 0x18,
    0x17, 0x07, 0x32, 0x81, 0x94, 0x5A, 0x44, 0x27, 0x02, 0x0C, 0xC1, 0xFE, 0xEB, 0xB6, 0x34, 0x08,
    0x15, 0x13, 0x06, 0x30, 0xA6, 0xFD, 0xB1, 0x65, 0x78, 0xD5, 0xA1, 0x2E, 0x0A, 0x22, 0x0C, 0x34,
    0xAE, 0xE2, 0x82, 0x00, 0x00, 0x07, 0x00, 0x24, 0xFF, 0xB1, 0x03, 0xB6, 0x03, 0x43, 0x00, 0x03,
    0x00, 0x0D, 0x00, 0x17, 0x00, 0x25, 0x00, 0x36, 0x00, 0x49, 0x00, 0x51, 0x00, 0x00, 0x53, 0x21,
    0x15, 0x21, 0x25, 0x17, 0x0E, 0x02, 0x07, 0x23, 0x3E, 0x02, 0x13, 0x37, 0x1E, 0x02, 0x17, 0x07,
    0x2E, 0x02, 0x13, 0x17, 0x0E, 0x03, 0x07, 0x26, 0x26, 0x27, 0x3E, 0x03, 0x05, 0x33, 0x11, 0x14,
    0x0E, 0x02, 0x07, 0x2E, 0x02, 0x27, 0x3E, 0x03, 0x35, 0x05, 0x33, 0x15, 0x14, 0x0E, 0x03, 0x07,
    0x2E, 0x02, 0x27, 0x3E, 0x04, 0x35, 0x27, 0x21, 0x11, 0x23, 0x11, 0x21, 0x11, 0x23, 0xC5, 0x02,
    0xF1, 0xFD, 0x0F, 0x01, 0x58, 0x4F, 0x04, 0x0C, 0x0E, 0x07, 0x48, 0x06, 0x0B, 0x0A, 0x38, 0x35,
    0x32, 0x6E, 0x65, 0x23, 0x35, 0x22, 0x65, 0x6E, 0xBA, 0x3C, 0x47, 0xB1, 0xC3, 0xC5, 0x5C, 0x02,
    0x0B, 0x06, 0x5B, 0xC1, 0xBA, 0xA2, 0xFD, 0x88, 0x4A, 0x08, 0x17, 0x2D, 0x24, 0x07, 0x19, 0x18,
    0x0A, 0x24, 0x2A, 0x14, 0x06, 0x01, 0x92, 0x4D, 0x0D, 0x28, 0x4E, 0x82, 0x60, 0x05, 0x11, 0x13,
    0x09, 0x5D, 0x79, 0x48, 0x22, 0x0A, 0xFB, 0x02, 0x47, 0x4E, 0xFE, 0x52, 0x4B, 0x02, 0x71, 0x43,
    0xC0, 0x05, 0x31, 0x71, 0x69, 0x27, 0x28, 0x6B, 0x73, 0xFD, 0x88, 0x2E, 0x13, 0x31, 0x31, 0x15,
    0x33, 0x16, 0x34, 0x32, 0x03, 0x11, 0x3C, 0x0F, 0x19, 0x12, 0x0C, 0x03, 0x0E, 0x26, 0x0C, 0x04,
    0x0C, 0x11, 0x17, 0x38, 0xFE, 0xE9, 0x3D, 0x90, 0x95, 0x8E, 0x3B, 0x06, 0x0F, 0x0E, 0x03, 0x38,
    0x84, 0x8A, 0x86, 0x39, 0x8B, 0x5B, 0x1E, 0x45, 0x48, 0x47, 0x41, 0x1D, 0x09, 0x14, 0x16, 0x07,
    0x18, 0x38, 0x3C, 0x3B, 0x39, 0x17, 0xCA, 0xFE, 0xA2, 0x01, 0x17, 0xFE, 0xED, 0x00, 0x00, 0x0C,
    0x00, 0x23, 0xFF, 0xAE, 0x03, 0xC9, 0x03, 0x49, 0x00, 0x03, 0x00, 0x07, 0x00, 0x0B, 0x00, 0x0F,
    0x00, 0x18, 0x00, 0x1C, 0x00, 0x38, 0x00, 0x42, 0x00, 0x4A, 0x00, 0x54, 0x00, 0x5E, 0x00, 0x6F,
    0x00, 0x00, 0x53, 0x33, 0x11, 0x23, 0x13, 0x15, 0x33, 0x35, 0x27, 0x21, 0x11, 0x21, 0x37, 0x33,
    0x11, 0x23, 0x07, 0x3E, 0x02, 0x37, 0x17, 0x06, 0x06, 0x07, 0x13, 0x33, 0x15, 0x23, 0x01, 0x33,
    0x11, 0x14, 0x16, 0x33, 0x3A, 0x02, 0x33, 0x32, 0x36, 0x37, 0x16, 0x16, 0x17, 0x06, 0x06, 0x23,
    0x2A, 0x03, 0x23, 0x22, 0x26, 0x26, 0x35, 0x01, 0x37, 0x1E, 0x02, 0x17, 0x07, 0x2E, 0x02, 0x03,
    0x36, 0x36, 0x37, 0x17, 0x06, 0x06, 0x07, 0x01, 0x17, 0x0E, 0x02, 0x07, 0x27, 0x3E, 0x02, 0x03,
    0x37, 0x1E, 0x02, 0x17, 0x07, 0x2E, 0x02, 0x03, 0x33, 0x11, 0x14, 0x0E, 0x02, 0x07, 0x2E, 0x02,
    0x27, 0x3E, 0x03, 0x35, 0x59, 0x38, 0x38, 0x3D, 0xA1, 0xE0, 0x01, 0x21, 0xFE, 0xDF, 0x7A, 0x3F,
    0x3F, 0xAE, 0x2D, 0x75, 0x84, 0x42, 0x09, 0x5D, 0xBA, 0x49, 0xC1, 0x87, 0x87, 0x01, 0xC8, 0x47,
    0x0A, 0x11, 0x06, 0x21, 0x23, 0x06, 0x0F, 0x0A, 0x02, 0x0C, 0x24, 0x0F, 0x05, 0x22, 0x2E, 0x06,
    0x1B, 0x1F, 0x1A, 0x06, 0x22, 0x26, 0x0F, 0xFE, 0xC9, 0x3A, 0x16, 0x26, 0x1B, 0x07, 0x40, 0x05,
    0x1A, 0x25, 0x33, 0x26, 0x6B, 0x38, 0x14, 0x2E, 0x5C, 0x29, 0x01, 0xE2, 0x46, 0x13, 0x2C, 0x2C,
    0x14, 0x36, 0x13, 0x29, 0x27, 0x84, 0x30, 0x1F, 0x45, 0x3E, 0x13, 0x32, 0x12, 0x3D, 0x44, 0xE1,
    0x45, 0x0D, 0x29, 0x56, 0x4A, 0x05, 0x10, 0x13, 0x08, 0x45, 0x50, 0x23, 0x09, 0x01, 0x94, 0xFE,
    0x92, 0x02, 0xAF, 0xB2, 0xB2, 0x40, 0xFE, 0xCE, 0x1A, 0xFE, 0x3C, 0x05, 0x0A, 0x1C, 0x21, 0x11,
    0x41, 0x18, 0x31, 0x14, 0x01, 0x77, 0x43, 0x02, 0x27, 0xFC, 0xE7, 0x1C, 0x10, 0x2F, 0x44, 0x09,
    0x12, 0x03, 0x54, 0x46, 0x13, 0x31, 0x2D, 0x02, 0x79, 0x1A, 0x21, 0x4C, 0x4A, 0x1E, 0x1D, 0x1F,
    0x4B, 0x4D, 0xFE, 0x64, 0x16, 0x43, 0x25, 0x37, 0x25, 0x46, 0x20, 0x02, 0x23, 0x23, 0x24, 0x50,
    0x4C, 0x1C, 0x1C, 0x1E, 0x50, 0x52, 0xFE, 0xAF, 0x2F, 0x18, 0x3A, 0x38, 0x15, 0x35, 0x16, 0x3A,
    0x3C, 0x02, 0x0B, 0xFE, 0x58, 0x43, 0x8D, 0x87, 0x73, 0x29, 0x08, 0x14, 0x15, 0x06, 0x22, 0x66,
    0x7A, 0x7F, 0x3B, 0x00, 0x00, 0x0B, 0x00, 0x28, 0xFF, 0xAF, 0x03, 0xBF, 0x03, 0x48, 0x00, 0x03,
    0x00, 0x07, 0x00, 0x10, 0x00, 0x27, 0x00, 0x2F, 0x00, 0x33, 0x00, 0x40, 0x00, 0x4A, 0x00, 0x56,
    0x00, 0x5A, 0x00, 0x5E, 0x00, 0x00, 0x53, 0x21, 0x15, 0x21, 0x17, 0x33, 0x11, 0x23, 0x27, 0x3E,
    0x02, 0x37, 0x17, 0x06, 0x06, 0x07, 0x37, 0x2E, 0x02, 0x27, 0x36, 0x36, 0x37, 0x3E, 0x03, 0x37,
    0x17, 0x0E, 0x02, 0x07, 0x15, 0x30, 0x0E, 0x02, 0x15, 0x35, 0x37, 0x21, 0x15, 0x21, 0x22, 0x06,
    0x25, 0x21, 0x15, 0x21, 0x25, 0x33, 0x37, 0x17, 0x0E, 0x02, 0x07, 0x27, 0x3E, 0x02, 0x37, 0x05,
    0x37, 0x1E, 0x02, 0x17, 0x07, 0x2E, 0x02, 0x13, 0x17, 0x0E, 0x03, 0x07, 0x23, 0x3E, 0x03, 0x07,
    0x21, 0x15, 0x21, 0x07, 0x21, 0x15, 0x21, 0x2E, 0x01, 0x73, 0xFE, 0x8D, 0xC5, 0x48, 0x48, 0xCB,
    0x33, 0x85, 0x94, 0x4B, 0x03, 0x68, 0xD1, 0x51, 0x19, 0x02, 0x07, 0x0A, 0x04, 0x0D, 0x17, 0x0D,
    0x07, 0x1A, 0x1E, 0x1C, 0x08, 0x4A, 0x12, 0x31, 0x3A, 0x1E, 0x0D, 0x12, 0x0D, 0x29, 0x01, 0x28,
    0xFE, 0xF8, 0x1A, 0x29, 0x01, 0xDC, 0x01, 0x2B, 0xFE, 0xD5, 0x01, 0x19, 0x0C, 0x0C, 0x35, 0x1C,
    0x45, 0x4A, 0x24, 0x40, 0x22, 0x49, 0x42, 0x15, 0xFE, 0xC7, 0x30, 0x34, 0x6A, 0x5D, 0x1E, 0x32,
    0x1D, 0x5C, 0x6B, 0x5D, 0x4B, 0x11, 0x28, 0x2B, 0x27, 0x11, 0x51, 0x13, 0x2C, 0x2C, 0x28, 0xC3,
    0x01, 0xCA, 0xFE, 0x36, 0x27, 0x02, 0x15, 0xFD, 0xEB, 0x02, 0xD3, 0x46, 0x56, 0xFD, 0x7D, 0xF3,
    0x08, 0x16, 0x1A, 0x0D, 0x41, 0x15, 0x29, 0x0F, 0xEE, 0x07, 0x19, 0x19, 0x09, 0x03, 0x2D, 0x20,
    0x11, 0x49, 0x64, 0x73, 0x39, 0x0F, 0x51, 0xA3, 0x95, 0x3B, 0x02, 0x08, 0x0D, 0x0D, 0x05, 0x3E,
    0x14, 0x44, 0x08, 0x0A, 0x46, 0x46, 0x05, 0x1A, 0x29, 0x62, 0x63, 0x2C, 0x1D, 0x2B, 0x64, 0x5B,
    0x20, 0xD1, 0x30, 0x1E, 0x47, 0x48, 0x1D, 0x3A, 0x1E, 0x4B, 0x4D, 0x02, 0xE3, 0x0A, 0x43, 0x95,
    0x97, 0x87, 0x32, 0x35, 0x8B, 0x99, 0x97, 0x33, 0x46, 0x76, 0x47, 0x00, 0x00, 0x06, 0x00, 0x25,
    0xFF, 0xC7, 0x03, 0xC4, 0x03, 0x45, 0x00, 0x09, 0x00, 0x0F, 0x00, 0x32, 0x00, 0x36, 0x00, 0x49,
    0x00, 0x53, 0x00, 0x00, 0x53, 0x37, 0x1E, 0x02, 0x17, 0x07, 0x2E, 0x02, 0x13, 0x11, 0x23, 0x11,
    0x23, 0x35, 0x13, 0x32, 0x16, 0x16, 0x17, 0x16, 0x16, 0x33, 0x32, 0x3E, 0x02, 0x37, 0x0E, 0x02,
    0x07, 0x0E, 0x03, 0x23, 0x22, 0x26, 0x27, 0x26, 0x26, 0x23, 0x22, 0x06, 0x06, 0x07, 0x27, 0x36,
    0x36, 0x13, 0x21, 0x15, 0x21, 0x25, 0x33, 0x11, 0x14, 0x06, 0x07, 0x06, 0x06, 0x23, 0x26, 0x26,
    0x27, 0x16, 0x16, 0x36, 0x33, 0x36, 0x36, 0x35, 0x01, 0x37, 0x1E, 0x02, 0x17, 0x07, 0x2E, 0x02,
    0x4F, 0x3A, 0x1C, 0x3A, 0x33, 0x10, 0x3F, 0x0D, 0x32, 0x39, 0x9B, 0x4A, 0x8A, 0xAE, 0x11, 0x1E,
    0x26, 0x1B, 0x31, 0x82, 0x54, 0x2C, 0x61, 0x62, 0x5A, 0x24, 0x05, 0x0A, 0x07, 0x01, 0x1B, 0x55,
    0x65, 0x5F, 0x24, 0x5D, 0x84, 0x35, 0x1F, 0x31, 0x11, 0x10, 0x2B, 0x30, 0x1A, 0x34, 0x34, 0x61,
    0x92, 0x02, 0x5B, 0xFD, 0xA5, 0x01, 0x84, 0x4C, 0x16, 0x1B, 0x1A, 0x5E, 0x46, 0x02, 0x11, 0x08,
    0x25, 0x43, 0x31, 0x0A, 0x0F, 0x0C, 0xFE, 0xAD, 0x3C, 0x1A, 0x37, 0x30, 0x0E, 0x3F, 0x0E, 0x2E,
    0x37, 0x03, 0x06, 0x27, 0x19, 0x3C, 0x3A, 0x18, 0x2C, 0x18, 0x3C, 0x3E, 0xFE, 0xE5, 0xFE, 0x94,
    0x01, 0x26, 0x46, 0xFE, 0xBC, 0x12, 0x1D, 0x12, 0x1E, 0x12, 0x03, 0x05, 0x07, 0x04, 0x0A, 0x1E,
    0x1E, 0x0B, 0x02, 0x03, 0x02, 0x02, 0x15, 0x21, 0x14, 0x28, 0x23, 0x3A, 0x23, 0x47, 0x38, 0x47,
    0x02, 0x07, 0x47, 0xF8, 0xFD, 0x7B, 0x26, 0x26, 0x09, 0x09, 0x05, 0x11, 0x2C, 0x10, 0x01, 0x02,
    0x01, 0x01, 0x0A, 0x0D, 0x01, 0x1D, 0x21, 0x1E, 0x48, 0x44, 0x1B, 0x26, 0x1A, 0x47, 0x4A, 0x00,
    0x00, 0x09, 0x00, 0x2D, 0xFF, 0xB0, 0x03, 0xC6, 0x03, 0x44, 0x00, 0x03, 0x00, 0x07, 0x00, 0x0B,
    0x00, 0x16, 0x00, 0x36, 0x00, 0x45, 0x00, 0x4F, 0x00, 0x55, 0x00, 0x77, 0x00, 0x00, 0x41, 0x21,
    0x15, 0x21, 0x13, 0x21, 0x15, 0x21, 0x37, 0x33, 0x11, 0x23, 0x03, 0x17, 0x06, 0x06, 0x07, 0x2E,
    0x02, 0x27, 0x36, 0x36, 0x13, 0x33, 0x11, 0x14, 0x16, 0x33, 0x3A, 0x03, 0x33, 0x32, 0x36, 0x36,
    0x37, 0x1E, 0x02, 0x17, 0x0E, 0x02, 0x23, 0x2A, 0x03, 0x23, 0x22, 0x26, 0x26, 0x35, 0x03, 0x33,
    0x0E, 0x03, 0x07, 0x2E, 0x02, 0x27, 0x3E, 0x03, 0x01, 0x37, 0x1E, 0x02, 0x17, 0x07, 0x2E, 0x02,
    0x13, 0x11, 0x23, 0x11, 0x23, 0x35, 0x13, 0x32, 0x16, 0x17, 0x16, 0x16, 0x33, 0x32, 0x36, 0x36,
    0x37, 0x0E, 0x02, 0x07, 0x0E, 0x03, 0x23, 0x22, 0x26, 0x27, 0x26, 0x26, 0x23, 0x22, 0x06, 0x06,
    0x07, 0x27, 0x3E, 0x02, 0x01, 0x40, 0x02, 0x77, 0xFD, 0x89, 0x74, 0x01, 0xD9, 0xFE, 0x27, 0xA7,
    0x4B, 0x4B, 0x9D, 0x48, 0x15, 0x45, 0x26, 0x07, 0x18, 0x18, 0x09, 0x29, 0x3E, 0xFA, 0x4A, 0x0A,
    0x13, 0x03, 0x16, 0x1A, 0x17, 0x05, 0x0C, 0x0D, 0x06, 0x01, 0x07, 0x17, 0x1A, 0x0A, 0x04, 0x11,
    0x25, 0x20, 0x05, 0x1C, 0x20, 0x1B, 0x06, 0x25, 0x28, 0x0F, 0xAF, 0x4B, 0x06, 0x1B, 0x34, 0x57,
    0x44, 0x04, 0x10, 0x12, 0x08, 0x3D, 0x4E, 0x2D, 0x15, 0xFE, 0x4B, 0x39, 0x1E, 0x3D, 0x35, 0x10,
    0x3E, 0x0E, 0x33, 0x3D, 0xA1, 0x48, 0x7B, 0xBD, 0x17, 0x2B, 0x26, 0x2F, 0x7E, 0x4F, 0x39, 0x84,
    0x7F, 0x31, 0x04, 0x09, 0x07, 0x01, 0x1E, 0x56, 0x62, 0x5E, 0x25, 0x57, 0x81, 0x31, 0x1D, 0x2E,
    0x11, 0x12, 0x30, 0x35, 0x1D, 0x32, 0x23, 0x46, 0x43, 0x01, 0xEA, 0x43, 0x01, 0x16, 0x41, 0xC8,
    0xFE, 0x88, 0x01, 0x5E, 0x0F, 0x4B, 0x8A, 0x30, 0x06, 0x0F, 0x0F, 0x04, 0x2C, 0x7E, 0xFE, 0xE0,
    0xFE, 0xF7, 0x12, 0x0A, 0x10, 0x32, 0x35, 0x06, 0x0D, 0x08, 0x03, 0x40, 0x44, 0x1B, 0x11, 0x2B,
    0x26, 0x01, 0x07, 0x42, 0x70, 0x5D, 0x49, 0x1B, 0x0A, 0x17, 0x15, 0x07, 0x16, 0x3C, 0x4E, 0x5F,
    0x01, 0x6E, 0x29, 0x17, 0x39, 0x3A, 0x18, 0x2F, 0x19, 0x3C, 0x3B, 0xFE, 0xE3, 0xFE, 0x7F, 0x01,
    0x3B, 0x46, 0xFE, 0x9D, 0x20, 0x17, 0x1C, 0x0F, 0x05, 0x07, 0x05, 0x09, 0x1D, 0x1D, 0x0B, 0x02,
    0x03, 0x03, 0x02, 0x14, 0x1D, 0x12, 0x23, 0x1F, 0x34, 0x1F, 0x41, 0x20, 0x35, 0x1F, 0x00, 0x0B,
    0x00, 0x27, 0xFF, 0xBA, 0x03, 0xC9, 0x03, 0x27, 0x00, 0x05, 0x00, 0x0F, 0x00, 0x19, 0x00, 0x1F,
    0x00, 0x31, 0x00, 0x35, 0x00, 0x39, 0x00, 0x3D, 0x00, 0x41, 0x00, 0x4F, 0x00, 0x71, 0x00, 0x00,
    0x41, 0x11, 0x23, 0x11, 0x23, 0x35, 0x13, 0x37, 0x1E, 0x02, 0x17, 0x07, 0x2E, 0x02, 0x05, 0x37,
    0x1E, 0x02, 0x17, 0x07, 0x2E, 0x02, 0x07, 0x21, 0x15, 0x21, 0x11, 0x23, 0x01, 0x33, 0x11, 0x14,
    0x06, 0x07, 0x06, 0x06, 0x23, 0x26, 0x26, 0x27, 0x16, 0x32, 0x33, 0x36, 0x36, 0x35, 0x01, 0x21,
    0x15, 0x21, 0x13, 0x21, 0x15, 0x21, 0x15, 0x21, 0x15, 0x21, 0x13, 0x33, 0x11, 0x23, 0x13, 0x33,
    0x37, 0x17, 0x06, 0x06, 0x07, 0x26, 0x26, 0x27, 0x3E, 0x02, 0x37, 0x01, 0x32, 0x16, 0x17, 0x16,
    0x16, 0x33, 0x32, 0x3E, 0x02, 0x37, 0x0E, 0x02, 0x07, 0x0E, 0x03, 0x23, 0x22, 0x26, 0x27, 0x26,
    0x26, 0x23, 0x22, 0x06, 0x06, 0x07, 0x27, 0x36, 0x36, 0x01, 0x00, 0x48, 0x8D, 0x16, 0x34, 0x1E,
    0x41, 0x3B, 0x13, 0x37, 0x11, 0x3A, 0x41, 0x01, 0x64, 0x30, 0x2F, 0x6C, 0x62, 0x22, 0x33, 0x1F,
    0x61, 0x6B, 0x89, 0x02, 0x05, 0xFE, 0x42, 0x47, 0x01, 0xE2, 0x48, 0x0E, 0x14, 0x14, 0x41, 0x33,
    0x02, 0x0C, 0x07, 0x24, 0x39, 0x09, 0x0A, 0x07, 0xFE, 0x1F, 0x01, 0xF3, 0xFE, 0x0D, 0x26, 0x01,
    0xD7, 0xFE, 0x29, 0x01, 0xD7, 0xFE, 0x29, 0xC9, 0x44, 0x44, 0xEB, 0x11, 0x0F, 0x2F, 0x32, 0x8C,
    0x43, 0x07, 0x18, 0x09, 0x29, 0x52, 0x48, 0x17, 0xFD, 0x98, 0x18, 0x2D, 0x2A, 0x32, 0x82, 0x53,
    0x2D, 0x62, 0x63, 0x5C, 0x27, 0x04, 0x09, 0x07, 0x01, 0x1A, 0x56, 0x65, 0x63, 0x29, 0x5D, 0x84,
    0x34, 0x1F, 0x31, 0x12, 0x10, 0x2C, 0x30, 0x1A, 0x2F, 0x32, 0x5E, 0x01, 0xD1, 0xFE, 0x86, 0x01,
    0x33, 0x47, 0x01, 0x24, 0x2B, 0x18, 0x3B, 0x3B, 0x17, 0x32, 0x18, 0x3C, 0x3E, 0x39, 0x2B, 0x11,
    0x2D, 0x2E, 0x14, 0x30, 0x14, 0x30, 0x2F, 0x43, 0x3A, 0xFE, 0x34, 0x02, 0x06, 0xFE, 0x45, 0x1C,
    0x1D, 0x09, 0x08, 0x03, 0x0E, 0x23, 0x0C, 0x01, 0x01, 0x08, 0x08, 0x02, 0x91, 0x3B, 0xFE, 0xD3,
    0x38, 0x5B, 0x3B, 0x01, 0x48, 0xFE, 0x16, 0x02, 0xD8, 0x04, 0x24, 0x30, 0x5B, 0x1E, 0x0B, 0x1A,
    0x08, 0x11, 0x30, 0x36, 0x17, 0xFD, 0x61, 0x23, 0x1B, 0x1F, 0x11, 0x03, 0x05, 0x06, 0x04, 0x09,
    0x1B, 0x1B, 0x0A, 0x02, 0x04, 0x02, 0x02, 0x17, 0x1F, 0x13, 0x27, 0x22, 0x39, 0x22, 0x3E, 0x36,
    0x48, 0x00, 0x00, 0x0B, 0x00, 0x39, 0xFF, 0xB4, 0x03, 0xC8, 0x03, 0x21, 0x00, 0x03, 0x00, 0x24,
    0x00, 0x2A, 0x00, 0x32, 0x00, 0x36, 0x00, 0x3A, 0x00, 0x3E, 0x00, 0x42, 0x00, 0x46, 0x00, 0x54,
    0x00, 0x6D, 0x00, 0x00, 0x41, 0x21, 0x15, 0x21, 0x27, 0x33, 0x11, 0x14, 0x16, 0x33, 0x3A, 0x03,
    0x33, 0x32, 0x36, 0x36, 0x37, 0x1E, 0x02, 0x17, 0x0E, 0x02, 0x23, 0x2A, 0x04, 0x23, 0x22, 0x26,
    0x26, 0x35, 0x03, 0x21, 0x11, 0x23, 0x11, 0x21, 0x05, 0x21, 0x11, 0x23, 0x11, 0x21, 0x11, 0x23,
    0x13, 0x21, 0x15, 0x21, 0x15, 0x21, 0x15, 0x21, 0x03, 0x21, 0x15, 0x21, 0x37, 0x33, 0x15, 0x23,
    0x37, 0x33, 0x15, 0x23, 0x27, 0x33, 0x15, 0x14, 0x06, 0x06, 0x07, 0x26, 0x26, 0x27, 0x3E, 0x02,
    0x35, 0x37, 0x33, 0x15, 0x14, 0x16, 0x33, 0x3A, 0x02, 0x33, 0x32, 0x37, 0x16, 0x16, 0x17, 0x06,
    0x06, 0x23, 0x2A, 0x02, 0x23, 0x22, 0x26, 0x35, 0x02, 0x50, 0x01, 0x2C, 0xFE, 0xD4, 0x23, 0x4A,
    0x14, 0x23, 0x08, 0x2A, 0x32, 0x2D, 0x0A, 0x17, 0x16, 0x0A, 0x02, 0x0A, 0x18, 0x1A, 0x0A, 0x05,
    0x16, 0x31, 0x2E, 0x06, 0x22, 0x2D, 0x2C, 0x21, 0x06, 0x2E, 0x35, 0x16, 0x03, 0x01, 0x78, 0x48,
    0xFE, 0xD0, 0xFE, 0x28, 0x01, 0x90, 0x3E, 0xFE, 0xEB, 0x3D, 0x1F, 0x01, 0x51, 0xFE, 0xAF, 0x01,
    0x51, 0xFE, 0xAF, 0x38, 0x01, 0xC0, 0xFE, 0x40, 0x90, 0x36, 0x36, 0x71, 0x37, 0x37, 0x67, 0x2A,
    0x0C, 0x21, 0x20, 0x05, 0x15, 0x07, 0x1D, 0x1D, 0x0A, 0x62, 0x2B, 0x04, 0x09, 0x03, 0x0E, 0x10,
    0x04, 0x0D, 0x02, 0x07, 0x16, 0x0A, 0x03, 0x16, 0x15, 0x04, 0x15, 0x14, 0x04, 0x1E, 0x16, 0x01,
    0xE1, 0x49, 0x49, 0xFE, 0x4D, 0x1C, 0x11, 0x1A, 0x48, 0x48, 0x06, 0x0E, 0x09, 0x03, 0x51, 0x5B,
    0x25, 0x14, 0x32, 0x2E, 0x02, 0xED, 0xFE, 0x39, 0x01, 0x7F, 0x69, 0xFD, 0x58, 0x02, 0x67, 0xFD,
    0x8B, 0x01, 0x22, 0x38, 0x68, 0x3D, 0x03, 0x28, 0x43, 0x31, 0xD4, 0xD4, 0xD4, 0x01, 0x63, 0x1F,
    0x46, 0x45, 0x1D, 0x07, 0x12, 0x05, 0x19, 0x3B, 0x3C, 0x1A, 0x62, 0xCF, 0x09, 0x06, 0x03, 0x05,
    0x09, 0x03, 0x0F, 0x0E, 0x15, 0x24, 0x00, 0x0A, 0x00, 0x2F, 0xFF, 0xC9, 0x03, 0xBB, 0x03, 0x28,
    0x00, 0x03, 0x00, 0x07, 0x00, 0x0B, 0x00, 0x0F, 0x00, 0x13, 0x00, 0x17, 0x00, 0x1B, 0x00, 0x1F,
    0x00, 0x23, 0x00, 0x27, 0x00, 0x00, 0x53, 0x15, 0x21, 0x35, 0x25, 0x15, 0x21, 0x35, 0x25, 0x21,
    0x15, 0x21, 0x13, 0x15, 0x21, 0x35, 0x25, 0x15, 0x21, 0x35, 0x25, 0x21, 0x15, 0x21, 0x25, 0x33,
    0x11, 0x23, 0x01, 0x21, 0x15, 0x21, 0x13, 0x21, 0x15, 0x21, 0x07, 0x21, 0x15, 0x21, 0xFA, 0x01,
    0xF1, 0xFE, 0x0F, 0x01, 0xF1, 0xFD, 0xC6, 0x02, 0x85, 0xFD, 0x7B, 0x35, 0x02, 0x23, 0xFD, 0xDD,
    0x02, 0x23, 0xFD, 0x96, 0x02, 0xB4, 0xFD, 0x4C, 0x01, 0x2F, 0x49, 0x49, 0xFE, 0x66, 0x03, 0x81,
    0xFC, 0x7F, 0x4F, 0x02, 0xE6, 0xFD, 0x1A, 0x54, 0x03, 0x8C, 0xFC, 0x74, 0x02, 0x99, 0x37, 0x37,
    0x62, 0x36, 0x36, 0x2D, 0xF3, 0xFE, 0xDC, 0x3A, 0x3A, 0x64, 0x38, 0x38, 0x2F, 0xFB, 0xEA, 0xFE,
    0x52, 0x02, 0x25, 0x39, 0xFE, 0xA1, 0x35, 0x3A, 0x3A, 0x00, 0x00, 0x05, 0x00, 0x38, 0xFF, 0xB6,
    0x03, 0xC7, 0x03, 0x43, 0x00, 0x0F, 0x00, 0x1A, 0x00, 0x1E, 0x00, 0x2B, 0x00, 0x38, 0x00, 0x00,
    0x57, 0x2E, 0x02, 0x27, 0x36, 0x36, 0x35, 0x11, 0x33, 0x11, 0x30, 0x0E, 0x03, 0x15, 0x27, 0x37,
    0x25, 0x14, 0x16, 0x17, 0x0E, 0x03, 0x03, 0x21, 0x15, 0x21, 0x25, 0x1E, 0x02, 0x17, 0x0E, 0x02,
    0x07, 0x2E, 0x02, 0x27, 0x01, 0x17, 0x0E, 0x02, 0x07, 0x2E, 0x02, 0x27, 0x3E, 0x02, 0xEE, 0x02,
    0x0B, 0x0B, 0x07, 0x0D, 0x1C, 0x4E, 0x12, 0x1A, 0x1A, 0x12, 0x05, 0x27, 0x01, 0x27, 0x05, 0x02,
    0x67, 0x7D, 0x43, 0x20, 0xBF, 0x03, 0x78, 0xFC, 0x88, 0x01, 0xE9, 0x23, 0x76, 0xA6, 0x67, 0x09,
    0x14, 0x12, 0x06, 0x6B, 0xA9, 0x7B, 0x28, 0x01, 0x26, 0x4B, 0x31, 0x81, 0x8C, 0x44, 0x07, 0x16,
    0x18, 0x0A, 0x47, 0x8B, 0x79, 0x4A, 0x0A, 0x18, 0x19, 0x08, 0x05, 0x1C, 0x1D, 0x03, 0x0C, 0xFC,
    0xB6, 0x09, 0x0E, 0x11, 0x13, 0x08, 0x44, 0x1F, 0x48, 0x10, 0x29, 0x0D, 0x1C, 0x22, 0x15, 0x0C,
    0x02, 0x05, 0x4B, 0x28, 0x60, 0x9C, 0x70, 0x1E, 0x08, 0x19, 0x1A, 0x0C, 0x24, 0x7E, 0xB0, 0x6D,
    0x01, 0xA6, 0x20, 0x3A, 0x69, 0x59, 0x22, 0x09, 0x16, 0x17, 0x07, 0x1D, 0x50, 0x61, 0x00, 0x07,
    0x00, 0x5B, 0xFF, 0xB0, 0x03, 0x91, 0x03, 0x3B, 0x00, 0x03, 0x00, 0x0D, 0x00, 0x11, 0x00, 0x23,
    0x00, 0x27, 0x00, 0x2B, 0x00, 0x2F, 0x00, 0x00, 0x53, 0x33, 0x11, 0x23, 0x13, 0x37, 0x1E, 0x02,
    0x17, 0x07, 0x2E, 0x02, 0x37, 0x21, 0x15, 0x21, 0x25, 0x33, 0x11, 0x14, 0x06, 0x07, 0x06, 0x06,
    0x23, 0x26, 0x26, 0x27, 0x16, 0x32, 0x33, 0x36, 0x36, 0x35, 0x01, 0x15, 0x33, 0x35, 0x27, 0x15,
    0x33, 0x35, 0x25, 0x21, 0x11, 0x21, 0x5B, 0x4D, 0x4D, 0x0F, 0x3A, 0x18, 0x30, 0x2A, 0x0B, 0x3E,
    0x0C, 0x27, 0x2F, 0xDF, 0x02, 0x0E, 0xFD, 0xF2, 0x01, 0xE4, 0x4D, 0x0F, 0x14, 0x14, 0x41, 0x2E,
    0x03, 0x0D, 0x08, 0x20, 0x36, 0x0A, 0x0A, 0x07, 0xFE, 0x37, 0xF0, 0xF0, 0xF0, 0xFE, 0xCC, 0x01,
    0x7B, 0xFE, 0x85, 0x02, 0x67, 0xFD, 0x49, 0x03, 0x67, 0x24, 0x15, 0x33, 0x32, 0x15, 0x28, 0x14,
    0x34, 0x35, 0x0F, 0x47, 0x47, 0xFC, 0xFB, 0x1F, 0x21, 0x0A, 0x09, 0x03, 0x0E, 0x29, 0x0E, 0x01,
    0x01, 0x08, 0x09, 0x01, 0x1C, 0x87, 0x87, 0xC4, 0x85, 0x85, 0x3F, 0xFE, 0x38, 0x00, 0x00, 0x05,
    0x00, 0x32, 0xFF, 0xAD, 0x03, 0xA7, 0x03, 0x11, 0x00, 0x03, 0x00, 0x0C, 0x00, 0x1F, 0x00, 0x2B,
    0x00, 0x33, 0x00, 0x00, 0x53, 0x21, 0x15, 0x21, 0x25, 0x17, 0x06, 0x06, 0x07, 0x27, 0x3E, 0x02,
    0x13, 0x33, 0x15, 0x14, 0x0E, 0x03, 0x07, 0x2E, 0x02, 0x27, 0x3E, 0x04, 0x35, 0x17, 0x37, 0x1E,
    0x03, 0x17, 0x07, 0x2E, 0x03, 0x01, 0x21, 0x11, 0x23, 0x11, 0x21, 0x11, 0x23, 0x4A, 0x03, 0x5D,
    0xFC, 0xA3, 0x01, 0x81, 0x55, 0x13, 0x2C, 0x14, 0x42, 0x0C, 0x18, 0x16, 0x0B, 0x4D, 0x13, 0x34,
    0x62, 0x9F, 0x75, 0x04, 0x10, 0x11, 0x09, 0x70, 0x95, 0x5B, 0x2F, 0x0F, 0x51, 0x2C, 0x2B, 0x5F,
    0x5E, 0x52, 0x1D, 0x2F, 0x1B, 0x50, 0x5E, 0x5F, 0xFE, 0x5E, 0x02, 0x9C, 0x4F, 0xFE, 0x00, 0x4D,
    0x03, 0x11, 0x46, 0x22, 0x0D, 0x2D, 0x5E, 0x21, 0x0D, 0x18, 0x3D, 0x3E, 0xFE, 0xFA, 0xB6, 0x29,
    0x52, 0x4D, 0x48, 0x3E, 0x1A, 0x08, 0x16, 0x18, 0x07, 0x16, 0x36, 0x3E, 0x40, 0x42, 0x20, 0xAB,
    0x33, 0x13, 0x2E, 0x32, 0x31, 0x14, 0x3C, 0x15, 0x32, 0x34, 0x32, 0x01, 0xF9, 0xFE, 0x2F, 0x01,
    0x8B, 0xFE, 0x73, 0x00, 0x00, 0x08, 0x00, 0x1D, 0xFF, 0xB1, 0x03, 0xC1, 0x03, 0x1C, 0x00, 0x03,
    0x00, 0x07, 0x00, 0x10, 0x00, 0x14, 0x00, 0x1C, 0x00, 0x2D, 0x00, 0x37, 0x00, 0x3F, 0x00, 0x00,
    0x53, 0x21, 0x15, 0x21, 0x37, 0x33, 0x11, 0x23, 0x07, 0x3E, 0x02, 0x37, 0x17, 0x06, 0x06, 0x07,
    0x01, 0x21, 0x15, 0x21, 0x37, 0x17, 0x06, 0x06, 0x07, 0x27, 0x36, 0x36, 0x17, 0x33, 0x15, 0x14,
    0x0E, 0x02, 0x07, 0x2E, 0x02, 0x27, 0x3E, 0x03, 0x35, 0x17, 0x37, 0x1E, 0x02, 0x17, 0x07, 0x2E,
    0x02, 0x01, 0x21, 0x11, 0x23, 0x11, 0x21, 0x11, 0x23, 0x2E, 0x01, 0x3D, 0xFE, 0xC3, 0x7E, 0x4B,
    0x4B, 0x8F, 0x29, 0x6E, 0x7D, 0x40, 0x0A, 0x57, 0xAF, 0x45, 0x01, 0x4D, 0x02, 0x40, 0xFD, 0xC0,
    0xF2, 0x59, 0x12, 0x27, 0x11, 0x44, 0x0F, 0x1E, 0x03, 0x4B, 0x18, 0x43, 0x82, 0x6A, 0x04, 0x11,
    0x12, 0x08, 0x66, 0x78, 0x3B, 0x12, 0x47, 0x2F, 0x27, 0x55, 0x4D, 0x18, 0x32, 0x17, 0x4B, 0x55,
    0xFE, 0xC9, 0x01, 0xDA, 0x4B, 0xFE, 0xBA, 0x49, 0x02, 0xD2, 0x48, 0x27, 0xFE, 0x11, 0x0A, 0x0B,
    0x20, 0x26, 0x13, 0x41, 0x1E, 0x3B, 0x18, 0x02, 0xB2, 0x44, 0x26, 0x0D, 0x2B, 0x58, 0x1F, 0x0E,
    0x23, 0x5B, 0xE7, 0xD3, 0x31, 0x66, 0x60, 0x56, 0x21, 0x08, 0x15, 0x16, 0x07, 0x1C, 0x49, 0x53,
    0x55, 0x27, 0xC6, 0x2F, 0x18, 0x3A, 0x3A, 0x18, 0x35, 0x18, 0x3C, 0x3D, 0x02, 0x2E, 0xFE, 0x2B,
    0x01, 0x91, 0xFE, 0x6D, 0x00, 0x01, 0x00, 0x87, 0xFF, 0x95, 0x01, 0x4A, 0x00, 0xEB, 0x00, 0x14,
    0x00, 0x00, 0x57, 0x27, 0x36, 0x36, 0x35, 0x27, 0x17, 0x06, 0x06, 0x23, 0x22, 0x26, 0x35, 0x34,
    0x36, 0x33, 0x32, 0x16, 0x15, 0x14, 0x06, 0x9D, 0x16, 0x3D, 0x41, 0x12, 0x36, 0x0B, 0x1C, 0x0E,
    0x1F, 0x2C, 0x2D, 0x1F, 0x2A, 0x2B, 0x5E, 0x6B, 0x35, 0x19, 0x4E, 0x39, 0x54, 0x4C, 0x0D, 0x09,
    0x24, 0x23, 0x24, 0x24, 0x3F, 0x34, 0x51, 0x76, 0x00, 0x00, 0x00, 0x08, 0x00, 0x66, 0x00, 0x03,
    0x00, 0x01, 0x04, 0x09, 0x00, 0x00, 0x00, 0x9C, 0x00, 0x00, 0x00, 0x03, 0x00, 0x01, 0x04, 0x09,
    0x00, 0x01, 0x00, 0x22, 0x00, 0x9C, 0x00, 0x03, 0x00, 0x01, 0x04, 0x09, 0x00, 0x02, 0x00, 0x0E,
    0x00, 0xBE, 0x00, 0x03, 0x00, 0x01, 0x04, 0x09, 0x00, 0x03, 0x00, 0x40, 0x00, 0xCC, 0x00, 0x03,
    0x00, 0x01, 0x04, 0x09, 0x00, 0x04, 0x00, 0x22, 0x00, 0x9C, 0x00, 0x03, 0x00, 0x01, 0x04, 0x09,
    0x00, 0x05, 0x00, 0x6A, 0x01, 0x0C, 0x00, 0x03, 0x00, 0x01, 0x04, 0x09, 0x00, 0x06, 0x00, 0x1E,
    0x01, 0x76, 0x00, 0x03, 0x00, 0x01, 0x04, 0x09, 0x01, 0x01, 0x00, 0x0C, 0x01, 0x94, 0x00, 0x28,
    0x00, 0x63, 0x00, 0x29, 0x00, 0x20, 0x00, 0x32, 0x00, 0x30, 0x00, 0x31, 0x00, 0x34, 0x00, 0x2D,
    0x00, 0x32, 0x00, 0x30, 0x00, 0x32, 0x00, 0x31, 0x00, 0x20, 0x00, 0x41, 0x00, 0x64, 0x00, 0x6F,
    0x00, 0x62, 0x00, 0x65, 0x00, 0x20, 0x00, 0x28, 0x00, 0x68, 0x00, 0x74, 0x00, 0x74, 0x00, 0x70,
    0x00, 0x3A, 0x00, 0x2F, 0x00, 0x2F, 0x00, 0x77, 0x00, 0x77, 0x00, 0x77, 0x00, 0x2E, 0x00, 0x61,
    0x00, 0x64, 0x00, 0x6F, 0x00, 0x62, 0x00, 0x65, 0x00, 0x2E, 0x00, 0x63, 0x00, 0x6F, 0x00, 0x6D,
    0x00, 0x2F, 0x00, 0x29, 0x00, 0x2C, 0x00, 0x20, 0x00, 0x77, 0x00, 0x69, 0x00, 0x74, 0x00, 0x68,
    0x00, 0x20, 0x00, 0x52, 0x00, 0x65, 0x00, 0x73, 0x00, 0x65, 0x00, 0x72, 0x00, 0x76, 0x00, 0x65,
    0x00, 0x64, 0x00, 0x20, 0x00, 0x46, 0x00, 0x6F, 0x00, 0x6E, 0x00, 0x74, 0x00, 0x20, 0x00, 0x4E,
    0x00, 0x61, 0x00, 0x6D, 0x00, 0x65, 0x00, 0x20, 0x00, 0x27, 0x00, 0x53, 0x00, 0x6F, 0x00, 0x75,
    0x00, 0x72, 0x00, 0x63, 0x00, 0x65, 0x00, 0x27, 0x00, 0x2E, 0x00, 0x4E, 0x00, 0x6F, 0x00, 0x74,
    0x00, 0x6F, 0x00, 0x20, 0x00, 0x53, 0x00, 0x61, 0x00, 0x6E, 0x00, 0x73, 0x00, 0x20, 0x00, 0x53,
    0x00, 0x43, 0x00, 0x20, 0x00, 0x54, 0x00, 0x68, 0x00, 0x69, 0x00, 0x6E, 0x00, 0x52, 0x00, 0x65,
    0x00, 0x67, 0x00, 0x75, 0x00, 0x6C, 0x00, 0x61, 0x00, 0x72, 0x00, 0x32, 0x00, 0x2E, 0x00, 0x30,
    0x00, 0x30, 0x00, 0x34, 0x00, 0x3B, 0x00, 0x41, 0x00, 0x44, 0x00, 0x42, 0x00, 0x4F, 0x00, 0x3B,
    0x00, 0x4E, 0x00, 0x6F, 0x00, 0x74, 0x00, 0x6F, 0x00, 0x53, 0x00, 0x61, 0x00, 0x6E, 0x00, 0x73,
    0x00, 0x53, 0x00, 0x43, 0x00, 0x2D, 0x00, 0x54, 0x00, 0x68, 0x00, 0x69, 0x00, 0x6E, 0x00, 0x3B,
    0x00, 0x41, 0x00, 0x44, 0x00, 0x4F, 0x00, 0x42, 0x00, 0x45, 0x00, 0x56, 0x00, 0x65, 0x00, 0x72,
    0x00, 0x73, 0x00, 0x69, 0x00, 0x6F, 0x00, 0x6E, 0x00, 0x20, 0x00, 0x32, 0x00, 0x2E, 0x00, 0x30,
    0x00, 0x30, 0x00, 0x34, 0x00, 0x2D, 0x00, 0x48, 0x00, 0x32, 0x00, 0x3B, 0x00, 0x68, 0x00, 0x6F,
    0x00, 0x74, 0x00, 0x63, 0x00, 0x6F, 0x00, 0x6E, 0x00, 0x76, 0x00, 0x20, 0x00, 0x31, 0x00, 0x2E,
    0x00, 0x30, 0x00, 0x2E, 0x00, 0x31, 0x00, 0x31, 0x00, 0x38, 0x00, 0x3B, 0x00, 0x6D, 0x00, 0x61,
    0x00, 0x6B, 0x00, 0x65, 0x00, 0x6F, 0x00, 0x74, 0x00, 0x66, 0x00, 0x65, 0x00, 0x78, 0x00, 0x65,
    0x00, 0x20, 0x00, 0x32, 0x00, 0x2E, 0x00, 0x35, 0x00, 0x2E, 0x00, 0x36, 0x00, 0x35, 0x00, 0x36,
    0x00, 0x30, 0x00, 0x33, 0x00, 0x4E, 0x00, 0x6F, 0x00, 0x74, 0x00, 0x6F, 0x00, 0x53, 0x00, 0x61,
    0x00, 0x6E, 0x00, 0x73, 0x00, 0x53, 0x00, 0x43, 0x00, 0x2D, 0x00, 0x54, 0x00, 0x68, 0x00, 0x69,
    0x00, 0x6E, 0x00, 0x57, 0x00, 0x65, 0x00, 0x69, 0x00, 0x67, 0x00, 0x68, 0x00, 0x74, 0x00, 0x00,
    0x00, 0x03, 0x00, 0x00, 0x00, 0x00, 0x00, 0x00, 0xFF, 0x83, 0x00, 0x32, 0x00, 0x00, 0x00, 0x00,
    0x00, 0x00, 0x00, 0x00, 0x00, 0x00, 0x00, 0x00, 0x00, 0x00, 0x00, 0x00, 0x00, 0x00, 0x00, 0x00,
    0x00, 0x01, 0x00, 0x01, 0xFF, 0xFF, 0x00, 0x0F, 0x00, 0x01, 0x00, 0x01, 0x00, 0x0C, 0x00, 0x6A,
    0x00, 0x00, 0x00, 0xEA, 0x00, 0x62, 0x00, 0x04, 0x00, 0x06, 0x44, 0x46, 0x4C, 0x54, 0x00, 0x26,
    0x63, 0x79, 0x72, 0x6C, 0x00, 0x38, 0x67, 0x72, 0x65, 0x6B, 0x00, 0x38, 0x68, 0x61, 0x6E, 0x69,
    0x00, 0x26, 0x6B, 0x61, 0x6E, 0x61, 0x00, 0x26, 0x6C, 0x61, 0x74, 0x6E, 0x00, 0x38, 0x00, 0x06,
    0x00, 0x00, 0x00, 0x00, 0x00, 0x02, 0x00, 0x04, 0x00, 0x1E, 0x00, 0x24, 0x00, 0x2A, 0x00, 0xA6,
    0x00, 0x06, 0x00, 0x00, 0x00, 0x00, 0x00, 0x03, 0x00, 0x04, 0x00, 0x0C, 0x00, 0x12, 0x00, 0x18,
    0x00, 0x94, 0x00, 0x03, 0xFF, 0xBD, 0x00, 0x76, 0x00, 0x03, 0x03, 0x3B, 0x00, 0x7C, 0x00, 0x01,
    0xFF, 0x88, 0x00, 0x04, 0x00, 0x16, 0x00, 0x04, 0x69, 0x63, 0x66, 0x62, 0x69, 0x63, 0x66, 0x74,
    0x69, 0x64, 0x65, 0x6F, 0x72, 0x6F, 0x6D, 0x6E, 0x00, 0x06, 0x44, 0x46, 0x4C, 0x54, 0x00, 0x26,
    0x63, 0x79, 0x72, 0x6C, 0x00, 0x38, 0x67, 0x72, 0x65, 0x6B, 0x00, 0x38, 0x68, 0x61, 0x6E, 0x69,
    0x00, 0x26, 0x6B, 0x61, 0x6E, 0x61, 0x00, 0x26, 0x6C, 0x61, 0x74, 0x6E, 0x00, 0x38, 0x00, 0x06,
    0x00, 0x00, 0x00, 0x00, 0x00, 0x02, 0x00, 0x04, 0x00, 0x1E, 0x00, 0x2A, 0x00, 0x36, 0x00, 0x3A,
    0x00, 0x06, 0x00, 0x00, 0x00, 0x00, 0x00, 0x03, 0x00, 0x04, 0x00, 0x0C, 0x00, 0x18, 0x00, 0x24,
    0x00, 0x28, 0x00, 0x03, 0x00, 0x35, 0x00, 0x06, 0x00, 0x00, 0x00, 0x00, 0x80, 0x00, 0x00, 0x03,
    0x03, 0xB3, 0x00, 0x06, 0x00, 0x00, 0x00, 0x01, 0x80, 0x00, 0x00, 0x01, 0x00, 0x00, 0x00, 0x01,
    0x00, 0x78, 0x00, 0x01, 0x00, 0x00, 0x00, 0x0C, 0x00, 0x01, 0x00, 0x00, 0x00, 0x16, 0x00, 0x01,
    0x00, 0x01, 0x00, 0x00, 0x40, 0x00, 0x40, 0x00, 0x00, 0x02, 0x00, 0x00, 0x00, 0x01, 0x00, 0x00,
    0xE5, 0x1B, 0x00, 0x00, 0x00, 0x01, 0x00, 0x01, 0x00, 0x08, 0x00, 0x01, 0x00, 0x00, 0x00, 0x14,
    0x00, 0x01, 0x00, 0x00, 0x00, 0x1C, 0x00, 0x02, 0x77, 0x67, 0x68, 0x74, 0x01, 0x01, 0x00, 0x00,
    0x00, 0x02, 0x00, 0x03, 0x00, 0x00, 0x00, 0x02, 0x00, 0x02, 0x01, 0x90, 0x00, 0x00, 0x02, 0xBC,
    0x00, 0x00, 0x00, 0x00, 0x00, 0x01, 0x10, 0x00, 0x01, 0xF4, 0xFE, 0x0C, 0x00, 0x00, 0x03, 0xE8,
    0x00, 0x1E, 0xFF, 0x7E, 0x04, 0x6A, 0x00, 0x00, 0x00, 0x01, 0x00, 0x00, 0x00, 0x00, 0x00, 0x00,
    0x00, 0x00, 0x00, 0x00, 0x00, 0x00, 0x00, 0x01, 0x03, 0xE8, 0x00, 0x00, 0x03, 0x70, 0x00, 0x86,
    0x00, 0x3E, 0x00, 0x3E, 0x01, 0x02, 0x02, 0x35, 0x02, 0xF2, 0x00, 0x56, 0x00, 0x86, 0x00, 0x93,
    0x00, 0x86, 0x00, 0x86, 0x00, 0x93, 0x00, 0x93, 0x00, 0x86, 0x00, 0x93, 0x00, 0x88, 0x00, 0x86,
    0x01, 0x5E, 0x00, 0x93, 0x00, 0x93, 0x00, 0x86, 0x00, 0x93, 0x00, 0x93, 0x00, 0x93, 0x00, 0x86,
    0x00, 0x93, 0x00, 0x93, 0x00, 0x93, 0x00, 0x93, 0x00, 0x93, 0x00, 0x86, 0x00, 0x93, 0x00, 0x86,
    0x00, 0x93, 0x00, 0x86, 0x00, 0x93, 0x00, 0x93, 0x00, 0x93, 0x00, 0x93, 0x01, 0x43, 0x00, 0x54,
    0x01, 0x43, 0x00, 0x54, 0x01, 0x43, 0x00, 0x47, 0x01, 0x43, 0x00, 0x54, 0x00, 0x69, 0x00, 0x69,
    0x00, 0x54, 0x00, 0x54, 0x01, 0x43, 0x01, 0x43, 0x01, 0x43, 0x01, 0x43, 0x01, 0x43, 0x01, 0x43,
    0x00, 0xB8, 0x01, 0x51, 0x01, 0x51, 0x01, 0x51, 0x01, 0x51, 0x01, 0x51, 0x00, 0x73, 0x02, 0x90,
    0x02, 0x7C, 0x01, 0x8A, 0x00, 0x28, 0x00, 0x6F, 0x00, 0x1F, 0x00, 0x22, 0x00, 0x2C, 0x00, 0x2B,
    0x00, 0x2C, 0x00, 0x65, 0x00, 0x2F, 0x00, 0x4F, 0x00, 0x2D, 0x00, 0x39, 0x00, 0x24, 0x00, 0x57,
    0x00, 0x20, 0x00, 0x25, 0x00, 0x30, 0x00, 0x26, 0x00, 0x28, 0x00, 0x28, 0x00, 0x25, 0x00, 0x22,
    0x00, 0x28, 0x00, 0x28, 0x00, 0x21, 0x00, 0x28, 0x00, 0x21, 0x00, 0x58, 0x00, 0x66, 0x00, 0x28,
    0x00, 0x6B, 0x00, 0x23, 0x00, 0x28, 0x00, 0x69, 0x00, 0x24, 0x00, 0x23, 0x00, 0x26, 0x00, 0x29,
    0x00, 0x28, 0x00, 0x28, 0x00, 0x22, 0x00, 0x21, 0x00, 0x26, 0x00, 0x22, 0x00, 0x27, 0x00, 0x6C,
    0x00, 0x29, 0x00, 0x28, 0x00, 0x28, 0x00, 0x28, 0x00, 0x22, 0x00, 0x71, 0x00, 0x27, 0x00, 0x23,
    0x00, 0x29, 0x00, 0x26, 0x00, 0x69, 0x00, 0x1E, 0x00, 0x66, 0x00, 0x28, 0x00, 0x28, 0x00, 0x28,
    0x00, 0x29, 0x00, 0x27, 0x00, 0x28, 0x00, 0x53, 0x00, 0x4E, 0x00, 0x25, 0x00, 0x27, 0x00, 0x28,
    0x00, 0x2F, 0x00, 0x28, 0x00, 0x26, 0x00, 0x3A, 0x00, 0x26, 0x00, 0x43, 0x00, 0x29, 0x00, 0x3E,
    0x00, 0x31, 0x00, 0x2D, 0x00, 0x27, 0x00, 0x28, 0x00, 0x2B, 0x00, 0x2C, 0x00, 0x49, 0x00, 0x4F,
    0x00, 0x48, 0x00, 0x2D, 0x00, 0x35, 0x00, 0x5F, 0x00, 0x54, 0x02, 0x85,
};

const unsigned pk_lv_font_zh_ttf_size = sizeof(pk_lv_font_zh_ttf);
