/* Generated by firmware/scripts/gen_i18n_assets.py.
 * Glyphs are 4bpp alpha masks, two pixels per byte.
 */
#include "text_font_cjk.h"

#include <stddef.h>

static const uint32_t s_cjk_codes[91] = {
    0x4E2D, /* 中 */
    0x4E8E, /* 于 */
    0x4EA4, /* 交 */
    0x4EAE, /* 亮 */
    0x4EEA, /* 仪 */
    0x4FDD, /* 保 */
    0x5173, /* 关 */
    0x518D, /* 再 */
    0x51C6, /* 准 */
    0x5207, /* 切 */
    0x5217, /* 列 */
    0x52A8, /* 动 */
    0x53D1, /* 发 */
    0x53D6, /* 取 */
    0x5404, /* 各 */
    0x5408, /* 合 */
    0x540E, /* 后 */
    0x5411, /* 向 */
    0x5728, /* 在 */
    0x5730, /* 地 */
    0x5907, /* 备 */
    0x591C, /* 夜 */
    0x5931, /* 失 */
    0x59FF, /* 姿 */
    0x5B57, /* 字 */
    0x5B58, /* 存 */
    0x5B9A, /* 定 */
    0x5C4F, /* 屏 */
    0x5DF2, /* 已 */
    0x5E55, /* 幕 */
    0x5E73, /* 平 */
    0x5EA6, /* 度 */
    0x5EFA, /* 建 */
    0x5F00, /* 开 */
    0x6001, /* 态 */
    0x6309, /* 按 */
    0x6362, /* 换 */
    0x63A5, /* 接 */
    0x6536, /* 收 */
    0x6539, /* 改 */
    0x655B, /* 敛 */
    0x6587, /* 文 */
    0x65AD, /* 断 */
    0x65B9, /* 方 */
    0x65CB, /* 旋 */
    0x65E5, /* 日 */
    0x672C, /* 本 */
    0x673A, /* 机 */
    0x677F, /* 板 */
    0x6784, /* 构 */
    0x6821, /* 校 */
    0x6B63, /* 正 */
    0x6D88, /* 消 */
    0x6EDA, /* 滚 */
    0x7247, /* 片 */
    0x7248, /* 版 */
    0x753B, /* 画 */
    0x76D8, /* 盘 */
    0x76EE, /* 目 */
    0x79D2, /* 秒 */
    0x79FB, /* 移 */
    0x7A0D, /* 稍 */
    0x7ED1, /* 绑 */
    0x7EE7, /* 继 */
    0x7EED, /* 续 */
    0x7F57, /* 罗 */
    0x7F6E, /* 置 */
    0x8272, /* 色 */
    0x82AF, /* 芯 */
    0x82F1, /* 英 */
    0x878D, /* 融 */
    0x8868, /* 表 */
    0x8A00, /* 言 */
    0x8BBE, /* 设 */
    0x8BCA, /* 诊 */
    0x8BED, /* 语 */
    0x8BF4, /* 说 */
    0x8C03, /* 调 */
    0x8D25, /* 败 */
    0x8D28, /* 质 */
    0x8DF3, /* 跳 */
    0x8F6C, /* 转 */
    0x8FC7, /* 过 */
    0x9009, /* 选 */
    0x901A, /* 通 */
    0x914D, /* 配 */
    0x91CF, /* 量 */
    0x957F, /* 长 */
    0x95F4, /* 间 */
    0x9875, /* 页 */
    0x9879, /* 项 */
};

static const uint8_t s_cjk_bitmaps[91][PK_TEXT_CJK_GLYPH_BYTES] = {
    /* U+4E2D 中 */
    {
        0x00, 0x00, 0x00, 0x00, 0x00, 0x00, 0x00, 0x00, 0x00, 0x00, 0x00, 0x00,
        0x00, 0x00, 0x00, 0x00, 0x00, 0x00, 0x00, 0x00, 0x00, 0x00, 0x00, 0x00,
        0x00, 0x00, 0x00, 0x00, 0x00, 0x00, 0x00, 0x00, 0x00, 0x00, 0x00, 0x00,
        0x00, 0x20, 0x00, 0x00, 0x00, 0x00, 0x00, 0x00, 0x00, 0x00, 0x00, 0x00,
        0x00, 0x00, 0x00, 0x00, 0xD0, 0x00, 0x00, 0x00, 0x00, 0x00, 0x00, 0x00,
        0x00, 0x00, 0x00, 0x00, 0x00, 0x00, 0x00, 0xD0, 0x00, 0x00, 0x00, 0x00,
        0x00, 0x00, 0x00, 0x00, 0x00, 0x00, 0x00, 0x00, 0x00, 0x00, 0xD0, 0x00,
        0x00, 0x00, 0x00, 0x00, 0x00, 0x00, 0x00, 0x00, 0x00, 0x00, 0x00, 0x00,
        0x00, 0xD0, 0x00, 0x00, 0x00, 0x00, 0x00, 0x00, 0x00, 0x00, 0x00, 0x00,
        0x00, 0x00, 0x00, 0x00, 0xD0, 0x00, 0x00, 0x00, 0x00, 0x00, 0x00, 0x00,
        0x00, 0x0C, 0xDD, 0xDD, 0xDD, 0xDD, 0xDD, 0xFD, 0xDD, 0xDD, 0xDD, 0xDD,
        0xDB, 0x00, 0x00, 0x00, 0x0D, 0x00, 0x00, 0x00, 0x00, 0x00, 0xD0, 0x00,
        0x00, 0x00, 0x00, 0x0D, 0x00, 0x00, 0x00, 0x0D, 0x00, 0x00, 0x00, 0x00,
        0x00, 0xD0, 0x00, 0x00, 0x00, 0x00, 0x0D, 0x00, 0x00, 0x00, 0x0D, 0x00,
        0x00, 0x00, 0x00, 0x00, 0xD0, 0x00, 0x00, 0x00, 0x00, 0x0D, 0x00, 0x00,
        0x00, 0x0D, 0x00, 0x00, 0x00, 0x00, 0x00, 0xD0, 0x00, 0x00, 0x00, 0x00,
        0x0D, 0x00, 0x00, 0x00, 0x0D, 0x00, 0x00, 0x00, 0x00, 0x00, 0xD0, 0x00,
        0x00, 0x00, 0x00, 0x0D, 0x00, 0x00, 0x00, 0x0D, 0x00, 0x00, 0x00, 0x00,
        0x00, 0xD0, 0x00, 0x00, 0x00, 0x00, 0x0D, 0x00, 0x00, 0x00, 0x0D, 0x00,
        0x00, 0x00, 0x00, 0x00, 0xD0, 0x00, 0x00, 0x00, 0x00, 0x0D, 0x00, 0x00,
        0x00, 0x0D, 0x00, 0x00, 0x00, 0x00, 0x00, 0xD0, 0x00, 0x00, 0x00, 0x00,
        0x0D, 0x00, 0x00, 0x00, 0x0D, 0x00, 0x00, 0x00, 0x00, 0x00, 0xD0, 0x00,
        0x00, 0x00, 0x00, 0x0D, 0x00, 0x00, 0x00, 0x0F, 0xDD, 0xDD, 0xDD, 0xDD,
        0xDD, 0xFD, 0xDD, 0xDD, 0xDD, 0xDD, 0xDF, 0x00, 0x00, 0x00, 0x0D, 0x00,
        0x00, 0x00, 0x00, 0x00, 0xD0, 0x00, 0x00, 0x00, 0x00, 0x0D, 0x00, 0x00,
        0x00, 0x0D, 0x00, 0x00, 0x00, 0x00, 0x00, 0xD0, 0x00, 0x00, 0x00, 0x00,
        0x0B, 0x00, 0x00, 0x00, 0x00, 0x00, 0x00, 0x00, 0x00, 0x00, 0xD0, 0x00,
        0x00, 0x00, 0x00, 0x00, 0x00, 0x00, 0x00, 0x00, 0x00, 0x00, 0x00, 0x00,
        0x00, 0xD0, 0x00, 0x00, 0x00, 0x00, 0x00, 0x00, 0x00, 0x00, 0x00, 0x00,
        0x00, 0x00, 0x00, 0x00, 0xD0, 0x00, 0x00, 0x00, 0x00, 0x00, 0x00, 0x00,
        0x00, 0x00, 0x00, 0x00, 0x00, 0x00, 0x00, 0xD0, 0x00, 0x00, 0x00, 0x00,
        0x00, 0x00, 0x00, 0x00, 0x00, 0x00, 0x00, 0x00, 0x00, 0x00, 0xD0, 0x00,
        0x00, 0x00, 0x00, 0x00, 0x00, 0x00, 0x00, 0x00, 0x00, 0x00, 0x00, 0x00,
        0x00, 0xD0, 0x00, 0x00, 0x00, 0x00, 0x00, 0x00, 0x00, 0x00, 0x00, 0x00,
        0x00, 0x00, 0x00, 0x00, 0xD0, 0x00, 0x00, 0x00, 0x00, 0x00, 0x00, 0x00,
        0x00, 0x00, 0x00, 0x00, 0x00, 0x00, 0x00, 0xD0, 0x00, 0x00, 0x00, 0x00,
        0x00, 0x00, 0x00, 0x00, 0x00, 0x00, 0x00, 0x00, 0x00, 0x00, 0x00, 0x00,
        0x00, 0x00, 0x00, 0x00, 0x00, 0x00,
    },
    /* U+4E8E 于 */
    {
        0x00, 0x00, 0x00, 0x00, 0x00, 0x00, 0x00, 0x00, 0x00, 0x00, 0x00, 0x00,
        0x00, 0x00, 0x00, 0x00, 0x00, 0x00, 0x00, 0x00, 0x00, 0x00, 0x00, 0x00,
        0x00, 0x00, 0x00, 0x00, 0x00, 0x00, 0x00, 0x00, 0x00, 0x00, 0x00, 0x00,
        0x00, 0x00, 0x00, 0x00, 0x00, 0x00, 0x00, 0x00, 0x00, 0x00, 0x00, 0x00,
        0x00, 0x00, 0x00, 0x00, 0x00, 0x00, 0x00, 0x00, 0x00, 0x00, 0x00, 0x00,
        0x00, 0x00, 0x00, 0x00, 0x00, 0x00, 0x00, 0x00, 0x00, 0x00, 0x00, 0x00,
        0x00, 0x00, 0x00, 0x00, 0x05, 0xDD, 0xDD, 0xDD, 0xDD, 0xDD, 0xFD, 0xDD,
        0xDD, 0xDD, 0xDD, 0xD1, 0x00, 0x00, 0x00, 0x00, 0x00, 0x00, 0x00, 0x00,
        0x00, 0xD0, 0x00, 0x00, 0x00, 0x00, 0x00, 0x00, 0x00, 0x00, 0x00, 0x00,
        0x00, 0x00, 0x00, 0x00, 0xD0, 0x00, 0x00, 0x00, 0x00, 0x00, 0x00, 0x00,
        0x00, 0x00, 0x00, 0x00, 0x00, 0x00, 0x00, 0xD0, 0x00, 0x00, 0x00, 0x00,
        0x00, 0x00, 0x00, 0x00, 0x00, 0x00, 0x00, 0x00, 0x00, 0x00, 0xD0, 0x00,
        0x00, 0x00, 0x00, 0x00, 0x00, 0x00, 0x00, 0x00, 0x00, 0x00, 0x00, 0x00,
        0x00, 0xD0, 0x00, 0x00, 0x00, 0x00, 0x00, 0x00, 0x00, 0x00, 0x00, 0x00,
        0x00, 0x00, 0x00, 0x00, 0xD0, 0x00, 0x00, 0x00, 0x00, 0x00, 0x00, 0x00,
        0x00, 0x00, 0x00, 0x00, 0x00, 0x00, 0x00, 0xD0, 0x00, 0x00, 0x00, 0x00,
        0x00, 0x00, 0x00, 0x00, 0x00, 0x00, 0x00, 0x00, 0x00, 0x00, 0xD0, 0x00,
        0x00, 0x00, 0x00, 0x00, 0x00, 0x00, 0x00, 0x00, 0x00, 0x00, 0x00, 0x00,
        0x00, 0xD0, 0x00, 0x00, 0x00, 0x00, 0x00, 0x00, 0x00, 0x06, 0xDD, 0xDD,
        0xDD, 0xDD, 0xDD, 0xDD, 0xFD, 0xDD, 0xDD, 0xDD, 0xDD, 0xDD, 0xD2, 0x00,
        0x00, 0x00, 0x00, 0x00, 0x00, 0x00, 0x00, 0xD0, 0x00, 0x00, 0x00, 0x00,
        0x00, 0x00, 0x00, 0x00, 0x00, 0x00, 0x00, 0x00, 0x00, 0x00, 0xD0, 0x00,
        0x00, 0x00, 0x00, 0x00, 0x00, 0x00, 0x00, 0x00, 0x00, 0x00, 0x00, 0x00,
        0x00, 0xD0, 0x00, 0x00, 0x00, 0x00, 0x00, 0x00, 0x00, 0x00, 0x00, 0x00,
        0x00, 0x00, 0x00, 0x00, 0xD0, 0x00, 0x00, 0x00, 0x00, 0x00, 0x00, 0x00,
        0x00, 0x00, 0x00, 0x00, 0x00, 0x00, 0x00, 0xD0, 0x00, 0x00, 0x00, 0x00,
        0x00, 0x00, 0x00, 0x00, 0x00, 0x00, 0x00, 0x00, 0x00, 0x00, 0xD0, 0x00,
        0x00, 0x00, 0x00, 0x00, 0x00, 0x00, 0x00, 0x00, 0x00, 0x00, 0x00, 0x00,
        0x00, 0xD0, 0x00, 0x00, 0x00, 0x00, 0x00, 0x00, 0x00, 0x00, 0x00, 0x00,
        0x00, 0x00, 0x00, 0x00, 0xD0, 0x00, 0x00, 0x00, 0x00, 0x00, 0x00, 0x00,
        0x00, 0x00, 0x00, 0x00, 0x00, 0x00, 0x00, 0xD0, 0x00, 0x00, 0x00, 0x00,
        0x00, 0x00, 0x00, 0x00, 0x00, 0x00, 0x00, 0x00, 0x00, 0x00, 0xD0, 0x00,
        0x00, 0x00, 0x00, 0x00, 0x00, 0x00, 0x00, 0x00, 0x00, 0x00, 0x00, 0x00,
        0x00, 0xD0, 0x00, 0x00, 0x00, 0x00, 0x00, 0x00, 0x00, 0x00, 0x00, 0x00,
        0x00, 0x00, 0x00, 0x00, 0xD0, 0x00, 0x00, 0x00, 0x00, 0x00, 0x00, 0x00,
        0x00, 0x00, 0x00, 0x00, 0xCD, 0xDD, 0xDC, 0x70, 0x00, 0x00, 0x00, 0x00,
        0x00, 0x00, 0x00, 0x00, 0x00, 0x00, 0x00, 0x00, 0x00, 0x00, 0x00, 0x00,
        0x00, 0x00, 0x00, 0x00, 0x00, 0x00,
    },
    /* U+4EA4 交 */
    {
        0x00, 0x00, 0x00, 0x00, 0x00, 0x00, 0x00, 0x00, 0x00, 0x00, 0x00, 0x00,
        0x00, 0x00, 0x00, 0x00, 0x00, 0x00, 0x00, 0x00, 0x00, 0x00, 0x00, 0x00,
        0x00, 0x00, 0x00, 0x00, 0x00, 0x00, 0x00, 0x00, 0x00, 0x00, 0x00, 0x00,
        0x12, 0x00, 0x00, 0x00, 0x00, 0x00, 0x00, 0x00, 0x00, 0x00, 0x00, 0x00,
        0x00, 0x00, 0x00, 0x2C, 0x10, 0x00, 0x00, 0x00, 0x00, 0x00, 0x00, 0x00,
        0x00, 0x00, 0x00, 0x00, 0x00, 0x00, 0x06, 0x90, 0x00, 0x00, 0x00, 0x00,
        0x00, 0x00, 0x00, 0x00, 0x00, 0x00, 0x00, 0x00, 0x00, 0x00, 0xC2, 0x00,
        0x00, 0x00, 0x00, 0x00, 0x00, 0x00, 0x00, 0x00, 0x00, 0x00, 0x00, 0x00,
        0x00, 0x32, 0x00, 0x00, 0x00, 0x00, 0x00, 0x00, 0x00, 0x00, 0xCD, 0xDD,
        0xDD, 0xDD, 0xDD, 0xDD, 0xDD, 0xDD, 0xDD, 0xDD, 0xDD, 0xDD, 0x80, 0x00,
        0x00, 0x00, 0x00, 0x00, 0x00, 0x00, 0x00, 0x00, 0x00, 0x00, 0x00, 0x00,
        0x00, 0x00, 0x00, 0x00, 0x00, 0x00, 0x00, 0x03, 0x20, 0x00, 0x00, 0x00,
        0x02, 0x00, 0x00, 0x00, 0x00, 0x00, 0x00, 0x00, 0x00, 0x00, 0x2C, 0x20,
        0x00, 0x00, 0x00, 0x3C, 0x50, 0x00, 0x00, 0x00, 0x00, 0x00, 0x00, 0x00,
        0x02, 0xC3, 0x00, 0x00, 0x00, 0x00, 0x01, 0xA9, 0x00, 0x00, 0x00, 0x00,
        0x00, 0x00, 0x00, 0x3C, 0x30, 0x00, 0x00, 0x00, 0x00, 0x00, 0x06, 0xB1,
        0x00, 0x00, 0x00, 0x00, 0x00, 0x05, 0xC2, 0x00, 0x00, 0x00, 0x00, 0x00,
        0x00, 0x00, 0x4C, 0x20, 0x00, 0x00, 0x00, 0x00, 0x8C, 0x10, 0x14, 0x00,
        0x00, 0x00, 0x00, 0x06, 0x10, 0x03, 0xC3, 0x00, 0x00, 0x00, 0x2C, 0x90,
        0x00, 0x1D, 0x10, 0x00, 0x00, 0x00, 0x2D, 0x00, 0x00, 0x2D, 0x30, 0x00,
        0x00, 0x15, 0x00, 0x00, 0x08, 0x70, 0x00, 0x00, 0x00, 0x87, 0x00, 0x00,
        0x03, 0x40, 0x00, 0x00, 0x00, 0x00, 0x00, 0x01, 0xD1, 0x00, 0x00, 0x01,
        0xD1, 0x00, 0x00, 0x00, 0x00, 0x00, 0x00, 0x00, 0x00, 0x00, 0x00, 0x6A,
        0x00, 0x00, 0x0A, 0x60, 0x00, 0x00, 0x00, 0x00, 0x00, 0x00, 0x00, 0x00,
        0x00, 0x00, 0x0B, 0x50, 0x00, 0x5B, 0x00, 0x00, 0x00, 0x00, 0x00, 0x00,
        0x00, 0x00, 0x00, 0x00, 0x00, 0x01, 0xD4, 0x03, 0xD2, 0x00, 0x00, 0x00,
        0x00, 0x00, 0x00, 0x00, 0x00, 0x00, 0x00, 0x00, 0x00, 0x2D, 0x6D, 0x30,
        0x00, 0x00, 0x00, 0x00, 0x00, 0x00, 0x00, 0x00, 0x00, 0x00, 0x00, 0x00,
        0x06, 0xF8, 0x00, 0x00, 0x00, 0x00, 0x00, 0x00, 0x00, 0x00, 0x00, 0x00,
        0x00, 0x00, 0x00, 0x6C, 0x3C, 0x81, 0x00, 0x00, 0x00, 0x00, 0x00, 0x00,
        0x00, 0x00, 0x00, 0x00, 0x00, 0x3B, 0x81, 0x00, 0x8D, 0x40, 0x00, 0x00,
        0x00, 0x00, 0x00, 0x00, 0x00, 0x00, 0x00, 0x39, 0xB3, 0x00, 0x00, 0x03,
        0xBB, 0x40, 0x00, 0x00, 0x00, 0x00, 0x00, 0x00, 0x00, 0x5C, 0xB5, 0x00,
        0x00, 0x00, 0x00, 0x04, 0xAC, 0x72, 0x00, 0x00, 0x00, 0x00, 0x26, 0xAD,
        0x92, 0x00, 0x00, 0x00, 0x00, 0x00, 0x00, 0x01, 0x7C, 0xC9, 0x62, 0x00,
        0x05, 0xD8, 0x40, 0x00, 0x00, 0x00, 0x00, 0x00, 0x00, 0x00, 0x00, 0x00,
        0x15, 0x93, 0x00, 0x00, 0x00, 0x00, 0x00, 0x00, 0x00, 0x00, 0x00, 0x00,
        0x00, 0x00, 0x00, 0x00, 0x00, 0x00,
    },
    /* U+4EAE 亮 */
    {
        0x00, 0x00, 0x00, 0x00, 0x00, 0x00, 0x00, 0x00, 0x00, 0x00, 0x00, 0x00,
        0x00, 0x00, 0x00, 0x00, 0x00, 0x00, 0x00, 0x00, 0x00, 0x00, 0x00, 0x00,
        0x00, 0x00, 0x00, 0x00, 0x00, 0x00, 0x00, 0x00, 0x00, 0x00, 0x00, 0x00,
        0x01, 0x00, 0x00, 0x00, 0x00, 0x00, 0x00, 0x00, 0x00, 0x00, 0x00, 0x00,
        0x00, 0x00, 0x00, 0x07, 0x70, 0x00, 0x00, 0x00, 0x00, 0x00, 0x00, 0x00,
        0x00, 0x00, 0x00, 0x00, 0x00, 0x00, 0x00, 0xC3, 0x00, 0x00, 0x00, 0x00,
        0x00, 0x00, 0x00, 0x00, 0x00, 0x00, 0x00, 0x00, 0x00, 0x00, 0x4B, 0x00,
        0x00, 0x00, 0x00, 0x00, 0x00, 0x00, 0x00, 0xCD, 0xDD, 0xDD, 0xDD, 0xDD,
        0xDD, 0xDF, 0xDD, 0xDD, 0xDD, 0xDD, 0xDD, 0xA0, 0x00, 0x00, 0x00, 0x00,
        0x00, 0x00, 0x00, 0x00, 0x00, 0x00, 0x00, 0x00, 0x00, 0x00, 0x00, 0x00,
        0x00, 0x00, 0x00, 0x00, 0x00, 0x00, 0x00, 0x00, 0x00, 0x00, 0x00, 0x00,
        0x00, 0x00, 0x00, 0x00, 0x00, 0x00, 0xCD, 0xDD, 0xDD, 0xDD, 0xDD, 0xDD,
        0xDD, 0xDD, 0xE1, 0x00, 0x00, 0x00, 0x00, 0x00, 0x00, 0xD0, 0x00, 0x00,
        0x00, 0x00, 0x00, 0x00, 0x00, 0xC1, 0x00, 0x00, 0x00, 0x00, 0x00, 0x00,
        0xD0, 0x00, 0x00, 0x00, 0x00, 0x00, 0x00, 0x00, 0xC1, 0x00, 0x00, 0x00,
        0x00, 0x00, 0x00, 0xD0, 0x00, 0x00, 0x00, 0x00, 0x00, 0x00, 0x00, 0xC1,
        0x00, 0x00, 0x00, 0x00, 0x00, 0x00, 0xDD, 0xDD, 0xDD, 0xDD, 0xDD, 0xDD,
        0xDD, 0xDD, 0xF1, 0x00, 0x00, 0x00, 0x00, 0x00, 0x00, 0x00, 0x00, 0x00,
        0x00, 0x00, 0x00, 0x00, 0x00, 0x00, 0x00, 0x00, 0x00, 0x00, 0x00, 0x00,
        0x00, 0x00, 0x00, 0x00, 0x00, 0x00, 0x00, 0x00, 0x00, 0x00, 0x00, 0x00,
        0x00, 0x13, 0x33, 0x33, 0x33, 0x33, 0x33, 0x33, 0x33, 0x33, 0x33, 0x33,
        0x33, 0x00, 0x00, 0x00, 0x3D, 0xAA, 0xAA, 0xAA, 0xAA, 0xAA, 0xAA, 0xAA,
        0xAA, 0xAA, 0xAA, 0xAE, 0x20, 0x00, 0x00, 0x3A, 0x00, 0x00, 0x00, 0x00,
        0x00, 0x00, 0x00, 0x00, 0x00, 0x00, 0x0C, 0x20, 0x00, 0x00, 0x3A, 0x00,
        0x00, 0x00, 0x00, 0x00, 0x00, 0x00, 0x00, 0x00, 0x00, 0x0C, 0x20, 0x00,
        0x00, 0x38, 0x00, 0x00, 0x08, 0xFD, 0xDD, 0xDD, 0xDD, 0xF6, 0x00, 0x00,
        0x0A, 0x10, 0x00, 0x00, 0x00, 0x00, 0x00, 0x09, 0x40, 0x00, 0x00, 0x00,
        0x76, 0x00, 0x00, 0x00, 0x00, 0x00, 0x00, 0x00, 0x00, 0x00, 0x0B, 0x20,
        0x00, 0x00, 0x00, 0x76, 0x00, 0x00, 0x00, 0x00, 0x00, 0x00, 0x00, 0x00,
        0x00, 0x0D, 0x00, 0x00, 0x00, 0x00, 0x76, 0x00, 0x00, 0x00, 0x00, 0x00,
        0x00, 0x00, 0x00, 0x00, 0x49, 0x00, 0x00, 0x00, 0x00, 0x76, 0x00, 0x00,
        0x01, 0x10, 0x00, 0x00, 0x00, 0x00, 0x00, 0xC2, 0x00, 0x00, 0x00, 0x00,
        0x76, 0x00, 0x00, 0x03, 0x90, 0x00, 0x00, 0x00, 0x00, 0x1B, 0x60, 0x00,
        0x00, 0x00, 0x00, 0x76, 0x00, 0x00, 0x04, 0x80, 0x00, 0x00, 0x00, 0x38,
        0xC4, 0x00, 0x00, 0x00, 0x00, 0x00, 0x77, 0x00, 0x00, 0x07, 0x60, 0x00,
        0x00, 0x7B, 0x94, 0x00, 0x00, 0x00, 0x00, 0x00, 0x00, 0x3C, 0xCC, 0xCC,
        0xCC, 0x10, 0x00, 0x00, 0x00, 0x00, 0x00, 0x00, 0x00, 0x00, 0x00, 0x00,
        0x00, 0x00, 0x00, 0x00, 0x00, 0x00,
    },
    /* U+4EEA 仪 */
    {
        0x00, 0x00, 0x00, 0x00, 0x00, 0x00, 0x00, 0x00, 0x00, 0x00, 0x00, 0x00,
        0x00, 0x00, 0x00, 0x00, 0x00, 0x00, 0x00, 0x00, 0x00, 0x00, 0x00, 0x00,
        0x00, 0x00, 0x00, 0x00, 0x00, 0x00, 0x00, 0x00, 0x00, 0x00, 0x00, 0x00,
        0x00, 0x00, 0x00, 0x00, 0x00, 0x00, 0x00, 0x00, 0x00, 0x00, 0x00, 0x00,
        0x00, 0xB1, 0x00, 0x00, 0x00, 0x10, 0x00, 0x00, 0x00, 0x00, 0x00, 0x00,
        0x00, 0x00, 0x00, 0x03, 0xB0, 0x00, 0x00, 0x00, 0xC2, 0x00, 0x00, 0x00,
        0x05, 0x00, 0x00, 0x00, 0x00, 0x00, 0x0A, 0x40, 0x1C, 0x00, 0x00, 0x4B,
        0x00, 0x00, 0x00, 0x3B, 0x00, 0x00, 0x00, 0x00, 0x00, 0x2C, 0x00, 0x0C,
        0x10, 0x00, 0x09, 0x60, 0x00, 0x00, 0x67, 0x00, 0x00, 0x00, 0x00, 0x00,
        0xA4, 0x00, 0x09, 0x40, 0x00, 0x01, 0xD1, 0x00, 0x00, 0x94, 0x00, 0x00,
        0x00, 0x00, 0x03, 0xB0, 0x00, 0x06, 0x70, 0x00, 0x00, 0x69, 0x00, 0x00,
        0xC1, 0x00, 0x00, 0x00, 0x00, 0x0F, 0x30, 0x00, 0x02, 0xB0, 0x00, 0x00,
        0x0D, 0x20, 0x02, 0xC0, 0x00, 0x00, 0x00, 0x00, 0x7F, 0x00, 0x00, 0x00,
        0xC0, 0x00, 0x00, 0x02, 0x00, 0x06, 0x80, 0x00, 0x00, 0x00, 0x03, 0xCD,
        0x00, 0x00, 0x00, 0x94, 0x00, 0x00, 0x00, 0x00, 0x0A, 0x30, 0x00, 0x00,
        0x00, 0x1C, 0x3C, 0x00, 0x00, 0x00, 0x49, 0x00, 0x00, 0x00, 0x00, 0x0D,
        0x00, 0x00, 0x00, 0x00, 0xA6, 0x0C, 0x00, 0x00, 0x00, 0x0C, 0x00, 0x00,
        0x00, 0x00, 0x68, 0x00, 0x00, 0x00, 0x09, 0x90, 0x0C, 0x00, 0x00, 0x00,
        0x09, 0x50, 0x00, 0x00, 0x00, 0xB2, 0x00, 0x00, 0x00, 0x2A, 0x00, 0x0C,
        0x00, 0x00, 0x00, 0x03, 0xB0, 0x00, 0x00, 0x02, 0xB0, 0x00, 0x00, 0x00,
        0x00, 0x00, 0x0C, 0x00, 0x00, 0x00, 0x00, 0xC2, 0x00, 0x00, 0x0A, 0x50,
        0x00, 0x00, 0x00, 0x00, 0x00, 0x0C, 0x00, 0x00, 0x00, 0x00, 0x5A, 0x00,
        0x00, 0x3B, 0x00, 0x00, 0x00, 0x00, 0x00, 0x00, 0x0C, 0x00, 0x00, 0x00,
        0x00, 0x0C, 0x30, 0x00, 0xB3, 0x00, 0x00, 0x00, 0x00, 0x00, 0x00, 0x0C,
        0x00, 0x00, 0x00, 0x00, 0x04, 0xB0, 0x06, 0xA0, 0x00, 0x00, 0x00, 0x00,
        0x00, 0x00, 0x0C, 0x00, 0x00, 0x00, 0x00, 0x00, 0xA7, 0x2D, 0x10, 0x00,
        0x00, 0x00, 0x00, 0x00, 0x00, 0x0C, 0x00, 0x00, 0x00, 0x00, 0x00, 0x1E,
        0xF3, 0x00, 0x00, 0x00, 0x00, 0x00, 0x00, 0x00, 0x0C, 0x00, 0x00, 0x00,
        0x00, 0x00, 0x1F, 0xF2, 0x00, 0x00, 0x00, 0x00, 0x00, 0x00, 0x00, 0x0C,
        0x00, 0x00, 0x00, 0x00, 0x01, 0xC5, 0x5D, 0x20, 0x00, 0x00, 0x00, 0x00,
        0x00, 0x00, 0x0C, 0x00, 0x00, 0x00, 0x00, 0x3C, 0x40, 0x05, 0xD2, 0x00,
        0x00, 0x00, 0x00, 0x00, 0x00, 0x0C, 0x00, 0x00, 0x00, 0x07, 0xC2, 0x00,
        0x00, 0x4D, 0x60, 0x00, 0x00, 0x00, 0x00, 0x00, 0x0C, 0x00, 0x00, 0x04,
        0xC7, 0x00, 0x00, 0x00, 0x02, 0xBB, 0x20, 0x00, 0x00, 0x00, 0x00, 0x0C,
        0x00, 0x05, 0xC9, 0x20, 0x00, 0x00, 0x00, 0x00, 0x06, 0xD9, 0x30, 0x00,
        0x00, 0x00, 0x0C, 0x01, 0xC8, 0x20, 0x00, 0x00, 0x00, 0x00, 0x00, 0x00,
        0x06, 0xD5, 0x00, 0x00, 0x00, 0x00, 0x00, 0x00, 0x00, 0x00, 0x00, 0x00,
        0x00, 0x00, 0x00, 0x00, 0x00, 0x00,
    },
    /* U+4FDD 保 */
    {
        0x00, 0x00, 0x00, 0x00, 0x00, 0x00, 0x00, 0x00, 0x00, 0x00, 0x00, 0x00,
        0x00, 0x00, 0x00, 0x00, 0x00, 0x00, 0x00, 0x00, 0x00, 0x00, 0x00, 0x00,
        0x00, 0x00, 0x00, 0x00, 0x00, 0x00, 0x00, 0x00, 0x00, 0x00, 0x10, 0x00,
        0x00, 0x00, 0x00, 0x00, 0x00, 0x00, 0x00, 0x00, 0x00, 0x00, 0x00, 0x00,
        0x00, 0xD1, 0x00, 0x00, 0x00, 0x00, 0x00, 0x00, 0x00, 0x00, 0x00, 0x00,
        0x00, 0x00, 0x00, 0x05, 0x90, 0x2D, 0xDD, 0xDD, 0xDD, 0xDD, 0xDD, 0xDD,
        0xD8, 0x00, 0x00, 0x00, 0x00, 0x00, 0x0B, 0x30, 0x2B, 0x00, 0x00, 0x00,
        0x00, 0x00, 0x00, 0x3A, 0x00, 0x00, 0x00, 0x00, 0x00, 0x4A, 0x00, 0x2B,
        0x00, 0x00, 0x00, 0x00, 0x00, 0x00, 0x3A, 0x00, 0x00, 0x00, 0x00, 0x00,
        0xC2, 0x00, 0x2B, 0x00, 0x00, 0x00, 0x00, 0x00, 0x00, 0x3A, 0x00, 0x00,
        0x00, 0x00, 0x06, 0x80, 0x00, 0x2B, 0x00, 0x00, 0x00, 0x00, 0x00, 0x00,
        0x3A, 0x00, 0x00, 0x00, 0x00, 0x1F, 0x20, 0x00, 0x2B, 0x00, 0x00, 0x00,
        0x00, 0x00, 0x00, 0x3A, 0x00, 0x00, 0x00, 0x00, 0xBF, 0x10, 0x00, 0x2B,
        0x00, 0x00, 0x00, 0x00, 0x00, 0x00, 0x3A, 0x00, 0x00, 0x00, 0x06, 0xAC,
        0x10, 0x00, 0x2B, 0x00, 0x00, 0x00, 0x00, 0x00, 0x00, 0x3A, 0x00, 0x00,
        0x00, 0x3C, 0x1C, 0x10, 0x00, 0x2D, 0xDD, 0xDD, 0xDF, 0xED, 0xDD, 0xDD,
        0xD8, 0x00, 0x00, 0x02, 0xD3, 0x0C, 0x10, 0x00, 0x00, 0x00, 0x00, 0x0A,
        0x30, 0x00, 0x00, 0x00, 0x00, 0x00, 0x2D, 0x40, 0x0C, 0x10, 0x00, 0x00,
        0x00, 0x00, 0x0A, 0x30, 0x00, 0x00, 0x00, 0x00, 0x00, 0x15, 0x00, 0x0C,
        0x10, 0x00, 0x00, 0x00, 0x00, 0x0A, 0x30, 0x00, 0x00, 0x00, 0x00, 0x00,
        0x00, 0x00, 0x0C, 0x10, 0x00, 0x00, 0x00, 0x00, 0x0A, 0x30, 0x00, 0x00,
        0x00, 0x00, 0x00, 0x00, 0x00, 0x0C, 0x10, 0xBC, 0xCC, 0xCC, 0xCC, 0xEF,
        0xFC, 0xCC, 0xCC, 0xCC, 0xC0, 0x00, 0x00, 0x00, 0x0C, 0x10, 0x11, 0x11,
        0x11, 0x11, 0xCD, 0xC7, 0x11, 0x11, 0x11, 0x10, 0x00, 0x00, 0x00, 0x0C,
        0x10, 0x00, 0x00, 0x00, 0x06, 0x8A, 0x4C, 0x10, 0x00, 0x00, 0x00, 0x00,
        0x00, 0x00, 0x0C, 0x10, 0x00, 0x00, 0x00, 0x3B, 0x0A, 0x34, 0xB0, 0x00,
        0x00, 0x00, 0x00, 0x00, 0x00, 0x0C, 0x10, 0x00, 0x00, 0x01, 0xC2, 0x0A,
        0x30, 0x78, 0x00, 0x00, 0x00, 0x00, 0x00, 0x00, 0x0C, 0x10, 0x00, 0x00,
        0x1C, 0x30, 0x0A, 0x30, 0x09, 0x60, 0x00, 0x00, 0x00, 0x00, 0x00, 0x0C,
        0x10, 0x00, 0x01, 0xC5, 0x00, 0x0A, 0x30, 0x00, 0xA6, 0x00, 0x00, 0x00,
        0x00, 0x00, 0x0C, 0x10, 0x00, 0x2C, 0x40, 0x00, 0x0A, 0x30, 0x00, 0x0A,
        0x70, 0x00, 0x00, 0x00, 0x00, 0x0C, 0x10, 0x06, 0xC3, 0x00, 0x00, 0x0A,
        0x30, 0x00, 0x00, 0x9A, 0x10, 0x00, 0x00, 0x00, 0x0C, 0x12, 0xBA, 0x10,
        0x00, 0x00, 0x0A, 0x30, 0x00, 0x00, 0x05, 0xD4, 0x00, 0x00, 0x00, 0x0C,
        0x12, 0x40, 0x00, 0x00, 0x00, 0x0A, 0x30, 0x00, 0x00, 0x00, 0x22, 0x00,
        0x00, 0x00, 0x0B, 0x10, 0x00, 0x00, 0x00, 0x00, 0x0A, 0x30, 0x00, 0x00,
        0x00, 0x00, 0x00, 0x00, 0x00, 0x00, 0x00, 0x00, 0x00, 0x00, 0x00, 0x00,
        0x00, 0x00, 0x00, 0x00, 0x00, 0x00,
    },
    /* U+5173 关 */
    {
        0x00, 0x00, 0x00, 0x00, 0x00, 0x00, 0x00, 0x00, 0x00, 0x00, 0x00, 0x00,
        0x00, 0x00, 0x00, 0x00, 0x00, 0x00, 0x00, 0x00, 0x00, 0x00, 0x00, 0x00,
        0x00, 0x00, 0x00, 0x00, 0x00, 0x00, 0x00, 0x00, 0x00, 0x00, 0x00, 0x00,
        0x00, 0x00, 0x00, 0x00, 0x00, 0x00, 0x00, 0x00, 0x00, 0x00, 0x00, 0x00,
        0x03, 0x00, 0x00, 0x00, 0x00, 0x00, 0x00, 0x07, 0x00, 0x00, 0x00, 0x00,
        0x00, 0x00, 0x00, 0x08, 0x70, 0x00, 0x00, 0x00, 0x00, 0x00, 0x5A, 0x00,
        0x00, 0x00, 0x00, 0x00, 0x00, 0x00, 0x00, 0xC3, 0x00, 0x00, 0x00, 0x00,
        0x00, 0xC2, 0x00, 0x00, 0x00, 0x00, 0x00, 0x00, 0x00, 0x00, 0x3C, 0x00,
        0x00, 0x00, 0x00, 0x06, 0x80, 0x00, 0x00, 0x00, 0x00, 0x00, 0x00, 0x00,
        0x00, 0x0A, 0x50, 0x00, 0x00, 0x00, 0x1D, 0x10, 0x00, 0x00, 0x00, 0x00,
        0x00, 0x00, 0x00, 0x00, 0x03, 0x80, 0x00, 0x00, 0x00, 0x96, 0x00, 0x00,
        0x00, 0x00, 0x00, 0x00, 0x01, 0x66, 0x66, 0x66, 0x66, 0x66, 0x66, 0x69,
        0xF6, 0x66, 0x66, 0x62, 0x00, 0x00, 0x00, 0x01, 0x77, 0x77, 0x77, 0x77,
        0x77, 0xF7, 0x78, 0x87, 0x77, 0x77, 0x72, 0x00, 0x00, 0x00, 0x00, 0x00,
        0x00, 0x00, 0x00, 0x00, 0xD0, 0x00, 0x00, 0x00, 0x00, 0x00, 0x00, 0x00,
        0x00, 0x00, 0x00, 0x00, 0x00, 0x00, 0x00, 0xD0, 0x00, 0x00, 0x00, 0x00,
        0x00, 0x00, 0x00, 0x00, 0x00, 0x00, 0x00, 0x00, 0x00, 0x00, 0xD0, 0x00,
        0x00, 0x00, 0x00, 0x00, 0x00, 0x00, 0x00, 0x00, 0x00, 0x00, 0x00, 0x00,
        0x00, 0xD0, 0x00, 0x00, 0x00, 0x00, 0x00, 0x00, 0x00, 0x00, 0x00, 0x00,
        0x00, 0x00, 0x00, 0x01, 0xC0, 0x00, 0x00, 0x00, 0x00, 0x00, 0x00, 0x00,
        0x00, 0x12, 0x22, 0x22, 0x22, 0x22, 0x23, 0xD2, 0x22, 0x22, 0x22, 0x22,
        0x22, 0x10, 0x00, 0x00, 0x8B, 0xBB, 0xBB, 0xBB, 0xBB, 0xBF, 0xFF, 0xBB,
        0xBB, 0xBB, 0xBB, 0xBB, 0xA0, 0x00, 0x00, 0x00, 0x00, 0x00, 0x00, 0x00,
        0x07, 0x7C, 0x00, 0x00, 0x00, 0x00, 0x00, 0x00, 0x00, 0x00, 0x00, 0x00,
        0x00, 0x00, 0x00, 0x0C, 0x19, 0x40, 0x00, 0x00, 0x00, 0x00, 0x00, 0x00,
        0x00, 0x00, 0x00, 0x00, 0x00, 0x00, 0x5A, 0x02, 0xC1, 0x00, 0x00, 0x00,
        0x00, 0x00, 0x00, 0x00, 0x00, 0x00, 0x00, 0x00, 0x01, 0xC2, 0x00, 0x68,
        0x00, 0x00, 0x00, 0x00, 0x00, 0x00, 0x00, 0x00, 0x00, 0x00, 0x00, 0x09,
        0x60, 0x00, 0x0B, 0x50, 0x00, 0x00, 0x00, 0x00, 0x00, 0x00, 0x00, 0x00,
        0x00, 0x00, 0x89, 0x00, 0x00, 0x01, 0xC4, 0x00, 0x00, 0x00, 0x00, 0x00,
        0x00, 0x00, 0x00, 0x00, 0x19, 0x90, 0x00, 0x00, 0x00, 0x1C, 0x50, 0x00,
        0x00, 0x00, 0x00, 0x00, 0x00, 0x00, 0x03, 0xC6, 0x00, 0x00, 0x00, 0x00,
        0x01, 0xB8, 0x00, 0x00, 0x00, 0x00, 0x00, 0x00, 0x01, 0x8C, 0x30, 0x00,
        0x00, 0x00, 0x00, 0x00, 0x07, 0xC5, 0x00, 0x00, 0x00, 0x00, 0x02, 0x8C,
        0x60, 0x00, 0x00, 0x00, 0x00, 0x00, 0x00, 0x00, 0x2A, 0xC6, 0x10, 0x00,
        0x00, 0x9C, 0x60, 0x00, 0x00, 0x00, 0x00, 0x00, 0x00, 0x00, 0x00, 0x00,
        0x28, 0xD1, 0x00, 0x00, 0x10, 0x00, 0x00, 0x00, 0x00, 0x00, 0x00, 0x00,
        0x00, 0x00, 0x00, 0x00, 0x00, 0x00,
    },
    /* U+518D 再 */
    {
        0x00, 0x00, 0x00, 0x00, 0x00, 0x00, 0x00, 0x00, 0x00, 0x00, 0x00, 0x00,
        0x00, 0x00, 0x00, 0x00, 0x00, 0x00, 0x00, 0x00, 0x00, 0x00, 0x00, 0x00,
        0x00, 0x00, 0x00, 0x00, 0x00, 0x00, 0x00, 0x00, 0x00, 0x00, 0x00, 0x00,
        0x00, 0x00, 0x00, 0x00, 0x00, 0x00, 0x00, 0x00, 0x00, 0x00, 0x00, 0x00,
        0x00, 0x00, 0x00, 0x00, 0x00, 0x00, 0x00, 0x00, 0x00, 0x00, 0x00, 0x00,
        0x00, 0x12, 0x22, 0x22, 0x22, 0x22, 0x22, 0x22, 0x22, 0x22, 0x22, 0x22,
        0x22, 0x10, 0x00, 0x00, 0x7B, 0xBB, 0xBB, 0xBB, 0xBB, 0xBB, 0xFB, 0xBB,
        0xBB, 0xBB, 0xBB, 0xBB, 0x80, 0x00, 0x00, 0x00, 0x00, 0x00, 0x00, 0x00,
        0x00, 0xD0, 0x00, 0x00, 0x00, 0x00, 0x00, 0x00, 0x00, 0x00, 0x00, 0x00,
        0x00, 0x00, 0x00, 0x00, 0xD0, 0x00, 0x00, 0x00, 0x00, 0x00, 0x00, 0x00,
        0x00, 0x00, 0x00, 0x00, 0x00, 0x00, 0x00, 0xD0, 0x00, 0x00, 0x00, 0x00,
        0x00, 0x00, 0x00, 0x00, 0x00, 0x0B, 0xBB, 0xBB, 0xBB, 0xBB, 0xFB, 0xBB,
        0xBB, 0xBB, 0xBE, 0x00, 0x00, 0x00, 0x00, 0x00, 0x0D, 0x33, 0x33, 0x33,
        0x33, 0xF3, 0x33, 0x33, 0x33, 0x3E, 0x00, 0x00, 0x00, 0x00, 0x00, 0x0C,
        0x00, 0x00, 0x00, 0x00, 0xD0, 0x00, 0x00, 0x00, 0x0D, 0x00, 0x00, 0x00,
        0x00, 0x00, 0x0C, 0x00, 0x00, 0x00, 0x00, 0xD0, 0x00, 0x00, 0x00, 0x0D,
        0x00, 0x00, 0x00, 0x00, 0x00, 0x0C, 0x00, 0x00, 0x00, 0x00, 0xD0, 0x00,
        0x00, 0x00, 0x0D, 0x00, 0x00, 0x00, 0x00, 0x00, 0x0C, 0x00, 0x00, 0x00,
        0x00, 0xD0, 0x00, 0x00, 0x00, 0x0D, 0x00, 0x00, 0x00, 0x00, 0x00, 0x0F,
        0xDD, 0xDD, 0xDD, 0xDD, 0xFD, 0xDD, 0xDD, 0xDD, 0xDF, 0x00, 0x00, 0x00,
        0x00, 0x00, 0x0C, 0x00, 0x00, 0x00, 0x00, 0xD0, 0x00, 0x00, 0x00, 0x0D,
        0x00, 0x00, 0x00, 0x00, 0x00, 0x0C, 0x00, 0x00, 0x00, 0x00, 0xD0, 0x00,
        0x00, 0x00, 0x0D, 0x00, 0x00, 0x00, 0x00, 0x00, 0x0C, 0x00, 0x00, 0x00,
        0x00, 0xD0, 0x00, 0x00, 0x00, 0x0D, 0x00, 0x00, 0x00, 0x00, 0x00, 0x0C,
        0x00, 0x00, 0x00, 0x00, 0xD0, 0x00, 0x00, 0x00, 0x0D, 0x00, 0x00, 0x00,
        0x04, 0x66, 0x6F, 0x66, 0x66, 0x66, 0x66, 0xF6, 0x66, 0x66, 0x66, 0x6F,
        0x66, 0x64, 0x00, 0x04, 0x77, 0x7F, 0x77, 0x77, 0x77, 0x77, 0x77, 0x77,
        0x77, 0x77, 0x7F, 0x77, 0x75, 0x00, 0x00, 0x00, 0x0C, 0x00, 0x00, 0x00,
        0x00, 0x00, 0x00, 0x00, 0x00, 0x0D, 0x00, 0x00, 0x00, 0x00, 0x00, 0x0C,
        0x00, 0x00, 0x00, 0x00, 0x00, 0x00, 0x00, 0x00, 0x0D, 0x00, 0x00, 0x00,
        0x00, 0x00, 0x0C, 0x00, 0x00, 0x00, 0x00, 0x00, 0x00, 0x00, 0x00, 0x0D,
        0x00, 0x00, 0x00, 0x00, 0x00, 0x0C, 0x00, 0x00, 0x00, 0x00, 0x00, 0x00,
        0x00, 0x00, 0x0D, 0x00, 0x00, 0x00, 0x00, 0x00, 0x0C, 0x00, 0x00, 0x00,
        0x00, 0x00, 0x00, 0x00, 0x00, 0x0D, 0x00, 0x00, 0x00, 0x00, 0x00, 0x0C,
        0x00, 0x00, 0x00, 0x00, 0x00, 0x00, 0x00, 0x00, 0x0D, 0x00, 0x00, 0x00,
        0x00, 0x00, 0x0C, 0x00, 0x00, 0x00, 0x00, 0x00, 0x00, 0xCD, 0xDD, 0xC8,
        0x00, 0x00, 0x00, 0x00, 0x00, 0x01, 0x00, 0x00, 0x00, 0x00, 0x00, 0x00,
        0x00, 0x00, 0x00, 0x00, 0x00, 0x00,
    },
    /* U+51C6 准 */
    {
        0x00, 0x00, 0x00, 0x00, 0x00, 0x00, 0x00, 0x00, 0x00, 0x00, 0x00, 0x00,
        0x00, 0x00, 0x00, 0x00, 0x00, 0x00, 0x00, 0x00, 0x00, 0x00, 0x00, 0x00,
        0x00, 0x00, 0x00, 0x00, 0x00, 0x00, 0x00, 0x00, 0x00, 0x00, 0x00, 0x00,
        0x00, 0x00, 0x00, 0x00, 0x00, 0x00, 0x00, 0x00, 0x00, 0x00, 0x00, 0x00,
        0x00, 0x00, 0x00, 0x0A, 0x00, 0x00, 0x90, 0x00, 0x00, 0x00, 0x00, 0x00,
        0x01, 0x80, 0x00, 0x00, 0x00, 0x00, 0x49, 0x00, 0x00, 0x86, 0x00, 0x00,
        0x00, 0x00, 0x00, 0x00, 0x78, 0x00, 0x00, 0x00, 0x00, 0xA3, 0x00, 0x00,
        0x1D, 0x10, 0x00, 0x00, 0x00, 0x00, 0x00, 0x09, 0x50, 0x00, 0x00, 0x02,
        0xB0, 0x00, 0x00, 0x07, 0x70, 0x00, 0x00, 0x00, 0x00, 0x00, 0x01, 0xC2,
        0x00, 0x00, 0x09, 0x50, 0x00, 0x00, 0x01, 0x30, 0x00, 0x00, 0x00, 0x00,
        0x00, 0x00, 0x3C, 0x00, 0x00, 0x2F, 0xDD, 0xDD, 0xDD, 0xDF, 0xDD, 0xDD,
        0xDD, 0x70, 0x00, 0x00, 0x00, 0x08, 0x70, 0x00, 0xAF, 0x00, 0x00, 0x00,
        0x0D, 0x00, 0x00, 0x00, 0x00, 0x00, 0x00, 0x00, 0x01, 0x50, 0x04, 0xBD,
        0x00, 0x00, 0x00, 0x0D, 0x00, 0x00, 0x00, 0x00, 0x00, 0x00, 0x00, 0x00,
        0x00, 0x1D, 0x2D, 0x00, 0x00, 0x00, 0x0D, 0x00, 0x00, 0x00, 0x00, 0x00,
        0x00, 0x00, 0x00, 0x00, 0xA7, 0x0D, 0x00, 0x00, 0x00, 0x0D, 0x00, 0x00,
        0x00, 0x00, 0x00, 0x00, 0x00, 0x00, 0x07, 0xA0, 0x0D, 0x00, 0x00, 0x00,
        0x0D, 0x00, 0x00, 0x00, 0x00, 0x00, 0x00, 0x00, 0x00, 0x2B, 0x10, 0x0F,
        0xDD, 0xDD, 0xDD, 0xDF, 0xDD, 0xDD, 0xDB, 0x00, 0x00, 0x00, 0x00, 0x00,
        0x00, 0x00, 0x0D, 0x00, 0x00, 0x00, 0x0D, 0x00, 0x00, 0x00, 0x00, 0x00,
        0x00, 0x00, 0x00, 0x00, 0x00, 0x0D, 0x00, 0x00, 0x00, 0x0D, 0x00, 0x00,
        0x00, 0x00, 0x00, 0x00, 0x00, 0x00, 0x30, 0x00, 0x0D, 0x00, 0x00, 0x00,
        0x0D, 0x00, 0x00, 0x00, 0x00, 0x00, 0x00, 0x00, 0x01, 0xC0, 0x00, 0x0D,
        0x00, 0x00, 0x00, 0x0D, 0x00, 0x00, 0x00, 0x00, 0x00, 0x00, 0x00, 0x07,
        0x70, 0x00, 0x0D, 0x00, 0x00, 0x00, 0x0D, 0x00, 0x00, 0x00, 0x00, 0x00,
        0x00, 0x00, 0x0C, 0x10, 0x00, 0x0F, 0xDD, 0xDD, 0xDD, 0xDF, 0xDD, 0xDD,
        0xDB, 0x00, 0x00, 0x00, 0x00, 0x59, 0x00, 0x00, 0x0D, 0x00, 0x00, 0x00,
        0x0D, 0x00, 0x00, 0x00, 0x00, 0x00, 0x00, 0x00, 0xC2, 0x00, 0x00, 0x0D,
        0x00, 0x00, 0x00, 0x0D, 0x00, 0x00, 0x00, 0x00, 0x00, 0x00, 0x05, 0xA0,
        0x00, 0x00, 0x0D, 0x00, 0x00, 0x00, 0x0D, 0x00, 0x00, 0x00, 0x00, 0x00,
        0x00, 0x0C, 0x30, 0x00, 0x00, 0x0D, 0x00, 0x00, 0x00, 0x0D, 0x00, 0x00,
        0x00, 0x00, 0x00, 0x00, 0x5A, 0x00, 0x00, 0x00, 0x0D, 0x00, 0x00, 0x00,
        0x0D, 0x00, 0x00, 0x00, 0x00, 0x00, 0x00, 0xD3, 0x00, 0x00, 0x00, 0x0F,
        0xDD, 0xDD, 0xDD, 0xDF, 0xDD, 0xDD, 0xDD, 0xD3, 0x00, 0x01, 0x60, 0x00,
        0x00, 0x00, 0x0D, 0x00, 0x00, 0x00, 0x00, 0x00, 0x00, 0x00, 0x00, 0x00,
        0x00, 0x00, 0x00, 0x00, 0x00, 0x0D, 0x00, 0x00, 0x00, 0x00, 0x00, 0x00,
        0x00, 0x00, 0x00, 0x00, 0x00, 0x00, 0x00, 0x00, 0x00, 0x00, 0x00, 0x00,
        0x00, 0x00, 0x00, 0x00, 0x00, 0x00,
    },
    /* U+5207 切 */
    {
        0x00, 0x00, 0x00, 0x00, 0x00, 0x00, 0x00, 0x00, 0x00, 0x00, 0x00, 0x00,
        0x00, 0x00, 0x00, 0x00, 0x00, 0x00, 0x00, 0x00, 0x00, 0x00, 0x00, 0x00,
        0x00, 0x00, 0x00, 0x00, 0x00, 0x00, 0x00, 0x00, 0x00, 0x00, 0x00, 0x00,
        0x00, 0x00, 0x00, 0x00, 0x00, 0x00, 0x00, 0x00, 0x00, 0x00, 0x00, 0x00,
        0x00, 0x00, 0x00, 0x00, 0x00, 0x00, 0x00, 0x00, 0x00, 0x00, 0x00, 0x00,
        0x00, 0x00, 0x0C, 0x00, 0x00, 0x00, 0x00, 0x00, 0x00, 0x00, 0x00, 0x00,
        0x00, 0x00, 0x00, 0x00, 0x00, 0x0D, 0x00, 0x00, 0x00, 0x22, 0x22, 0x22,
        0x22, 0x22, 0x22, 0x22, 0x30, 0x00, 0x00, 0x00, 0x0D, 0x00, 0x00, 0x00,
        0x8B, 0xBB, 0xBF, 0xFB, 0xBB, 0xBB, 0xBB, 0xF0, 0x00, 0x00, 0x00, 0x0D,
        0x00, 0x00, 0x00, 0x00, 0x00, 0x07, 0x60, 0x00, 0x00, 0x00, 0xD0, 0x00,
        0x00, 0x00, 0x0D, 0x00, 0x00, 0x00, 0x00, 0x00, 0x08, 0x50, 0x00, 0x00,
        0x00, 0xD0, 0x00, 0x00, 0x00, 0x0D, 0x00, 0x00, 0x01, 0x00, 0x00, 0x08,
        0x50, 0x00, 0x00, 0x00, 0xD0, 0x00, 0x00, 0x00, 0x0D, 0x02, 0x59, 0xCB,
        0x20, 0x00, 0x09, 0x40, 0x00, 0x00, 0x01, 0xC0, 0x00, 0x00, 0x02, 0x6F,
        0xCB, 0x73, 0x00, 0x00, 0x00, 0x09, 0x30, 0x00, 0x00, 0x01, 0xC0, 0x00,
        0x0A, 0xCA, 0x7F, 0x00, 0x00, 0x00, 0x00, 0x00, 0x0B, 0x20, 0x00, 0x00,
        0x02, 0xB0, 0x00, 0x02, 0x00, 0x0D, 0x00, 0x00, 0x00, 0x00, 0x00, 0x0C,
        0x10, 0x00, 0x00, 0x03, 0xB0, 0x00, 0x00, 0x00, 0x0D, 0x00, 0x00, 0x00,
        0x00, 0x00, 0x0D, 0x00, 0x00, 0x00, 0x03, 0xA0, 0x00, 0x00, 0x00, 0x0D,
        0x00, 0x00, 0x00, 0x00, 0x00, 0x1C, 0x00, 0x00, 0x00, 0x04, 0x90, 0x00,
        0x00, 0x00, 0x0D, 0x00, 0x00, 0x00, 0x00, 0x00, 0x3A, 0x00, 0x00, 0x00,
        0x05, 0x90, 0x00, 0x00, 0x00, 0x0D, 0x00, 0x00, 0x00, 0x00, 0x00, 0x67,
        0x00, 0x00, 0x00, 0x05, 0x80, 0x00, 0x00, 0x00, 0x0D, 0x00, 0x00, 0x00,
        0x00, 0x00, 0xA3, 0x00, 0x00, 0x00, 0x06, 0x70, 0x00, 0x00, 0x00, 0x0D,
        0x00, 0x00, 0x00, 0x10, 0x00, 0xD0, 0x00, 0x00, 0x00, 0x07, 0x60, 0x00,
        0x00, 0x00, 0x0D, 0x00, 0x00, 0x5C, 0x60, 0x04, 0xA0, 0x00, 0x00, 0x00,
        0x08, 0x50, 0x00, 0x00, 0x00, 0x0D, 0x01, 0x7D, 0x82, 0x00, 0x0A, 0x40,
        0x00, 0x00, 0x00, 0x0A, 0x40, 0x00, 0x00, 0x00, 0x0F, 0x9D, 0x71, 0x00,
        0x00, 0x2D, 0x00, 0x00, 0x00, 0x00, 0x0B, 0x30, 0x00, 0x00, 0x00, 0xCF,
        0x71, 0x00, 0x00, 0x00, 0xA5, 0x00, 0x00, 0x00, 0x00, 0x0D, 0x10, 0x00,
        0x00, 0x00, 0x41, 0x00, 0x00, 0x00, 0x05, 0xB0, 0x00, 0x00, 0x00, 0x00,
        0x0E, 0x00, 0x00, 0x00, 0x00, 0x00, 0x00, 0x00, 0x00, 0x3D, 0x20, 0x00,
        0x00, 0x00, 0x00, 0x2C, 0x00, 0x00, 0x00, 0x00, 0x00, 0x00, 0x00, 0x03,
        0xD3, 0x00, 0x00, 0x00, 0x00, 0x00, 0x69, 0x00, 0x00, 0x00, 0x00, 0x00,
        0x00, 0x00, 0x6D, 0x30, 0x00, 0x00, 0x00, 0x00, 0x01, 0xC3, 0x00, 0x00,
        0x00, 0x00, 0x00, 0x00, 0x09, 0xA1, 0x00, 0x00, 0x00, 0x3D, 0xDD, 0xDD,
        0x70, 0x00, 0x00, 0x00, 0x00, 0x00, 0x00, 0x01, 0x00, 0x00, 0x00, 0x00,
        0x00, 0x00, 0x00, 0x00, 0x00, 0x00,
    },
    /* U+5217 列 */
    {
        0x00, 0x00, 0x00, 0x00, 0x00, 0x00, 0x00, 0x00, 0x00, 0x00, 0x00, 0x00,
        0x00, 0x00, 0x00, 0x00, 0x00, 0x00, 0x00, 0x00, 0x00, 0x00, 0x00, 0x00,
        0x00, 0x00, 0x00, 0x00, 0x00, 0x00, 0x00, 0x00, 0x00, 0x00, 0x00, 0x00,
        0x00, 0x00, 0x00, 0x00, 0x00, 0x00, 0x04, 0x00, 0x00, 0x00, 0x00, 0x00,
        0x00, 0x00, 0x00, 0x00, 0x00, 0x00, 0x00, 0x00, 0x00, 0x0E, 0x00, 0x00,
        0x00, 0x77, 0x77, 0x78, 0x97, 0x77, 0x77, 0x77, 0x30, 0x00, 0x00, 0x00,
        0x0E, 0x00, 0x00, 0x00, 0x55, 0x55, 0x5B, 0xC5, 0x55, 0x55, 0x55, 0x20,
        0x00, 0x00, 0x00, 0x0E, 0x00, 0x00, 0x00, 0x00, 0x00, 0x0A, 0x20, 0x00,
        0x00, 0x00, 0x00, 0x08, 0x00, 0x00, 0x0E, 0x00, 0x00, 0x00, 0x00, 0x00,
        0x0C, 0x00, 0x00, 0x00, 0x00, 0x00, 0x0D, 0x00, 0x00, 0x0E, 0x00, 0x00,
        0x00, 0x00, 0x00, 0x39, 0x00, 0x00, 0x00, 0x00, 0x00, 0x0D, 0x00, 0x00,
        0x0E, 0x00, 0x00, 0x00, 0x00, 0x00, 0x84, 0x00, 0x00, 0x00, 0x00, 0x00,
        0x0D, 0x00, 0x00, 0x0E, 0x00, 0x00, 0x00, 0x00, 0x00, 0xC1, 0x00, 0x00,
        0x00, 0x10, 0x00, 0x0D, 0x00, 0x00, 0x0E, 0x00, 0x00, 0x00, 0x00, 0x04,
        0xFC, 0xCC, 0xCC, 0xCC, 0xF2, 0x00, 0x0D, 0x00, 0x00, 0x0E, 0x00, 0x00,
        0x00, 0x00, 0x0A, 0x30, 0x00, 0x00, 0x00, 0xC0, 0x00, 0x0D, 0x00, 0x00,
        0x0E, 0x00, 0x00, 0x00, 0x00, 0x2B, 0x00, 0x00, 0x00, 0x01, 0xC0, 0x00,
        0x0D, 0x00, 0x00, 0x0E, 0x00, 0x00, 0x00, 0x00, 0x94, 0x00, 0x00, 0x00,
        0x04, 0x80, 0x00, 0x0D, 0x00, 0x00, 0x0E, 0x00, 0x00, 0x00, 0x03, 0xB0,
        0x00, 0x00, 0x00, 0x08, 0x40, 0x00, 0x0D, 0x00, 0x00, 0x0E, 0x00, 0x00,
        0x00, 0x0C, 0x30, 0x00, 0x00, 0x00, 0x0C, 0x00, 0x00, 0x0D, 0x00, 0x00,
        0x0E, 0x00, 0x00, 0x00, 0x88, 0x04, 0xB2, 0x00, 0x00, 0x39, 0x00, 0x00,
        0x0D, 0x00, 0x00, 0x0E, 0x00, 0x00, 0x00, 0x20, 0x00, 0x3C, 0x70, 0x00,
        0xA3, 0x00, 0x00, 0x0D, 0x00, 0x00, 0x0E, 0x00, 0x00, 0x00, 0x00, 0x00,
        0x00, 0x9B, 0x12, 0xB0, 0x00, 0x00, 0x0D, 0x00, 0x00, 0x0E, 0x00, 0x00,
        0x00, 0x00, 0x00, 0x00, 0x05, 0xDD, 0x40, 0x00, 0x00, 0x0D, 0x00, 0x00,
        0x0E, 0x00, 0x00, 0x00, 0x00, 0x00, 0x00, 0x00, 0x8E, 0x00, 0x00, 0x00,
        0x0D, 0x00, 0x00, 0x0E, 0x00, 0x00, 0x00, 0x00, 0x00, 0x00, 0x02, 0xD1,
        0x00, 0x00, 0x00, 0x01, 0x00, 0x00, 0x0E, 0x00, 0x00, 0x00, 0x00, 0x00,
        0x00, 0x1C, 0x40, 0x00, 0x00, 0x00, 0x00, 0x00, 0x00, 0x0E, 0x00, 0x00,
        0x00, 0x00, 0x00, 0x00, 0xB6, 0x00, 0x00, 0x00, 0x00, 0x00, 0x00, 0x00,
        0x0E, 0x00, 0x00, 0x00, 0x00, 0x00, 0x1B, 0x70, 0x00, 0x00, 0x00, 0x00,
        0x00, 0x00, 0x00, 0x0E, 0x00, 0x00, 0x00, 0x00, 0x04, 0xD5, 0x00, 0x00,
        0x00, 0x00, 0x00, 0x00, 0x00, 0x00, 0x0E, 0x00, 0x00, 0x00, 0x02, 0xAB,
        0x20, 0x00, 0x00, 0x00, 0x00, 0x00, 0x00, 0x00, 0x00, 0x0E, 0x00, 0x00,
        0x00, 0x0A, 0x50, 0x00, 0x00, 0x00, 0x00, 0x00, 0x00, 0x00, 0x0B, 0xCC,
        0xC8, 0x00, 0x00, 0x00, 0x00, 0x00, 0x00, 0x00, 0x00, 0x00, 0x00, 0x00,
        0x00, 0x00, 0x00, 0x00, 0x00, 0x00,
    },
    /* U+52A8 动 */
    {
        0x00, 0x00, 0x00, 0x00, 0x00, 0x00, 0x00, 0x00, 0x00, 0x00, 0x00, 0x00,
        0x00, 0x00, 0x00, 0x00, 0x00, 0x00, 0x00, 0x00, 0x00, 0x00, 0x00, 0x00,
        0x00, 0x00, 0x00, 0x00, 0x00, 0x00, 0x00, 0x00, 0x00, 0x00, 0x00, 0x00,
        0x00, 0x00, 0x00, 0x00, 0x00, 0x00, 0x00, 0x00, 0x00, 0x00, 0x00, 0x00,
        0x00, 0x00, 0x00, 0x00, 0x00, 0x00, 0x00, 0x80, 0x00, 0x00, 0x00, 0x00,
        0x00, 0x00, 0x00, 0x00, 0x00, 0x00, 0x00, 0x00, 0x00, 0x00, 0xD0, 0x00,
        0x00, 0x00, 0x00, 0x00, 0x0C, 0xCC, 0xCC, 0xCC, 0xCC, 0xCC, 0x10, 0x00,
        0x00, 0xD0, 0x00, 0x00, 0x00, 0x00, 0x00, 0x01, 0x11, 0x11, 0x11, 0x11,
        0x11, 0x00, 0x00, 0x00, 0xD0, 0x00, 0x00, 0x00, 0x00, 0x00, 0x00, 0x00,
        0x00, 0x00, 0x00, 0x00, 0x00, 0x00, 0x00, 0xD0, 0x00, 0x00, 0x00, 0x00,
        0x00, 0x00, 0x00, 0x00, 0x00, 0x00, 0x00, 0x00, 0x00, 0x00, 0xD0, 0x00,
        0x00, 0x00, 0x00, 0x00, 0x00, 0x00, 0x00, 0x00, 0x00, 0x00, 0x00, 0x00,
        0x00, 0xD0, 0x00, 0x00, 0x00, 0x00, 0x00, 0x00, 0x00, 0x00, 0x00, 0x00,
        0x00, 0x0D, 0xDD, 0xDE, 0xFD, 0xDD, 0xDD, 0xF6, 0x00, 0x00, 0x00, 0x00,
        0x00, 0x00, 0x00, 0x00, 0x00, 0x00, 0x02, 0xB0, 0x00, 0x00, 0x85, 0x00,
        0x01, 0xBB, 0xBB, 0xFC, 0xBB, 0xBB, 0xBB, 0x60, 0x00, 0x03, 0xA0, 0x00,
        0x00, 0x85, 0x00, 0x00, 0x22, 0x22, 0xD4, 0x22, 0x22, 0x22, 0x10, 0x00,
        0x04, 0x90, 0x00, 0x00, 0x94, 0x00, 0x00, 0x00, 0x00, 0xD0, 0x00, 0x00,
        0x00, 0x00, 0x00, 0x05, 0x70, 0x00, 0x00, 0x94, 0x00, 0x00, 0x00, 0x03,
        0xA0, 0x00, 0x00, 0x00, 0x00, 0x00, 0x07, 0x50, 0x00, 0x00, 0xA3, 0x00,
        0x00, 0x00, 0x08, 0x60, 0x00, 0x24, 0x00, 0x00, 0x00, 0x0A, 0x30, 0x00,
        0x00, 0xB2, 0x00, 0x00, 0x00, 0x0C, 0x10, 0x00, 0x1C, 0x00, 0x00, 0x00,
        0x0C, 0x10, 0x00, 0x00, 0xC1, 0x00, 0x00, 0x00, 0x2B, 0x00, 0x00, 0x09,
        0x40, 0x00, 0x00, 0x0D, 0x00, 0x00, 0x00, 0xC1, 0x00, 0x00, 0x00, 0x76,
        0x00, 0x00, 0x04, 0xA0, 0x00, 0x00, 0x3A, 0x00, 0x00, 0x00, 0xD0, 0x00,
        0x00, 0x00, 0xC1, 0x00, 0x00, 0x00, 0xC1, 0x00, 0x00, 0x86, 0x00, 0x00,
        0x00, 0xD0, 0x00, 0x00, 0x03, 0xA0, 0x00, 0x00, 0x00, 0x85, 0x00, 0x00,
        0xC2, 0x00, 0x00, 0x00, 0xD0, 0x00, 0x00, 0x0A, 0x40, 0x00, 0x03, 0x58,
        0xED, 0x00, 0x02, 0xC0, 0x00, 0x00, 0x02, 0xC0, 0x00, 0x00, 0x3D, 0x46,
        0x9C, 0xDA, 0x74, 0x2C, 0x10, 0x09, 0x60, 0x00, 0x00, 0x03, 0xA0, 0x00,
        0x00, 0x6F, 0xA7, 0x41, 0x00, 0x00, 0x08, 0x60, 0x1D, 0x10, 0x00, 0x00,
        0x05, 0x80, 0x00, 0x00, 0x00, 0x00, 0x00, 0x00, 0x00, 0x02, 0x30, 0x97,
        0x00, 0x00, 0x00, 0x08, 0x60, 0x00, 0x00, 0x00, 0x00, 0x00, 0x00, 0x00,
        0x00, 0x04, 0xC0, 0x00, 0x00, 0x00, 0x0B, 0x30, 0x00, 0x00, 0x00, 0x00,
        0x00, 0x00, 0x00, 0x00, 0x2D, 0x20, 0x00, 0x00, 0x00, 0x2D, 0x00, 0x00,
        0x00, 0x00, 0x00, 0x00, 0x00, 0x00, 0x00, 0xA3, 0x00, 0x08, 0xDD, 0xDD,
        0xC3, 0x00, 0x00, 0x00, 0x00, 0x00, 0x00, 0x00, 0x00, 0x00, 0x00, 0x00,
        0x00, 0x00, 0x00, 0x00, 0x00, 0x00,
    },
    /* U+53D1 发 */
    {
        0x00, 0x00, 0x00, 0x00, 0x00, 0x00, 0x00, 0x00, 0x00, 0x00, 0x00, 0x00,
        0x00, 0x00, 0x00, 0x00, 0x00, 0x00, 0x00, 0x00, 0x00, 0x00, 0x00, 0x00,
        0x00, 0x00, 0x00, 0x00, 0x00, 0x00, 0x00, 0x00, 0x00, 0x00, 0x00, 0x00,
        0x00, 0x00, 0x00, 0x00, 0x00, 0x00, 0x00, 0x00, 0x00, 0x00, 0x00, 0x00,
        0x00, 0x00, 0x00, 0x09, 0x60, 0x00, 0x00, 0x20, 0x00, 0x00, 0x00, 0x00,
        0x00, 0x00, 0x00, 0x1D, 0x00, 0x00, 0x0B, 0x30, 0x00, 0x00, 0xB6, 0x00,
        0x00, 0x00, 0x00, 0x00, 0x00, 0x00, 0x5B, 0x00, 0x00, 0x0E, 0x10, 0x00,
        0x00, 0x0B, 0x50, 0x00, 0x00, 0x00, 0x00, 0x00, 0x00, 0x96, 0x00, 0x00,
        0x2D, 0x00, 0x00, 0x00, 0x01, 0xC4, 0x00, 0x00, 0x00, 0x00, 0x00, 0x01,
        0xD1, 0x00, 0x00, 0x4A, 0x00, 0x00, 0x00, 0x00, 0x1C, 0x30, 0x00, 0x00,
        0x00, 0x00, 0x06, 0x90, 0x00, 0x00, 0x86, 0x00, 0x00, 0x00, 0x00, 0x02,
        0x20, 0x00, 0x00, 0x00, 0x00, 0x1D, 0x20, 0x00, 0x00, 0xC3, 0x00, 0x00,
        0x00, 0x00, 0x00, 0x00, 0x00, 0x00, 0x00, 0x00, 0xAF, 0xDD, 0xDD, 0xDE,
        0xFD, 0xDD, 0xDD, 0xDD, 0xDD, 0xDD, 0xDD, 0xA0, 0x00, 0x00, 0x00, 0x10,
        0x00, 0x00, 0x05, 0x90, 0x00, 0x00, 0x00, 0x00, 0x00, 0x00, 0x00, 0x00,
        0x00, 0x00, 0x00, 0x00, 0x00, 0x0A, 0x40, 0x00, 0x00, 0x00, 0x00, 0x00,
        0x00, 0x00, 0x00, 0x00, 0x00, 0x00, 0x00, 0x00, 0x1D, 0x00, 0x00, 0x00,
        0x00, 0x00, 0x00, 0x00, 0x00, 0x00, 0x00, 0x00, 0x00, 0x00, 0x00, 0x6A,
        0x22, 0x22, 0x22, 0x22, 0x22, 0x21, 0x00, 0x00, 0x00, 0x00, 0x00, 0x00,
        0x00, 0x00, 0xEF, 0xBB, 0xBB, 0xBB, 0xBB, 0xBB, 0xF6, 0x00, 0x00, 0x00,
        0x00, 0x00, 0x00, 0x00, 0x05, 0xAC, 0x00, 0x00, 0x00, 0x00, 0x00, 0xD1,
        0x00, 0x00, 0x00, 0x00, 0x00, 0x00, 0x00, 0x0C, 0x26, 0x60, 0x00, 0x00,
        0x00, 0x05, 0x90, 0x00, 0x00, 0x00, 0x00, 0x00, 0x00, 0x00, 0x78, 0x00,
        0xC1, 0x00, 0x00, 0x00, 0x0C, 0x20, 0x00, 0x00, 0x00, 0x00, 0x00, 0x00,
        0x02, 0xD1, 0x00, 0x4A, 0x00, 0x00, 0x00, 0x77, 0x00, 0x00, 0x00, 0x00,
        0x00, 0x00, 0x00, 0x0C, 0x40, 0x00, 0x08, 0x60, 0x00, 0x03, 0xC0, 0x00,
        0x00, 0x00, 0x00, 0x00, 0x00, 0x00, 0x97, 0x00, 0x00, 0x00, 0xC3, 0x00,
        0x1C, 0x20, 0x00, 0x00, 0x00, 0x00, 0x00, 0x00, 0x08, 0xA0, 0x00, 0x00,
        0x00, 0x1B, 0x31, 0xC4, 0x00, 0x00, 0x00, 0x00, 0x00, 0x00, 0x00, 0x8A,
        0x00, 0x00, 0x00, 0x00, 0x01, 0xDF, 0x40, 0x00, 0x00, 0x00, 0x00, 0x00,
        0x00, 0x0A, 0xA0, 0x00, 0x00, 0x00, 0x00, 0x04, 0xDE, 0x70, 0x00, 0x00,
        0x00, 0x00, 0x00, 0x02, 0xC7, 0x00, 0x00, 0x00, 0x00, 0x01, 0x8A, 0x10,
        0x7B, 0x30, 0x00, 0x00, 0x00, 0x00, 0x05, 0x40, 0x00, 0x00, 0x00, 0x00,
        0x6C, 0x50, 0x00, 0x03, 0xB9, 0x20, 0x00, 0x00, 0x00, 0x00, 0x00, 0x00,
        0x00, 0x01, 0x7C, 0x71, 0x00, 0x00, 0x00, 0x04, 0xBB, 0x40, 0x00, 0x00,
        0x00, 0x00, 0x00, 0x04, 0xBB, 0x50, 0x00, 0x00, 0x00, 0x00, 0x00, 0x03,
        0x8B, 0xA4, 0x00, 0x00, 0x00, 0x00, 0x02, 0x10, 0x00, 0x00, 0x00, 0x00,
        0x00, 0x00, 0x00, 0x00, 0x22, 0x00,
    },
    /* U+53D6 取 */
    {
        0x00, 0x00, 0x00, 0x00, 0x00, 0x00, 0x00, 0x00, 0x00, 0x00, 0x00, 0x00,
        0x00, 0x00, 0x00, 0x00, 0x00, 0x00, 0x00, 0x00, 0x00, 0x00, 0x00, 0x00,
        0x00, 0x00, 0x00, 0x00, 0x00, 0x00, 0x00, 0x00, 0x00, 0x00, 0x00, 0x00,
        0x00, 0x00, 0x00, 0x00, 0x00, 0x00, 0x00, 0x00, 0x00, 0x00, 0x00, 0x00,
        0x00, 0x00, 0x00, 0x00, 0x00, 0x00, 0x00, 0x00, 0x00, 0x00, 0x00, 0x00,
        0x04, 0x88, 0xA8, 0x88, 0x88, 0x8A, 0x88, 0x40, 0x00, 0x00, 0x00, 0x00,
        0x00, 0x00, 0x00, 0x02, 0x47, 0xD4, 0x44, 0x44, 0x4F, 0x44, 0x20, 0x00,
        0x00, 0x00, 0x00, 0x00, 0x00, 0x00, 0x00, 0x04, 0x90, 0x00, 0x00, 0x0D,
        0x00, 0x6C, 0xDD, 0xCC, 0xCC, 0xCC, 0xCF, 0x50, 0x00, 0x00, 0x04, 0x90,
        0x00, 0x00, 0x0D, 0x00, 0x01, 0x96, 0x11, 0x11, 0x11, 0x19, 0x40, 0x00,
        0x00, 0x04, 0x90, 0x00, 0x00, 0x0D, 0x00, 0x00, 0x57, 0x00, 0x00, 0x00,
        0x0B, 0x10, 0x00, 0x00, 0x04, 0x90, 0x00, 0x00, 0x0D, 0x00, 0x00, 0x2A,
        0x00, 0x00, 0x00, 0x0D, 0x00, 0x00, 0x00, 0x04, 0xFC, 0xCC, 0xCC, 0xCF,
        0x00, 0x00, 0x0C, 0x00, 0x00, 0x00, 0x3A, 0x00, 0x00, 0x00, 0x04, 0xA1,
        0x11, 0x11, 0x1E, 0x00, 0x00, 0x0C, 0x10, 0x00, 0x00, 0x67, 0x00, 0x00,
        0x00, 0x04, 0x90, 0x00, 0x00, 0x0D, 0x00, 0x00, 0x08, 0x40, 0x00, 0x00,
        0xB2, 0x00, 0x00, 0x00, 0x04, 0x90, 0x00, 0x00, 0x0D, 0x00, 0x00, 0x05,
        0x80, 0x00, 0x01, 0xC0, 0x00, 0x00, 0x00, 0x04, 0x90, 0x00, 0x00, 0x0D,
        0x00, 0x00, 0x01, 0xC0, 0x00, 0x05, 0x80, 0x00, 0x00, 0x00, 0x04, 0x90,
        0x00, 0x00, 0x0D, 0x00, 0x00, 0x00, 0xC1, 0x00, 0x0B, 0x30, 0x00, 0x00,
        0x00, 0x04, 0xFA, 0xAA, 0xAA, 0xAF, 0x00, 0x00, 0x00, 0x85, 0x00, 0x2C,
        0x00, 0x00, 0x00, 0x00, 0x04, 0xB3, 0x33, 0x33, 0x3F, 0x00, 0x00, 0x00,
        0x3A, 0x00, 0x85, 0x00, 0x00, 0x00, 0x00, 0x04, 0x90, 0x00, 0x00, 0x0D,
        0x00, 0x00, 0x00, 0x0C, 0x11, 0xD0, 0x00, 0x00, 0x00, 0x00, 0x04, 0x90,
        0x00, 0x00, 0x0D, 0x00, 0x00, 0x00, 0x06, 0x78, 0x60, 0x00, 0x00, 0x00,
        0x00, 0x04, 0x90, 0x00, 0x00, 0x0D, 0x00, 0x00, 0x00, 0x01, 0xFD, 0x00,
        0x00, 0x00, 0x00, 0x00, 0x04, 0x90, 0x00, 0x00, 0x0F, 0x57, 0x70, 0x00,
        0x00, 0xFC, 0x00, 0x00, 0x00, 0x00, 0x00, 0x04, 0x91, 0x36, 0x9C, 0xDF,
        0x85, 0x20, 0x00, 0x05, 0xBD, 0x20, 0x00, 0x00, 0x00, 0x04, 0x8D, 0xFD,
        0xA8, 0x52, 0x0D, 0x00, 0x00, 0x00, 0x2D, 0x15, 0xB0, 0x00, 0x00, 0x00,
        0x04, 0x63, 0x10, 0x00, 0x00, 0x0D, 0x00, 0x00, 0x01, 0xC3, 0x00, 0x97,
        0x00, 0x00, 0x00, 0x00, 0x00, 0x00, 0x00, 0x00, 0x0D, 0x00, 0x00, 0x0B,
        0x60, 0x00, 0x1C, 0x60, 0x00, 0x00, 0x00, 0x00, 0x00, 0x00, 0x00, 0x0D,
        0x00, 0x01, 0xB7, 0x00, 0x00, 0x01, 0xC7, 0x00, 0x00, 0x00, 0x00, 0x00,
        0x00, 0x00, 0x0D, 0x00, 0x2C, 0x60, 0x00, 0x00, 0x00, 0x1B, 0xA1, 0x00,
        0x00, 0x00, 0x00, 0x00, 0x00, 0x0D, 0x00, 0xA5, 0x00, 0x00, 0x00, 0x00,
        0x00, 0x74, 0x00, 0x00, 0x00, 0x00, 0x00, 0x00, 0x00, 0x00, 0x00, 0x00,
        0x00, 0x00, 0x00, 0x00, 0x00, 0x00,
    },
    /* U+5404 各 */
    {
        0x00, 0x00, 0x00, 0x00, 0x00, 0x00, 0x00, 0x00, 0x00, 0x00, 0x00, 0x00,
        0x00, 0x00, 0x00, 0x00, 0x00, 0x00, 0x00, 0x00, 0x00, 0x00, 0x00, 0x00,
        0x00, 0x00, 0x00, 0x00, 0x00, 0x00, 0x00, 0x00, 0x00, 0x00, 0x00, 0x03,
        0x00, 0x00, 0x00, 0x00, 0x00, 0x00, 0x00, 0x00, 0x00, 0x00, 0x00, 0x00,
        0x00, 0x00, 0x4B, 0x00, 0x00, 0x00, 0x00, 0x00, 0x00, 0x00, 0x00, 0x00,
        0x00, 0x00, 0x00, 0x00, 0x01, 0xC2, 0x00, 0x00, 0x00, 0x00, 0x00, 0x00,
        0x00, 0x00, 0x00, 0x00, 0x00, 0x00, 0x00, 0x0B, 0x40, 0x00, 0x00, 0x00,
        0x00, 0x00, 0x00, 0x00, 0x00, 0x00, 0x00, 0x00, 0x00, 0x00, 0xDF, 0xDD,
        0xDD, 0xDD, 0xDD, 0xDD, 0xDF, 0xD0, 0x00, 0x00, 0x00, 0x00, 0x00, 0x00,
        0x0D, 0xE0, 0x00, 0x00, 0x00, 0x00, 0x00, 0x1C, 0x30, 0x00, 0x00, 0x00,
        0x00, 0x00, 0x00, 0xA9, 0xB4, 0x00, 0x00, 0x00, 0x00, 0x00, 0xA6, 0x00,
        0x00, 0x00, 0x00, 0x00, 0x00, 0x1B, 0x70, 0x1C, 0x30, 0x00, 0x00, 0x00,
        0x0A, 0x70, 0x00, 0x00, 0x00, 0x00, 0x00, 0x04, 0xD5, 0x00, 0x01, 0xB4,
        0x00, 0x00, 0x01, 0xB6, 0x00, 0x00, 0x00, 0x00, 0x00, 0x00, 0x8C, 0x20,
        0x00, 0x00, 0x1B, 0x60, 0x00, 0x2C, 0x50, 0x00, 0x00, 0x00, 0x00, 0x00,
        0x00, 0x20, 0x00, 0x00, 0x00, 0x00, 0x8A, 0x16, 0xC2, 0x00, 0x00, 0x00,
        0x00, 0x00, 0x00, 0x00, 0x00, 0x00, 0x00, 0x00, 0x00, 0x07, 0xFC, 0x10,
        0x00, 0x00, 0x00, 0x00, 0x00, 0x00, 0x00, 0x00, 0x00, 0x00, 0x00, 0x01,
        0x9B, 0x4A, 0xA2, 0x00, 0x00, 0x00, 0x00, 0x00, 0x00, 0x00, 0x00, 0x00,
        0x00, 0x01, 0x8C, 0x50, 0x00, 0x4B, 0x81, 0x00, 0x00, 0x00, 0x00, 0x00,
        0x00, 0x00, 0x00, 0x03, 0x9C, 0x50, 0x00, 0x00, 0x00, 0x5C, 0x92, 0x00,
        0x00, 0x00, 0x00, 0x00, 0x00, 0x27, 0xCA, 0x40, 0x00, 0x00, 0x00, 0x00,
        0x00, 0x4B, 0xB6, 0x10, 0x00, 0x00, 0x03, 0x8C, 0xB6, 0x10, 0x00, 0x00,
        0x00, 0x00, 0x00, 0x00, 0x00, 0x27, 0xCB, 0x72, 0x00, 0x04, 0x51, 0x00,
        0xDD, 0xDD, 0xDD, 0xDD, 0xDD, 0xDD, 0xDD, 0xDD, 0xB0, 0x02, 0x63, 0x00,
        0x00, 0x00, 0x00, 0xD0, 0x00, 0x00, 0x00, 0x00, 0x00, 0x00, 0x00, 0xD0,
        0x00, 0x00, 0x00, 0x00, 0x00, 0x00, 0xD0, 0x00, 0x00, 0x00, 0x00, 0x00,
        0x00, 0x00, 0xD0, 0x00, 0x00, 0x00, 0x00, 0x00, 0x00, 0xD0, 0x00, 0x00,
        0x00, 0x00, 0x00, 0x00, 0x00, 0xD0, 0x00, 0x00, 0x00, 0x00, 0x00, 0x00,
        0xD0, 0x00, 0x00, 0x00, 0x00, 0x00, 0x00, 0x00, 0xD0, 0x00, 0x00, 0x00,
        0x00, 0x00, 0x00, 0xD0, 0x00, 0x00, 0x00, 0x00, 0x00, 0x00, 0x00, 0xD0,
        0x00, 0x00, 0x00, 0x00, 0x00, 0x00, 0xD0, 0x00, 0x00, 0x00, 0x00, 0x00,
        0x00, 0x00, 0xD0, 0x00, 0x00, 0x00, 0x00, 0x00, 0x00, 0xD0, 0x00, 0x00,
        0x00, 0x00, 0x00, 0x00, 0x00, 0xD0, 0x00, 0x00, 0x00, 0x00, 0x00, 0x00,
        0xFC, 0xCC, 0xCC, 0xCC, 0xCC, 0xCC, 0xCC, 0xCC, 0xF0, 0x00, 0x00, 0x00,
        0x00, 0x00, 0x00, 0xD0, 0x00, 0x00, 0x00, 0x00, 0x00, 0x00, 0x00, 0xD0,
        0x00, 0x00, 0x00, 0x00, 0x00, 0x00, 0x10, 0x00, 0x00, 0x00, 0x00, 0x00,
        0x00, 0x00, 0x00, 0x00, 0x00, 0x00,
    },
    /* U+5408 合 */
    {
        0x00, 0x00, 0x00, 0x00, 0x00, 0x00, 0x00, 0x00, 0x00, 0x00, 0x00, 0x00,
        0x00, 0x00, 0x00, 0x00, 0x00, 0x00, 0x00, 0x00, 0x00, 0x00, 0x00, 0x00,
        0x00, 0x00, 0x00, 0x00, 0x00, 0x00, 0x00, 0x00, 0x00, 0x00, 0x00, 0x00,
        0x00, 0x02, 0x00, 0x00, 0x00, 0x00, 0x00, 0x00, 0x00, 0x00, 0x00, 0x00,
        0x00, 0x00, 0x00, 0x00, 0x69, 0x00, 0x00, 0x00, 0x00, 0x00, 0x00, 0x00,
        0x00, 0x00, 0x00, 0x00, 0x00, 0x00, 0x02, 0xF5, 0x00, 0x00, 0x00, 0x00,
        0x00, 0x00, 0x00, 0x00, 0x00, 0x00, 0x00, 0x00, 0x00, 0x1C, 0x3C, 0x40,
        0x00, 0x00, 0x00, 0x00, 0x00, 0x00, 0x00, 0x00, 0x00, 0x00, 0x00, 0x01,
        0xC3, 0x02, 0xC3, 0x00, 0x00, 0x00, 0x00, 0x00, 0x00, 0x00, 0x00, 0x00,
        0x00, 0x00, 0x1B, 0x40, 0x00, 0x1C, 0x50, 0x00, 0x00, 0x00, 0x00, 0x00,
        0x00, 0x00, 0x00, 0x00, 0x02, 0xC3, 0x00, 0x00, 0x01, 0xB8, 0x00, 0x00,
        0x00, 0x00, 0x00, 0x00, 0x00, 0x00, 0x00, 0x5C, 0x20, 0x00, 0x00, 0x00,
        0x08, 0xB2, 0x00, 0x00, 0x00, 0x00, 0x00, 0x00, 0x00, 0x1A, 0x91, 0x00,
        0x00, 0x00, 0x00, 0x00, 0x4D, 0x80, 0x00, 0x00, 0x00, 0x00, 0x00, 0x06,
        0xC5, 0x00, 0x00, 0x00, 0x00, 0x00, 0x00, 0x01, 0x9D, 0x50, 0x00, 0x00,
        0x00, 0x05, 0xC8, 0x19, 0xBB, 0xBB, 0xBB, 0xBB, 0xBB, 0xBB, 0xB9, 0x03,
        0xBC, 0x40, 0x00, 0x03, 0xC8, 0x20, 0x02, 0x22, 0x22, 0x22, 0x22, 0x22,
        0x22, 0x22, 0x00, 0x04, 0xC7, 0x00, 0x00, 0x10, 0x00, 0x00, 0x00, 0x00,
        0x00, 0x00, 0x00, 0x00, 0x00, 0x00, 0x00, 0x00, 0x00, 0x00, 0x00, 0x00,
        0x00, 0x00, 0x00, 0x00, 0x00, 0x00, 0x00, 0x00, 0x00, 0x00, 0x00, 0x00,
        0x00, 0x00, 0x00, 0x00, 0x00, 0x00, 0x00, 0x00, 0x00, 0x00, 0x00, 0x00,
        0x00, 0x00, 0x00, 0x00, 0x00, 0x00, 0x00, 0x00, 0x00, 0x00, 0x00, 0x00,
        0x00, 0x00, 0x00, 0x00, 0x00, 0x00, 0x00, 0x00, 0x00, 0xFD, 0xDD, 0xDD,
        0xDD, 0xDD, 0xDD, 0xDD, 0xDD, 0xE4, 0x00, 0x00, 0x00, 0x00, 0x00, 0x00,
        0xD0, 0x00, 0x00, 0x00, 0x00, 0x00, 0x00, 0x00, 0xA4, 0x00, 0x00, 0x00,
        0x00, 0x00, 0x00, 0xD0, 0x00, 0x00, 0x00, 0x00, 0x00, 0x00, 0x00, 0xA4,
        0x00, 0x00, 0x00, 0x00, 0x00, 0x00, 0xD0, 0x00, 0x00, 0x00, 0x00, 0x00,
        0x00, 0x00, 0xA4, 0x00, 0x00, 0x00, 0x00, 0x00, 0x00, 0xD0, 0x00, 0x00,
        0x00, 0x00, 0x00, 0x00, 0x00, 0xA4, 0x00, 0x00, 0x00, 0x00, 0x00, 0x00,
        0xD0, 0x00, 0x00, 0x00, 0x00, 0x00, 0x00, 0x00, 0xA4, 0x00, 0x00, 0x00,
        0x00, 0x00, 0x00, 0xD0, 0x00, 0x00, 0x00, 0x00, 0x00, 0x00, 0x00, 0xA4,
        0x00, 0x00, 0x00, 0x00, 0x00, 0x00, 0xD0, 0x00, 0x00, 0x00, 0x00, 0x00,
        0x00, 0x00, 0xA4, 0x00, 0x00, 0x00, 0x00, 0x00, 0x00, 0xFD, 0xDD, 0xDD,
        0xDD, 0xDD, 0xDD, 0xDD, 0xDD, 0xF4, 0x00, 0x00, 0x00, 0x00, 0x00, 0x00,
        0xD0, 0x00, 0x00, 0x00, 0x00, 0x00, 0x00, 0x00, 0xA4, 0x00, 0x00, 0x00,
        0x00, 0x00, 0x00, 0xD0, 0x00, 0x00, 0x00, 0x00, 0x00, 0x00, 0x00, 0xA4,
        0x00, 0x00, 0x00, 0x00, 0x00, 0x00, 0x10, 0x00, 0x00, 0x00, 0x00, 0x00,
        0x00, 0x00, 0x00, 0x00, 0x00, 0x00,
    },
    /* U+540E 后 */
    {
        0x00, 0x00, 0x00, 0x00, 0x00, 0x00, 0x00, 0x00, 0x00, 0x00, 0x00, 0x00,
        0x00, 0x00, 0x00, 0x00, 0x00, 0x00, 0x00, 0x00, 0x00, 0x00, 0x00, 0x00,
        0x00, 0x00, 0x00, 0x00, 0x00, 0x00, 0x00, 0x00, 0x00, 0x00, 0x00, 0x00,
        0x00, 0x00, 0x00, 0x00, 0x00, 0x00, 0x00, 0x00, 0x00, 0x00, 0x00, 0x00,
        0x00, 0x00, 0x00, 0x00, 0x00, 0x00, 0x00, 0x00, 0x25, 0x30, 0x00, 0x00,
        0x00, 0x00, 0x00, 0x00, 0x00, 0x00, 0x00, 0x01, 0x35, 0x79, 0xBC, 0xB8,
        0x50, 0x00, 0x00, 0x00, 0x00, 0x02, 0x34, 0x67, 0x8A, 0xBC, 0xCB, 0x97,
        0x53, 0x10, 0x00, 0x00, 0x00, 0x00, 0x00, 0x00, 0x5F, 0x87, 0x65, 0x32,
        0x00, 0x00, 0x00, 0x00, 0x00, 0x00, 0x00, 0x00, 0x00, 0x00, 0x00, 0x48,
        0x00, 0x00, 0x00, 0x00, 0x00, 0x00, 0x00, 0x00, 0x00, 0x00, 0x00, 0x00,
        0x00, 0x00, 0x48, 0x00, 0x00, 0x00, 0x00, 0x00, 0x00, 0x00, 0x00, 0x00,
        0x00, 0x00, 0x00, 0x00, 0x00, 0x48, 0x00, 0x00, 0x00, 0x00, 0x00, 0x00,
        0x00, 0x00, 0x00, 0x00, 0x00, 0x00, 0x00, 0x00, 0x48, 0x00, 0x00, 0x00,
        0x00, 0x00, 0x00, 0x00, 0x00, 0x00, 0x00, 0x00, 0x00, 0x00, 0x00, 0x4F,
        0xDD, 0xDD, 0xDD, 0xDD, 0xDD, 0xDD, 0xDD, 0xDD, 0xDD, 0xDD, 0xD4, 0x00,
        0x00, 0x00, 0x48, 0x00, 0x00, 0x00, 0x00, 0x00, 0x00, 0x00, 0x00, 0x00,
        0x00, 0x00, 0x00, 0x00, 0x00, 0x48, 0x00, 0x00, 0x00, 0x00, 0x00, 0x00,
        0x00, 0x00, 0x00, 0x00, 0x00, 0x00, 0x00, 0x00, 0x58, 0x00, 0x00, 0x00,
        0x00, 0x00, 0x00, 0x00, 0x00, 0x00, 0x00, 0x00, 0x00, 0x00, 0x00, 0x57,
        0x00, 0x00, 0x00, 0x00, 0x00, 0x00, 0x00, 0x00, 0x00, 0x00, 0x00, 0x00,
        0x00, 0x00, 0x67, 0x00, 0x00, 0x00, 0x00, 0x00, 0x00, 0x00, 0x00, 0x00,
        0x00, 0x00, 0x00, 0x00, 0x00, 0x76, 0x00, 0x1E, 0xDD, 0xDD, 0xDD, 0xDD,
        0xDD, 0xDD, 0xDD, 0xE0, 0x00, 0x00, 0x00, 0x00, 0x94, 0x00, 0x1B, 0x00,
        0x00, 0x00, 0x00, 0x00, 0x00, 0x00, 0xD0, 0x00, 0x00, 0x00, 0x00, 0xB2,
        0x00, 0x1B, 0x00, 0x00, 0x00, 0x00, 0x00, 0x00, 0x00, 0xD0, 0x00, 0x00,
        0x00, 0x00, 0xD0, 0x00, 0x1B, 0x00, 0x00, 0x00, 0x00, 0x00, 0x00, 0x00,
        0xD0, 0x00, 0x00, 0x00, 0x01, 0xC0, 0x00, 0x1B, 0x00, 0x00, 0x00, 0x00,
        0x00, 0x00, 0x00, 0xD0, 0x00, 0x00, 0x00, 0x04, 0x90, 0x00, 0x1B, 0x00,
        0x00, 0x00, 0x00, 0x00, 0x00, 0x00, 0xD0, 0x00, 0x00, 0x00, 0x08, 0x50,
        0x00, 0x1B, 0x00, 0x00, 0x00, 0x00, 0x00, 0x00, 0x00, 0xD0, 0x00, 0x00,
        0x00, 0x0C, 0x10, 0x00, 0x1B, 0x00, 0x00, 0x00, 0x00, 0x00, 0x00, 0x00,
        0xD0, 0x00, 0x00, 0x00, 0x3B, 0x00, 0x00, 0x1B, 0x00, 0x00, 0x00, 0x00,
        0x00, 0x00, 0x00, 0xD0, 0x00, 0x00, 0x00, 0xA4, 0x00, 0x00, 0x1F, 0xAA,
        0xAA, 0xAA, 0xAA, 0xAA, 0xAA, 0xAA, 0xF0, 0x00, 0x00, 0x03, 0xC0, 0x00,
        0x00, 0x1D, 0x33, 0x33, 0x33, 0x33, 0x33, 0x33, 0x33, 0xF0, 0x00, 0x00,
        0x07, 0x40, 0x00, 0x00, 0x1B, 0x00, 0x00, 0x00, 0x00, 0x00, 0x00, 0x00,
        0xD0, 0x00, 0x00, 0x00, 0x00, 0x00, 0x00, 0x00, 0x00, 0x00, 0x00, 0x00,
        0x00, 0x00, 0x00, 0x00, 0x00, 0x00,
    },
    /* U+5411 向 */
    {
        0x00, 0x00, 0x00, 0x00, 0x00, 0x00, 0x00, 0x00, 0x00, 0x00, 0x00, 0x00,
        0x00, 0x00, 0x00, 0x00, 0x00, 0x00, 0x00, 0x00, 0x00, 0x00, 0x00, 0x00,
        0x00, 0x00, 0x00, 0x00, 0x00, 0x00, 0x00, 0x00, 0x00, 0x00, 0x00, 0x00,
        0x01, 0x00, 0x00, 0x00, 0x00, 0x00, 0x00, 0x00, 0x00, 0x00, 0x00, 0x00,
        0x00, 0x00, 0x00, 0x1D, 0x10, 0x00, 0x00, 0x00, 0x00, 0x00, 0x00, 0x00,
        0x00, 0x00, 0x00, 0x00, 0x00, 0x00, 0x69, 0x00, 0x00, 0x00, 0x00, 0x00,
        0x00, 0x00, 0x00, 0x00, 0x00, 0x00, 0x00, 0x00, 0x00, 0xC2, 0x00, 0x00,
        0x00, 0x00, 0x00, 0x00, 0x00, 0x00, 0x00, 0x00, 0x00, 0x00, 0x00, 0x03,
        0xB0, 0x00, 0x00, 0x00, 0x00, 0x00, 0x00, 0x00, 0x00, 0x00, 0x00, 0x00,
        0x00, 0x00, 0x0A, 0x40, 0x00, 0x00, 0x00, 0x00, 0x00, 0x00, 0x00, 0x00,
        0x00, 0x0C, 0xDD, 0xDD, 0xDD, 0xDF, 0xDD, 0xDD, 0xDD, 0xDD, 0xDD, 0xDD,
        0xDF, 0x00, 0x00, 0x00, 0x0D, 0x00, 0x00, 0x00, 0x00, 0x00, 0x00, 0x00,
        0x00, 0x00, 0x00, 0x0D, 0x00, 0x00, 0x00, 0x0D, 0x00, 0x00, 0x00, 0x00,
        0x00, 0x00, 0x00, 0x00, 0x00, 0x00, 0x0D, 0x00, 0x00, 0x00, 0x0D, 0x00,
        0x00, 0x00, 0x00, 0x00, 0x00, 0x00, 0x00, 0x00, 0x00, 0x0D, 0x00, 0x00,
        0x00, 0x0D, 0x00, 0x00, 0x00, 0x00, 0x00, 0x00, 0x00, 0x00, 0x00, 0x00,
        0x0D, 0x00, 0x00, 0x00, 0x0D, 0x00, 0x00, 0x00, 0x00, 0x00, 0x00, 0x00,
        0x00, 0x00, 0x00, 0x0D, 0x00, 0x00, 0x00, 0x0D, 0x00, 0x00, 0x3F, 0xDD,
        0xDD, 0xDD, 0xDD, 0xDF, 0x00, 0x00, 0x0D, 0x00, 0x00, 0x00, 0x0D, 0x00,
        0x00, 0x39, 0x00, 0x00, 0x00, 0x00, 0x0D, 0x00, 0x00, 0x0D, 0x00, 0x00,
        0x00, 0x0D, 0x00, 0x00, 0x39, 0x00, 0x00, 0x00, 0x00, 0x0D, 0x00, 0x00,
        0x0D, 0x00, 0x00, 0x00, 0x0D, 0x00, 0x00, 0x39, 0x00, 0x00, 0x00, 0x00,
        0x0D, 0x00, 0x00, 0x0D, 0x00, 0x00, 0x00, 0x0D, 0x00, 0x00, 0x39, 0x00,
        0x00, 0x00, 0x00, 0x0D, 0x00, 0x00, 0x0D, 0x00, 0x00, 0x00, 0x0D, 0x00,
        0x00, 0x39, 0x00, 0x00, 0x00, 0x00, 0x0D, 0x00, 0x00, 0x0D, 0x00, 0x00,
        0x00, 0x0D, 0x00, 0x00, 0x39, 0x00, 0x00, 0x00, 0x00, 0x0D, 0x00, 0x00,
        0x0D, 0x00, 0x00, 0x00, 0x0D, 0x00, 0x00, 0x39, 0x00, 0x00, 0x00, 0x00,
        0x0D, 0x00, 0x00, 0x0D, 0x00, 0x00, 0x00, 0x0D, 0x00, 0x00, 0x3F, 0xDD,
        0xDD, 0xDD, 0xDD, 0xDF, 0x00, 0x00, 0x0D, 0x00, 0x00, 0x00, 0x0D, 0x00,
        0x00, 0x39, 0x00, 0x00, 0x00, 0x00, 0x00, 0x00, 0x00, 0x0D, 0x00, 0x00,
        0x00, 0x0D, 0x00, 0x00, 0x39, 0x00, 0x00, 0x00, 0x00, 0x00, 0x00, 0x00,
        0x0D, 0x00, 0x00, 0x00, 0x0D, 0x00, 0x00, 0x01, 0x00, 0x00, 0x00, 0x00,
        0x00, 0x00, 0x00, 0x0D, 0x00, 0x00, 0x00, 0x0D, 0x00, 0x00, 0x00, 0x00,
        0x00, 0x00, 0x00, 0x00, 0x00, 0x00, 0x0D, 0x00, 0x00, 0x00, 0x0D, 0x00,
        0x00, 0x00, 0x00, 0x00, 0x00, 0x00, 0x00, 0x00, 0x00, 0x1D, 0x00, 0x00,
        0x00, 0x0D, 0x00, 0x00, 0x00, 0x00, 0x00, 0x00, 0x00, 0x0B, 0xEE, 0xEE,
        0xD6, 0x00, 0x00, 0x00, 0x00, 0x00, 0x00, 0x00, 0x00, 0x00, 0x00, 0x00,
        0x00, 0x00, 0x00, 0x00, 0x00, 0x00,
    },
    /* U+5728 在 */
    {
        0x00, 0x00, 0x00, 0x00, 0x00, 0x00, 0x00, 0x00, 0x00, 0x00, 0x00, 0x00,
        0x00, 0x00, 0x00, 0x00, 0x00, 0x00, 0x00, 0x00, 0x00, 0x00, 0x00, 0x00,
        0x00, 0x00, 0x00, 0x00, 0x00, 0x00, 0x00, 0x00, 0x00, 0x00, 0x00, 0x00,
        0x00, 0x00, 0x00, 0x00, 0x00, 0x00, 0x00, 0x00, 0x00, 0x00, 0x00, 0x00,
        0x00, 0x00, 0x03, 0xA0, 0x00, 0x00, 0x00, 0x00, 0x00, 0x00, 0x00, 0x00,
        0x00, 0x00, 0x00, 0x00, 0x00, 0x08, 0x50, 0x00, 0x00, 0x00, 0x00, 0x00,
        0x00, 0x00, 0x00, 0x00, 0x00, 0x00, 0x00, 0x00, 0x0D, 0x10, 0x00, 0x00,
        0x00, 0x00, 0x00, 0x00, 0x00, 0x00, 0x00, 0x00, 0x00, 0x00, 0x00, 0x49,
        0x00, 0x00, 0x00, 0x00, 0x00, 0x00, 0x00, 0x00, 0x00, 0x00, 0x00, 0x00,
        0x00, 0x00, 0xA3, 0x00, 0x00, 0x00, 0x00, 0x00, 0x00, 0x00, 0x00, 0x00,
        0x00, 0xDD, 0xDD, 0xDD, 0xDF, 0xFD, 0xDD, 0xDD, 0xDD, 0xDD, 0xDD, 0xDD,
        0xDD, 0xD0, 0x00, 0x00, 0x00, 0x00, 0x00, 0x09, 0x50, 0x00, 0x00, 0x00,
        0x00, 0x00, 0x00, 0x00, 0x00, 0x00, 0x00, 0x00, 0x00, 0x00, 0x3C, 0x00,
        0x00, 0x00, 0x02, 0x30, 0x00, 0x00, 0x00, 0x00, 0x00, 0x00, 0x00, 0x00,
        0x00, 0xB4, 0x00, 0x00, 0x00, 0x04, 0x80, 0x00, 0x00, 0x00, 0x00, 0x00,
        0x00, 0x00, 0x00, 0x05, 0xA0, 0x00, 0x00, 0x00, 0x04, 0x80, 0x00, 0x00,
        0x00, 0x00, 0x00, 0x00, 0x00, 0x00, 0x1D, 0x10, 0x00, 0x00, 0x00, 0x04,
        0x80, 0x00, 0x00, 0x00, 0x00, 0x00, 0x00, 0x00, 0x00, 0xD6, 0x00, 0x00,
        0x00, 0x00, 0x04, 0x80, 0x00, 0x00, 0x00, 0x00, 0x00, 0x00, 0x00, 0x08,
        0xF2, 0x00, 0x00, 0x00, 0x00, 0x04, 0x80, 0x00, 0x00, 0x00, 0x00, 0x00,
        0x00, 0x00, 0x6B, 0xB2, 0x00, 0x00, 0x00, 0x00, 0x04, 0x80, 0x00, 0x00,
        0x00, 0x00, 0x00, 0x00, 0x06, 0xC1, 0xB2, 0x00, 0x6D, 0xDD, 0xDD, 0xDF,
        0xFD, 0xDD, 0xDD, 0xDC, 0x00, 0x00, 0x00, 0x7B, 0x10, 0xB2, 0x00, 0x00,
        0x00, 0x00, 0x04, 0x80, 0x00, 0x00, 0x00, 0x00, 0x00, 0x03, 0x90, 0x00,
        0xB2, 0x00, 0x00, 0x00, 0x00, 0x04, 0x80, 0x00, 0x00, 0x00, 0x00, 0x00,
        0x00, 0x00, 0x00, 0xB2, 0x00, 0x00, 0x00, 0x00, 0x04, 0x80, 0x00, 0x00,
        0x00, 0x00, 0x00, 0x00, 0x00, 0x00, 0xB2, 0x00, 0x00, 0x00, 0x00, 0x04,
        0x80, 0x00, 0x00, 0x00, 0x00, 0x00, 0x00, 0x00, 0x00, 0xB2, 0x00, 0x00,
        0x00, 0x00, 0x04, 0x80, 0x00, 0x00, 0x00, 0x00, 0x00, 0x00, 0x00, 0x00,
        0xB2, 0x00, 0x00, 0x00, 0x00, 0x04, 0x80, 0x00, 0x00, 0x00, 0x00, 0x00,
        0x00, 0x00, 0x00, 0xB2, 0x00, 0x00, 0x00, 0x00, 0x04, 0x80, 0x00, 0x00,
        0x00, 0x00, 0x00, 0x00, 0x00, 0x00, 0xB2, 0x00, 0x00, 0x00, 0x00, 0x04,
        0x80, 0x00, 0x00, 0x00, 0x00, 0x00, 0x00, 0x00, 0x00, 0xB2, 0x00, 0x00,
        0x00, 0x00, 0x04, 0x80, 0x00, 0x00, 0x00, 0x00, 0x00, 0x00, 0x00, 0x00,
        0xB2, 0x05, 0x88, 0x88, 0x88, 0x8C, 0xF8, 0x88, 0x88, 0x88, 0x80, 0x00,
        0x00, 0x00, 0x00, 0xB2, 0x09, 0xFF, 0xFF, 0xFF, 0xFF, 0xFF, 0xFF, 0xFF,
        0xFF, 0xF1, 0x00, 0x00, 0x00, 0x00, 0x00, 0x00, 0x00, 0x00, 0x00, 0x00,
        0x00, 0x00, 0x00, 0x00, 0x00, 0x00,
    },
    /* U+5730 地 */
    {
        0x00, 0x00, 0x00, 0x00, 0x00, 0x00, 0x00, 0x00, 0x00, 0x00, 0x00, 0x00,
        0x00, 0x00, 0x00, 0x00, 0x00, 0x00, 0x00, 0x00, 0x00, 0x00, 0x00, 0x00,
        0x00, 0x00, 0x00, 0x00, 0x00, 0x00, 0x00, 0x00, 0x00, 0x00, 0x00, 0x00,
        0x00, 0x00, 0x00, 0x01, 0x00, 0x00, 0x00, 0x00, 0x00, 0x00, 0x00, 0x09,
        0x20, 0x00, 0x00, 0x00, 0x00, 0x00, 0x1C, 0x00, 0x00, 0x00, 0x00, 0x00,
        0x00, 0x00, 0x0B, 0x20, 0x00, 0x00, 0x00, 0x00, 0x00, 0x1C, 0x00, 0x00,
        0x00, 0x00, 0x00, 0x00, 0x00, 0x0B, 0x20, 0x00, 0x00, 0x61, 0x00, 0x00,
        0x1C, 0x00, 0x00, 0x00, 0x00, 0x00, 0x00, 0x00, 0x0B, 0x20, 0x00, 0x00,
        0xC2, 0x00, 0x00, 0x1C, 0x00, 0x00, 0x00, 0x00, 0x00, 0x00, 0x00, 0x0B,
        0x20, 0x00, 0x00, 0xC2, 0x00, 0x00, 0x1C, 0x00, 0x00, 0x00, 0x00, 0x00,
        0x00, 0x00, 0x0B, 0x20, 0x00, 0x00, 0xC2, 0x00, 0x00, 0x1C, 0x00, 0x00,
        0x4F, 0x10, 0x00, 0x00, 0x00, 0x0B, 0x20, 0x00, 0x00, 0xC2, 0x00, 0x00,
        0x1C, 0x01, 0x7D, 0xAF, 0x10, 0x00, 0x0A, 0xCC, 0xCF, 0xFC, 0xCC, 0x10,
        0xC2, 0x00, 0x00, 0x1F, 0x9D, 0x71, 0x0C, 0x10, 0x00, 0x00, 0x00, 0x0B,
        0x30, 0x00, 0x00, 0xC2, 0x00, 0x05, 0xDF, 0x50, 0x00, 0x0C, 0x10, 0x00,
        0x00, 0x00, 0x0B, 0x20, 0x00, 0x00, 0xC2, 0x28, 0xD9, 0x3C, 0x00, 0x00,
        0x0C, 0x10, 0x00, 0x00, 0x00, 0x0B, 0x20, 0x00, 0x00, 0xFC, 0xC6, 0x10,
        0x1C, 0x00, 0x00, 0x0D, 0x00, 0x00, 0x00, 0x00, 0x0B, 0x20, 0x01, 0x6C,
        0xF5, 0x00, 0x00, 0x1C, 0x00, 0x00, 0x0D, 0x00, 0x00, 0x00, 0x00, 0x0B,
        0x20, 0x0A, 0x82, 0xC2, 0x00, 0x00, 0x1C, 0x00, 0x00, 0x0D, 0x00, 0x00,
        0x00, 0x00, 0x0B, 0x20, 0x00, 0x00, 0xC2, 0x00, 0x00, 0x1C, 0x00, 0x00,
        0x0D, 0x00, 0x00, 0x00, 0x00, 0x0B, 0x20, 0x00, 0x00, 0xC2, 0x00, 0x00,
        0x1C, 0x00, 0x00, 0x0D, 0x00, 0x00, 0x00, 0x00, 0x0B, 0x20, 0x00, 0x00,
        0xC2, 0x00, 0x00, 0x1C, 0x00, 0x00, 0x0D, 0x00, 0x00, 0x00, 0x00, 0x0B,
        0x20, 0x16, 0x10, 0xC2, 0x00, 0x00, 0x1C, 0x00, 0x00, 0x1C, 0x00, 0x00,
        0x00, 0x00, 0x0B, 0x48, 0xC7, 0x10, 0xC2, 0x00, 0x00, 0x1C, 0x02, 0x44,
        0x98, 0x00, 0x00, 0x00, 0x00, 0x4F, 0xD5, 0x00, 0x00, 0xC2, 0x00, 0x00,
        0x1C, 0x03, 0x99, 0x71, 0x00, 0x00, 0x01, 0x7D, 0x93, 0x00, 0x00, 0x00,
        0xC2, 0x00, 0x00, 0x1B, 0x00, 0x00, 0x00, 0x00, 0x00, 0x09, 0x71, 0x00,
        0x00, 0x00, 0x00, 0xC2, 0x00, 0x00, 0x00, 0x00, 0x00, 0x00, 0x84, 0x00,
        0x00, 0x00, 0x00, 0x00, 0x00, 0x00, 0xC2, 0x00, 0x00, 0x00, 0x00, 0x00,
        0x00, 0xA4, 0x00, 0x00, 0x00, 0x00, 0x00, 0x00, 0x00, 0xB2, 0x00, 0x00,
        0x00, 0x00, 0x00, 0x00, 0xC2, 0x00, 0x00, 0x00, 0x00, 0x00, 0x00, 0x00,
        0x96, 0x00, 0x00, 0x00, 0x00, 0x00, 0x03, 0xD0, 0x00, 0x00, 0x00, 0x00,
        0x00, 0x00, 0x00, 0x2B, 0xCB, 0xBB, 0xBB, 0xBB, 0xBB, 0xCD, 0x40, 0x00,
        0x00, 0x00, 0x00, 0x00, 0x00, 0x00, 0x00, 0x01, 0x11, 0x11, 0x11, 0x11,
        0x10, 0x00, 0x00, 0x00, 0x00, 0x00, 0x00, 0x00, 0x00, 0x00, 0x00, 0x00,
        0x00, 0x00, 0x00, 0x00, 0x00, 0x00,
    },
    /* U+5907 备 */
    {
        0x00, 0x00, 0x00, 0x00, 0x00, 0x00, 0x00, 0x00, 0x00, 0x00, 0x00, 0x00,
        0x00, 0x00, 0x00, 0x00, 0x00, 0x00, 0x00, 0x00, 0x00, 0x00, 0x00, 0x00,
        0x00, 0x00, 0x00, 0x00, 0x00, 0x00, 0x00, 0x00, 0x00, 0x00, 0x00, 0x03,
        0x00, 0x00, 0x00, 0x00, 0x00, 0x00, 0x00, 0x00, 0x00, 0x00, 0x00, 0x00,
        0x00, 0x00, 0x6A, 0x00, 0x00, 0x00, 0x00, 0x00, 0x00, 0x00, 0x00, 0x00,
        0x00, 0x00, 0x00, 0x00, 0x02, 0xD1, 0x00, 0x00, 0x00, 0x00, 0x00, 0x00,
        0x00, 0x00, 0x00, 0x00, 0x00, 0x00, 0x00, 0x0F, 0xEA, 0xAA, 0xAA, 0xAA,
        0xAA, 0xAE, 0x60, 0x00, 0x00, 0x00, 0x00, 0x00, 0x00, 0x00, 0xDB, 0x33,
        0x33, 0x33, 0x33, 0x33, 0x5F, 0x20, 0x00, 0x00, 0x00, 0x00, 0x00, 0x00,
        0x0A, 0xAD, 0x20, 0x00, 0x00, 0x00, 0x03, 0xD3, 0x00, 0x00, 0x00, 0x00,
        0x00, 0x00, 0x02, 0xB6, 0x04, 0xD2, 0x00, 0x00, 0x00, 0x5D, 0x30, 0x00,
        0x00, 0x00, 0x00, 0x00, 0x00, 0x6C, 0x40, 0x00, 0x4D, 0x40, 0x00, 0x19,
        0xB1, 0x00, 0x00, 0x00, 0x00, 0x00, 0x00, 0x0B, 0x91, 0x00, 0x00, 0x02,
        0xC8, 0x15, 0xD7, 0x00, 0x00, 0x00, 0x00, 0x00, 0x00, 0x00, 0x01, 0x00,
        0x00, 0x00, 0x00, 0x0C, 0xFF, 0x20, 0x00, 0x00, 0x00, 0x00, 0x00, 0x00,
        0x00, 0x00, 0x00, 0x00, 0x00, 0x06, 0xDB, 0x48, 0xC6, 0x10, 0x00, 0x00,
        0x00, 0x00, 0x00, 0x00, 0x00, 0x00, 0x00, 0x39, 0xD9, 0x20, 0x00, 0x17,
        0xCA, 0x40, 0x00, 0x00, 0x00, 0x00, 0x00, 0x00, 0x03, 0x8D, 0xB6, 0x10,
        0x00, 0x00, 0x00, 0x04, 0x9C, 0xB7, 0x31, 0x00, 0x00, 0x03, 0x7B, 0xEB,
        0x61, 0x00, 0x00, 0x00, 0x00, 0x00, 0x00, 0x00, 0x26, 0x9C, 0xD8, 0x00,
        0x03, 0x73, 0x01, 0x77, 0x77, 0x77, 0x77, 0x77, 0x77, 0x77, 0x77, 0x74,
        0x00, 0x01, 0x00, 0x00, 0x00, 0x03, 0xC7, 0x77, 0x77, 0x77, 0xF8, 0x77,
        0x77, 0x77, 0x89, 0x00, 0x00, 0x00, 0x00, 0x00, 0x03, 0xA0, 0x00, 0x00,
        0x00, 0xB2, 0x00, 0x00, 0x00, 0x39, 0x00, 0x00, 0x00, 0x00, 0x00, 0x03,
        0xA0, 0x00, 0x00, 0x00, 0xB2, 0x00, 0x00, 0x00, 0x39, 0x00, 0x00, 0x00,
        0x00, 0x00, 0x03, 0xA0, 0x00, 0x00, 0x00, 0xB2, 0x00, 0x00, 0x00, 0x39,
        0x00, 0x00, 0x00, 0x00, 0x00, 0x03, 0xB1, 0x11, 0x11, 0x11, 0xD3, 0x11,
        0x11, 0x11, 0x59, 0x00, 0x00, 0x00, 0x00, 0x00, 0x04, 0xFB, 0xBB, 0xBB,
        0xBB, 0xFD, 0xBB, 0xBB, 0xBB, 0xFD, 0x00, 0x00, 0x00, 0x00, 0x00, 0x03,
        0xA0, 0x00, 0x00, 0x00, 0xB2, 0x00, 0x00, 0x00, 0x39, 0x00, 0x00, 0x00,
        0x00, 0x00, 0x03, 0xA0, 0x00, 0x00, 0x00, 0xB2, 0x00, 0x00, 0x00, 0x39,
        0x00, 0x00, 0x00, 0x00, 0x00, 0x03, 0xA0, 0x00, 0x00, 0x00, 0xB2, 0x00,
        0x00, 0x00, 0x39, 0x00, 0x00, 0x00, 0x00, 0x00, 0x03, 0xA0, 0x00, 0x00,
        0x00, 0xB2, 0x00, 0x00, 0x00, 0x39, 0x00, 0x00, 0x00, 0x00, 0x00, 0x04,
        0xFD, 0xDD, 0xDD, 0xDD, 0xFE, 0xDD, 0xDD, 0xDD, 0xFE, 0x00, 0x00, 0x00,
        0x00, 0x00, 0x03, 0xA0, 0x00, 0x00, 0x00, 0x00, 0x00, 0x00, 0x00, 0x39,
        0x00, 0x00, 0x00, 0x00, 0x00, 0x00, 0x10, 0x00, 0x00, 0x00, 0x00, 0x00,
        0x00, 0x00, 0x00, 0x00, 0x00, 0x00,
    },
    /* U+591C 夜 */
    {
        0x00, 0x00, 0x00, 0x00, 0x00, 0x00, 0x00, 0x00, 0x00, 0x00, 0x00, 0x00,
        0x00, 0x00, 0x00, 0x00, 0x00, 0x00, 0x00, 0x00, 0x00, 0x00, 0x00, 0x00,
        0x00, 0x00, 0x00, 0x00, 0x00, 0x00, 0x00, 0x00, 0x00, 0x00, 0x00, 0x00,
        0x04, 0x00, 0x00, 0x00, 0x00, 0x00, 0x00, 0x00, 0x00, 0x00, 0x00, 0x00,
        0x00, 0x00, 0x00, 0x09, 0x60, 0x00, 0x00, 0x00, 0x00, 0x00, 0x00, 0x00,
        0x00, 0x00, 0x00, 0x00, 0x00, 0x00, 0x01, 0xC1, 0x00, 0x00, 0x00, 0x00,
        0x00, 0x00, 0x00, 0x00, 0x00, 0x00, 0x00, 0x00, 0x00, 0x00, 0x58, 0x00,
        0x00, 0x00, 0x00, 0x00, 0x00, 0x00, 0x01, 0xBB, 0xBB, 0xBB, 0xBB, 0xBB,
        0xBB, 0xBD, 0xBB, 0xBB, 0xBB, 0xBB, 0xBB, 0xB1, 0x00, 0x00, 0x22, 0x22,
        0x22, 0x37, 0x22, 0x22, 0x22, 0x56, 0x22, 0x22, 0x22, 0x22, 0x20, 0x00,
        0x00, 0x00, 0x00, 0x00, 0x86, 0x00, 0x00, 0x00, 0xA5, 0x00, 0x00, 0x00,
        0x00, 0x00, 0x00, 0x00, 0x00, 0x00, 0x01, 0xD0, 0x00, 0x00, 0x02, 0xC0,
        0x00, 0x00, 0x00, 0x00, 0x00, 0x00, 0x00, 0x00, 0x00, 0x07, 0x70, 0x00,
        0x00, 0x09, 0x50, 0x00, 0x00, 0x00, 0x00, 0x00, 0x00, 0x00, 0x00, 0x00,
        0x1C, 0x00, 0x00, 0x00, 0x2F, 0xCC, 0xCC, 0xCC, 0xCC, 0xCF, 0x00, 0x00,
        0x00, 0x00, 0x00, 0xB5, 0x00, 0x00, 0x00, 0xB4, 0x11, 0x11, 0x11, 0x11,
        0x2C, 0x00, 0x00, 0x00, 0x00, 0x05, 0xF0, 0x00, 0x00, 0x06, 0x80, 0x21,
        0x00, 0x00, 0x00, 0x76, 0x00, 0x00, 0x00, 0x00, 0x2C, 0xE0, 0x00, 0x00,
        0x3F, 0x10, 0x5C, 0x10, 0x00, 0x00, 0xC1, 0x00, 0x00, 0x00, 0x00, 0xC4,
        0xC0, 0x00, 0x01, 0xDF, 0x00, 0x04, 0xC2, 0x00, 0x04, 0x90, 0x00, 0x00,
        0x00, 0x0A, 0x70, 0xC0, 0x00, 0x1B, 0x57, 0x70, 0x00, 0x4D, 0x20, 0x0B,
        0x20, 0x00, 0x00, 0x00, 0x99, 0x00, 0xC0, 0x01, 0xB6, 0x01, 0xC1, 0x00,
        0x05, 0xA0, 0x58, 0x00, 0x00, 0x00, 0x09, 0x90, 0x00, 0xC0, 0x1C, 0x60,
        0x00, 0x59, 0x00, 0x00, 0x01, 0xC1, 0x00, 0x00, 0x00, 0x02, 0x00, 0x00,
        0xC0, 0x03, 0x00, 0x00, 0x0A, 0x40, 0x00, 0x0B, 0x30, 0x00, 0x00, 0x00,
        0x00, 0x00, 0x00, 0xC0, 0x00, 0x00, 0x00, 0x01, 0xC2, 0x00, 0x87, 0x00,
        0x00, 0x00, 0x00, 0x00, 0x00, 0x00, 0xC0, 0x00, 0x00, 0x00, 0x00, 0x3C,
        0x17, 0x90, 0x00, 0x00, 0x00, 0x00, 0x00, 0x00, 0x00, 0xC0, 0x00, 0x00,
        0x00, 0x00, 0x04, 0xFA, 0x00, 0x00, 0x00, 0x00, 0x00, 0x00, 0x00, 0x00,
        0xC0, 0x00, 0x00, 0x00, 0x00, 0x1A, 0xDC, 0x20, 0x00, 0x00, 0x00, 0x00,
        0x00, 0x00, 0x00, 0xC0, 0x00, 0x00, 0x00, 0x04, 0xC5, 0x04, 0xD3, 0x00,
        0x00, 0x00, 0x00, 0x00, 0x00, 0x00, 0xC0, 0x00, 0x00, 0x02, 0xAB, 0x20,
        0x00, 0x2C, 0x70, 0x00, 0x00, 0x00, 0x00, 0x00, 0x00, 0xC0, 0x00, 0x02,
        0x8C, 0x50, 0x00, 0x00, 0x00, 0x8C, 0x40, 0x00, 0x00, 0x00, 0x00, 0x00,
        0xC0, 0x04, 0xAC, 0x50, 0x00, 0x00, 0x00, 0x00, 0x02, 0xAC, 0x61, 0x00,
        0x00, 0x00, 0x00, 0xC0, 0x39, 0x30, 0x00, 0x00, 0x00, 0x00, 0x00, 0x00,
        0x02, 0x98, 0x00, 0x00, 0x00, 0x00, 0x00, 0x00, 0x00, 0x00, 0x00, 0x00,
        0x00, 0x00, 0x00, 0x00, 0x00, 0x00,
    },
    /* U+5931 失 */
    {
        0x00, 0x00, 0x00, 0x00, 0x00, 0x00, 0x00, 0x00, 0x00, 0x00, 0x00, 0x00,
        0x00, 0x00, 0x00, 0x00, 0x00, 0x00, 0x00, 0x00, 0x00, 0x00, 0x00, 0x00,
        0x00, 0x00, 0x00, 0x00, 0x00, 0x00, 0x00, 0x00, 0x00, 0x00, 0x00, 0x00,
        0x00, 0x40, 0x00, 0x00, 0x00, 0x00, 0x00, 0x00, 0x00, 0x00, 0x00, 0x00,
        0x02, 0x70, 0x00, 0x00, 0xD0, 0x00, 0x00, 0x00, 0x00, 0x00, 0x00, 0x00,
        0x00, 0x00, 0x00, 0x07, 0x50, 0x00, 0x00, 0xD0, 0x00, 0x00, 0x00, 0x00,
        0x00, 0x00, 0x00, 0x00, 0x00, 0x00, 0x0B, 0x10, 0x00, 0x00, 0xD0, 0x00,
        0x00, 0x00, 0x00, 0x00, 0x00, 0x00, 0x00, 0x00, 0x00, 0x3A, 0x00, 0x00,
        0x00, 0xD0, 0x00, 0x00, 0x00, 0x00, 0x00, 0x00, 0x00, 0x00, 0x00, 0x00,
        0x95, 0x00, 0x00, 0x00, 0xD0, 0x00, 0x00, 0x00, 0x00, 0x00, 0x00, 0x00,
        0x00, 0x00, 0x01, 0xFB, 0xBB, 0xBB, 0xBB, 0xFB, 0xBB, 0xBB, 0xBB, 0xBB,
        0xA0, 0x00, 0x00, 0x00, 0x00, 0x08, 0x82, 0x22, 0x22, 0x22, 0xF2, 0x22,
        0x22, 0x22, 0x22, 0x20, 0x00, 0x00, 0x00, 0x00, 0x1D, 0x00, 0x00, 0x00,
        0x00, 0xD0, 0x00, 0x00, 0x00, 0x00, 0x00, 0x00, 0x00, 0x00, 0x00, 0x95,
        0x00, 0x00, 0x00, 0x00, 0xD0, 0x00, 0x00, 0x00, 0x00, 0x00, 0x00, 0x00,
        0x00, 0x04, 0xB0, 0x00, 0x00, 0x00, 0x01, 0xC0, 0x00, 0x00, 0x00, 0x00,
        0x00, 0x00, 0x00, 0x00, 0x2D, 0x20, 0x00, 0x00, 0x00, 0x01, 0xB0, 0x00,
        0x00, 0x00, 0x00, 0x00, 0x00, 0x00, 0x00, 0x23, 0x00, 0x00, 0x00, 0x00,
        0x02, 0xA0, 0x00, 0x00, 0x00, 0x00, 0x00, 0x00, 0x00, 0x00, 0x00, 0x00,
        0x00, 0x00, 0x00, 0x04, 0x90, 0x00, 0x00, 0x00, 0x00, 0x00, 0x00, 0x00,
        0x01, 0xDD, 0xDD, 0xDD, 0xDD, 0xDD, 0xDF, 0xFF, 0xDD, 0xDD, 0xDD, 0xDD,
        0xDD, 0xD7, 0x00, 0x00, 0x00, 0x00, 0x00, 0x00, 0x00, 0x0A, 0x4B, 0x00,
        0x00, 0x00, 0x00, 0x00, 0x00, 0x00, 0x00, 0x00, 0x00, 0x00, 0x00, 0x00,
        0x0D, 0x09, 0x30, 0x00, 0x00, 0x00, 0x00, 0x00, 0x00, 0x00, 0x00, 0x00,
        0x00, 0x00, 0x00, 0x69, 0x03, 0xA0, 0x00, 0x00, 0x00, 0x00, 0x00, 0x00,
        0x00, 0x00, 0x00, 0x00, 0x00, 0x00, 0xC2, 0x00, 0xA3, 0x00, 0x00, 0x00,
        0x00, 0x00, 0x00, 0x00, 0x00, 0x00, 0x00, 0x00, 0x08, 0x90, 0x00, 0x2C,
        0x00, 0x00, 0x00, 0x00, 0x00, 0x00, 0x00, 0x00, 0x00, 0x00, 0x00, 0x4D,
        0x10, 0x00, 0x07, 0x80, 0x00, 0x00, 0x00, 0x00, 0x00, 0x00, 0x00, 0x00,
        0x00, 0x03, 0xD2, 0x00, 0x00, 0x00, 0x96, 0x00, 0x00, 0x00, 0x00, 0x00,
        0x00, 0x00, 0x00, 0x00, 0x5D, 0x20, 0x00, 0x00, 0x00, 0x0B, 0x70, 0x00,
        0x00, 0x00, 0x00, 0x00, 0x00, 0x00, 0x19, 0xB1, 0x00, 0x00, 0x00, 0x00,
        0x00, 0x8A, 0x10, 0x00, 0x00, 0x00, 0x00, 0x00, 0x06, 0xD7, 0x00, 0x00,
        0x00, 0x00, 0x00, 0x00, 0x05, 0xC6, 0x00, 0x00, 0x00, 0x00, 0x16, 0xC9,
        0x10, 0x00, 0x00, 0x00, 0x00, 0x00, 0x00, 0x00, 0x07, 0xD8, 0x30, 0x00,
        0x01, 0xC8, 0x10, 0x00, 0x00, 0x00, 0x00, 0x00, 0x00, 0x00, 0x00, 0x00,
        0x04, 0xA8, 0x00, 0x00, 0x00, 0x00, 0x00, 0x00, 0x00, 0x00, 0x00, 0x00,
        0x00, 0x00, 0x00, 0x00, 0x00, 0x00,
    },
    /* U+59FF 姿 */
    {
        0x00, 0x00, 0x00, 0x00, 0x00, 0x00, 0x00, 0x00, 0x00, 0x00, 0x00, 0x00,
        0x00, 0x00, 0x00, 0x00, 0x00, 0x00, 0x00, 0x00, 0x00, 0x00, 0x00, 0x00,
        0x00, 0x00, 0x00, 0x00, 0x00, 0x00, 0x00, 0x00, 0x00, 0x00, 0x00, 0x00,
        0x00, 0x00, 0x00, 0x00, 0x00, 0x00, 0x00, 0x00, 0x00, 0x00, 0x01, 0x00,
        0x00, 0x00, 0x00, 0x00, 0xC1, 0x00, 0x00, 0x00, 0x00, 0x00, 0x00, 0x00,
        0x00, 0x08, 0xC6, 0x00, 0x00, 0x00, 0x04, 0x90, 0x00, 0x00, 0x00, 0x00,
        0x00, 0x00, 0x00, 0x00, 0x00, 0x18, 0xC5, 0x00, 0x00, 0x0C, 0x20, 0x00,
        0x00, 0x00, 0x00, 0x00, 0x00, 0x00, 0x00, 0x00, 0x00, 0x2A, 0xB1, 0x00,
        0x7F, 0xDD, 0xDD, 0xFD, 0xDD, 0xDD, 0xDF, 0x60, 0x00, 0x00, 0x00, 0x00,
        0x00, 0x61, 0x02, 0xC1, 0x00, 0x04, 0x90, 0x00, 0x00, 0x0C, 0x10, 0x00,
        0x00, 0x00, 0x00, 0x00, 0x00, 0x1C, 0x30, 0x00, 0x0A, 0x90, 0x00, 0x00,
        0x58, 0x00, 0x00, 0x00, 0x00, 0x00, 0x00, 0x00, 0xB6, 0x00, 0x00, 0x0E,
        0xB0, 0x00, 0x00, 0xC1, 0x00, 0x00, 0x00, 0x00, 0x00, 0x00, 0x00, 0x30,
        0x00, 0x00, 0x4A, 0xB2, 0x00, 0x05, 0x60, 0x00, 0x00, 0x00, 0x00, 0x00,
        0x05, 0xC0, 0x00, 0x00, 0x00, 0xC3, 0x3B, 0x00, 0x00, 0x00, 0x00, 0x00,
        0x00, 0x00, 0x04, 0xC8, 0x10, 0x00, 0x00, 0x09, 0x80, 0x07, 0x80, 0x00,
        0x00, 0x00, 0x00, 0x00, 0x02, 0xAA, 0x20, 0x00, 0x00, 0x00, 0x99, 0x00,
        0x00, 0x99, 0x10, 0x00, 0x00, 0x00, 0x01, 0x9C, 0x40, 0x00, 0x00, 0x00,
        0x4C, 0x70, 0x00, 0x00, 0x06, 0xC5, 0x00, 0x00, 0x00, 0x01, 0x60, 0x00,
        0x00, 0x02, 0x7C, 0x92, 0x00, 0x00, 0x00, 0x00, 0x17, 0xC9, 0x51, 0x00,
        0x00, 0x00, 0x00, 0x00, 0x2A, 0x55, 0x30, 0x00, 0x00, 0x00, 0x00, 0x00,
        0x03, 0x71, 0x00, 0x00, 0x00, 0x00, 0x00, 0x00, 0x1D, 0x20, 0x00, 0x00,
        0x00, 0x00, 0x00, 0x00, 0x00, 0x00, 0x00, 0x00, 0x00, 0x00, 0x00, 0x97,
        0x00, 0x00, 0x00, 0x00, 0x00, 0x00, 0x00, 0x00, 0x00, 0x01, 0xDD, 0xDD,
        0xDD, 0xDF, 0xFD, 0xDD, 0xDD, 0xDD, 0xDD, 0xFF, 0xDD, 0xDD, 0xD1, 0x00,
        0x00, 0x00, 0x00, 0x00, 0x2D, 0x10, 0x00, 0x00, 0x00, 0x01, 0xD1, 0x00,
        0x00, 0x00, 0x00, 0x00, 0x00, 0x00, 0x00, 0xB4, 0x00, 0x00, 0x00, 0x00,
        0x09, 0x80, 0x00, 0x00, 0x00, 0x00, 0x00, 0x00, 0x00, 0x09, 0x70, 0x00,
        0x00, 0x00, 0x00, 0x5C, 0x00, 0x00, 0x00, 0x00, 0x00, 0x00, 0x00, 0x00,
        0x9F, 0x74, 0x10, 0x00, 0x00, 0x05, 0xD2, 0x00, 0x00, 0x00, 0x00, 0x00,
        0x00, 0x00, 0x00, 0x02, 0x57, 0xAC, 0xB7, 0x41, 0x9B, 0x10, 0x00, 0x00,
        0x00, 0x00, 0x00, 0x00, 0x00, 0x00, 0x00, 0x00, 0x00, 0x25, 0xEF, 0xF9,
        0x51, 0x00, 0x00, 0x00, 0x00, 0x00, 0x00, 0x00, 0x00, 0x00, 0x00, 0x04,
        0x9D, 0x81, 0x14, 0x8C, 0xC8, 0x30, 0x00, 0x00, 0x00, 0x00, 0x00, 0x01,
        0x35, 0x8B, 0xD9, 0x50, 0x00, 0x00, 0x00, 0x16, 0xAD, 0x94, 0x00, 0x00,
        0x02, 0xBD, 0xDC, 0xA7, 0x52, 0x00, 0x00, 0x00, 0x00, 0x00, 0x00, 0x01,
        0x5B, 0xB1, 0x00, 0x00, 0x20, 0x00, 0x00, 0x00, 0x00, 0x00, 0x00, 0x00,
        0x00, 0x00, 0x00, 0x00, 0x00, 0x00,
    },
    /* U+5B57 字 */
    {
        0x00, 0x00, 0x00, 0x00, 0x00, 0x00, 0x00, 0x00, 0x00, 0x00, 0x00, 0x00,
        0x00, 0x00, 0x00, 0x00, 0x00, 0x00, 0x00, 0x00, 0x00, 0x00, 0x00, 0x00,
        0x00, 0x00, 0x00, 0x00, 0x00, 0x00, 0x00, 0x00, 0x00, 0x00, 0x00, 0x00,
        0x03, 0x00, 0x00, 0x00, 0x00, 0x00, 0x00, 0x00, 0x00, 0x00, 0x00, 0x00,
        0x00, 0x00, 0x00, 0x09, 0x60, 0x00, 0x00, 0x00, 0x00, 0x00, 0x00, 0x00,
        0x00, 0x00, 0x00, 0x00, 0x00, 0x00, 0x01, 0xC2, 0x00, 0x00, 0x00, 0x00,
        0x00, 0x00, 0x00, 0x00, 0x00, 0x00, 0x00, 0x00, 0x00, 0x00, 0x59, 0x00,
        0x00, 0x00, 0x00, 0x00, 0x00, 0x00, 0x00, 0x1D, 0xDD, 0xDD, 0xDD, 0xDD,
        0xDD, 0xDF, 0xDD, 0xDD, 0xDD, 0xDD, 0xDD, 0xA0, 0x00, 0x00, 0x1C, 0x00,
        0x00, 0x00, 0x00, 0x00, 0x00, 0x00, 0x00, 0x00, 0x00, 0x01, 0xC0, 0x00,
        0x00, 0x1C, 0x00, 0x00, 0x00, 0x00, 0x00, 0x00, 0x00, 0x00, 0x00, 0x00,
        0x01, 0xC0, 0x00, 0x00, 0x1C, 0x00, 0x00, 0x00, 0x00, 0x00, 0x00, 0x00,
        0x00, 0x00, 0x00, 0x01, 0xC0, 0x00, 0x00, 0x1C, 0x00, 0x00, 0x00, 0x00,
        0x00, 0x00, 0x00, 0x00, 0x00, 0x00, 0x01, 0xC0, 0x00, 0x00, 0x05, 0x00,
        0x1D, 0xDD, 0xDD, 0xDD, 0xDD, 0xDD, 0xDD, 0xDF, 0x50, 0x01, 0x50, 0x00,
        0x00, 0x00, 0x00, 0x00, 0x00, 0x00, 0x00, 0x00, 0x00, 0x00, 0x8A, 0x00,
        0x00, 0x00, 0x00, 0x00, 0x00, 0x00, 0x00, 0x00, 0x00, 0x00, 0x00, 0x00,
        0x1A, 0x70, 0x00, 0x00, 0x00, 0x00, 0x00, 0x00, 0x00, 0x00, 0x00, 0x00,
        0x00, 0x00, 0x05, 0xC3, 0x00, 0x00, 0x00, 0x00, 0x00, 0x00, 0x00, 0x00,
        0x00, 0x00, 0x00, 0x00, 0x03, 0xA8, 0x10, 0x00, 0x00, 0x00, 0x00, 0x00,
        0x00, 0x00, 0x00, 0x00, 0x00, 0x00, 0x00, 0x6B, 0x20, 0x00, 0x00, 0x00,
        0x00, 0x00, 0x00, 0x00, 0x00, 0x00, 0x00, 0x00, 0x00, 0x00, 0xA3, 0x00,
        0x00, 0x00, 0x00, 0x00, 0x00, 0x00, 0x00, 0x12, 0x22, 0x22, 0x22, 0x22,
        0x22, 0xC4, 0x22, 0x22, 0x22, 0x22, 0x22, 0x10, 0x00, 0x00, 0x9B, 0xBB,
        0xBB, 0xBB, 0xBB, 0xBB, 0xFE, 0xBB, 0xBB, 0xBB, 0xBB, 0xBB, 0x80, 0x00,
        0x00, 0x00, 0x00, 0x00, 0x00, 0x00, 0x00, 0xA3, 0x00, 0x00, 0x00, 0x00,
        0x00, 0x00, 0x00, 0x00, 0x00, 0x00, 0x00, 0x00, 0x00, 0x00, 0xA3, 0x00,
        0x00, 0x00, 0x00, 0x00, 0x00, 0x00, 0x00, 0x00, 0x00, 0x00, 0x00, 0x00,
        0x00, 0xA3, 0x00, 0x00, 0x00, 0x00, 0x00, 0x00, 0x00, 0x00, 0x00, 0x00,
        0x00, 0x00, 0x00, 0x00, 0xA3, 0x00, 0x00, 0x00, 0x00, 0x00, 0x00, 0x00,
        0x00, 0x00, 0x00, 0x00, 0x00, 0x00, 0x00, 0xA3, 0x00, 0x00, 0x00, 0x00,
        0x00, 0x00, 0x00, 0x00, 0x00, 0x00, 0x00, 0x00, 0x00, 0x00, 0xA3, 0x00,
        0x00, 0x00, 0x00, 0x00, 0x00, 0x00, 0x00, 0x00, 0x00, 0x00, 0x00, 0x00,
        0x00, 0xA3, 0x00, 0x00, 0x00, 0x00, 0x00, 0x00, 0x00, 0x00, 0x00, 0x00,
        0x00, 0x00, 0x00, 0x00, 0xB3, 0x00, 0x00, 0x00, 0x00, 0x00, 0x00, 0x00,
        0x00, 0x00, 0x00, 0x00, 0x03, 0xCB, 0xBB, 0xB1, 0x00, 0x00, 0x00, 0x00,
        0x00, 0x00, 0x00, 0x00, 0x00, 0x00, 0x00, 0x00, 0x00, 0x00, 0x00, 0x00,
        0x00, 0x00, 0x00, 0x00, 0x00, 0x00,
    },
    /* U+5B58 存 */
    {
        0x00, 0x00, 0x00, 0x00, 0x00, 0x00, 0x00, 0x00, 0x00, 0x00, 0x00, 0x00,
        0x00, 0x00, 0x00, 0x00, 0x00, 0x00, 0x00, 0x00, 0x00, 0x00, 0x00, 0x00,
        0x00, 0x00, 0x00, 0x00, 0x00, 0x00, 0x00, 0x00, 0x00, 0x00, 0x00, 0x00,
        0x00, 0x00, 0x00, 0x00, 0x00, 0x00, 0x00, 0x00, 0x00, 0x00, 0x00, 0x00,
        0x00, 0x00, 0x08, 0x50, 0x00, 0x00, 0x00, 0x00, 0x00, 0x00, 0x00, 0x00,
        0x00, 0x00, 0x00, 0x00, 0x00, 0x0C, 0x10, 0x00, 0x00, 0x00, 0x00, 0x00,
        0x00, 0x00, 0x00, 0x00, 0x00, 0x00, 0x00, 0x00, 0x3B, 0x00, 0x00, 0x00,
        0x00, 0x00, 0x00, 0x00, 0x00, 0x00, 0x00, 0x11, 0x11, 0x11, 0x11, 0x96,
        0x11, 0x11, 0x11, 0x11, 0x11, 0x11, 0x11, 0x10, 0x00, 0x00, 0xBC, 0xCC,
        0xCC, 0xCC, 0xFC, 0xCC, 0xCC, 0xCC, 0xCC, 0xCC, 0xCC, 0xCC, 0xB0, 0x00,
        0x00, 0x00, 0x00, 0x00, 0x06, 0x70, 0x00, 0x00, 0x00, 0x00, 0x00, 0x00,
        0x00, 0x00, 0x00, 0x00, 0x00, 0x00, 0x00, 0x0C, 0x10, 0x00, 0x00, 0x00,
        0x00, 0x00, 0x00, 0x00, 0x00, 0x00, 0x00, 0x00, 0x00, 0x00, 0x77, 0x00,
        0x00, 0x00, 0x00, 0x00, 0x00, 0x00, 0x00, 0x00, 0x00, 0x00, 0x00, 0x00,
        0x01, 0xD1, 0x00, 0x00, 0x00, 0x00, 0x00, 0x00, 0x00, 0x00, 0x00, 0x00,
        0x00, 0x00, 0x00, 0x09, 0x60, 0x00, 0xDD, 0xDD, 0xDD, 0xDD, 0xDD, 0xDE,
        0xF3, 0x00, 0x00, 0x00, 0x00, 0x00, 0x4B, 0x00, 0x00, 0x00, 0x00, 0x00,
        0x00, 0x00, 0x2B, 0x50, 0x00, 0x00, 0x00, 0x00, 0x02, 0xF2, 0x00, 0x00,
        0x00, 0x00, 0x00, 0x00, 0x06, 0xB2, 0x00, 0x00, 0x00, 0x00, 0x00, 0x0C,
        0xF0, 0x00, 0x00, 0x00, 0x00, 0x00, 0x03, 0xA7, 0x00, 0x00, 0x00, 0x00,
        0x00, 0x00, 0xA7, 0xD0, 0x00, 0x00, 0x00, 0x00, 0x00, 0xD9, 0x20, 0x00,
        0x00, 0x00, 0x00, 0x00, 0x0A, 0x90, 0xD0, 0x00, 0x00, 0x00, 0x00, 0x00,
        0xD0, 0x00, 0x00, 0x00, 0x00, 0x00, 0x01, 0xB8, 0x00, 0xD0, 0x00, 0x00,
        0x00, 0x00, 0x00, 0xD0, 0x00, 0x00, 0x00, 0x00, 0x00, 0x07, 0x60, 0x00,
        0xD0, 0x07, 0xAA, 0xAA, 0xAA, 0xAA, 0xFA, 0xAA, 0xAA, 0xAA, 0xA6, 0x00,
        0x00, 0x00, 0x00, 0xD0, 0x02, 0x33, 0x33, 0x33, 0x33, 0xF3, 0x33, 0x33,
        0x33, 0x32, 0x00, 0x00, 0x00, 0x00, 0xD0, 0x00, 0x00, 0x00, 0x00, 0x00,
        0xD0, 0x00, 0x00, 0x00, 0x00, 0x00, 0x00, 0x00, 0x00, 0xD0, 0x00, 0x00,
        0x00, 0x00, 0x00, 0xD0, 0x00, 0x00, 0x00, 0x00, 0x00, 0x00, 0x00, 0x00,
        0xD0, 0x00, 0x00, 0x00, 0x00, 0x00, 0xD0, 0x00, 0x00, 0x00, 0x00, 0x00,
        0x00, 0x00, 0x00, 0xD0, 0x00, 0x00, 0x00, 0x00, 0x00, 0xD0, 0x00, 0x00,
        0x00, 0x00, 0x00, 0x00, 0x00, 0x00, 0xD0, 0x00, 0x00, 0x00, 0x00, 0x00,
        0xD0, 0x00, 0x00, 0x00, 0x00, 0x00, 0x00, 0x00, 0x00, 0xD0, 0x00, 0x00,
        0x00, 0x00, 0x00, 0xD0, 0x00, 0x00, 0x00, 0x00, 0x00, 0x00, 0x00, 0x00,
        0xD0, 0x00, 0x00, 0x00, 0x00, 0x00, 0xD0, 0x00, 0x00, 0x00, 0x00, 0x00,
        0x00, 0x00, 0x00, 0xD0, 0x00, 0x00, 0x1C, 0xCB, 0xBC, 0x90, 0x00, 0x00,
        0x00, 0x00, 0x00, 0x00, 0x00, 0x00, 0x00, 0x00, 0x00, 0x00, 0x00, 0x00,
        0x00, 0x00, 0x00, 0x00, 0x00, 0x00,
    },
    /* U+5B9A 定 */
    {
        0x00, 0x00, 0x00, 0x00, 0x00, 0x00, 0x00, 0x00, 0x00, 0x00, 0x00, 0x00,
        0x00, 0x00, 0x00, 0x00, 0x00, 0x00, 0x00, 0x00, 0x00, 0x00, 0x00, 0x00,
        0x00, 0x00, 0x00, 0x00, 0x00, 0x00, 0x00, 0x00, 0x00, 0x00, 0x00, 0x00,
        0x04, 0x00, 0x00, 0x00, 0x00, 0x00, 0x00, 0x00, 0x00, 0x00, 0x00, 0x00,
        0x00, 0x00, 0x00, 0x0A, 0x50, 0x00, 0x00, 0x00, 0x00, 0x00, 0x00, 0x00,
        0x00, 0x00, 0x00, 0x00, 0x00, 0x00, 0x01, 0xD0, 0x00, 0x00, 0x00, 0x00,
        0x00, 0x00, 0x00, 0x00, 0x00, 0x00, 0x00, 0x00, 0x00, 0x00, 0x85, 0x00,
        0x00, 0x00, 0x00, 0x00, 0x00, 0x00, 0x00, 0x1D, 0xDD, 0xDD, 0xDD, 0xDD,
        0xDD, 0xDD, 0xDD, 0xDD, 0xDD, 0xDD, 0xDD, 0x90, 0x00, 0x00, 0x1C, 0x00,
        0x00, 0x00, 0x00, 0x00, 0x00, 0x00, 0x00, 0x00, 0x00, 0x03, 0xB0, 0x00,
        0x00, 0x1C, 0x00, 0x00, 0x00, 0x00, 0x00, 0x00, 0x00, 0x00, 0x00, 0x00,
        0x02, 0xB0, 0x00, 0x00, 0x1C, 0x00, 0x00, 0x00, 0x00, 0x00, 0x00, 0x00,
        0x00, 0x00, 0x00, 0x02, 0xB0, 0x00, 0x00, 0x1C, 0x00, 0x00, 0x00, 0x00,
        0x00, 0x00, 0x00, 0x00, 0x00, 0x00, 0x02, 0xB0, 0x00, 0x00, 0x17, 0x00,
        0x22, 0x22, 0x22, 0x22, 0x22, 0x22, 0x22, 0x22, 0x21, 0x01, 0x60, 0x00,
        0x00, 0x00, 0x01, 0xCC, 0xCC, 0xCC, 0xCC, 0xFC, 0xCC, 0xCC, 0xCC, 0xC8,
        0x00, 0x00, 0x00, 0x00, 0x00, 0x00, 0x00, 0x00, 0x00, 0x00, 0xD0, 0x00,
        0x00, 0x00, 0x00, 0x00, 0x00, 0x00, 0x00, 0x00, 0x00, 0x00, 0x00, 0x00,
        0x00, 0xD0, 0x00, 0x00, 0x00, 0x00, 0x00, 0x00, 0x00, 0x00, 0x00, 0x00,
        0x00, 0x00, 0x00, 0x00, 0xD0, 0x00, 0x00, 0x00, 0x00, 0x00, 0x00, 0x00,
        0x00, 0x00, 0x00, 0x09, 0x10, 0x00, 0x00, 0xD0, 0x00, 0x00, 0x00, 0x00,
        0x00, 0x00, 0x00, 0x00, 0x00, 0x00, 0x0D, 0x00, 0x00, 0x00, 0xD0, 0x00,
        0x00, 0x00, 0x00, 0x00, 0x00, 0x00, 0x00, 0x00, 0x00, 0x1C, 0x00, 0x00,
        0x00, 0xD0, 0x00, 0x00, 0x00, 0x00, 0x00, 0x00, 0x00, 0x00, 0x00, 0x00,
        0x48, 0x00, 0x00, 0x00, 0xFD, 0xDD, 0xDD, 0xDD, 0xDD, 0x40, 0x00, 0x00,
        0x00, 0x00, 0x00, 0xBA, 0x00, 0x00, 0x00, 0xD0, 0x00, 0x00, 0x00, 0x00,
        0x00, 0x00, 0x00, 0x00, 0x00, 0x00, 0xED, 0x00, 0x00, 0x00, 0xD0, 0x00,
        0x00, 0x00, 0x00, 0x00, 0x00, 0x00, 0x00, 0x00, 0x02, 0xB9, 0x40, 0x00,
        0x00, 0xD0, 0x00, 0x00, 0x00, 0x00, 0x00, 0x00, 0x00, 0x00, 0x00, 0x08,
        0x52, 0xC1, 0x00, 0x00, 0xD0, 0x00, 0x00, 0x00, 0x00, 0x00, 0x00, 0x00,
        0x00, 0x00, 0x1D, 0x00, 0x5A, 0x00, 0x00, 0xD0, 0x00, 0x00, 0x00, 0x00,
        0x00, 0x00, 0x00, 0x00, 0x00, 0x87, 0x00, 0x07, 0xB1, 0x00, 0xD0, 0x00,
        0x00, 0x00, 0x00, 0x00, 0x00, 0x00, 0x00, 0x02, 0xC0, 0x00, 0x00, 0x6D,
        0x61, 0xD0, 0x00, 0x00, 0x00, 0x00, 0x00, 0x00, 0x00, 0x00, 0x1C, 0x30,
        0x00, 0x00, 0x01, 0x9D, 0xF6, 0x31, 0x00, 0x00, 0x00, 0x00, 0x00, 0x00,
        0x01, 0xC6, 0x00, 0x00, 0x00, 0x00, 0x00, 0x48, 0xAC, 0xDD, 0xDD, 0xDD,
        0xDD, 0xDB, 0x00, 0x01, 0x50, 0x00, 0x00, 0x00, 0x00, 0x00, 0x00, 0x00,
        0x00, 0x00, 0x00, 0x00, 0x00, 0x00,
    },
    /* U+5C4F 屏 */
    {
        0x00, 0x00, 0x00, 0x00, 0x00, 0x00, 0x00, 0x00, 0x00, 0x00, 0x00, 0x00,
        0x00, 0x00, 0x00, 0x00, 0x00, 0x00, 0x00, 0x00, 0x00, 0x00, 0x00, 0x00,
        0x00, 0x00, 0x00, 0x00, 0x00, 0x00, 0x00, 0x00, 0x00, 0x00, 0x00, 0x00,
        0x00, 0x00, 0x00, 0x00, 0x00, 0x00, 0x00, 0x00, 0x00, 0x00, 0x00, 0x00,
        0x00, 0x00, 0x00, 0x00, 0x00, 0x00, 0x00, 0x00, 0x00, 0x00, 0x00, 0x00,
        0x00, 0x00, 0x5F, 0xBB, 0xBB, 0xBB, 0xBB, 0xBB, 0xBB, 0xBB, 0xBB, 0xBB,
        0xB2, 0x00, 0x00, 0x00, 0x00, 0x78, 0x11, 0x11, 0x11, 0x11, 0x11, 0x11,
        0x11, 0x11, 0x11, 0xB3, 0x00, 0x00, 0x00, 0x00, 0x77, 0x00, 0x00, 0x00,
        0x00, 0x00, 0x00, 0x00, 0x00, 0x00, 0xA3, 0x00, 0x00, 0x00, 0x00, 0x77,
        0x00, 0x00, 0x00, 0x00, 0x00, 0x00, 0x00, 0x00, 0x00, 0xA3, 0x00, 0x00,
        0x00, 0x00, 0x77, 0x00, 0x00, 0x00, 0x00, 0x00, 0x00, 0x00, 0x00, 0x00,
        0xA3, 0x00, 0x00, 0x00, 0x00, 0x7F, 0xDD, 0xDD, 0xDD, 0xDD, 0xDD, 0xDD,
        0xDD, 0xDD, 0xDD, 0xE3, 0x00, 0x00, 0x00, 0x00, 0x77, 0x00, 0x00, 0x10,
        0x00, 0x00, 0x00, 0x00, 0x00, 0x40, 0x00, 0x00, 0x00, 0x00, 0x00, 0x77,
        0x00, 0x00, 0x95, 0x00, 0x00, 0x00, 0x00, 0x05, 0xA0, 0x00, 0x00, 0x00,
        0x00, 0x00, 0x77, 0x00, 0x00, 0x1C, 0x10, 0x00, 0x00, 0x00, 0x0C, 0x20,
        0x00, 0x00, 0x00, 0x00, 0x00, 0x76, 0x00, 0x00, 0x04, 0xA0, 0x00, 0x00,
        0x00, 0x67, 0x00, 0x00, 0x00, 0x00, 0x00, 0x00, 0x76, 0x00, 0x00, 0x00,
        0x30, 0x00, 0x00, 0x02, 0xC0, 0x00, 0x00, 0x00, 0x00, 0x00, 0x00, 0x85,
        0x2D, 0xDD, 0xDD, 0xFD, 0xDD, 0xDD, 0xDF, 0xFD, 0xDD, 0xDD, 0x50, 0x00,
        0x00, 0x00, 0x85, 0x00, 0x00, 0x00, 0xD0, 0x00, 0x00, 0x00, 0xD0, 0x00,
        0x00, 0x00, 0x00, 0x00, 0x00, 0xA3, 0x00, 0x00, 0x00, 0xD0, 0x00, 0x00,
        0x00, 0xD0, 0x00, 0x00, 0x00, 0x00, 0x00, 0x00, 0xB2, 0x00, 0x00, 0x00,
        0xD0, 0x00, 0x00, 0x00, 0xD0, 0x00, 0x00, 0x00, 0x00, 0x00, 0x00, 0xD0,
        0x00, 0x00, 0x00, 0xD0, 0x00, 0x00, 0x00, 0xD0, 0x00, 0x00, 0x00, 0x00,
        0x00, 0x00, 0xD0, 0x00, 0x00, 0x00, 0xD0, 0x00, 0x00, 0x00, 0xD0, 0x00,
        0x00, 0x00, 0x00, 0x00, 0x02, 0xB1, 0xDD, 0xDD, 0xDE, 0xFD, 0xDD, 0xDD,
        0xDD, 0xFD, 0xDD, 0xDD, 0xD2, 0x00, 0x00, 0x05, 0x80, 0x00, 0x00, 0x04,
        0x90, 0x00, 0x00, 0x00, 0xD0, 0x00, 0x00, 0x00, 0x00, 0x00, 0x09, 0x40,
        0x00, 0x00, 0x0A, 0x40, 0x00, 0x00, 0x00, 0xD0, 0x00, 0x00, 0x00, 0x00,
        0x00, 0x0D, 0x10, 0x00, 0x00, 0x4C, 0x00, 0x00, 0x00, 0x00, 0xD0, 0x00,
        0x00, 0x00, 0x00, 0x00, 0x3A, 0x00, 0x00, 0x02, 0xD3, 0x00, 0x00, 0x00,
        0x00, 0xD0, 0x00, 0x00, 0x00, 0x00, 0x00, 0x95, 0x00, 0x00, 0x3D, 0x40,
        0x00, 0x00, 0x00, 0x00, 0xD0, 0x00, 0x00, 0x00, 0x00, 0x02, 0xC0, 0x00,
        0x18, 0xC2, 0x00, 0x00, 0x00, 0x00, 0x00, 0xD0, 0x00, 0x00, 0x00, 0x00,
        0x06, 0x40, 0x01, 0xB6, 0x00, 0x00, 0x00, 0x00, 0x00, 0x00, 0xD0, 0x00,
        0x00, 0x00, 0x00, 0x00, 0x00, 0x00, 0x00, 0x00, 0x00, 0x00, 0x00, 0x00,
        0x00, 0x00, 0x00, 0x00, 0x00, 0x00,
    },
    /* U+5DF2 已 */
    {
        0x00, 0x00, 0x00, 0x00, 0x00, 0x00, 0x00, 0x00, 0x00, 0x00, 0x00, 0x00,
        0x00, 0x00, 0x00, 0x00, 0x00, 0x00, 0x00, 0x00, 0x00, 0x00, 0x00, 0x00,
        0x00, 0x00, 0x00, 0x00, 0x00, 0x00, 0x00, 0x00, 0x00, 0x00, 0x00, 0x00,
        0x00, 0x00, 0x00, 0x00, 0x00, 0x00, 0x00, 0x00, 0x00, 0x00, 0x00, 0x00,
        0x00, 0x00, 0x00, 0x00, 0x00, 0x00, 0x00, 0x00, 0x00, 0x00, 0x00, 0x00,
        0x00, 0x00, 0x00, 0x00, 0x00, 0x00, 0x00, 0x00, 0x00, 0x00, 0x00, 0x00,
        0x00, 0x00, 0x00, 0x00, 0x3D, 0xDD, 0xDD, 0xDD, 0xDD, 0xDD, 0xDD, 0xDD,
        0xDD, 0xDD, 0xE7, 0x00, 0x00, 0x00, 0x00, 0x00, 0x00, 0x00, 0x00, 0x00,
        0x00, 0x00, 0x00, 0x00, 0x00, 0x77, 0x00, 0x00, 0x00, 0x00, 0x00, 0x00,
        0x00, 0x00, 0x00, 0x00, 0x00, 0x00, 0x00, 0x00, 0x77, 0x00, 0x00, 0x00,
        0x00, 0x00, 0x00, 0x00, 0x00, 0x00, 0x00, 0x00, 0x00, 0x00, 0x00, 0x77,
        0x00, 0x00, 0x00, 0x00, 0x00, 0x35, 0x00, 0x00, 0x00, 0x00, 0x00, 0x00,
        0x00, 0x00, 0x77, 0x00, 0x00, 0x00, 0x00, 0x00, 0x58, 0x00, 0x00, 0x00,
        0x00, 0x00, 0x00, 0x00, 0x00, 0x77, 0x00, 0x00, 0x00, 0x00, 0x00, 0x58,
        0x00, 0x00, 0x00, 0x00, 0x00, 0x00, 0x00, 0x00, 0x77, 0x00, 0x00, 0x00,
        0x00, 0x00, 0x58, 0x00, 0x00, 0x00, 0x00, 0x00, 0x00, 0x00, 0x00, 0x77,
        0x00, 0x00, 0x00, 0x00, 0x00, 0x58, 0x00, 0x00, 0x00, 0x00, 0x00, 0x00,
        0x00, 0x00, 0x77, 0x00, 0x00, 0x00, 0x00, 0x00, 0x58, 0x00, 0x00, 0x00,
        0x00, 0x00, 0x00, 0x00, 0x00, 0x77, 0x00, 0x00, 0x00, 0x00, 0x00, 0x5F,
        0xDD, 0xDD, 0xDD, 0xDD, 0xDD, 0xDD, 0xDD, 0xDD, 0xF7, 0x00, 0x00, 0x00,
        0x00, 0x00, 0x58, 0x00, 0x00, 0x00, 0x00, 0x00, 0x00, 0x00, 0x00, 0x77,
        0x00, 0x00, 0x00, 0x00, 0x00, 0x58, 0x00, 0x00, 0x00, 0x00, 0x00, 0x00,
        0x00, 0x00, 0x33, 0x00, 0x00, 0x00, 0x00, 0x00, 0x58, 0x00, 0x00, 0x00,
        0x00, 0x00, 0x00, 0x00, 0x00, 0x00, 0x00, 0x00, 0x00, 0x00, 0x00, 0x58,
        0x00, 0x00, 0x00, 0x00, 0x00, 0x00, 0x00, 0x00, 0x00, 0x00, 0x00, 0x00,
        0x00, 0x00, 0x58, 0x00, 0x00, 0x00, 0x00, 0x00, 0x00, 0x00, 0x00, 0x00,
        0x00, 0x00, 0x00, 0x00, 0x00, 0x58, 0x00, 0x00, 0x00, 0x00, 0x00, 0x00,
        0x00, 0x00, 0x00, 0x00, 0x91, 0x00, 0x00, 0x00, 0x58, 0x00, 0x00, 0x00,
        0x00, 0x00, 0x00, 0x00, 0x00, 0x00, 0x00, 0xE1, 0x00, 0x00, 0x00, 0x58,
        0x00, 0x00, 0x00, 0x00, 0x00, 0x00, 0x00, 0x00, 0x00, 0x01, 0xE0, 0x00,
        0x00, 0x00, 0x58, 0x00, 0x00, 0x00, 0x00, 0x00, 0x00, 0x00, 0x00, 0x00,
        0x04, 0xB0, 0x00, 0x00, 0x00, 0x4A, 0x00, 0x00, 0x00, 0x00, 0x00, 0x00,
        0x00, 0x00, 0x00, 0x09, 0x70, 0x00, 0x00, 0x00, 0x0D, 0x50, 0x00, 0x00,
        0x00, 0x00, 0x00, 0x00, 0x00, 0x00, 0x6D, 0x10, 0x00, 0x00, 0x00, 0x02,
        0xAC, 0xCD, 0xDD, 0xDD, 0xDD, 0xDD, 0xDD, 0xDD, 0xDD, 0x92, 0x00, 0x00,
        0x00, 0x00, 0x00, 0x00, 0x00, 0x00, 0x00, 0x00, 0x00, 0x00, 0x00, 0x00,
        0x00, 0x00, 0x00, 0x00, 0x00, 0x00, 0x00, 0x00, 0x00, 0x00, 0x00, 0x00,
        0x00, 0x00, 0x00, 0x00, 0x00, 0x00,
    },
    /* U+5E55 幕 */
    {
        0x00, 0x00, 0x00, 0x00, 0x00, 0x00, 0x00, 0x00, 0x00, 0x00, 0x00, 0x00,
        0x00, 0x00, 0x00, 0x00, 0x00, 0x00, 0x00, 0x00, 0x00, 0x00, 0x00, 0x00,
        0x00, 0x00, 0x00, 0x00, 0x00, 0x00, 0x00, 0x00, 0x00, 0x00, 0x02, 0x00,
        0x00, 0x00, 0x00, 0x02, 0x00, 0x00, 0x00, 0x00, 0x00, 0x00, 0x00, 0x00,
        0x00, 0x0D, 0x00, 0x00, 0x00, 0x00, 0x0D, 0x00, 0x00, 0x00, 0x00, 0x00,
        0x00, 0x00, 0x00, 0x00, 0x0D, 0x00, 0x00, 0x00, 0x00, 0x0D, 0x00, 0x00,
        0x00, 0x00, 0x00, 0x00, 0xCD, 0xDD, 0xDD, 0xDF, 0xDD, 0xDD, 0xDD, 0xDD,
        0xDF, 0xDD, 0xDD, 0xDD, 0xD2, 0x00, 0x00, 0x00, 0x00, 0x00, 0x0D, 0x00,
        0x00, 0x00, 0x00, 0x0D, 0x00, 0x00, 0x00, 0x00, 0x00, 0x00, 0x00, 0x00,
        0x00, 0x0A, 0x00, 0x00, 0x00, 0x00, 0x09, 0x00, 0x00, 0x00, 0x00, 0x00,
        0x00, 0x00, 0x02, 0xBB, 0xBB, 0xBB, 0xBB, 0xBB, 0xBB, 0xBB, 0xBB, 0xBB,
        0x20, 0x00, 0x00, 0x00, 0x00, 0x03, 0xB1, 0x11, 0x11, 0x11, 0x11, 0x11,
        0x11, 0x11, 0x1B, 0x20, 0x00, 0x00, 0x00, 0x00, 0x03, 0xA0, 0x00, 0x00,
        0x00, 0x00, 0x00, 0x00, 0x00, 0x0A, 0x20, 0x00, 0x00, 0x00, 0x00, 0x03,
        0xA0, 0x00, 0x00, 0x00, 0x00, 0x00, 0x00, 0x00, 0x0A, 0x20, 0x00, 0x00,
        0x00, 0x00, 0x03, 0xED, 0xDD, 0xDD, 0xDD, 0xDD, 0xDD, 0xDD, 0xDD, 0xDE,
        0x20, 0x00, 0x00, 0x00, 0x00, 0x03, 0xA0, 0x00, 0x00, 0x00, 0x00, 0x00,
        0x00, 0x00, 0x0A, 0x20, 0x00, 0x00, 0x00, 0x00, 0x03, 0xA0, 0x00, 0x00,
        0x00, 0x00, 0x00, 0x00, 0x00, 0x0A, 0x20, 0x00, 0x00, 0x00, 0x00, 0x03,
        0xED, 0xDD, 0xDF, 0xDD, 0xDD, 0xDD, 0xDD, 0xDD, 0xDE, 0x20, 0x00, 0x00,
        0x00, 0x00, 0x00, 0x00, 0x00, 0x7A, 0x00, 0x00, 0x00, 0x00, 0x00, 0x00,
        0x00, 0x00, 0x00, 0x00, 0x00, 0x00, 0x00, 0x04, 0xC1, 0x00, 0x00, 0x00,
        0x00, 0x00, 0x00, 0x00, 0x00, 0x00, 0x02, 0xDD, 0xDD, 0xDD, 0xFF, 0xFD,
        0xDD, 0xFD, 0xDD, 0xDF, 0xFD, 0xDD, 0xDD, 0xD7, 0x00, 0x00, 0x00, 0x00,
        0x03, 0xD3, 0x00, 0x00, 0xD0, 0x00, 0x00, 0xB4, 0x00, 0x00, 0x00, 0x00,
        0x00, 0x00, 0x00, 0x5C, 0x20, 0x00, 0x00, 0xD0, 0x00, 0x00, 0x1A, 0x70,
        0x00, 0x00, 0x00, 0x00, 0x00, 0x19, 0xC3, 0x22, 0x22, 0x22, 0xF2, 0x22,
        0x22, 0x22, 0xAC, 0x20, 0x00, 0x00, 0x00, 0x04, 0xD7, 0x9C, 0xBB, 0xBB,
        0xBB, 0xFB, 0xBB, 0xBB, 0xBB, 0xFA, 0xC8, 0x10, 0x00, 0x03, 0xBA, 0x20,
        0x94, 0x00, 0x00, 0x00, 0xD0, 0x00, 0x00, 0x00, 0x67, 0x06, 0xD8, 0x00,
        0x02, 0x30, 0x00, 0x94, 0x00, 0x00, 0x00, 0xD0, 0x00, 0x00, 0x00, 0x67,
        0x00, 0x02, 0x00, 0x00, 0x00, 0x00, 0x94, 0x00, 0x00, 0x00, 0xD0, 0x00,
        0x00, 0x00, 0x67, 0x00, 0x00, 0x00, 0x00, 0x00, 0x00, 0x94, 0x00, 0x00,
        0x00, 0xD0, 0x00, 0x00, 0x00, 0x67, 0x00, 0x00, 0x00, 0x00, 0x00, 0x00,
        0x94, 0x00, 0x00, 0x00, 0xD0, 0x00, 0x09, 0xBA, 0xC4, 0x00, 0x00, 0x00,
        0x00, 0x00, 0x00, 0x42, 0x00, 0x00, 0x00, 0xD0, 0x00, 0x00, 0x00, 0x00,
        0x00, 0x00, 0x00, 0x00, 0x00, 0x00, 0x00, 0x00, 0x00, 0x00, 0x00, 0x00,
        0x00, 0x00, 0x00, 0x00, 0x00, 0x00,
    },
    /* U+5E73 平 */
    {
        0x00, 0x00, 0x00, 0x00, 0x00, 0x00, 0x00, 0x00, 0x00, 0x00, 0x00, 0x00,
        0x00, 0x00, 0x00, 0x00, 0x00, 0x00, 0x00, 0x00, 0x00, 0x00, 0x00, 0x00,
        0x00, 0x00, 0x00, 0x00, 0x00, 0x00, 0x00, 0x00, 0x00, 0x00, 0x00, 0x00,
        0x00, 0x00, 0x00, 0x00, 0x00, 0x00, 0x00, 0x00, 0x00, 0x00, 0x00, 0x00,
        0x00, 0x00, 0x00, 0x00, 0x00, 0x00, 0x00, 0x00, 0x00, 0x00, 0x00, 0x00,
        0x00, 0x00, 0x00, 0x00, 0x00, 0x00, 0x00, 0x00, 0x00, 0x00, 0x00, 0x00,
        0x00, 0x00, 0x00, 0x00, 0x0A, 0xDD, 0xDD, 0xDD, 0xDD, 0xDD, 0xFD, 0xDD,
        0xDD, 0xDD, 0xDD, 0xDA, 0x00, 0x00, 0x00, 0x00, 0x00, 0x00, 0x00, 0x00,
        0x00, 0xD0, 0x00, 0x00, 0x00, 0x00, 0x00, 0x00, 0x00, 0x00, 0x00, 0x01,
        0x10, 0x00, 0x00, 0x00, 0xD0, 0x00, 0x00, 0x00, 0x32, 0x00, 0x00, 0x00,
        0x00, 0x00, 0x03, 0xA0, 0x00, 0x00, 0x00, 0xD0, 0x00, 0x00, 0x00, 0xB3,
        0x00, 0x00, 0x00, 0x00, 0x00, 0x00, 0xB3, 0x00, 0x00, 0x00, 0xD0, 0x00,
        0x00, 0x03, 0xB0, 0x00, 0x00, 0x00, 0x00, 0x00, 0x00, 0x3A, 0x00, 0x00,
        0x00, 0xD0, 0x00, 0x00, 0x0A, 0x40, 0x00, 0x00, 0x00, 0x00, 0x00, 0x00,
        0x0B, 0x20, 0x00, 0x00, 0xD0, 0x00, 0x00, 0x3B, 0x00, 0x00, 0x00, 0x00,
        0x00, 0x00, 0x00, 0x05, 0x90, 0x00, 0x00, 0xD0, 0x00, 0x00, 0xA4, 0x00,
        0x00, 0x00, 0x00, 0x00, 0x00, 0x00, 0x00, 0xD1, 0x00, 0x00, 0xD0, 0x00,
        0x03, 0xA0, 0x00, 0x00, 0x00, 0x00, 0x00, 0x00, 0x00, 0x00, 0x84, 0x00,
        0x00, 0xD0, 0x00, 0x0B, 0x20, 0x00, 0x00, 0x00, 0x00, 0x00, 0x00, 0x00,
        0x00, 0x00, 0x00, 0x00, 0xD0, 0x00, 0x03, 0x00, 0x00, 0x00, 0x00, 0x00,
        0x00, 0x00, 0x00, 0x00, 0x00, 0x00, 0x00, 0xD0, 0x00, 0x00, 0x00, 0x00,
        0x00, 0x00, 0x00, 0x03, 0xDD, 0xDD, 0xDD, 0xDD, 0xDD, 0xDD, 0xFD, 0xDD,
        0xDD, 0xDD, 0xDD, 0xDD, 0xD4, 0x00, 0x00, 0x00, 0x00, 0x00, 0x00, 0x00,
        0x00, 0xD0, 0x00, 0x00, 0x00, 0x00, 0x00, 0x00, 0x00, 0x00, 0x00, 0x00,
        0x00, 0x00, 0x00, 0x00, 0xD0, 0x00, 0x00, 0x00, 0x00, 0x00, 0x00, 0x00,
        0x00, 0x00, 0x00, 0x00, 0x00, 0x00, 0x00, 0xD0, 0x00, 0x00, 0x00, 0x00,
        0x00, 0x00, 0x00, 0x00, 0x00, 0x00, 0x00, 0x00, 0x00, 0x00, 0xD0, 0x00,
        0x00, 0x00, 0x00, 0x00, 0x00, 0x00, 0x00, 0x00, 0x00, 0x00, 0x00, 0x00,
        0x00, 0xD0, 0x00, 0x00, 0x00, 0x00, 0x00, 0x00, 0x00, 0x00, 0x00, 0x00,
        0x00, 0x00, 0x00, 0x00, 0xD0, 0x00, 0x00, 0x00, 0x00, 0x00, 0x00, 0x00,
        0x00, 0x00, 0x00, 0x00, 0x00, 0x00, 0x00, 0xD0, 0x00, 0x00, 0x00, 0x00,
        0x00, 0x00, 0x00, 0x00, 0x00, 0x00, 0x00, 0x00, 0x00, 0x00, 0xD0, 0x00,
        0x00, 0x00, 0x00, 0x00, 0x00, 0x00, 0x00, 0x00, 0x00, 0x00, 0x00, 0x00,
        0x00, 0xD0, 0x00, 0x00, 0x00, 0x00, 0x00, 0x00, 0x00, 0x00, 0x00, 0x00,
        0x00, 0x00, 0x00, 0x00, 0xD0, 0x00, 0x00, 0x00, 0x00, 0x00, 0x00, 0x00,
        0x00, 0x00, 0x00, 0x00, 0x00, 0x00, 0x00, 0xD0, 0x00, 0x00, 0x00, 0x00,
        0x00, 0x00, 0x00, 0x00, 0x00, 0x00, 0x00, 0x00, 0x00, 0x00, 0x00, 0x00,
        0x00, 0x00, 0x00, 0x00, 0x00, 0x00,
    },
    /* U+5EA6 度 */
    {
        0x00, 0x00, 0x00, 0x00, 0x00, 0x00, 0x00, 0x00, 0x00, 0x00, 0x00, 0x00,
        0x00, 0x00, 0x00, 0x00, 0x00, 0x00, 0x00, 0x00, 0x00, 0x00, 0x00, 0x00,
        0x00, 0x00, 0x00, 0x00, 0x00, 0x00, 0x00, 0x00, 0x00, 0x00, 0x00, 0x00,
        0x00, 0x10, 0x00, 0x00, 0x00, 0x00, 0x00, 0x00, 0x00, 0x00, 0x00, 0x00,
        0x00, 0x00, 0x00, 0x00, 0x77, 0x00, 0x00, 0x00, 0x00, 0x00, 0x00, 0x00,
        0x00, 0x00, 0x00, 0x00, 0x00, 0x00, 0x00, 0x0C, 0x20, 0x00, 0x00, 0x00,
        0x00, 0x00, 0x00, 0x00, 0x00, 0x00, 0x00, 0x00, 0x00, 0x00, 0x05, 0xA0,
        0x00, 0x00, 0x00, 0x00, 0x00, 0x00, 0x00, 0x00, 0xFD, 0xDD, 0xDD, 0xDD,
        0xDD, 0xDD, 0xFD, 0xDD, 0xDD, 0xDD, 0xDD, 0xD4, 0x00, 0x00, 0x00, 0xD0,
        0x00, 0x00, 0x01, 0x00, 0x00, 0x00, 0x00, 0x01, 0x00, 0x00, 0x00, 0x00,
        0x00, 0x00, 0xD0, 0x00, 0x00, 0x09, 0x40, 0x00, 0x00, 0x00, 0x0D, 0x00,
        0x00, 0x00, 0x00, 0x00, 0x00, 0xD0, 0x00, 0x00, 0x09, 0x40, 0x00, 0x00,
        0x00, 0x0D, 0x00, 0x00, 0x00, 0x00, 0x00, 0x00, 0xD0, 0x00, 0x00, 0x09,
        0x40, 0x00, 0x00, 0x00, 0x0D, 0x00, 0x00, 0x00, 0x00, 0x00, 0x00, 0xD3,
        0xDD, 0xDD, 0xDF, 0xFD, 0xDD, 0xDD, 0xDD, 0xDF, 0xDD, 0xDD, 0xB0, 0x00,
        0x00, 0x00, 0xD0, 0x00, 0x00, 0x09, 0x40, 0x00, 0x00, 0x00, 0x0D, 0x00,
        0x00, 0x00, 0x00, 0x00, 0x00, 0xD0, 0x00, 0x00, 0x09, 0x40, 0x00, 0x00,
        0x00, 0x0D, 0x00, 0x00, 0x00, 0x00, 0x00, 0x00, 0xD0, 0x00, 0x00, 0x09,
        0x40, 0x00, 0x00, 0x00, 0x0D, 0x00, 0x00, 0x00, 0x00, 0x00, 0x00, 0xD0,
        0x00, 0x00, 0x09, 0x40, 0x00, 0x00, 0x00, 0x0D, 0x00, 0x00, 0x00, 0x00,
        0x00, 0x00, 0xD0, 0x00, 0x00, 0x08, 0xDD, 0xDD, 0xDD, 0xDD, 0xDD, 0x00,
        0x00, 0x00, 0x00, 0x00, 0x00, 0xC0, 0x00, 0x00, 0x00, 0x00, 0x00, 0x00,
        0x00, 0x00, 0x00, 0x00, 0x00, 0x00, 0x00, 0x01, 0xB0, 0x00, 0x00, 0x00,
        0x00, 0x00, 0x00, 0x00, 0x00, 0x00, 0x00, 0x00, 0x00, 0x00, 0x03, 0xA0,
        0x4B, 0xBB, 0xBB, 0xBB, 0xBB, 0xBB, 0xBB, 0xBB, 0xBF, 0x40, 0x00, 0x00,
        0x00, 0x04, 0x80, 0x12, 0x22, 0x96, 0x22, 0x22, 0x22, 0x22, 0x22, 0x5E,
        0x00, 0x00, 0x00, 0x00, 0x06, 0x70, 0x00, 0x00, 0x2C, 0x20, 0x00, 0x00,
        0x00, 0x02, 0xC3, 0x00, 0x00, 0x00, 0x00, 0x09, 0x40, 0x00, 0x00, 0x03,
        0xC2, 0x00, 0x00, 0x00, 0x3C, 0x30, 0x00, 0x00, 0x00, 0x00, 0x0C, 0x10,
        0x00, 0x00, 0x00, 0x2C, 0x50, 0x00, 0x07, 0xB2, 0x00, 0x00, 0x00, 0x00,
        0x00, 0x1C, 0x00, 0x00, 0x00, 0x00, 0x01, 0x9A, 0x35, 0xC7, 0x00, 0x00,
        0x00, 0x00, 0x00, 0x00, 0x58, 0x00, 0x00, 0x00, 0x00, 0x00, 0x29, 0xFF,
        0x40, 0x00, 0x00, 0x00, 0x00, 0x00, 0x00, 0xA3, 0x00, 0x00, 0x00, 0x04,
        0x7B, 0xB5, 0x13, 0x9C, 0x72, 0x00, 0x00, 0x00, 0x00, 0x02, 0xC0, 0x02,
        0x57, 0x9C, 0xC9, 0x51, 0x00, 0x00, 0x01, 0x59, 0xCA, 0x64, 0x20, 0x00,
        0x04, 0x50, 0x07, 0x85, 0x30, 0x00, 0x00, 0x00, 0x00, 0x00, 0x00, 0x02,
        0x58, 0xB7, 0x00, 0x00, 0x00, 0x00, 0x00, 0x00, 0x00, 0x00, 0x00, 0x00,
        0x00, 0x00, 0x00, 0x00, 0x00, 0x00,
    },
    /* U+5EFA 建 */
    {
        0x00, 0x00, 0x00, 0x00, 0x00, 0x00, 0x00, 0x00, 0x00, 0x00, 0x00, 0x00,
        0x00, 0x00, 0x00, 0x00, 0x00, 0x00, 0x00, 0x00, 0x00, 0x00, 0x00, 0x00,
        0x00, 0x00, 0x00, 0x00, 0x00, 0x00, 0x00, 0x00, 0x00, 0x00, 0x00, 0x00,
        0x00, 0x00, 0x00, 0x00, 0x00, 0x00, 0x00, 0x00, 0x00, 0x00, 0x00, 0x00,
        0x00, 0x00, 0x00, 0x00, 0x00, 0x09, 0x20, 0x00, 0x00, 0x00, 0x00, 0x00,
        0x00, 0x00, 0x00, 0x00, 0x00, 0x00, 0x00, 0x00, 0x0A, 0x30, 0x00, 0x00,
        0x00, 0x00, 0x00, 0x00, 0xCD, 0xDD, 0xDD, 0xF2, 0x01, 0x11, 0x11, 0x1B,
        0x41, 0x11, 0x11, 0x10, 0x00, 0x00, 0x00, 0x00, 0x00, 0x06, 0xB0, 0x07,
        0xCC, 0xCC, 0xCF, 0xEC, 0xCC, 0xCC, 0xE0, 0x00, 0x00, 0x00, 0x00, 0x00,
        0x0C, 0x20, 0x00, 0x00, 0x00, 0x0A, 0x30, 0x00, 0x00, 0xD0, 0x00, 0x00,
        0x00, 0x00, 0x00, 0x59, 0x00, 0x00, 0x00, 0x00, 0x0A, 0x30, 0x00, 0x00,
        0xD0, 0x00, 0x00, 0x00, 0x00, 0x01, 0xC1, 0x08, 0xBB, 0xBB, 0xBB, 0xBF,
        0xDB, 0xBB, 0xBB, 0xFB, 0xB4, 0x00, 0x00, 0x00, 0x08, 0x60, 0x02, 0x33,
        0x33, 0x33, 0x3D, 0x53, 0x33, 0x33, 0xF3, 0x31, 0x00, 0x00, 0x00, 0x3B,
        0x00, 0x00, 0x00, 0x00, 0x00, 0x0A, 0x30, 0x00, 0x00, 0xD0, 0x00, 0x00,
        0x00, 0x01, 0xC2, 0x00, 0x00, 0x00, 0x00, 0x00, 0x0A, 0x30, 0x00, 0x00,
        0xD0, 0x00, 0x00, 0x00, 0x1F, 0xFD, 0xDD, 0xF3, 0x0A, 0xCC, 0xCC, 0xCF,
        0xEC, 0xCC, 0xCC, 0xE0, 0x00, 0x00, 0x00, 0x36, 0x00, 0x00, 0xD1, 0x01,
        0x22, 0x22, 0x2C, 0x42, 0x22, 0x22, 0x20, 0x00, 0x00, 0x00, 0x00, 0x00,
        0x00, 0xD0, 0x00, 0x00, 0x00, 0x0A, 0x30, 0x00, 0x00, 0x00, 0x00, 0x00,
        0x00, 0x00, 0x00, 0x03, 0xB0, 0x00, 0x00, 0x00, 0x0A, 0x30, 0x00, 0x00,
        0x00, 0x00, 0x00, 0x00, 0x0B, 0x00, 0x06, 0x70, 0x2C, 0xCC, 0xCC, 0xCF,
        0xFC, 0xCC, 0xCC, 0xC9, 0x00, 0x00, 0x00, 0x0B, 0x20, 0x0A, 0x30, 0x00,
        0x00, 0x00, 0x0A, 0x30, 0x00, 0x00, 0x00, 0x00, 0x00, 0x00, 0x05, 0x80,
        0x0D, 0x00, 0x00, 0x00, 0x00, 0x0A, 0x30, 0x00, 0x00, 0x00, 0x00, 0x00,
        0x00, 0x00, 0xD1, 0x59, 0x00, 0x00, 0x00, 0x00, 0x0A, 0x30, 0x00, 0x00,
        0x00, 0x00, 0x00, 0x00, 0x00, 0x69, 0xB3, 0x06, 0xCC, 0xCC, 0xCC, 0xCF,
        0xFC, 0xCC, 0xCC, 0xCC, 0xC0, 0x00, 0x00, 0x00, 0x0E, 0xF0, 0x00, 0x00,
        0x00, 0x00, 0x0B, 0x30, 0x00, 0x00, 0x00, 0x00, 0x00, 0x00, 0x00, 0x0C,
        0xF4, 0x00, 0x00, 0x00, 0x00, 0x0A, 0x30, 0x00, 0x00, 0x00, 0x00, 0x00,
        0x00, 0x00, 0x4B, 0x2D, 0x70, 0x00, 0x00, 0x00, 0x0A, 0x30, 0x00, 0x00,
        0x00, 0x00, 0x00, 0x00, 0x01, 0xD2, 0x01, 0xAC, 0x50, 0x00, 0x00, 0x08,
        0x20, 0x00, 0x00, 0x00, 0x00, 0x00, 0x00, 0x0B, 0x60, 0x00, 0x03, 0xAD,
        0x96, 0x31, 0x00, 0x00, 0x00, 0x00, 0x00, 0x00, 0x00, 0x01, 0xB8, 0x00,
        0x00, 0x00, 0x01, 0x48, 0xAC, 0xDD, 0xDD, 0xDD, 0xDD, 0xDD, 0xD5, 0x00,
        0x03, 0x70, 0x00, 0x00, 0x00, 0x00, 0x00, 0x00, 0x00, 0x00, 0x00, 0x00,
        0x00, 0x00, 0x00, 0x00, 0x00, 0x00, 0x00, 0x00, 0x00, 0x00, 0x00, 0x00,
        0x00, 0x00, 0x00, 0x00, 0x00, 0x00,
    },
    /* U+5F00 开 */
    {
        0x00, 0x00, 0x00, 0x00, 0x00, 0x00, 0x00, 0x00, 0x00, 0x00, 0x00, 0x00,
        0x00, 0x00, 0x00, 0x00, 0x00, 0x00, 0x00, 0x00, 0x00, 0x00, 0x00, 0x00,
        0x00, 0x00, 0x00, 0x00, 0x00, 0x00, 0x00, 0x00, 0x00, 0x00, 0x00, 0x00,
        0x00, 0x00, 0x00, 0x00, 0x00, 0x00, 0x00, 0x00, 0x00, 0x00, 0x00, 0x00,
        0x00, 0x00, 0x00, 0x00, 0x00, 0x00, 0x00, 0x00, 0x00, 0x00, 0x00, 0x00,
        0x00, 0x00, 0x00, 0x00, 0x00, 0x00, 0x00, 0x00, 0x00, 0x00, 0x00, 0x00,
        0x00, 0x00, 0x00, 0x00, 0x1D, 0xDD, 0xDD, 0xDF, 0xDD, 0xDD, 0xDD, 0xDD,
        0xDF, 0xED, 0xDD, 0xDD, 0x10, 0x00, 0x00, 0x00, 0x00, 0x00, 0x0D, 0x00,
        0x00, 0x00, 0x00, 0x0B, 0x20, 0x00, 0x00, 0x00, 0x00, 0x00, 0x00, 0x00,
        0x00, 0x0D, 0x00, 0x00, 0x00, 0x00, 0x0B, 0x20, 0x00, 0x00, 0x00, 0x00,
        0x00, 0x00, 0x00, 0x00, 0x0D, 0x00, 0x00, 0x00, 0x00, 0x0B, 0x20, 0x00,
        0x00, 0x00, 0x00, 0x00, 0x00, 0x00, 0x00, 0x0D, 0x00, 0x00, 0x00, 0x00,
        0x0B, 0x20, 0x00, 0x00, 0x00, 0x00, 0x00, 0x00, 0x00, 0x00, 0x0D, 0x00,
        0x00, 0x00, 0x00, 0x0B, 0x20, 0x00, 0x00, 0x00, 0x00, 0x00, 0x00, 0x00,
        0x00, 0x0D, 0x00, 0x00, 0x00, 0x00, 0x0B, 0x20, 0x00, 0x00, 0x00, 0x00,
        0x00, 0x00, 0x00, 0x00, 0x0D, 0x00, 0x00, 0x00, 0x00, 0x0B, 0x20, 0x00,
        0x00, 0x00, 0x00, 0x00, 0x00, 0x00, 0x00, 0x0D, 0x00, 0x00, 0x00, 0x00,
        0x0B, 0x20, 0x00, 0x00, 0x00, 0x00, 0x00, 0x00, 0x00, 0x00, 0x0D, 0x00,
        0x00, 0x00, 0x00, 0x0B, 0x20, 0x00, 0x00, 0x00, 0x00, 0x04, 0xDD, 0xDD,
        0xDD, 0xDF, 0xDD, 0xDD, 0xDD, 0xDD, 0xDF, 0xED, 0xDD, 0xDD, 0xD1, 0x00,
        0x00, 0x00, 0x00, 0x00, 0x1B, 0x00, 0x00, 0x00, 0x00, 0x0B, 0x20, 0x00,
        0x00, 0x00, 0x00, 0x00, 0x00, 0x00, 0x00, 0x2B, 0x00, 0x00, 0x00, 0x00,
        0x0B, 0x20, 0x00, 0x00, 0x00, 0x00, 0x00, 0x00, 0x00, 0x00, 0x49, 0x00,
        0x00, 0x00, 0x00, 0x0B, 0x20, 0x00, 0x00, 0x00, 0x00, 0x00, 0x00, 0x00,
        0x00, 0x76, 0x00, 0x00, 0x00, 0x00, 0x0B, 0x20, 0x00, 0x00, 0x00, 0x00,
        0x00, 0x00, 0x00, 0x00, 0xB2, 0x00, 0x00, 0x00, 0x00, 0x0B, 0x20, 0x00,
        0x00, 0x00, 0x00, 0x00, 0x00, 0x00, 0x01, 0xC0, 0x00, 0x00, 0x00, 0x00,
        0x0B, 0x20, 0x00, 0x00, 0x00, 0x00, 0x00, 0x00, 0x00, 0x08, 0x60, 0x00,
        0x00, 0x00, 0x00, 0x0B, 0x20, 0x00, 0x00, 0x00, 0x00, 0x00, 0x00, 0x00,
        0x2D, 0x10, 0x00, 0x00, 0x00, 0x00, 0x0B, 0x20, 0x00, 0x00, 0x00, 0x00,
        0x00, 0x00, 0x00, 0xB5, 0x00, 0x00, 0x00, 0x00, 0x00, 0x0B, 0x20, 0x00,
        0x00, 0x00, 0x00, 0x00, 0x00, 0x08, 0x90, 0x00, 0x00, 0x00, 0x00, 0x00,
        0x0B, 0x20, 0x00, 0x00, 0x00, 0x00, 0x00, 0x00, 0x8B, 0x00, 0x00, 0x00,
        0x00, 0x00, 0x00, 0x0B, 0x20, 0x00, 0x00, 0x00, 0x00, 0x00, 0x1A, 0xA0,
        0x00, 0x00, 0x00, 0x00, 0x00, 0x00, 0x0B, 0x20, 0x00, 0x00, 0x00, 0x00,
        0x00, 0xA6, 0x00, 0x00, 0x00, 0x00, 0x00, 0x00, 0x00, 0x0B, 0x20, 0x00,
        0x00, 0x00, 0x00, 0x00, 0x00, 0x00, 0x00, 0x00, 0x00, 0x00, 0x00, 0x00,
        0x00, 0x00, 0x00, 0x00, 0x00, 0x00,
    },
    /* U+6001 态 */
    {
        0x00, 0x00, 0x00, 0x00, 0x00, 0x00, 0x00, 0x00, 0x00, 0x00, 0x00, 0x00,
        0x00, 0x00, 0x00, 0x00, 0x00, 0x00, 0x00, 0x00, 0x00, 0x00, 0x00, 0x00,
        0x00, 0x00, 0x00, 0x00, 0x00, 0x00, 0x00, 0x00, 0x00, 0x00, 0x00, 0x00,
        0x00, 0x30, 0x00, 0x00, 0x00, 0x00, 0x00, 0x00, 0x00, 0x00, 0x00, 0x00,
        0x00, 0x00, 0x00, 0x00, 0xE0, 0x00, 0x00, 0x00, 0x00, 0x00, 0x00, 0x00,
        0x00, 0x00, 0x00, 0x00, 0x00, 0x00, 0x01, 0xD0, 0x00, 0x00, 0x00, 0x00,
        0x00, 0x00, 0x00, 0x00, 0x00, 0x00, 0x00, 0x00, 0x00, 0x04, 0xA0, 0x00,
        0x00, 0x00, 0x00, 0x00, 0x00, 0x00, 0x00, 0x00, 0x00, 0x00, 0x00, 0x00,
        0x06, 0x70, 0x00, 0x00, 0x00, 0x00, 0x00, 0x00, 0x00, 0x01, 0xDD, 0xDD,
        0xDD, 0xDD, 0xDD, 0xDF, 0xFF, 0xDD, 0xDD, 0xDD, 0xDD, 0xDD, 0xD3, 0x00,
        0x00, 0x00, 0x00, 0x00, 0x00, 0x00, 0x0D, 0x4A, 0x00, 0x00, 0x00, 0x00,
        0x00, 0x00, 0x00, 0x00, 0x00, 0x00, 0x00, 0x00, 0x00, 0x4A, 0x0C, 0x10,
        0x00, 0x00, 0x00, 0x00, 0x00, 0x00, 0x00, 0x00, 0x00, 0x00, 0x00, 0x00,
        0xB4, 0x06, 0x90, 0x00, 0x00, 0x00, 0x00, 0x00, 0x00, 0x00, 0x00, 0x00,
        0x00, 0x00, 0x04, 0xC0, 0x00, 0xB3, 0x00, 0x00, 0x00, 0x00, 0x00, 0x00,
        0x00, 0x00, 0x00, 0x00, 0x00, 0x1C, 0x30, 0x00, 0x3C, 0x10, 0x00, 0x00,
        0x00, 0x00, 0x00, 0x00, 0x00, 0x00, 0x00, 0x00, 0xA7, 0x00, 0x00, 0x06,
        0xA0, 0x00, 0x00, 0x00, 0x00, 0x00, 0x00, 0x00, 0x00, 0x00, 0x09, 0xA6,
        0x60, 0x00, 0x00, 0x8A, 0x00, 0x00, 0x00, 0x00, 0x00, 0x00, 0x00, 0x00,
        0x02, 0xB9, 0x01, 0x9B, 0x10, 0x00, 0x07, 0xC2, 0x00, 0x00, 0x00, 0x00,
        0x00, 0x00, 0x01, 0x6D, 0x60, 0x00, 0x05, 0xC2, 0x00, 0x00, 0x4D, 0x60,
        0x00, 0x00, 0x00, 0x00, 0x02, 0x8D, 0x92, 0x00, 0x00, 0x00, 0x4D, 0x20,
        0x00, 0x01, 0x9D, 0x61, 0x00, 0x00, 0x02, 0xCC, 0x71, 0x00, 0x00, 0x00,
        0x00, 0x04, 0x20, 0x00, 0x00, 0x02, 0x8D, 0xA1, 0x00, 0x00, 0x10, 0x00,
        0x00, 0x00, 0x00, 0x83, 0x00, 0x00, 0x00, 0x00, 0x00, 0x00, 0x20, 0x00,
        0x00, 0x00, 0x02, 0x00, 0x70, 0x00, 0x1B, 0x50, 0x00, 0x00, 0x00, 0xA2,
        0x00, 0x00, 0x00, 0x00, 0x00, 0x2B, 0x00, 0xD0, 0x00, 0x01, 0xB5, 0x00,
        0x00, 0x00, 0x5A, 0x00, 0x00, 0x00, 0x00, 0x00, 0x66, 0x00, 0xD0, 0x00,
        0x00, 0x1B, 0x60, 0x00, 0x00, 0x0B, 0x30, 0x00, 0x00, 0x00, 0x00, 0xC1,
        0x00, 0xD0, 0x00, 0x00, 0x01, 0xC6, 0x00, 0x00, 0x04, 0xB0, 0x00, 0x00,
        0x00, 0x03, 0xA0, 0x00, 0xD0, 0x00, 0x00, 0x00, 0x16, 0x00, 0x03, 0x00,
        0xC3, 0x00, 0x00, 0x00, 0x09, 0x40, 0x00, 0xD0, 0x00, 0x00, 0x00, 0x00,
        0x00, 0x0A, 0x30, 0x5A, 0x00, 0x00, 0x00, 0x2C, 0x00, 0x00, 0xD0, 0x00,
        0x00, 0x00, 0x00, 0x00, 0x0C, 0x10, 0x0D, 0x10, 0x00, 0x00, 0xB5, 0x00,
        0x00, 0xD1, 0x00, 0x00, 0x00, 0x00, 0x00, 0x2D, 0x00, 0x09, 0x60, 0x00,
        0x00, 0x30, 0x00, 0x00, 0x6D, 0xDD, 0xDD, 0xDD, 0xDD, 0xDD, 0xD4, 0x00,
        0x01, 0x00, 0x00, 0x00, 0x00, 0x00, 0x00, 0x00, 0x00, 0x00, 0x00, 0x00,
        0x00, 0x00, 0x00, 0x00, 0x00, 0x00,
    },
    /* U+6309 按 */
    {
        0x00, 0x00, 0x00, 0x00, 0x00, 0x00, 0x00, 0x00, 0x00, 0x00, 0x00, 0x00,
        0x00, 0x00, 0x00, 0x00, 0x00, 0x00, 0x00, 0x00, 0x00, 0x00, 0x00, 0x00,
        0x00, 0x00, 0x00, 0x00, 0x00, 0x00, 0x00, 0x00, 0x00, 0x10, 0x00, 0x00,
        0x00, 0x00, 0x00, 0x10, 0x00, 0x00, 0x00, 0x00, 0x00, 0x00, 0x00, 0x01,
        0xC0, 0x00, 0x00, 0x00, 0x00, 0x00, 0xD1, 0x00, 0x00, 0x00, 0x00, 0x00,
        0x00, 0x00, 0x01, 0xC0, 0x00, 0x00, 0x00, 0x00, 0x00, 0x87, 0x00, 0x00,
        0x00, 0x00, 0x00, 0x00, 0x00, 0x01, 0xC0, 0x00, 0x00, 0x00, 0x00, 0x00,
        0x2C, 0x00, 0x00, 0x00, 0x00, 0x00, 0x00, 0x00, 0x01, 0xC0, 0x00, 0x00,
        0x00, 0x00, 0x00, 0x0C, 0x20, 0x00, 0x00, 0x00, 0x00, 0x00, 0x00, 0x01,
        0xC0, 0x00, 0x09, 0xDD, 0xDD, 0xDD, 0xDF, 0xED, 0xDD, 0xDD, 0xE7, 0x00,
        0x00, 0x00, 0x01, 0xC0, 0x00, 0x09, 0x40, 0x00, 0x00, 0x00, 0x00, 0x00,
        0x00, 0x67, 0x00, 0x05, 0xDD, 0xDE, 0xFD, 0xDD, 0x59, 0x40, 0x00, 0x02,
        0x70, 0x00, 0x00, 0x00, 0x67, 0x00, 0x00, 0x00, 0x01, 0xC0, 0x00, 0x09,
        0x40, 0x00, 0x08, 0x70, 0x00, 0x00, 0x00, 0x67, 0x00, 0x00, 0x00, 0x01,
        0xC0, 0x00, 0x09, 0x40, 0x00, 0x0D, 0x10, 0x00, 0x00, 0x00, 0x67, 0x00,
        0x00, 0x00, 0x01, 0xC0, 0x00, 0x01, 0x10, 0x00, 0x4A, 0x00, 0x00, 0x00,
        0x00, 0x01, 0x00, 0x00, 0x00, 0x01, 0xC0, 0x00, 0x00, 0x00, 0x00, 0xA4,
        0x00, 0x00, 0x00, 0x00, 0x00, 0x00, 0x00, 0x00, 0x01, 0xC0, 0x00, 0x2B,
        0xBB, 0xBD, 0xFB, 0xBB, 0xBB, 0xBD, 0xBB, 0xBA, 0x00, 0x00, 0x00, 0x01,
        0xC0, 0x00, 0x02, 0x22, 0x2A, 0x72, 0x22, 0x22, 0x2E, 0x42, 0x22, 0x00,
        0x00, 0x00, 0x01, 0xC0, 0x02, 0x71, 0x00, 0x1C, 0x00, 0x00, 0x00, 0x0E,
        0x00, 0x00, 0x00, 0x00, 0x00, 0x01, 0xE7, 0xCB, 0x60, 0x00, 0x86, 0x00,
        0x00, 0x00, 0x4A, 0x00, 0x00, 0x00, 0x00, 0x02, 0x7C, 0xF7, 0x20, 0x00,
        0x01, 0xC0, 0x00, 0x00, 0x00, 0x86, 0x00, 0x00, 0x00, 0x05, 0xCD, 0x83,
        0xC0, 0x00, 0x00, 0x09, 0x50, 0x00, 0x00, 0x00, 0xD1, 0x00, 0x00, 0x00,
        0x03, 0x30, 0x01, 0xC0, 0x00, 0x00, 0x1F, 0x71, 0x00, 0x00, 0x06, 0x90,
        0x00, 0x00, 0x00, 0x00, 0x00, 0x01, 0xC0, 0x00, 0x00, 0x00, 0x6C, 0x71,
        0x00, 0x1D, 0x20, 0x00, 0x00, 0x00, 0x00, 0x00, 0x01, 0xC0, 0x00, 0x00,
        0x00, 0x00, 0x7D, 0x60, 0x95, 0x00, 0x00, 0x00, 0x00, 0x00, 0x00, 0x01,
        0xC0, 0x00, 0x00, 0x00, 0x00, 0x01, 0x9F, 0xD0, 0x00, 0x00, 0x00, 0x00,
        0x00, 0x00, 0x01, 0xC0, 0x00, 0x00, 0x00, 0x00, 0x00, 0x7D, 0xCA, 0x10,
        0x00, 0x00, 0x00, 0x00, 0x00, 0x01, 0xC0, 0x00, 0x00, 0x00, 0x00, 0x2B,
        0x80, 0x06, 0xD6, 0x00, 0x00, 0x00, 0x00, 0x00, 0x01, 0xC0, 0x00, 0x00,
        0x00, 0x18, 0xC4, 0x00, 0x00, 0x1A, 0xB2, 0x00, 0x00, 0x00, 0x00, 0x01,
        0xC0, 0x00, 0x01, 0x5A, 0xC6, 0x00, 0x00, 0x00, 0x00, 0x5D, 0x60, 0x00,
        0x00, 0x6C, 0xCC, 0x70, 0x00, 0x0B, 0x94, 0x00, 0x00, 0x00, 0x00, 0x00,
        0x01, 0xB4, 0x00, 0x00, 0x00, 0x00, 0x00, 0x00, 0x00, 0x00, 0x00, 0x00,
        0x00, 0x00, 0x00, 0x00, 0x00, 0x00,
    },
    /* U+6362 换 */
    {
        0x00, 0x00, 0x00, 0x00, 0x00, 0x00, 0x00, 0x00, 0x00, 0x00, 0x00, 0x00,
        0x00, 0x00, 0x00, 0x00, 0x00, 0x00, 0x00, 0x00, 0x00, 0x00, 0x00, 0x00,
        0x00, 0x00, 0x00, 0x00, 0x00, 0x00, 0x00, 0x00, 0x01, 0x00, 0x00, 0x00,
        0x00, 0x01, 0x20, 0x00, 0x00, 0x00, 0x00, 0x00, 0x00, 0x00, 0x00, 0x0C,
        0x20, 0x00, 0x00, 0x00, 0x06, 0x90, 0x00, 0x00, 0x00, 0x00, 0x00, 0x00,
        0x00, 0x00, 0x0C, 0x20, 0x00, 0x00, 0x00, 0x0D, 0x20, 0x00, 0x00, 0x00,
        0x00, 0x00, 0x00, 0x00, 0x00, 0x0C, 0x20, 0x00, 0x00, 0x00, 0x9F, 0xAA,
        0xAA, 0xAA, 0xE4, 0x00, 0x00, 0x00, 0x00, 0x00, 0x0C, 0x20, 0x00, 0x00,
        0x01, 0xD3, 0x22, 0x22, 0x24, 0xF2, 0x00, 0x00, 0x00, 0x00, 0x00, 0x0C,
        0x20, 0x00, 0x00, 0x0B, 0x50, 0x00, 0x00, 0x0B, 0x50, 0x00, 0x00, 0x00,
        0x00, 0x00, 0x0C, 0x20, 0x00, 0x00, 0x79, 0x00, 0x00, 0x00, 0x97, 0x00,
        0x00, 0x00, 0x00, 0x07, 0xEE, 0xEF, 0xFE, 0xE2, 0x05, 0xC0, 0x00, 0x00,
        0x08, 0x80, 0x00, 0x00, 0x00, 0x00, 0x00, 0x00, 0x0C, 0x20, 0x00, 0x6C,
        0xEC, 0xCC, 0xCC, 0xFF, 0xCC, 0xCC, 0x90, 0x00, 0x00, 0x00, 0x00, 0x0C,
        0x20, 0x00, 0x71, 0xC0, 0x00, 0x00, 0xD0, 0x00, 0x02, 0xB0, 0x00, 0x00,
        0x00, 0x00, 0x0C, 0x20, 0x00, 0x00, 0xC0, 0x00, 0x00, 0xD0, 0x00, 0x02,
        0xB0, 0x00, 0x00, 0x00, 0x00, 0x0C, 0x20, 0x00, 0x00, 0xC0, 0x00, 0x00,
        0xD0, 0x00, 0x02, 0xB0, 0x00, 0x00, 0x00, 0x00, 0x0C, 0x20, 0x00, 0x00,
        0xC0, 0x00, 0x00, 0xD0, 0x00, 0x02, 0xB0, 0x00, 0x00, 0x00, 0x00, 0x0C,
        0x20, 0x00, 0x00, 0xC0, 0x00, 0x00, 0xD0, 0x00, 0x02, 0xB0, 0x00, 0x00,
        0x00, 0x00, 0x0C, 0x21, 0x66, 0x00, 0xC0, 0x00, 0x01, 0xC0, 0x00, 0x02,
        0xB0, 0x00, 0x00, 0x00, 0x00, 0x1F, 0xDD, 0x83, 0x00, 0xC0, 0x00, 0x03,
        0xA0, 0x00, 0x02, 0xB0, 0x00, 0x00, 0x01, 0x5A, 0xDF, 0x60, 0x00, 0x00,
        0xC0, 0x00, 0x06, 0x70, 0x00, 0x02, 0xB0, 0x00, 0x00, 0x09, 0xA5, 0x0C,
        0x20, 0x06, 0xDD, 0xFD, 0xDD, 0xDF, 0xFD, 0xDD, 0xDE, 0xFD, 0xD1, 0x00,
        0x00, 0x00, 0x0C, 0x20, 0x00, 0x00, 0x00, 0x00, 0x2B, 0x96, 0x00, 0x00,
        0x00, 0x00, 0x00, 0x00, 0x00, 0x0C, 0x20, 0x00, 0x00, 0x00, 0x00, 0xA4,
        0x2D, 0x10, 0x00, 0x00, 0x00, 0x00, 0x00, 0x00, 0x0C, 0x20, 0x00, 0x00,
        0x00, 0x05, 0xA0, 0x06, 0x90, 0x00, 0x00, 0x00, 0x00, 0x00, 0x00, 0x0C,
        0x20, 0x00, 0x00, 0x00, 0x3C, 0x10, 0x00, 0xB5, 0x00, 0x00, 0x00, 0x00,
        0x00, 0x00, 0x0C, 0x20, 0x00, 0x00, 0x04, 0xC2, 0x00, 0x00, 0x1C, 0x40,
        0x00, 0x00, 0x00, 0x00, 0x00, 0x0C, 0x20, 0x00, 0x00, 0x6C, 0x10, 0x00,
        0x00, 0x02, 0xC5, 0x00, 0x00, 0x00, 0x00, 0x00, 0x0C, 0x20, 0x00, 0x2A,
        0x91, 0x00, 0x00, 0x00, 0x00, 0x1B, 0x81, 0x00, 0x00, 0x00, 0x00, 0x0C,
        0x20, 0x18, 0xC4, 0x00, 0x00, 0x00, 0x00, 0x00, 0x00, 0x7D, 0x50, 0x00,
        0x00, 0x8D, 0xDB, 0x01, 0xB6, 0x00, 0x00, 0x00, 0x00, 0x00, 0x00, 0x00,
        0x02, 0xA5, 0x00, 0x00, 0x00, 0x00, 0x00, 0x00, 0x00, 0x00, 0x00, 0x00,
        0x00, 0x00, 0x00, 0x00, 0x00, 0x00,
    },
    /* U+63A5 接 */
    {
        0x00, 0x00, 0x00, 0x00, 0x00, 0x00, 0x00, 0x00, 0x00, 0x00, 0x00, 0x00,
        0x00, 0x00, 0x00, 0x00, 0x00, 0x00, 0x00, 0x00, 0x00, 0x00, 0x00, 0x00,
        0x00, 0x00, 0x00, 0x00, 0x00, 0x00, 0x00, 0x00, 0x01, 0x00, 0x00, 0x00,
        0x00, 0x00, 0x00, 0x00, 0x00, 0x00, 0x00, 0x00, 0x00, 0x00, 0x00, 0x0D,
        0x00, 0x00, 0x00, 0x00, 0x00, 0x1A, 0x00, 0x00, 0x00, 0x00, 0x00, 0x00,
        0x00, 0x00, 0x0D, 0x00, 0x00, 0x00, 0x00, 0x00, 0x07, 0x70, 0x00, 0x00,
        0x00, 0x00, 0x00, 0x00, 0x00, 0x0D, 0x00, 0x00, 0x00, 0x00, 0x00, 0x00,
        0xC2, 0x00, 0x00, 0x00, 0x00, 0x00, 0x00, 0x00, 0x0D, 0x00, 0x00, 0x09,
        0xCC, 0xCC, 0xCC, 0xFF, 0xCC, 0xCC, 0xCC, 0x80, 0x00, 0x00, 0x00, 0x0D,
        0x00, 0x00, 0x01, 0x11, 0x11, 0x11, 0x11, 0x11, 0x11, 0x11, 0x10, 0x00,
        0x00, 0x00, 0x0D, 0x00, 0x00, 0x00, 0x03, 0x70, 0x00, 0x00, 0x00, 0x39,
        0x00, 0x00, 0x00, 0x0A, 0xDD, 0xDF, 0xDD, 0xD6, 0x00, 0x00, 0xA3, 0x00,
        0x00, 0x00, 0xB4, 0x00, 0x00, 0x00, 0x00, 0x00, 0x0D, 0x00, 0x00, 0x00,
        0x00, 0x1C, 0x00, 0x00, 0x05, 0xA0, 0x00, 0x00, 0x00, 0x00, 0x00, 0x0D,
        0x00, 0x00, 0x00, 0x00, 0x06, 0x70, 0x00, 0x1C, 0x20, 0x00, 0x00, 0x00,
        0x00, 0x00, 0x0D, 0x00, 0x00, 0x00, 0x00, 0x00, 0x30, 0x00, 0x96, 0x00,
        0x00, 0x00, 0x00, 0x00, 0x00, 0x0D, 0x00, 0x00, 0xCD, 0xDD, 0xDD, 0xDD,
        0xDD, 0xFD, 0xDD, 0xDD, 0xD7, 0x00, 0x00, 0x00, 0x0D, 0x00, 0x00, 0x00,
        0x00, 0x00, 0x06, 0x00, 0x00, 0x00, 0x00, 0x00, 0x00, 0x00, 0x00, 0x0D,
        0x00, 0x00, 0x00, 0x00, 0x00, 0x58, 0x00, 0x00, 0x00, 0x00, 0x00, 0x00,
        0x00, 0x00, 0x0D, 0x04, 0xA2, 0x00, 0x00, 0x00, 0xC1, 0x00, 0x00, 0x00,
        0x00, 0x00, 0x00, 0x00, 0x00, 0x3F, 0xDB, 0x50, 0x00, 0x00, 0x06, 0x70,
        0x00, 0x00, 0x00, 0x00, 0x00, 0x00, 0x02, 0x7C, 0xCF, 0x10, 0x03, 0xDD,
        0xDD, 0xEF, 0xED, 0xDD, 0xDD, 0xDF, 0xDD, 0xDB, 0x00, 0x0C, 0x83, 0x0D,
        0x00, 0x00, 0x00, 0x00, 0x95, 0x00, 0x00, 0x00, 0x4A, 0x00, 0x00, 0x00,
        0x00, 0x00, 0x0D, 0x00, 0x00, 0x00, 0x03, 0xA0, 0x00, 0x00, 0x00, 0xA5,
        0x00, 0x00, 0x00, 0x00, 0x00, 0x0D, 0x00, 0x00, 0x00, 0x0C, 0x10, 0x00,
        0x00, 0x03, 0xD0, 0x00, 0x00, 0x00, 0x00, 0x00, 0x0D, 0x00, 0x00, 0x00,
        0xFE, 0x50, 0x00, 0x00, 0x0C, 0x50, 0x00, 0x00, 0x00, 0x00, 0x00, 0x0D,
        0x00, 0x00, 0x00, 0x04, 0x9D, 0xA4, 0x00, 0x99, 0x00, 0x00, 0x00, 0x00,
        0x00, 0x00, 0x0D, 0x00, 0x00, 0x00, 0x00, 0x00, 0x4A, 0xDF, 0xB0, 0x00,
        0x00, 0x00, 0x00, 0x00, 0x00, 0x0D, 0x00, 0x00, 0x00, 0x00, 0x00, 0x04,
        0xEF, 0xD9, 0x20, 0x00, 0x00, 0x00, 0x00, 0x00, 0x0D, 0x00, 0x00, 0x00,
        0x00, 0x15, 0xBA, 0x20, 0x06, 0xDA, 0x20, 0x00, 0x00, 0x00, 0x00, 0x0D,
        0x00, 0x00, 0x14, 0x7B, 0xC8, 0x20, 0x00, 0x00, 0x07, 0xE8, 0x00, 0x00,
        0x00, 0xAC, 0xCA, 0x00, 0x07, 0xC9, 0x62, 0x00, 0x00, 0x00, 0x00, 0x00,
        0x1A, 0x90, 0x00, 0x00, 0x00, 0x00, 0x00, 0x00, 0x00, 0x00, 0x00, 0x00,
        0x00, 0x00, 0x00, 0x00, 0x00, 0x00,
    },
    /* U+6536 收 */
    {
        0x00, 0x00, 0x00, 0x00, 0x00, 0x00, 0x00, 0x00, 0x00, 0x00, 0x00, 0x00,
        0x00, 0x00, 0x00, 0x00, 0x00, 0x00, 0x00, 0x00, 0x00, 0x00, 0x00, 0x00,
        0x00, 0x00, 0x00, 0x00, 0x00, 0x00, 0x00, 0x00, 0x00, 0x00, 0x00, 0x00,
        0x00, 0x00, 0x01, 0x00, 0x00, 0x00, 0x00, 0x00, 0x00, 0x00, 0x00, 0x00,
        0x00, 0x00, 0x90, 0x00, 0x00, 0x2B, 0x00, 0x00, 0x00, 0x00, 0x00, 0x00,
        0x00, 0x00, 0x00, 0x00, 0x00, 0xD0, 0x00, 0x00, 0x68, 0x00, 0x00, 0x00,
        0x00, 0x00, 0x00, 0x00, 0x00, 0x00, 0x00, 0x00, 0xD0, 0x00, 0x00, 0x94,
        0x00, 0x00, 0x00, 0x00, 0x00, 0x00, 0x00, 0x09, 0x00, 0x00, 0x00, 0xD0,
        0x00, 0x00, 0xD1, 0x00, 0x00, 0x00, 0x00, 0x00, 0x00, 0x00, 0x0D, 0x00,
        0x00, 0x00, 0xD0, 0x00, 0x01, 0xC0, 0x00, 0x00, 0x00, 0x00, 0x00, 0x00,
        0x00, 0x0D, 0x00, 0x00, 0x00, 0xD0, 0x00, 0x06, 0x80, 0x00, 0x00, 0x00,
        0x00, 0x00, 0x00, 0x00, 0x0D, 0x00, 0x00, 0x00, 0xD0, 0x00, 0x0F, 0xFD,
        0xDD, 0xDD, 0xDF, 0xFD, 0xD7, 0x00, 0x00, 0x0D, 0x00, 0x00, 0x00, 0xD0,
        0x00, 0x1F, 0x30, 0x00, 0x00, 0x06, 0x80, 0x00, 0x00, 0x00, 0x0D, 0x00,
        0x00, 0x00, 0xD0, 0x00, 0x7C, 0x70, 0x00, 0x00, 0x09, 0x50, 0x00, 0x00,
        0x00, 0x0D, 0x00, 0x00, 0x00, 0xD0, 0x00, 0xD2, 0xB0, 0x00, 0x00, 0x0C,
        0x20, 0x00, 0x00, 0x00, 0x0D, 0x00, 0x00, 0x00, 0xD0, 0x07, 0x80, 0xC0,
        0x00, 0x00, 0x1D, 0x00, 0x00, 0x00, 0x00, 0x0D, 0x00, 0x00, 0x00, 0xD0,
        0x1D, 0x10, 0x75, 0x00, 0x00, 0x59, 0x00, 0x00, 0x00, 0x00, 0x0D, 0x00,
        0x00, 0x00, 0xD0, 0xA6, 0x00, 0x2B, 0x00, 0x00, 0x94, 0x00, 0x00, 0x00,
        0x00, 0x0D, 0x00, 0x00, 0x00, 0xD0, 0x80, 0x00, 0x0B, 0x20, 0x00, 0xD0,
        0x00, 0x00, 0x00, 0x00, 0x0D, 0x00, 0x00, 0x00, 0xD0, 0x00, 0x00, 0x06,
        0x70, 0x05, 0x90, 0x00, 0x00, 0x00, 0x00, 0x0D, 0x00, 0x00, 0x00, 0xD0,
        0x00, 0x00, 0x00, 0xC1, 0x0B, 0x30, 0x00, 0x00, 0x00, 0x00, 0x0D, 0x00,
        0x00, 0x03, 0xF0, 0x00, 0x00, 0x00, 0x67, 0x3A, 0x00, 0x00, 0x00, 0x00,
        0x00, 0x0D, 0x00, 0x28, 0xCA, 0xF0, 0x00, 0x00, 0x00, 0x0C, 0xC3, 0x00,
        0x00, 0x00, 0x00, 0x00, 0x1F, 0x7C, 0xC6, 0x10, 0xD0, 0x00, 0x00, 0x00,
        0x0B, 0xF0, 0x00, 0x00, 0x00, 0x00, 0x00, 0xBF, 0x82, 0x00, 0x00, 0xD0,
        0x00, 0x00, 0x00, 0x1C, 0xC5, 0x00, 0x00, 0x00, 0x00, 0x00, 0x21, 0x00,
        0x00, 0x00, 0xD0, 0x00, 0x00, 0x00, 0xB3, 0x1D, 0x10, 0x00, 0x00, 0x00,
        0x00, 0x00, 0x00, 0x00, 0x00, 0xD0, 0x00, 0x00, 0x0A, 0x70, 0x05, 0xB1,
        0x00, 0x00, 0x00, 0x00, 0x00, 0x00, 0x00, 0x00, 0xD0, 0x00, 0x01, 0xB7,
        0x00, 0x00, 0x7B, 0x10, 0x00, 0x00, 0x00, 0x00, 0x00, 0x00, 0x00, 0xD0,
        0x00, 0x3C, 0x60, 0x00, 0x00, 0x07, 0xC2, 0x00, 0x00, 0x00, 0x00, 0x00,
        0x00, 0x00, 0xD0, 0x18, 0xC3, 0x00, 0x00, 0x00, 0x00, 0x5D, 0x60, 0x00,
        0x00, 0x00, 0x00, 0x00, 0x00, 0xD0, 0xA7, 0x00, 0x00, 0x00, 0x00, 0x00,
        0x02, 0xA4, 0x00, 0x00, 0x00, 0x00, 0x00, 0x00, 0x00, 0x00, 0x00, 0x00,
        0x00, 0x00, 0x00, 0x00, 0x00, 0x00,
    },
    /* U+6539 改 */
    {
        0x00, 0x00, 0x00, 0x00, 0x00, 0x00, 0x00, 0x00, 0x00, 0x00, 0x00, 0x00,
        0x00, 0x00, 0x00, 0x00, 0x00, 0x00, 0x00, 0x00, 0x00, 0x00, 0x00, 0x00,
        0x00, 0x00, 0x00, 0x00, 0x00, 0x00, 0x00, 0x00, 0x00, 0x00, 0x00, 0x00,
        0x00, 0x00, 0x00, 0x00, 0x00, 0x00, 0x00, 0x00, 0x00, 0x00, 0x00, 0x00,
        0x00, 0x00, 0x00, 0x00, 0x00, 0x0C, 0x10, 0x00, 0x00, 0x00, 0x00, 0x00,
        0x00, 0x00, 0x00, 0x00, 0x00, 0x00, 0x00, 0x00, 0x1C, 0x00, 0x00, 0x00,
        0x00, 0x00, 0x00, 0x00, 0x9D, 0xDD, 0xDD, 0xDD, 0xDD, 0x10, 0x00, 0x58,
        0x00, 0x00, 0x00, 0x00, 0x00, 0x00, 0x00, 0x00, 0x00, 0x00, 0x00, 0x0C,
        0x10, 0x00, 0x94, 0x00, 0x00, 0x00, 0x00, 0x00, 0x00, 0x00, 0x00, 0x00,
        0x00, 0x00, 0x0C, 0x10, 0x00, 0xC0, 0x00, 0x00, 0x00, 0x00, 0x00, 0x00,
        0x00, 0x00, 0x00, 0x00, 0x00, 0x0C, 0x10, 0x03, 0xFB, 0xBB, 0xBB, 0xBB,
        0xDB, 0xB1, 0x00, 0x00, 0x00, 0x00, 0x00, 0x00, 0x0C, 0x10, 0x0A, 0x91,
        0x11, 0x11, 0x13, 0xD1, 0x10, 0x00, 0x00, 0x00, 0x00, 0x00, 0x00, 0x0C,
        0x10, 0x1F, 0xB0, 0x00, 0x00, 0x04, 0x90, 0x00, 0x00, 0x00, 0x00, 0x00,
        0x00, 0x00, 0x0C, 0x10, 0x67, 0xC0, 0x00, 0x00, 0x07, 0x60, 0x00, 0x00,
        0x00, 0x00, 0x00, 0x00, 0x00, 0x0C, 0x10, 0xC1, 0xA2, 0x00, 0x00, 0x0B,
        0x30, 0x00, 0x00, 0x00, 0x0F, 0xCC, 0xCC, 0xCC, 0xCE, 0x17, 0x80, 0x66,
        0x00, 0x00, 0x0D, 0x00, 0x00, 0x00, 0x00, 0x0E, 0x22, 0x22, 0x22, 0x22,
        0x2D, 0x10, 0x2A, 0x00, 0x00, 0x3A, 0x00, 0x00, 0x00, 0x00, 0x0D, 0x00,
        0x00, 0x00, 0x00, 0x64, 0x00, 0x0C, 0x10, 0x00, 0x76, 0x00, 0x00, 0x00,
        0x00, 0x0D, 0x00, 0x00, 0x00, 0x00, 0x00, 0x00, 0x07, 0x50, 0x00, 0xC1,
        0x00, 0x00, 0x00, 0x00, 0x0D, 0x00, 0x00, 0x00, 0x00, 0x00, 0x00, 0x02,
        0xB0, 0x03, 0xB0, 0x00, 0x00, 0x00, 0x00, 0x0D, 0x00, 0x00, 0x00, 0x00,
        0x00, 0x00, 0x00, 0xB2, 0x09, 0x50, 0x00, 0x00, 0x00, 0x00, 0x0D, 0x00,
        0x00, 0x00, 0x00, 0x00, 0x00, 0x00, 0x49, 0x2D, 0x00, 0x00, 0x00, 0x00,
        0x00, 0x0D, 0x00, 0x00, 0x00, 0x00, 0x00, 0x00, 0x00, 0x0C, 0xB5, 0x00,
        0x00, 0x00, 0x00, 0x00, 0x0D, 0x00, 0x00, 0x00, 0x00, 0x00, 0x00, 0x00,
        0x08, 0xF0, 0x00, 0x00, 0x00, 0x00, 0x00, 0x0D, 0x00, 0x00, 0x02, 0x8C,
        0x10, 0x00, 0x00, 0x1C, 0xD5, 0x00, 0x00, 0x00, 0x00, 0x00, 0x0D, 0x00,
        0x16, 0xCC, 0x61, 0x00, 0x00, 0x00, 0xA6, 0x1D, 0x10, 0x00, 0x00, 0x00,
        0x00, 0x0D, 0x4A, 0xE9, 0x30, 0x00, 0x00, 0x00, 0x09, 0x90, 0x05, 0xB0,
        0x00, 0x00, 0x00, 0x00, 0x8F, 0xC6, 0x10, 0x00, 0x00, 0x00, 0x00, 0xA9,
        0x00, 0x00, 0x7A, 0x00, 0x00, 0x00, 0x00, 0xB6, 0x00, 0x00, 0x00, 0x00,
        0x00, 0x2C, 0x70, 0x00, 0x00, 0x07, 0xC2, 0x00, 0x00, 0x00, 0x00, 0x00,
        0x00, 0x00, 0x00, 0x18, 0xD4, 0x00, 0x00, 0x00, 0x00, 0x5D, 0x60, 0x00,
        0x00, 0x00, 0x00, 0x00, 0x00, 0x01, 0xD8, 0x10, 0x00, 0x00, 0x00, 0x00,
        0x02, 0xA5, 0x00, 0x00, 0x00, 0x00, 0x00, 0x00, 0x00, 0x00, 0x00, 0x00,
        0x00, 0x00, 0x00, 0x00, 0x00, 0x00,
    },
    /* U+655B 敛 */
    {
        0x00, 0x00, 0x00, 0x00, 0x00, 0x00, 0x00, 0x00, 0x00, 0x00, 0x00, 0x00,
        0x00, 0x00, 0x00, 0x00, 0x00, 0x00, 0x00, 0x00, 0x00, 0x00, 0x00, 0x00,
        0x00, 0x00, 0x00, 0x00, 0x00, 0x00, 0x00, 0x00, 0x00, 0x00, 0x00, 0x00,
        0x00, 0x00, 0x00, 0x00, 0x00, 0x00, 0x00, 0x00, 0x00, 0x00, 0x00, 0x00,
        0x00, 0x37, 0x00, 0x00, 0x00, 0x00, 0x1C, 0x00, 0x00, 0x00, 0x00, 0x00,
        0x00, 0x00, 0x00, 0x00, 0xE4, 0x00, 0x00, 0x00, 0x00, 0x49, 0x00, 0x00,
        0x00, 0x00, 0x00, 0x00, 0x00, 0x00, 0x06, 0xF9, 0x00, 0x00, 0x00, 0x00,
        0x76, 0x00, 0x00, 0x00, 0x00, 0x00, 0x00, 0x00, 0x00, 0x3D, 0x16, 0xB1,
        0x00, 0x00, 0x00, 0xA3, 0x00, 0x00, 0x00, 0x00, 0x00, 0x00, 0x00, 0x01,
        0xD3, 0x00, 0x4C, 0x10, 0x00, 0x00, 0xD0, 0x00, 0x00, 0x00, 0x00, 0x00,
        0x00, 0x00, 0x1C, 0x50, 0x00, 0x04, 0xC2, 0x00, 0x03, 0xA0, 0x00, 0x00,
        0x00, 0x00, 0x00, 0x00, 0x00, 0xA7, 0x00, 0x00, 0x00, 0x4D, 0x20, 0x0C,
        0xFD, 0xDD, 0xDE, 0xFD, 0xD2, 0x00, 0x00, 0x1B, 0x70, 0x00, 0x00, 0x00,
        0x04, 0xD1, 0x0F, 0x90, 0x00, 0x04, 0xA0, 0x00, 0x00, 0x01, 0xC6, 0x1A,
        0xAA, 0xAA, 0xAA, 0x90, 0x30, 0x4A, 0xB0, 0x00, 0x06, 0x70, 0x00, 0x00,
        0x00, 0x10, 0x03, 0x33, 0x33, 0x33, 0x30, 0x00, 0xC3, 0xB0, 0x00, 0x09,
        0x40, 0x00, 0x00, 0x00, 0x00, 0x00, 0x00, 0x00, 0x00, 0x00, 0x05, 0xA0,
        0x93, 0x00, 0x0C, 0x10, 0x00, 0x00, 0x00, 0x00, 0x00, 0x00, 0x00, 0x00,
        0x00, 0x0B, 0x20, 0x57, 0x00, 0x1D, 0x00, 0x00, 0x00, 0x00, 0x00, 0x10,
        0x00, 0x91, 0x00, 0x04, 0x10, 0x00, 0x1B, 0x00, 0x49, 0x00, 0x00, 0x00,
        0x00, 0x04, 0x90, 0x00, 0xA4, 0x00, 0x0C, 0x10, 0x00, 0x0B, 0x10, 0x95,
        0x00, 0x00, 0x00, 0x00, 0x00, 0xC1, 0x00, 0x77, 0x00, 0x3A, 0x00, 0x00,
        0x07, 0x50, 0xD1, 0x00, 0x00, 0x00, 0x00, 0x00, 0x85, 0x00, 0x4A, 0x00,
        0x94, 0x00, 0x00, 0x02, 0xB4, 0xA0, 0x00, 0x00, 0x00, 0x00, 0x00, 0x3B,
        0x00, 0x1D, 0x01, 0xC0, 0x00, 0x00, 0x00, 0xBB, 0x40, 0x00, 0x00, 0x00,
        0x00, 0x00, 0x0D, 0x10, 0x0E, 0x06, 0x70, 0x00, 0x00, 0x00, 0x8F, 0x00,
        0x00, 0x00, 0x00, 0x00, 0x00, 0x08, 0x50, 0x04, 0x0B, 0x10, 0x00, 0x00,
        0x00, 0xBF, 0x10, 0x00, 0x00, 0x00, 0x00, 0x00, 0x02, 0x10, 0x00, 0x39,
        0x00, 0x00, 0x00, 0x04, 0xB6, 0x80, 0x00, 0x00, 0x00, 0x00, 0x00, 0x00,
        0x00, 0x00, 0xA5, 0x7B, 0x70, 0x00, 0x1D, 0x20, 0xC2, 0x00, 0x00, 0x00,
        0x00, 0x00, 0x00, 0x01, 0x4A, 0xFB, 0x73, 0x00, 0x01, 0xC5, 0x00, 0x4C,
        0x00, 0x00, 0x00, 0x00, 0x00, 0x37, 0xBD, 0x95, 0x10, 0x00, 0x00, 0x1C,
        0x60, 0x00, 0x07, 0x90, 0x00, 0x00, 0x00, 0x4D, 0xB7, 0x30, 0x00, 0x00,
        0x00, 0x03, 0xC5, 0x00, 0x00, 0x00, 0x99, 0x00, 0x00, 0x00, 0x11, 0x00,
        0x00, 0x00, 0x00, 0x01, 0x8C, 0x30, 0x00, 0x00, 0x00, 0x08, 0xB2, 0x00,
        0x00, 0x00, 0x00, 0x00, 0x00, 0x00, 0x07, 0x81, 0x00, 0x00, 0x00, 0x00,
        0x00, 0x54, 0x00, 0x00, 0x00, 0x00, 0x00, 0x00, 0x00, 0x00, 0x00, 0x00,
        0x00, 0x00, 0x00, 0x00, 0x00, 0x00,
    },
    /* U+6587 文 */
    {
        0x00, 0x00, 0x00, 0x00, 0x00, 0x00, 0x00, 0x00, 0x00, 0x00, 0x00, 0x00,
        0x00, 0x00, 0x00, 0x00, 0x00, 0x00, 0x00, 0x00, 0x00, 0x00, 0x00, 0x00,
        0x00, 0x00, 0x00, 0x00, 0x00, 0x00, 0x00, 0x00, 0x00, 0x00, 0x00, 0x00,
        0x02, 0x00, 0x00, 0x00, 0x00, 0x00, 0x00, 0x00, 0x00, 0x00, 0x00, 0x00,
        0x00, 0x00, 0x00, 0x0C, 0x20, 0x00, 0x00, 0x00, 0x00, 0x00, 0x00, 0x00,
        0x00, 0x00, 0x00, 0x00, 0x00, 0x00, 0x04, 0xB0, 0x00, 0x00, 0x00, 0x00,
        0x00, 0x00, 0x00, 0x00, 0x00, 0x00, 0x00, 0x00, 0x00, 0x00, 0xA5, 0x00,
        0x00, 0x00, 0x00, 0x00, 0x00, 0x00, 0x00, 0x00, 0x00, 0x00, 0x00, 0x00,
        0x00, 0x2C, 0x00, 0x00, 0x00, 0x00, 0x00, 0x00, 0x00, 0x00, 0x00, 0x00,
        0x00, 0x00, 0x00, 0x00, 0x05, 0x10, 0x00, 0x00, 0x00, 0x00, 0x00, 0x00,
        0x02, 0xDD, 0xDD, 0xFD, 0xDD, 0xDD, 0xDD, 0xDD, 0xDD, 0xDD, 0xDD, 0xFD,
        0xDD, 0xD9, 0x00, 0x00, 0x00, 0x00, 0xB3, 0x00, 0x00, 0x00, 0x00, 0x00,
        0x00, 0x06, 0x90, 0x00, 0x00, 0x00, 0x00, 0x00, 0x00, 0x59, 0x00, 0x00,
        0x00, 0x00, 0x00, 0x00, 0x0C, 0x30, 0x00, 0x00, 0x00, 0x00, 0x00, 0x00,
        0x0C, 0x10, 0x00, 0x00, 0x00, 0x00, 0x00, 0x3C, 0x00, 0x00, 0x00, 0x00,
        0x00, 0x00, 0x00, 0x06, 0x80, 0x00, 0x00, 0x00, 0x00, 0x00, 0xB5, 0x00,
        0x00, 0x00, 0x00, 0x00, 0x00, 0x00, 0x00, 0xC2, 0x00, 0x00, 0x00, 0x00,
        0x03, 0xC0, 0x00, 0x00, 0x00, 0x00, 0x00, 0x00, 0x00, 0x00, 0x4A, 0x00,
        0x00, 0x00, 0x00, 0x0C, 0x40, 0x00, 0x00, 0x00, 0x00, 0x00, 0x00, 0x00,
        0x00, 0x0A, 0x50, 0x00, 0x00, 0x00, 0x6A, 0x00, 0x00, 0x00, 0x00, 0x00,
        0x00, 0x00, 0x00, 0x00, 0x01, 0xD1, 0x00, 0x00, 0x02, 0xD2, 0x00, 0x00,
        0x00, 0x00, 0x00, 0x00, 0x00, 0x00, 0x00, 0x00, 0x5B, 0x00, 0x00, 0x0B,
        0x50, 0x00, 0x00, 0x00, 0x00, 0x00, 0x00, 0x00, 0x00, 0x00, 0x00, 0x08,
        0x90, 0x00, 0x99, 0x00, 0x00, 0x00, 0x00, 0x00, 0x00, 0x00, 0x00, 0x00,
        0x00, 0x00, 0x00, 0xB7, 0x07, 0xB0, 0x00, 0x00, 0x00, 0x00, 0x00, 0x00,
        0x00, 0x00, 0x00, 0x00, 0x00, 0x00, 0x1C, 0xDC, 0x10, 0x00, 0x00, 0x00,
        0x00, 0x00, 0x00, 0x00, 0x00, 0x00, 0x00, 0x00, 0x00, 0x09, 0xF9, 0x00,
        0x00, 0x00, 0x00, 0x00, 0x00, 0x00, 0x00, 0x00, 0x00, 0x00, 0x00, 0x01,
        0xAA, 0x1B, 0xA1, 0x00, 0x00, 0x00, 0x00, 0x00, 0x00, 0x00, 0x00, 0x00,
        0x00, 0x00, 0x3D, 0x70, 0x00, 0x8C, 0x30, 0x00, 0x00, 0x00, 0x00, 0x00,
        0x00, 0x00, 0x00, 0x00, 0x19, 0xC3, 0x00, 0x00, 0x04, 0xD7, 0x00, 0x00,
        0x00, 0x00, 0x00, 0x00, 0x00, 0x00, 0x07, 0xD7, 0x00, 0x00, 0x00, 0x00,
        0x19, 0xD5, 0x00, 0x00, 0x00, 0x00, 0x00, 0x00, 0x17, 0xD9, 0x10, 0x00,
        0x00, 0x00, 0x00, 0x00, 0x3B, 0xC6, 0x00, 0x00, 0x00, 0x00, 0x4A, 0xD8,
        0x10, 0x00, 0x00, 0x00, 0x00, 0x00, 0x00, 0x00, 0x39, 0xD9, 0x40, 0x00,
        0x05, 0xB5, 0x00, 0x00, 0x00, 0x00, 0x00, 0x00, 0x00, 0x00, 0x00, 0x00,
        0x16, 0xB5, 0x00, 0x00, 0x00, 0x00, 0x00, 0x00, 0x00, 0x00, 0x00, 0x00,
        0x00, 0x00, 0x00, 0x00, 0x00, 0x00,
    },
    /* U+65AD 断 */
    {
        0x00, 0x00, 0x00, 0x00, 0x00, 0x00, 0x00, 0x00, 0x00, 0x00, 0x00, 0x00,
        0x00, 0x00, 0x00, 0x00, 0x00, 0x00, 0x00, 0x00, 0x00, 0x00, 0x00, 0x00,
        0x00, 0x00, 0x00, 0x00, 0x00, 0x00, 0x00, 0x00, 0x00, 0x00, 0x00, 0x00,
        0x00, 0x00, 0x00, 0x00, 0x00, 0x00, 0x00, 0x00, 0x00, 0x00, 0x00, 0x00,
        0x00, 0x0A, 0x30, 0x00, 0x00, 0x00, 0x00, 0x00, 0x00, 0x38, 0xC1, 0x00,
        0x00, 0x1A, 0x01, 0x00, 0x0A, 0x30, 0x01, 0x00, 0x00, 0x00, 0x26, 0xAC,
        0xA5, 0x10, 0x00, 0x00, 0x1C, 0x0A, 0x30, 0x0A, 0x30, 0x09, 0x50, 0x3B,
        0xBC, 0xA6, 0x30, 0x00, 0x00, 0x00, 0x00, 0x1C, 0x04, 0x90, 0x0A, 0x30,
        0x1D, 0x00, 0x4C, 0x10, 0x00, 0x00, 0x00, 0x00, 0x00, 0x00, 0x1C, 0x00,
        0xD0, 0x0A, 0x30, 0x77, 0x00, 0x48, 0x00, 0x00, 0x00, 0x00, 0x00, 0x00,
        0x00, 0x1C, 0x00, 0x94, 0x0A, 0x30, 0xC1, 0x00, 0x48, 0x00, 0x00, 0x00,
        0x00, 0x00, 0x00, 0x00, 0x1C, 0x00, 0x67, 0x0A, 0x36, 0x70, 0x00, 0x48,
        0x00, 0x00, 0x00, 0x00, 0x00, 0x00, 0x00, 0x1C, 0x00, 0x10, 0x0A, 0x31,
        0x10, 0x00, 0x48, 0x00, 0x00, 0x00, 0x00, 0x00, 0x00, 0x00, 0x1C, 0x00,
        0x00, 0x0B, 0x30, 0x00, 0x00, 0x48, 0x00, 0x00, 0x00, 0x00, 0x00, 0x00,
        0x00, 0x1C, 0x6D, 0xDD, 0xDF, 0xFD, 0xDD, 0xB0, 0x4B, 0x22, 0x22, 0x22,
        0x22, 0x21, 0x00, 0x00, 0x1C, 0x00, 0x00, 0x3F, 0x80, 0x00, 0x00, 0x5F,
        0xAA, 0xAA, 0xAF, 0xAA, 0xA6, 0x00, 0x00, 0x1C, 0x00, 0x00, 0x9D, 0xE3,
        0x00, 0x00, 0x48, 0x00, 0x00, 0x0D, 0x00, 0x00, 0x00, 0x00, 0x1C, 0x00,
        0x02, 0xAA, 0x4C, 0x20, 0x00, 0x48, 0x00, 0x00, 0x0D, 0x00, 0x00, 0x00,
        0x00, 0x1C, 0x00, 0x0A, 0x3A, 0x33, 0xC1, 0x00, 0x58, 0x00, 0x00, 0x0D,
        0x00, 0x00, 0x00, 0x00, 0x1C, 0x00, 0x49, 0x0A, 0x30, 0x6B, 0x00, 0x57,
        0x00, 0x00, 0x0D, 0x00, 0x00, 0x00, 0x00, 0x1C, 0x01, 0xC1, 0x0A, 0x30,
        0x09, 0x60, 0x66, 0x00, 0x00, 0x0D, 0x00, 0x00, 0x00, 0x00, 0x1C, 0x09,
        0x60, 0x0A, 0x30, 0x01, 0x00, 0x66, 0x00, 0x00, 0x0D, 0x00, 0x00, 0x00,
        0x00, 0x1C, 0x7A, 0x00, 0x0A, 0x30, 0x00, 0x00, 0x85, 0x00, 0x00, 0x0D,
        0x00, 0x00, 0x00, 0x00, 0x1C, 0x40, 0x00, 0x0A, 0x30, 0x00, 0x00, 0x93,
        0x00, 0x00, 0x0D, 0x00, 0x00, 0x00, 0x00, 0x1C, 0x00, 0x00, 0x0A, 0x30,
        0x00, 0x00, 0xB1, 0x00, 0x00, 0x0D, 0x00, 0x00, 0x00, 0x00, 0x1C, 0x00,
        0x00, 0x07, 0x20, 0x00, 0x00, 0xC0, 0x00, 0x00, 0x0D, 0x00, 0x00, 0x00,
        0x00, 0x1C, 0x00, 0x00, 0x00, 0x00, 0x00, 0x03, 0x90, 0x00, 0x00, 0x0D,
        0x00, 0x00, 0x00, 0x00, 0x1F, 0xDD, 0xDD, 0xDD, 0xDD, 0xDD, 0x78, 0x40,
        0x00, 0x00, 0x0D, 0x00, 0x00, 0x00, 0x00, 0x00, 0x00, 0x00, 0x00, 0x00,
        0x00, 0x0C, 0x00, 0x00, 0x00, 0x0D, 0x00, 0x00, 0x00, 0x00, 0x00, 0x00,
        0x00, 0x00, 0x00, 0x00, 0x67, 0x00, 0x00, 0x00, 0x0D, 0x00, 0x00, 0x00,
        0x00, 0x00, 0x00, 0x00, 0x00, 0x00, 0x00, 0x90, 0x00, 0x00, 0x00, 0x0D,
        0x00, 0x00, 0x00, 0x00, 0x00, 0x00, 0x00, 0x00, 0x00, 0x00, 0x00, 0x00,
        0x00, 0x00, 0x00, 0x00, 0x00, 0x00,
    },
    /* U+65B9 方 */
    {
        0x00, 0x00, 0x00, 0x00, 0x00, 0x00, 0x00, 0x00, 0x00, 0x00, 0x00, 0x00,
        0x00, 0x00, 0x00, 0x00, 0x00, 0x00, 0x00, 0x00, 0x00, 0x00, 0x00, 0x00,
        0x00, 0x00, 0x00, 0x00, 0x00, 0x00, 0x00, 0x00, 0x00, 0x00, 0x00, 0x00,
        0x00, 0x10, 0x00, 0x00, 0x00, 0x00, 0x00, 0x00, 0x00, 0x00, 0x00, 0x00,
        0x00, 0x00, 0x00, 0x05, 0x90, 0x00, 0x00, 0x00, 0x00, 0x00, 0x00, 0x00,
        0x00, 0x00, 0x00, 0x00, 0x00, 0x00, 0x00, 0xC2, 0x00, 0x00, 0x00, 0x00,
        0x00, 0x00, 0x00, 0x00, 0x00, 0x00, 0x00, 0x00, 0x00, 0x00, 0x59, 0x00,
        0x00, 0x00, 0x00, 0x00, 0x00, 0x00, 0x00, 0x00, 0x00, 0x00, 0x00, 0x00,
        0x00, 0x0D, 0x10, 0x00, 0x00, 0x00, 0x00, 0x00, 0x00, 0x00, 0x00, 0x00,
        0x00, 0x00, 0x00, 0x00, 0x05, 0x10, 0x00, 0x00, 0x00, 0x00, 0x00, 0x00,
        0x00, 0x7D, 0xDD, 0xDD, 0xDD, 0xDF, 0xDD, 0xDD, 0xDD, 0xDD, 0xDD, 0xDD,
        0xDD, 0x90, 0x00, 0x00, 0x00, 0x00, 0x00, 0x00, 0x2B, 0x00, 0x00, 0x00,
        0x00, 0x00, 0x00, 0x00, 0x00, 0x00, 0x00, 0x00, 0x00, 0x00, 0x00, 0x3A,
        0x00, 0x00, 0x00, 0x00, 0x00, 0x00, 0x00, 0x00, 0x00, 0x00, 0x00, 0x00,
        0x00, 0x00, 0x49, 0x00, 0x00, 0x00, 0x00, 0x00, 0x00, 0x00, 0x00, 0x00,
        0x00, 0x00, 0x00, 0x00, 0x00, 0x58, 0x00, 0x00, 0x00, 0x00, 0x00, 0x00,
        0x00, 0x00, 0x00, 0x00, 0x00, 0x00, 0x00, 0x00, 0x76, 0x00, 0x00, 0x00,
        0x00, 0x00, 0x00, 0x00, 0x00, 0x00, 0x00, 0x00, 0x00, 0x00, 0x00, 0x94,
        0x00, 0x00, 0x00, 0x00, 0x00, 0x00, 0x00, 0x00, 0x00, 0x00, 0x00, 0x00,
        0x00, 0x00, 0xBF, 0xDD, 0xDD, 0xDD, 0xDD, 0xDD, 0xF8, 0x00, 0x00, 0x00,
        0x00, 0x00, 0x00, 0x00, 0x00, 0xD0, 0x00, 0x00, 0x00, 0x00, 0x00, 0x67,
        0x00, 0x00, 0x00, 0x00, 0x00, 0x00, 0x00, 0x02, 0xC0, 0x00, 0x00, 0x00,
        0x00, 0x00, 0x76, 0x00, 0x00, 0x00, 0x00, 0x00, 0x00, 0x00, 0x06, 0x80,
        0x00, 0x00, 0x00, 0x00, 0x00, 0x85, 0x00, 0x00, 0x00, 0x00, 0x00, 0x00,
        0x00, 0x0A, 0x40, 0x00, 0x00, 0x00, 0x00, 0x00, 0xA3, 0x00, 0x00, 0x00,
        0x00, 0x00, 0x00, 0x00, 0x1D, 0x00, 0x00, 0x00, 0x00, 0x00, 0x00, 0xB2,
        0x00, 0x00, 0x00, 0x00, 0x00, 0x00, 0x00, 0x78, 0x00, 0x00, 0x00, 0x00,
        0x00, 0x00, 0xD0, 0x00, 0x00, 0x00, 0x00, 0x00, 0x00, 0x01, 0xD2, 0x00,
        0x00, 0x00, 0x00, 0x00, 0x00, 0xD0, 0x00, 0x00, 0x00, 0x00, 0x00, 0x00,
        0x08, 0x80, 0x00, 0x00, 0x00, 0x00, 0x00, 0x01, 0xC0, 0x00, 0x00, 0x00,
        0x00, 0x00, 0x00, 0x3D, 0x10, 0x00, 0x00, 0x00, 0x00, 0x00, 0x04, 0x90,
        0x00, 0x00, 0x00, 0x00, 0x00, 0x02, 0xD3, 0x00, 0x00, 0x00, 0x00, 0x00,
        0x00, 0x07, 0x70, 0x00, 0x00, 0x00, 0x00, 0x00, 0x3D, 0x40, 0x00, 0x00,
        0x00, 0x00, 0x00, 0x00, 0x0B, 0x30, 0x00, 0x00, 0x00, 0x00, 0x06, 0xD3,
        0x00, 0x00, 0x00, 0x00, 0x00, 0x00, 0x00, 0x3C, 0x00, 0x00, 0x00, 0x00,
        0x01, 0xC9, 0x10, 0x00, 0x00, 0x00, 0x00, 0x6C, 0xCC, 0xCC, 0xC3, 0x00,
        0x00, 0x00, 0x00, 0x00, 0x20, 0x00, 0x00, 0x00, 0x00, 0x00, 0x00, 0x00,
        0x10, 0x00, 0x00, 0x00, 0x00, 0x00,
    },
    /* U+65CB 旋 */
    {
        0x00, 0x00, 0x00, 0x00, 0x00, 0x00, 0x00, 0x00, 0x00, 0x00, 0x00, 0x00,
        0x00, 0x00, 0x00, 0x00, 0x00, 0x00, 0x00, 0x00, 0x00, 0x00, 0x00, 0x00,
        0x00, 0x00, 0x00, 0x00, 0x00, 0x00, 0x00, 0x00, 0x00, 0x00, 0x00, 0x00,
        0x00, 0x00, 0x00, 0x00, 0x00, 0x00, 0x00, 0x00, 0x00, 0x00, 0x00, 0x07,
        0x30, 0x00, 0x00, 0x00, 0x00, 0xD1, 0x00, 0x00, 0x00, 0x00, 0x00, 0x00,
        0x00, 0x00, 0x03, 0xC0, 0x00, 0x00, 0x00, 0x03, 0xB0, 0x00, 0x00, 0x00,
        0x00, 0x00, 0x00, 0x00, 0x00, 0x00, 0x87, 0x00, 0x00, 0x00, 0x08, 0x60,
        0x00, 0x00, 0x00, 0x00, 0x00, 0x00, 0x00, 0x00, 0x00, 0x1D, 0x20, 0x00,
        0x00, 0x0D, 0x10, 0x00, 0x00, 0x00, 0x00, 0x00, 0x00, 0x00, 0x11, 0x11,
        0x15, 0x21, 0x11, 0x00, 0x6F, 0xCC, 0xCC, 0xCC, 0xCC, 0xCC, 0xCB, 0x00,
        0x07, 0xCC, 0xDF, 0xCC, 0xCC, 0xCC, 0x90, 0xD2, 0x00, 0x00, 0x00, 0x00,
        0x00, 0x00, 0x00, 0x00, 0x00, 0x2B, 0x00, 0x00, 0x00, 0x07, 0x80, 0x00,
        0x00, 0x00, 0x00, 0x00, 0x00, 0x00, 0x00, 0x00, 0x2B, 0x00, 0x00, 0x00,
        0x3D, 0x10, 0x00, 0x00, 0x00, 0x00, 0x00, 0x00, 0x00, 0x00, 0x00, 0x2A,
        0x00, 0x00, 0x00, 0xA3, 0x23, 0x33, 0x33, 0x33, 0x33, 0x33, 0x30, 0x00,
        0x00, 0x00, 0x2A, 0x00, 0x00, 0x00, 0x00, 0x79, 0x99, 0x9D, 0xF9, 0x99,
        0x99, 0xF2, 0x00, 0x00, 0x00, 0x3F, 0xCC, 0xCC, 0xF1, 0x00, 0x00, 0x00,
        0x05, 0x70, 0x00, 0x04, 0xA0, 0x00, 0x00, 0x00, 0x4A, 0x11, 0x11, 0xC1,
        0x00, 0x00, 0x00, 0x05, 0x70, 0x00, 0x0C, 0x20, 0x00, 0x00, 0x00, 0x49,
        0x00, 0x00, 0xC0, 0x00, 0x01, 0x00, 0x05, 0x70, 0x00, 0x69, 0x00, 0x00,
        0x00, 0x00, 0x58, 0x00, 0x00, 0xD0, 0x00, 0x0D, 0x00, 0x05, 0x70, 0x00,
        0x61, 0x00, 0x00, 0x00, 0x00, 0x57, 0x00, 0x00, 0xD0, 0x00, 0x1B, 0x00,
        0x05, 0x70, 0x00, 0x00, 0x00, 0x00, 0x00, 0x00, 0x76, 0x00, 0x00, 0xD0,
        0x00, 0x2A, 0x00, 0x05, 0x70, 0x00, 0x00, 0x00, 0x00, 0x00, 0x00, 0x84,
        0x00, 0x00, 0xD0, 0x00, 0x49, 0x00, 0x05, 0xFD, 0xDD, 0xDD, 0x90, 0x00,
        0x00, 0x00, 0xA3, 0x00, 0x00, 0xD0, 0x00, 0x6B, 0x00, 0x05, 0x70, 0x00,
        0x00, 0x00, 0x00, 0x00, 0x00, 0xC1, 0x00, 0x01, 0xC0, 0x00, 0x8F, 0x00,
        0x05, 0x70, 0x00, 0x00, 0x00, 0x00, 0x00, 0x00, 0xC0, 0x00, 0x02, 0xC0,
        0x00, 0xBD, 0x10, 0x05, 0x70, 0x00, 0x00, 0x00, 0x00, 0x00, 0x04, 0x90,
        0x00, 0x03, 0xB0, 0x00, 0xD6, 0x50, 0x05, 0x70, 0x00, 0x00, 0x00, 0x00,
        0x00, 0x08, 0x50, 0x00, 0x04, 0xA0, 0x03, 0xA1, 0xB0, 0x05, 0x70, 0x00,
        0x00, 0x00, 0x00, 0x00, 0x0C, 0x10, 0x00, 0x05, 0x90, 0x08, 0x60, 0x76,
        0x05, 0x70, 0x00, 0x00, 0x00, 0x00, 0x00, 0x59, 0x00, 0x00, 0x07, 0x70,
        0x1D, 0x10, 0x0C, 0x55, 0x70, 0x00, 0x00, 0x00, 0x00, 0x01, 0xD2, 0x00,
        0x00, 0x0B, 0x30, 0x97, 0x00, 0x01, 0xBC, 0x81, 0x00, 0x00, 0x00, 0x00,
        0x0A, 0x60, 0x08, 0xDD, 0xD9, 0x05, 0xB0, 0x00, 0x00, 0x04, 0x9D, 0xED,
        0xDD, 0xDA, 0x00, 0x03, 0x00, 0x00, 0x01, 0x00, 0x00, 0x10, 0x00, 0x00,
        0x00, 0x00, 0x00, 0x00, 0x00, 0x00,
    },
    /* U+65E5 日 */
    {
        0x00, 0x00, 0x00, 0x00, 0x00, 0x00, 0x00, 0x00, 0x00, 0x00, 0x00, 0x00,
        0x00, 0x00, 0x00, 0x00, 0x00, 0x00, 0x00, 0x00, 0x00, 0x00, 0x00, 0x00,
        0x00, 0x00, 0x00, 0x00, 0x00, 0x00, 0x00, 0x00, 0x00, 0x00, 0x00, 0x00,
        0x00, 0x00, 0x00, 0x00, 0x00, 0x00, 0x00, 0x00, 0x00, 0x00, 0x00, 0x00,
        0x00, 0x00, 0x00, 0x00, 0x00, 0x00, 0x00, 0x00, 0x00, 0x00, 0x00, 0x00,
        0x00, 0x00, 0x00, 0x00, 0x00, 0x00, 0x00, 0x00, 0x00, 0x00, 0x00, 0x00,
        0x00, 0x00, 0x00, 0x00, 0x00, 0x03, 0xDD, 0xDD, 0xDD, 0xDD, 0xDD, 0xDD,
        0xDD, 0xDD, 0xD6, 0x00, 0x00, 0x00, 0x00, 0x00, 0x04, 0xA0, 0x00, 0x00,
        0x00, 0x00, 0x00, 0x00, 0x00, 0x67, 0x00, 0x00, 0x00, 0x00, 0x00, 0x04,
        0xA0, 0x00, 0x00, 0x00, 0x00, 0x00, 0x00, 0x00, 0x67, 0x00, 0x00, 0x00,
        0x00, 0x00, 0x04, 0xA0, 0x00, 0x00, 0x00, 0x00, 0x00, 0x00, 0x00, 0x67,
        0x00, 0x00, 0x00, 0x00, 0x00, 0x04, 0xA0, 0x00, 0x00, 0x00, 0x00, 0x00,
        0x00, 0x00, 0x67, 0x00, 0x00, 0x00, 0x00, 0x00, 0x04, 0xA0, 0x00, 0x00,
        0x00, 0x00, 0x00, 0x00, 0x00, 0x67, 0x00, 0x00, 0x00, 0x00, 0x00, 0x04,
        0xA0, 0x00, 0x00, 0x00, 0x00, 0x00, 0x00, 0x00, 0x67, 0x00, 0x00, 0x00,
        0x00, 0x00, 0x04, 0xA0, 0x00, 0x00, 0x00, 0x00, 0x00, 0x00, 0x00, 0x67,
        0x00, 0x00, 0x00, 0x00, 0x00, 0x04, 0xA0, 0x00, 0x00, 0x00, 0x00, 0x00,
        0x00, 0x00, 0x67, 0x00, 0x00, 0x00, 0x00, 0x00, 0x04, 0xA0, 0x00, 0x00,
        0x00, 0x00, 0x00, 0x00, 0x00, 0x67, 0x00, 0x00, 0x00, 0x00, 0x00, 0x04,
        0xFC, 0xCC, 0xCC, 0xCC, 0xCC, 0xCC, 0xCC, 0xCC, 0xF7, 0x00, 0x00, 0x00,
        0x00, 0x00, 0x04, 0xA1, 0x11, 0x11, 0x11, 0x11, 0x11, 0x11, 0x11, 0x77,
        0x00, 0x00, 0x00, 0x00, 0x00, 0x04, 0xA0, 0x00, 0x00, 0x00, 0x00, 0x00,
        0x00, 0x00, 0x67, 0x00, 0x00, 0x00, 0x00, 0x00, 0x04, 0xA0, 0x00, 0x00,
        0x00, 0x00, 0x00, 0x00, 0x00, 0x67, 0x00, 0x00, 0x00, 0x00, 0x00, 0x04,
        0xA0, 0x00, 0x00, 0x00, 0x00, 0x00, 0x00, 0x00, 0x67, 0x00, 0x00, 0x00,
        0x00, 0x00, 0x04, 0xA0, 0x00, 0x00, 0x00, 0x00, 0x00, 0x00, 0x00, 0x67,
        0x00, 0x00, 0x00, 0x00, 0x00, 0x04, 0xA0, 0x00, 0x00, 0x00, 0x00, 0x00,
        0x00, 0x00, 0x67, 0x00, 0x00, 0x00, 0x00, 0x00, 0x04, 0xA0, 0x00, 0x00,
        0x00, 0x00, 0x00, 0x00, 0x00, 0x67, 0x00, 0x00, 0x00, 0x00, 0x00, 0x04,
        0xA0, 0x00, 0x00, 0x00, 0x00, 0x00, 0x00, 0x00, 0x67, 0x00, 0x00, 0x00,
        0x00, 0x00, 0x04, 0xA0, 0x00, 0x00, 0x00, 0x00, 0x00, 0x00, 0x00, 0x67,
        0x00, 0x00, 0x00, 0x00, 0x00, 0x04, 0xA0, 0x00, 0x00, 0x00, 0x00, 0x00,
        0x00, 0x00, 0x67, 0x00, 0x00, 0x00, 0x00, 0x00, 0x04, 0xFD, 0xDD, 0xDD,
        0xDD, 0xDD, 0xDD, 0xDD, 0xDD, 0xF8, 0x00, 0x00, 0x00, 0x00, 0x00, 0x04,
        0xA0, 0x00, 0x00, 0x00, 0x00, 0x00, 0x00, 0x00, 0x67, 0x00, 0x00, 0x00,
        0x00, 0x00, 0x04, 0xA0, 0x00, 0x00, 0x00, 0x00, 0x00, 0x00, 0x00, 0x67,
        0x00, 0x00, 0x00, 0x00, 0x00, 0x00, 0x00, 0x00, 0x00, 0x00, 0x00, 0x00,
        0x00, 0x00, 0x00, 0x00, 0x00, 0x00,
    },
    /* U+672C 本 */
    {
        0x00, 0x00, 0x00, 0x00, 0x00, 0x00, 0x00, 0x00, 0x00, 0x00, 0x00, 0x00,
        0x00, 0x00, 0x00, 0x00, 0x00, 0x00, 0x00, 0x00, 0x00, 0x00, 0x00, 0x00,
        0x00, 0x00, 0x00, 0x00, 0x00, 0x00, 0x00, 0x00, 0x00, 0x00, 0x00, 0x00,
        0x00, 0x30, 0x00, 0x00, 0x00, 0x00, 0x00, 0x00, 0x00, 0x00, 0x00, 0x00,
        0x00, 0x00, 0x00, 0x00, 0xD0, 0x00, 0x00, 0x00, 0x00, 0x00, 0x00, 0x00,
        0x00, 0x00, 0x00, 0x00, 0x00, 0x00, 0x00, 0xD0, 0x00, 0x00, 0x00, 0x00,
        0x00, 0x00, 0x00, 0x00, 0x00, 0x00, 0x00, 0x00, 0x00, 0x00, 0xD0, 0x00,
        0x00, 0x00, 0x00, 0x00, 0x00, 0x00, 0x00, 0x00, 0x00, 0x00, 0x00, 0x00,
        0x00, 0xD0, 0x00, 0x00, 0x00, 0x00, 0x00, 0x00, 0x00, 0x00, 0x00, 0x00,
        0x00, 0x00, 0x00, 0x00, 0xD0, 0x00, 0x00, 0x00, 0x00, 0x00, 0x00, 0x00,
        0x00, 0x00, 0x00, 0x00, 0x00, 0x00, 0x00, 0xD0, 0x00, 0x00, 0x00, 0x00,
        0x00, 0x00, 0x00, 0x00, 0xAB, 0xBB, 0xBB, 0xBB, 0xBB, 0xCC, 0xFB, 0xBB,
        0xBB, 0xBB, 0xBB, 0xBB, 0xB0, 0x00, 0x00, 0x23, 0x33, 0x33, 0x33, 0x33,
        0xC6, 0xF8, 0x93, 0x33, 0x33, 0x33, 0x33, 0x30, 0x00, 0x00, 0x00, 0x00,
        0x00, 0x00, 0x02, 0xC0, 0xD0, 0xC0, 0x00, 0x00, 0x00, 0x00, 0x00, 0x00,
        0x00, 0x00, 0x00, 0x00, 0x00, 0x09, 0x50, 0xD0, 0x76, 0x00, 0x00, 0x00,
        0x00, 0x00, 0x00, 0x00, 0x00, 0x00, 0x00, 0x00, 0x3B, 0x00, 0xD0, 0x1C,
        0x10, 0x00, 0x00, 0x00, 0x00, 0x00, 0x00, 0x00, 0x00, 0x00, 0x00, 0xB3,
        0x00, 0xD0, 0x05, 0x80, 0x00, 0x00, 0x00, 0x00, 0x00, 0x00, 0x00, 0x00,
        0x00, 0x06, 0x90, 0x00, 0xD0, 0x00, 0xB3, 0x00, 0x00, 0x00, 0x00, 0x00,
        0x00, 0x00, 0x00, 0x00, 0x3C, 0x10, 0x00, 0xD0, 0x00, 0x2C, 0x10, 0x00,
        0x00, 0x00, 0x00, 0x00, 0x00, 0x00, 0x01, 0xC3, 0x00, 0x00, 0xD0, 0x00,
        0x04, 0xA0, 0x00, 0x00, 0x00, 0x00, 0x00, 0x00, 0x00, 0x0B, 0x50, 0x00,
        0x00, 0xD0, 0x00, 0x00, 0x88, 0x00, 0x00, 0x00, 0x00, 0x00, 0x00, 0x00,
        0xA7, 0x00, 0x00, 0x00, 0xD0, 0x00, 0x00, 0x09, 0x80, 0x00, 0x00, 0x00,
        0x00, 0x00, 0x0A, 0x80, 0x00, 0x00, 0x00, 0xD0, 0x00, 0x00, 0x00, 0xA8,
        0x00, 0x00, 0x00, 0x00, 0x01, 0xB7, 0x00, 0x00, 0x00, 0x00, 0xD0, 0x00,
        0x00, 0x00, 0x08, 0xB1, 0x00, 0x00, 0x00, 0x4D, 0x60, 0x5D, 0xDD, 0xDD,
        0xDD, 0xFD, 0xDD, 0xDD, 0xDD, 0x60, 0x6D, 0x50, 0x00, 0x03, 0xC2, 0x00,
        0x00, 0x00, 0x00, 0x00, 0xD0, 0x00, 0x00, 0x00, 0x00, 0x02, 0xB7, 0x00,
        0x00, 0x00, 0x00, 0x00, 0x00, 0x00, 0x00, 0xD0, 0x00, 0x00, 0x00, 0x00,
        0x00, 0x00, 0x00, 0x00, 0x00, 0x00, 0x00, 0x00, 0x00, 0x00, 0xD0, 0x00,
        0x00, 0x00, 0x00, 0x00, 0x00, 0x00, 0x00, 0x00, 0x00, 0x00, 0x00, 0x00,
        0x00, 0xD0, 0x00, 0x00, 0x00, 0x00, 0x00, 0x00, 0x00, 0x00, 0x00, 0x00,
        0x00, 0x00, 0x00, 0x00, 0xD0, 0x00, 0x00, 0x00, 0x00, 0x00, 0x00, 0x00,
        0x00, 0x00, 0x00, 0x00, 0x00, 0x00, 0x00, 0xD0, 0x00, 0x00, 0x00, 0x00,
        0x00, 0x00, 0x00, 0x00, 0x00, 0x00, 0x00, 0x00, 0x00, 0x00, 0x00, 0x00,
        0x00, 0x00, 0x00, 0x00, 0x00, 0x00,
    },
    /* U+673A 机 */
    {
        0x00, 0x00, 0x00, 0x00, 0x00, 0x00, 0x00, 0x00, 0x00, 0x00, 0x00, 0x00,
        0x00, 0x00, 0x00, 0x00, 0x00, 0x00, 0x00, 0x00, 0x00, 0x00, 0x00, 0x00,
        0x00, 0x00, 0x00, 0x00, 0x00, 0x00, 0x00, 0x00, 0x00, 0x04, 0x00, 0x00,
        0x00, 0x00, 0x00, 0x00, 0x00, 0x00, 0x00, 0x00, 0x00, 0x00, 0x00, 0x00,
        0x0D, 0x00, 0x00, 0x00, 0x00, 0x00, 0x00, 0x00, 0x00, 0x00, 0x00, 0x00,
        0x00, 0x00, 0x00, 0x0D, 0x00, 0x00, 0x00, 0x3E, 0xAA, 0xAA, 0xAA, 0xAE,
        0x00, 0x00, 0x00, 0x00, 0x00, 0x00, 0x0D, 0x00, 0x00, 0x00, 0x4B, 0x33,
        0x33, 0x33, 0x3E, 0x00, 0x00, 0x00, 0x00, 0x00, 0x00, 0x0D, 0x00, 0x00,
        0x00, 0x49, 0x00, 0x00, 0x00, 0x0D, 0x00, 0x00, 0x00, 0x00, 0x00, 0x00,
        0x0D, 0x00, 0x00, 0x00, 0x49, 0x00, 0x00, 0x00, 0x0D, 0x00, 0x00, 0x00,
        0x00, 0x00, 0x00, 0x0D, 0x00, 0x00, 0x00, 0x49, 0x00, 0x00, 0x00, 0x0D,
        0x00, 0x00, 0x00, 0x04, 0xDD, 0xDD, 0xDF, 0xDD, 0xDD, 0x90, 0x49, 0x00,
        0x00, 0x00, 0x0D, 0x00, 0x00, 0x00, 0x00, 0x00, 0x00, 0x2F, 0x00, 0x00,
        0x00, 0x49, 0x00, 0x00, 0x00, 0x0D, 0x00, 0x00, 0x00, 0x00, 0x00, 0x00,
        0x6F, 0x00, 0x00, 0x00, 0x49, 0x00, 0x00, 0x00, 0x0D, 0x00, 0x00, 0x00,
        0x00, 0x00, 0x00, 0xBE, 0x00, 0x00, 0x00, 0x49, 0x00, 0x00, 0x00, 0x0D,
        0x00, 0x00, 0x00, 0x00, 0x00, 0x01, 0xBF, 0x10, 0x00, 0x00, 0x49, 0x00,
        0x00, 0x00, 0x0D, 0x00, 0x00, 0x00, 0x00, 0x00, 0x07, 0x6F, 0xC1, 0x00,
        0x00, 0x58, 0x00, 0x00, 0x00, 0x0D, 0x00, 0x00, 0x00, 0x00, 0x00, 0x0C,
        0x1D, 0x5C, 0x10, 0x00, 0x57, 0x00, 0x00, 0x00, 0x0D, 0x00, 0x00, 0x00,
        0x00, 0x00, 0x48, 0x0D, 0x07, 0xB0, 0x00, 0x67, 0x00, 0x00, 0x00, 0x0D,
        0x00, 0x00, 0x00, 0x00, 0x00, 0xB2, 0x0D, 0x00, 0x9A, 0x00, 0x76, 0x00,
        0x00, 0x00, 0x0D, 0x00, 0x00, 0x00, 0x00, 0x04, 0x90, 0x0D, 0x00, 0x0B,
        0x70, 0x84, 0x00, 0x00, 0x00, 0x0D, 0x00, 0x00, 0x00, 0x00, 0x0C, 0x20,
        0x0D, 0x00, 0x01, 0x10, 0xA2, 0x00, 0x00, 0x00, 0x0D, 0x00, 0x00, 0x00,
        0x00, 0x68, 0x00, 0x0D, 0x00, 0x00, 0x00, 0xC0, 0x00, 0x00, 0x00, 0x0D,
        0x00, 0x00, 0x00, 0x02, 0xD1, 0x00, 0x0D, 0x00, 0x00, 0x01, 0xC0, 0x00,
        0x00, 0x00, 0x0D, 0x00, 0x00, 0x00, 0x0B, 0x40, 0x00, 0x0D, 0x00, 0x00,
        0x05, 0x80, 0x00, 0x00, 0x00, 0x0D, 0x00, 0x07, 0x10, 0x01, 0x00, 0x00,
        0x0D, 0x00, 0x00, 0x0A, 0x30, 0x00, 0x00, 0x00, 0x0D, 0x00, 0x0B, 0x20,
        0x00, 0x00, 0x00, 0x0D, 0x00, 0x00, 0x2C, 0x00, 0x00, 0x00, 0x00, 0x0D,
        0x00, 0x0B, 0x10, 0x00, 0x00, 0x00, 0x0D, 0x00, 0x00, 0x96, 0x00, 0x00,
        0x00, 0x00, 0x0D, 0x00, 0x0C, 0x10, 0x00, 0x00, 0x00, 0x0D, 0x00, 0x03,
        0xC0, 0x00, 0x00, 0x00, 0x00, 0x0D, 0x00, 0x0D, 0x00, 0x00, 0x00, 0x00,
        0x0D, 0x00, 0x1C, 0x30, 0x00, 0x00, 0x00, 0x00, 0x0D, 0x00, 0x1D, 0x00,
        0x00, 0x00, 0x00, 0x0D, 0x00, 0x76, 0x00, 0x00, 0x00, 0x00, 0x00, 0x08,
        0xDD, 0xD7, 0x00, 0x00, 0x00, 0x00, 0x00, 0x00, 0x00, 0x00, 0x00, 0x00,
        0x00, 0x00, 0x00, 0x00, 0x00, 0x00,
    },
    /* U+677F 板 */
    {
        0x00, 0x00, 0x00, 0x00, 0x00, 0x00, 0x00, 0x00, 0x00, 0x00, 0x00, 0x00,
        0x00, 0x00, 0x00, 0x00, 0x00, 0x00, 0x00, 0x00, 0x00, 0x00, 0x00, 0x00,
        0x00, 0x00, 0x00, 0x00, 0x00, 0x00, 0x00, 0x00, 0x00, 0x00, 0x00, 0x00,
        0x00, 0x00, 0x00, 0x00, 0x00, 0x00, 0x00, 0x00, 0x00, 0x00, 0x00, 0x00,
        0x92, 0x00, 0x00, 0x00, 0x00, 0x00, 0x00, 0x00, 0x00, 0x00, 0x00, 0x00,
        0x00, 0x00, 0x00, 0xA3, 0x00, 0x00, 0x00, 0x00, 0x00, 0x00, 0x00, 0x25,
        0xAC, 0x00, 0x00, 0x00, 0x00, 0x00, 0xA3, 0x00, 0x00, 0x00, 0x01, 0x24,
        0x68, 0xBC, 0xA7, 0x30, 0x00, 0x00, 0x00, 0x00, 0x00, 0xA3, 0x00, 0x00,
        0xAF, 0xCB, 0xA8, 0x64, 0x10, 0x00, 0x00, 0x00, 0x00, 0x00, 0x00, 0x00,
        0xA3, 0x00, 0x00, 0x86, 0x00, 0x00, 0x00, 0x00, 0x00, 0x00, 0x00, 0x00,
        0x00, 0x11, 0x11, 0xB4, 0x11, 0x10, 0x86, 0x00, 0x00, 0x00, 0x00, 0x00,
        0x00, 0x00, 0x00, 0x02, 0xCC, 0xCC, 0xFE, 0xCC, 0xC0, 0x86, 0x00, 0x00,
        0x00, 0x00, 0x00, 0x00, 0x00, 0x00, 0x00, 0x00, 0x02, 0xF3, 0x00, 0x00,
        0x86, 0x00, 0x00, 0x00, 0x00, 0x00, 0x00, 0x00, 0x00, 0x00, 0x00, 0x06,
        0xFB, 0x00, 0x00, 0x86, 0x00, 0x00, 0x00, 0x00, 0x00, 0x00, 0x00, 0x00,
        0x00, 0x00, 0x0A, 0xCC, 0x30, 0x00, 0x8F, 0xDF, 0xDD, 0xDD, 0xDD, 0xDD,
        0xFC, 0x00, 0x00, 0x00, 0x00, 0x1C, 0xA4, 0xC1, 0x00, 0x86, 0x08, 0x30,
        0x00, 0x00, 0x00, 0x67, 0x00, 0x00, 0x00, 0x00, 0x57, 0xA3, 0x68, 0x00,
        0x85, 0x04, 0x80, 0x00, 0x00, 0x00, 0xA3, 0x00, 0x00, 0x00, 0x00, 0xB2,
        0xA3, 0x0C, 0x40, 0x85, 0x00, 0xB0, 0x00, 0x00, 0x01, 0xC0, 0x00, 0x00,
        0x00, 0x02, 0xB0, 0xA3, 0x03, 0x30, 0x94, 0x00, 0x93, 0x00, 0x00, 0x06,
        0x80, 0x00, 0x00, 0x00, 0x09, 0x50, 0xA3, 0x00, 0x00, 0xA3, 0x00, 0x3A,
        0x00, 0x00, 0x0C, 0x20, 0x00, 0x00, 0x00, 0x1C, 0x00, 0xA3, 0x00, 0x00,
        0xB2, 0x00, 0x0B, 0x10, 0x00, 0x4A, 0x00, 0x00, 0x00, 0x00, 0x86, 0x00,
        0xA3, 0x00, 0x00, 0xC0, 0x00, 0x05, 0x80, 0x00, 0xC2, 0x00, 0x00, 0x00,
        0x02, 0xD0, 0x00, 0xA3, 0x00, 0x00, 0xC0, 0x00, 0x00, 0xB3, 0x07, 0x90,
        0x00, 0x00, 0x00, 0x0B, 0x50, 0x00, 0xA3, 0x00, 0x03, 0xA0, 0x00, 0x00,
        0x3B, 0x3D, 0x10, 0x00, 0x00, 0x00, 0x02, 0x00, 0x00, 0xA3, 0x00, 0x06,
        0x60, 0x00, 0x00, 0x09, 0xF3, 0x00, 0x00, 0x00, 0x00, 0x00, 0x00, 0x00,
        0xA3, 0x00, 0x0A, 0x30, 0x00, 0x00, 0x0C, 0xF4, 0x00, 0x00, 0x00, 0x00,
        0x00, 0x00, 0x00, 0xA3, 0x00, 0x1C, 0x00, 0x00, 0x01, 0xB7, 0x1C, 0x20,
        0x00, 0x00, 0x00, 0x00, 0x00, 0x00, 0xA3, 0x00, 0x67, 0x00, 0x00, 0x3C,
        0x60, 0x03, 0xD3, 0x00, 0x00, 0x00, 0x00, 0x00, 0x00, 0xA3, 0x00, 0xC1,
        0x00, 0x06, 0xD3, 0x00, 0x00, 0x3D, 0x60, 0x00, 0x00, 0x00, 0x00, 0x00,
        0xA3, 0x07, 0x80, 0x04, 0xC9, 0x10, 0x00, 0x00, 0x01, 0xAB, 0x30, 0x00,
        0x00, 0x00, 0x00, 0xA3, 0x0B, 0x10, 0x6B, 0x30, 0x00, 0x00, 0x00, 0x00,
        0x04, 0xC5, 0x00, 0x00, 0x00, 0x00, 0x00, 0x00, 0x00, 0x00, 0x00, 0x00,
        0x00, 0x00, 0x00, 0x00, 0x00, 0x00,
    },
    /* U+6784 构 */
    {
        0x00, 0x00, 0x00, 0x00, 0x00, 0x00, 0x00, 0x00, 0x00, 0x00, 0x00, 0x00,
        0x00, 0x00, 0x00, 0x00, 0x00, 0x00, 0x00, 0x00, 0x00, 0x00, 0x00, 0x00,
        0x00, 0x00, 0x00, 0x00, 0x00, 0x00, 0x00, 0x00, 0x00, 0x00, 0x00, 0x00,
        0x00, 0x00, 0x00, 0x00, 0x00, 0x00, 0x00, 0x00, 0x00, 0x00, 0x00, 0x00,
        0x92, 0x00, 0x00, 0x00, 0x1A, 0x00, 0x00, 0x00, 0x00, 0x00, 0x00, 0x00,
        0x00, 0x00, 0x00, 0xA3, 0x00, 0x00, 0x00, 0x49, 0x00, 0x00, 0x00, 0x00,
        0x00, 0x00, 0x00, 0x00, 0x00, 0x00, 0xA3, 0x00, 0x00, 0x00, 0x95, 0x00,
        0x00, 0x00, 0x00, 0x00, 0x00, 0x00, 0x00, 0x00, 0x00, 0xA3, 0x00, 0x00,
        0x00, 0xD1, 0x00, 0x00, 0x00, 0x00, 0x00, 0x00, 0x00, 0x00, 0x00, 0x00,
        0xA3, 0x00, 0x00, 0x03, 0xB0, 0x00, 0x00, 0x00, 0x00, 0x00, 0x00, 0x00,
        0x01, 0x11, 0x11, 0xB4, 0x11, 0x10, 0x0A, 0xFD, 0xDD, 0xDD, 0xDD, 0xDD,
        0xDF, 0x70, 0x00, 0x06, 0xCC, 0xCC, 0xFE, 0xCC, 0xC1, 0x1D, 0x00, 0x00,
        0x00, 0x00, 0x00, 0x07, 0x60, 0x00, 0x00, 0x00, 0x02, 0xF3, 0x00, 0x00,
        0x77, 0x00, 0x00, 0x00, 0x00, 0x00, 0x07, 0x60, 0x00, 0x00, 0x00, 0x06,
        0xF5, 0x00, 0x01, 0xD1, 0x00, 0x41, 0x00, 0x00, 0x00, 0x08, 0x50, 0x00,
        0x00, 0x00, 0x0A, 0xEE, 0x00, 0x0A, 0x60, 0x00, 0xD1, 0x00, 0x00, 0x00,
        0x08, 0x50, 0x00, 0x00, 0x00, 0x1C, 0xA8, 0x80, 0x2A, 0x00, 0x02, 0xB0,
        0x00, 0x00, 0x00, 0x09, 0x40, 0x00, 0x00, 0x00, 0x57, 0xA3, 0xB3, 0x00,
        0x00, 0x07, 0x60, 0x00, 0x00, 0x00, 0x0A, 0x30, 0x00, 0x00, 0x00, 0xB2,
        0xA3, 0x2C, 0x00, 0x00, 0x0C, 0x10, 0x24, 0x00, 0x00, 0x0A, 0x30, 0x00,
        0x00, 0x02, 0xB0, 0xA3, 0x08, 0x70, 0x00, 0x3A, 0x00, 0x0B, 0x00, 0x00,
        0x0B, 0x20, 0x00, 0x00, 0x08, 0x50, 0xA3, 0x01, 0x10, 0x00, 0x94, 0x00,
        0x06, 0x50, 0x00, 0x0C, 0x10, 0x00, 0x00, 0x1C, 0x00, 0xA3, 0x00, 0x00,
        0x01, 0xC0, 0x00, 0x01, 0xB0, 0x00, 0x0D, 0x10, 0x00, 0x00, 0x86, 0x00,
        0xA3, 0x00, 0x00, 0x07, 0x60, 0x00, 0x00, 0xB3, 0x00, 0x0D, 0x00, 0x00,
        0x02, 0xD0, 0x00, 0xA3, 0x00, 0x00, 0x1C, 0x13, 0x69, 0xBB, 0xCA, 0x00,
        0x0D, 0x00, 0x00, 0x0A, 0x50, 0x00, 0xA3, 0x00, 0x00, 0xEF, 0xC9, 0x63,
        0x00, 0x0C, 0x00, 0x1D, 0x00, 0x00, 0x02, 0x00, 0x00, 0xA3, 0x00, 0x00,
        0x41, 0x00, 0x00, 0x00, 0x06, 0x10, 0x2B, 0x00, 0x00, 0x00, 0x00, 0x00,
        0xA3, 0x00, 0x00, 0x00, 0x00, 0x00, 0x00, 0x00, 0x00, 0x4A, 0x00, 0x00,
        0x00, 0x00, 0x00, 0xA3, 0x00, 0x00, 0x00, 0x00, 0x00, 0x00, 0x00, 0x00,
        0x68, 0x00, 0x00, 0x00, 0x00, 0x00, 0xA3, 0x00, 0x00, 0x00, 0x00, 0x00,
        0x00, 0x00, 0x00, 0x86, 0x00, 0x00, 0x00, 0x00, 0x00, 0xA3, 0x00, 0x00,
        0x00, 0x00, 0x00, 0x00, 0x00, 0x00, 0xC3, 0x00, 0x00, 0x00, 0x00, 0x00,
        0xA3, 0x00, 0x00, 0x00, 0x00, 0x00, 0x00, 0x00, 0x03, 0xD0, 0x00, 0x00,
        0x00, 0x00, 0x00, 0x92, 0x00, 0x00, 0x00, 0x00, 0x00, 0x0A, 0xDD, 0xDC,
        0x40, 0x00, 0x00, 0x00, 0x00, 0x00, 0x00, 0x00, 0x00, 0x00, 0x00, 0x00,
        0x00, 0x00, 0x00, 0x00, 0x00, 0x00,
    },
    /* U+6821 校 */
    {
        0x00, 0x00, 0x00, 0x00, 0x00, 0x00, 0x00, 0x00, 0x00, 0x00, 0x00, 0x00,
        0x00, 0x00, 0x00, 0x00, 0x00, 0x00, 0x00, 0x00, 0x00, 0x00, 0x00, 0x00,
        0x00, 0x00, 0x00, 0x00, 0x00, 0x00, 0x00, 0x00, 0x00, 0x40, 0x00, 0x00,
        0x00, 0x00, 0x02, 0x00, 0x00, 0x00, 0x00, 0x00, 0x00, 0x00, 0x00, 0x00,
        0xD0, 0x00, 0x00, 0x00, 0x00, 0x1C, 0x20, 0x00, 0x00, 0x00, 0x00, 0x00,
        0x00, 0x00, 0x00, 0xD0, 0x00, 0x00, 0x00, 0x00, 0x03, 0xC0, 0x00, 0x00,
        0x00, 0x00, 0x00, 0x00, 0x00, 0x00, 0xD0, 0x00, 0x00, 0x00, 0x00, 0x00,
        0x78, 0x00, 0x00, 0x00, 0x00, 0x00, 0x00, 0x00, 0x00, 0xD0, 0x00, 0x00,
        0x00, 0x00, 0x00, 0x06, 0x00, 0x00, 0x00, 0x00, 0x00, 0x00, 0x00, 0x00,
        0xD0, 0x00, 0x08, 0xCC, 0xCC, 0xCC, 0xCC, 0xCC, 0xCC, 0xCC, 0xC1, 0x00,
        0x00, 0x00, 0x00, 0xD0, 0x00, 0x00, 0x11, 0x11, 0x11, 0x11, 0x11, 0x11,
        0x11, 0x10, 0x00, 0x00, 0xBB, 0xBB, 0xFB, 0xBB, 0x70, 0x00, 0x03, 0x20,
        0x00, 0x05, 0x00, 0x00, 0x00, 0x00, 0x00, 0x22, 0x24, 0xF2, 0x22, 0x10,
        0x00, 0x0C, 0x20, 0x00, 0x07, 0x90, 0x00, 0x00, 0x00, 0x00, 0x00, 0x06,
        0xF1, 0x00, 0x00, 0x00, 0x69, 0x00, 0x00, 0x00, 0x87, 0x00, 0x00, 0x00,
        0x00, 0x00, 0x0A, 0xF8, 0x00, 0x00, 0x02, 0xC1, 0x00, 0x00, 0x00, 0x0A,
        0x50, 0x00, 0x00, 0x00, 0x00, 0x0C, 0xDB, 0x20, 0x00, 0x0B, 0x40, 0x00,
        0x00, 0x00, 0x01, 0xC3, 0x00, 0x00, 0x00, 0x00, 0x49, 0xD3, 0xB0, 0x00,
        0x97, 0x00, 0x00, 0x00, 0x00, 0x42, 0x2C, 0x10, 0x00, 0x00, 0x00, 0x94,
        0xD0, 0xA4, 0x08, 0x80, 0x94, 0x00, 0x00, 0x00, 0xD1, 0x06, 0x80, 0x00,
        0x00, 0x00, 0xC0, 0xD0, 0x2C, 0x05, 0x00, 0x3A, 0x00, 0x00, 0x02, 0xB0,
        0x00, 0x20, 0x00, 0x00, 0x05, 0x80, 0xD0, 0x08, 0x10, 0x00, 0x0B, 0x20,
        0x00, 0x08, 0x50, 0x00, 0x00, 0x00, 0x00, 0x0B, 0x20, 0xD0, 0x00, 0x00,
        0x00, 0x04, 0xA0, 0x00, 0x1C, 0x00, 0x00, 0x00, 0x00, 0x00, 0x3B, 0x00,
        0xD0, 0x00, 0x00, 0x00, 0x00, 0xA4, 0x00, 0x86, 0x00, 0x00, 0x00, 0x00,
        0x00, 0xB4, 0x00, 0xD0, 0x00, 0x00, 0x00, 0x00, 0x2C, 0x12, 0xC0, 0x00,
        0x00, 0x00, 0x00, 0x04, 0xB0, 0x00, 0xD0, 0x00, 0x00, 0x00, 0x00, 0x06,
        0xAB, 0x30, 0x00, 0x00, 0x00, 0x00, 0x0A, 0x30, 0x00, 0xD0, 0x00, 0x00,
        0x00, 0x00, 0x00, 0xFE, 0x00, 0x00, 0x00, 0x00, 0x00, 0x00, 0x00, 0x00,
        0xD0, 0x00, 0x00, 0x00, 0x00, 0x07, 0x9B, 0x70, 0x00, 0x00, 0x00, 0x00,
        0x00, 0x00, 0x00, 0xD0, 0x00, 0x00, 0x00, 0x00, 0x7A, 0x00, 0xA8, 0x00,
        0x00, 0x00, 0x00, 0x00, 0x00, 0x00, 0xD0, 0x00, 0x00, 0x00, 0x1A, 0x80,
        0x00, 0x09, 0xA1, 0x00, 0x00, 0x00, 0x00, 0x00, 0x00, 0xD0, 0x00, 0x00,
        0x03, 0xC5, 0x00, 0x00, 0x00, 0x5D, 0x50, 0x00, 0x00, 0x00, 0x00, 0x00,
        0xD0, 0x00, 0x01, 0x9B, 0x20, 0x00, 0x00, 0x00, 0x02, 0xAC, 0x50, 0x00,
        0x00, 0x00, 0x00, 0xD0, 0x00, 0x1A, 0x40, 0x00, 0x00, 0x00, 0x00, 0x00,
        0x03, 0xA2, 0x00, 0x00, 0x00, 0x00, 0x00, 0x00, 0x00, 0x00, 0x00, 0x00,
        0x00, 0x00, 0x00, 0x00, 0x00, 0x00,
    },
    /* U+6B63 正 */
    {
        0x00, 0x00, 0x00, 0x00, 0x00, 0x00, 0x00, 0x00, 0x00, 0x00, 0x00, 0x00,
        0x00, 0x00, 0x00, 0x00, 0x00, 0x00, 0x00, 0x00, 0x00, 0x00, 0x00, 0x00,
        0x00, 0x00, 0x00, 0x00, 0x00, 0x00, 0x00, 0x00, 0x00, 0x00, 0x00, 0x00,
        0x00, 0x00, 0x00, 0x00, 0x00, 0x00, 0x00, 0x00, 0x00, 0x00, 0x00, 0x00,
        0x00, 0x00, 0x00, 0x00, 0x00, 0x00, 0x00, 0x00, 0x00, 0x00, 0x00, 0x00,
        0x00, 0x00, 0x00, 0x00, 0x00, 0x00, 0x00, 0x00, 0x00, 0x00, 0x00, 0x00,
        0x00, 0x00, 0x00, 0x00, 0x1D, 0xDD, 0xDD, 0xDD, 0xDD, 0xDD, 0xFF, 0xDD,
        0xDD, 0xDD, 0xDD, 0xDD, 0x30, 0x00, 0x00, 0x00, 0x00, 0x00, 0x00, 0x00,
        0x00, 0x58, 0x00, 0x00, 0x00, 0x00, 0x00, 0x00, 0x00, 0x00, 0x00, 0x00,
        0x00, 0x00, 0x00, 0x00, 0x58, 0x00, 0x00, 0x00, 0x00, 0x00, 0x00, 0x00,
        0x00, 0x00, 0x00, 0x00, 0x00, 0x00, 0x00, 0x58, 0x00, 0x00, 0x00, 0x00,
        0x00, 0x00, 0x00, 0x00, 0x00, 0x00, 0x00, 0x00, 0x00, 0x00, 0x58, 0x00,
        0x00, 0x00, 0x00, 0x00, 0x00, 0x00, 0x00, 0x00, 0x00, 0x00, 0x00, 0x00,
        0x00, 0x58, 0x00, 0x00, 0x00, 0x00, 0x00, 0x00, 0x00, 0x00, 0x00, 0x00,
        0x00, 0x00, 0x00, 0x00, 0x58, 0x00, 0x00, 0x00, 0x00, 0x00, 0x00, 0x00,
        0x00, 0x00, 0x00, 0xA0, 0x00, 0x00, 0x00, 0x58, 0x00, 0x00, 0x00, 0x00,
        0x00, 0x00, 0x00, 0x00, 0x00, 0x00, 0xD0, 0x00, 0x00, 0x00, 0x58, 0x00,
        0x00, 0x00, 0x00, 0x00, 0x00, 0x00, 0x00, 0x00, 0x00, 0xD0, 0x00, 0x00,
        0x00, 0x58, 0x00, 0x00, 0x00, 0x00, 0x00, 0x00, 0x00, 0x00, 0x00, 0x00,
        0xD0, 0x00, 0x00, 0x00, 0x5F, 0xDD, 0xDD, 0xDD, 0xDD, 0xD6, 0x00, 0x00,
        0x00, 0x00, 0x00, 0xD0, 0x00, 0x00, 0x00, 0x58, 0x00, 0x00, 0x00, 0x00,
        0x00, 0x00, 0x00, 0x00, 0x00, 0x00, 0xD0, 0x00, 0x00, 0x00, 0x58, 0x00,
        0x00, 0x00, 0x00, 0x00, 0x00, 0x00, 0x00, 0x00, 0x00, 0xD0, 0x00, 0x00,
        0x00, 0x58, 0x00, 0x00, 0x00, 0x00, 0x00, 0x00, 0x00, 0x00, 0x00, 0x00,
        0xD0, 0x00, 0x00, 0x00, 0x58, 0x00, 0x00, 0x00, 0x00, 0x00, 0x00, 0x00,
        0x00, 0x00, 0x00, 0xD0, 0x00, 0x00, 0x00, 0x58, 0x00, 0x00, 0x00, 0x00,
        0x00, 0x00, 0x00, 0x00, 0x00, 0x00, 0xD0, 0x00, 0x00, 0x00, 0x58, 0x00,
        0x00, 0x00, 0x00, 0x00, 0x00, 0x00, 0x00, 0x00, 0x00, 0xD0, 0x00, 0x00,
        0x00, 0x58, 0x00, 0x00, 0x00, 0x00, 0x00, 0x00, 0x00, 0x00, 0x00, 0x00,
        0xD0, 0x00, 0x00, 0x00, 0x58, 0x00, 0x00, 0x00, 0x00, 0x00, 0x00, 0x00,
        0x00, 0x00, 0x00, 0xD0, 0x00, 0x00, 0x00, 0x58, 0x00, 0x00, 0x00, 0x00,
        0x00, 0x00, 0x00, 0x00, 0x00, 0x00, 0xD0, 0x00, 0x00, 0x00, 0x58, 0x00,
        0x00, 0x00, 0x00, 0x00, 0x00, 0x00, 0x02, 0x77, 0x77, 0xF7, 0x77, 0x77,
        0x77, 0xCE, 0x77, 0x77, 0x77, 0x77, 0x77, 0x72, 0x00, 0x02, 0x66, 0x66,
        0x66, 0x66, 0x66, 0x66, 0x66, 0x66, 0x66, 0x66, 0x66, 0x66, 0x62, 0x00,
        0x00, 0x00, 0x00, 0x00, 0x00, 0x00, 0x00, 0x00, 0x00, 0x00, 0x00, 0x00,
        0x00, 0x00, 0x00, 0x00, 0x00, 0x00, 0x00, 0x00, 0x00, 0x00, 0x00, 0x00,
        0x00, 0x00, 0x00, 0x00, 0x00, 0x00,
    },
    /* U+6D88 消 */
    {
        0x00, 0x00, 0x00, 0x00, 0x00, 0x00, 0x00, 0x00, 0x00, 0x00, 0x00, 0x00,
        0x00, 0x00, 0x00, 0x00, 0x00, 0x00, 0x00, 0x00, 0x00, 0x00, 0x00, 0x00,
        0x00, 0x00, 0x00, 0x00, 0x00, 0x00, 0x00, 0x00, 0x00, 0x00, 0x00, 0x00,
        0x00, 0x00, 0x00, 0x10, 0x00, 0x00, 0x00, 0x00, 0x00, 0x00, 0x18, 0x10,
        0x00, 0x00, 0x00, 0x00, 0x00, 0x00, 0xD0, 0x00, 0x00, 0x00, 0x00, 0x00,
        0x00, 0x04, 0xC6, 0x00, 0x00, 0x58, 0x00, 0x00, 0x00, 0xD0, 0x00, 0x00,
        0x0A, 0x40, 0x00, 0x00, 0x00, 0x09, 0xB1, 0x00, 0x0B, 0x40, 0x00, 0x00,
        0xD0, 0x00, 0x00, 0x4B, 0x00, 0x00, 0x00, 0x00, 0x00, 0x5C, 0x10, 0x02,
        0xC0, 0x00, 0x00, 0xD0, 0x00, 0x00, 0xC2, 0x00, 0x00, 0x00, 0x00, 0x00,
        0x02, 0x00, 0x00, 0x87, 0x00, 0x00, 0xD0, 0x00, 0x08, 0x70, 0x00, 0x00,
        0x00, 0x00, 0x00, 0x00, 0x00, 0x00, 0x1D, 0x10, 0x00, 0xD0, 0x00, 0x4B,
        0x00, 0x00, 0x00, 0x00, 0x00, 0x00, 0x00, 0x00, 0x00, 0x06, 0x30, 0x00,
        0xD0, 0x00, 0x71, 0x00, 0x00, 0x00, 0x00, 0x00, 0x00, 0x00, 0x00, 0x00,
        0x00, 0x00, 0x00, 0xD0, 0x00, 0x00, 0x00, 0x00, 0x00, 0x05, 0x92, 0x00,
        0x00, 0x00, 0x08, 0x99, 0x99, 0x99, 0xF9, 0x99, 0x99, 0xD5, 0x00, 0x00,
        0x00, 0x4C, 0x70, 0x00, 0x00, 0x0D, 0x33, 0x33, 0x33, 0x33, 0x33, 0x33,
        0x97, 0x00, 0x00, 0x00, 0x00, 0x7C, 0x30, 0x00, 0x0D, 0x00, 0x00, 0x00,
        0x00, 0x00, 0x00, 0x67, 0x00, 0x00, 0x00, 0x00, 0x03, 0x90, 0x00, 0x0D,
        0x00, 0x00, 0x00, 0x00, 0x00, 0x00, 0x67, 0x00, 0x00, 0x00, 0x00, 0x00,
        0x00, 0x00, 0x0D, 0x00, 0x00, 0x00, 0x00, 0x00, 0x00, 0x67, 0x00, 0x00,
        0x00, 0x00, 0x00, 0x00, 0x00, 0x0F, 0xDD, 0xDD, 0xDD, 0xDD, 0xDD, 0xDD,
        0xF7, 0x00, 0x00, 0x00, 0x00, 0x00, 0x00, 0x00, 0x0D, 0x00, 0x00, 0x00,
        0x00, 0x00, 0x00, 0x67, 0x00, 0x00, 0x00, 0x00, 0x00, 0x05, 0x00, 0x0D,
        0x00, 0x00, 0x00, 0x00, 0x00, 0x00, 0x67, 0x00, 0x00, 0x00, 0x00, 0x00,
        0x4A, 0x00, 0x0D, 0x00, 0x00, 0x00, 0x00, 0x00, 0x00, 0x67, 0x00, 0x00,
        0x00, 0x00, 0x00, 0xB3, 0x00, 0x0D, 0x00, 0x00, 0x00, 0x00, 0x00, 0x00,
        0x67, 0x00, 0x00, 0x00, 0x00, 0x03, 0xC0, 0x00, 0x0F, 0xCC, 0xCC, 0xCC,
        0xCC, 0xCC, 0xCC, 0xF7, 0x00, 0x00, 0x00, 0x00, 0x0A, 0x50, 0x00, 0x0D,
        0x00, 0x00, 0x00, 0x00, 0x00, 0x00, 0x67, 0x00, 0x00, 0x00, 0x00, 0x2C,
        0x00, 0x00, 0x0D, 0x00, 0x00, 0x00, 0x00, 0x00, 0x00, 0x67, 0x00, 0x00,
        0x00, 0x00, 0xA5, 0x00, 0x00, 0x0D, 0x00, 0x00, 0x00, 0x00, 0x00, 0x00,
        0x67, 0x00, 0x00, 0x00, 0x02, 0xC0, 0x00, 0x00, 0x0D, 0x00, 0x00, 0x00,
        0x00, 0x00, 0x00, 0x67, 0x00, 0x00, 0x00, 0x0A, 0x50, 0x00, 0x00, 0x0D,
        0x00, 0x00, 0x00, 0x00, 0x00, 0x00, 0x67, 0x00, 0x00, 0x00, 0x3C, 0x00,
        0x00, 0x00, 0x0D, 0x00, 0x00, 0x00, 0x00, 0x00, 0x00, 0x76, 0x00, 0x00,
        0x00, 0x44, 0x00, 0x00, 0x00, 0x0D, 0x00, 0x00, 0x00, 0x00, 0xBD, 0xDC,
        0xC2, 0x00, 0x00, 0x00, 0x00, 0x00, 0x00, 0x00, 0x00, 0x00, 0x00, 0x00,
        0x00, 0x00, 0x00, 0x00, 0x00, 0x00,
    },
    /* U+6EDA 滚 */
    {
        0x00, 0x00, 0x00, 0x00, 0x00, 0x00, 0x00, 0x00, 0x00, 0x00, 0x00, 0x00,
        0x00, 0x00, 0x00, 0x00, 0x00, 0x00, 0x00, 0x00, 0x00, 0x00, 0x00, 0x00,
        0x00, 0x00, 0x00, 0x00, 0x00, 0x00, 0x00, 0x00, 0x00, 0x00, 0x00, 0x00,
        0x00, 0x00, 0x00, 0x00, 0x00, 0x00, 0x00, 0x00, 0x00, 0x00, 0x07, 0x10,
        0x00, 0x00, 0x00, 0x00, 0x00, 0x86, 0x00, 0x00, 0x00, 0x00, 0x00, 0x00,
        0x00, 0x05, 0xC5, 0x00, 0x00, 0x00, 0x00, 0x00, 0x1D, 0x10, 0x00, 0x00,
        0x00, 0x00, 0x00, 0x00, 0x00, 0x1B, 0x90, 0x00, 0x00, 0x00, 0x00, 0x07,
        0x80, 0x00, 0x00, 0x00, 0x00, 0x00, 0x00, 0x00, 0x00, 0x8B, 0x08, 0xCC,
        0xCC, 0xCC, 0xCD, 0xFC, 0xCC, 0xCC, 0xCC, 0xB0, 0x00, 0x00, 0x00, 0x00,
        0x05, 0x00, 0x00, 0x00, 0x10, 0x00, 0x00, 0x10, 0x00, 0x00, 0x00, 0x00,
        0x00, 0x00, 0x00, 0x00, 0x00, 0x00, 0x08, 0x80, 0x00, 0x00, 0x6C, 0x20,
        0x00, 0x00, 0x00, 0x00, 0x00, 0x00, 0x00, 0x00, 0x00, 0x5B, 0x00, 0x00,
        0x00, 0x04, 0xD4, 0x00, 0x00, 0x00, 0x00, 0x00, 0x00, 0x00, 0x00, 0x05,
        0xC1, 0x00, 0x73, 0x00, 0x00, 0x2D, 0x50, 0x00, 0x00, 0x04, 0x81, 0x00,
        0x00, 0x00, 0x6C, 0x10, 0x05, 0xC1, 0x00, 0x00, 0x01, 0xC7, 0x00, 0x00,
        0x00, 0x6D, 0x50, 0x00, 0x1A, 0xA1, 0x00, 0x3D, 0x20, 0x02, 0x00, 0x00,
        0x1B, 0x70, 0x00, 0x00, 0x02, 0xB9, 0x00, 0x57, 0x00, 0x02, 0xD2, 0x00,
        0x06, 0xA0, 0x00, 0x01, 0x70, 0x00, 0x00, 0x00, 0x08, 0x80, 0x00, 0x00,
        0x2C, 0x30, 0x00, 0x00, 0x6A, 0x00, 0x00, 0x00, 0x00, 0x00, 0x00, 0x00,
        0x00, 0x00, 0x03, 0xC3, 0x00, 0x01, 0x34, 0x6F, 0xD0, 0x00, 0x00, 0x00,
        0x00, 0x00, 0x00, 0x00, 0x00, 0xAF, 0xBA, 0xCD, 0xFF, 0xA8, 0x65, 0xC7,
        0x00, 0x00, 0x00, 0x00, 0x00, 0x00, 0x00, 0x00, 0xF8, 0x53, 0x13, 0xDB,
        0x40, 0x00, 0x0C, 0x40, 0x00, 0x00, 0x00, 0x00, 0x00, 0x01, 0x00, 0x00,
        0x00, 0x2D, 0x34, 0xA0, 0x00, 0x02, 0x20, 0x00, 0x00, 0x00, 0x00, 0x00,
        0x58, 0x00, 0x00, 0x03, 0xC4, 0x00, 0xC2, 0x00, 0x00, 0x1A, 0x30, 0x00,
        0x00, 0x00, 0x00, 0xC2, 0x00, 0x00, 0x6C, 0x30, 0x00, 0x5A, 0x00, 0x02,
        0xC6, 0x00, 0x00, 0x00, 0x00, 0x04, 0xA0, 0x00, 0x2B, 0xF2, 0x00, 0x00,
        0x0B, 0x40, 0x3C, 0x40, 0x00, 0x00, 0x00, 0x00, 0x0B, 0x30, 0x28, 0xC4,
        0xC1, 0x00, 0x00, 0x02, 0xD8, 0xA1, 0x00, 0x00, 0x00, 0x00, 0x00, 0x4A,
        0x07, 0xC5, 0x00, 0xC1, 0x00, 0x00, 0x00, 0x6F, 0x00, 0x00, 0x00, 0x00,
        0x00, 0x00, 0xC3, 0x01, 0x00, 0x00, 0xC1, 0x00, 0x00, 0x00, 0x07, 0xA0,
        0x00, 0x00, 0x00, 0x00, 0x04, 0xB0, 0x00, 0x00, 0x00, 0xC1, 0x00, 0x00,
        0x00, 0x00, 0x7B, 0x20, 0x00, 0x00, 0x00, 0x0C, 0x30, 0x00, 0x00, 0x00,
        0xC1, 0x01, 0x59, 0xC1, 0x00, 0x05, 0xD5, 0x00, 0x00, 0x00, 0x6A, 0x00,
        0x00, 0x00, 0x01, 0xF9, 0xCC, 0x83, 0x00, 0x00, 0x00, 0x2B, 0xC3, 0x00,
        0x00, 0x42, 0x00, 0x00, 0x00, 0x08, 0xF7, 0x20, 0x00, 0x00, 0x00, 0x00,
        0x00, 0x31, 0x00, 0x00, 0x00, 0x00, 0x00, 0x00, 0x00, 0x00, 0x00, 0x00,
        0x00, 0x00, 0x00, 0x00, 0x00, 0x00,
    },
    /* U+7247 片 */
    {
        0x00, 0x00, 0x00, 0x00, 0x00, 0x00, 0x00, 0x00, 0x00, 0x00, 0x00, 0x00,
        0x00, 0x00, 0x00, 0x00, 0x00, 0x00, 0x00, 0x00, 0x00, 0x00, 0x00, 0x00,
        0x00, 0x00, 0x00, 0x00, 0x00, 0x00, 0x00, 0x00, 0x00, 0x00, 0x00, 0x00,
        0x00, 0x00, 0x30, 0x00, 0x00, 0x00, 0x00, 0x00, 0x00, 0x00, 0x00, 0x02,
        0x40, 0x00, 0x00, 0x00, 0x00, 0xC0, 0x00, 0x00, 0x00, 0x00, 0x00, 0x00,
        0x00, 0x00, 0x04, 0x90, 0x00, 0x00, 0x00, 0x00, 0xC0, 0x00, 0x00, 0x00,
        0x00, 0x00, 0x00, 0x00, 0x00, 0x04, 0x90, 0x00, 0x00, 0x00, 0x00, 0xC0,
        0x00, 0x00, 0x00, 0x00, 0x00, 0x00, 0x00, 0x00, 0x04, 0x90, 0x00, 0x00,
        0x00, 0x00, 0xC0, 0x00, 0x00, 0x00, 0x00, 0x00, 0x00, 0x00, 0x00, 0x04,
        0x90, 0x00, 0x00, 0x00, 0x00, 0xC0, 0x00, 0x00, 0x00, 0x00, 0x00, 0x00,
        0x00, 0x00, 0x04, 0x90, 0x00, 0x00, 0x00, 0x00, 0xC0, 0x00, 0x00, 0x00,
        0x00, 0x00, 0x00, 0x00, 0x00, 0x04, 0x90, 0x00, 0x00, 0x00, 0x00, 0xC0,
        0x00, 0x00, 0x00, 0x00, 0x00, 0x00, 0x00, 0x00, 0x04, 0xF8, 0x88, 0x88,
        0x88, 0x88, 0xF8, 0x88, 0x88, 0x88, 0x88, 0x20, 0x00, 0x00, 0x00, 0x04,
        0xD5, 0x55, 0x55, 0x55, 0x55, 0x65, 0x55, 0x55, 0x55, 0x55, 0x20, 0x00,
        0x00, 0x00, 0x04, 0x90, 0x00, 0x00, 0x00, 0x00, 0x00, 0x00, 0x00, 0x00,
        0x00, 0x00, 0x00, 0x00, 0x00, 0x04, 0x90, 0x00, 0x00, 0x00, 0x00, 0x00,
        0x00, 0x00, 0x00, 0x00, 0x00, 0x00, 0x00, 0x00, 0x05, 0x80, 0x00, 0x00,
        0x00, 0x00, 0x00, 0x00, 0x00, 0x00, 0x00, 0x00, 0x00, 0x00, 0x00, 0x05,
        0x80, 0x00, 0x00, 0x00, 0x00, 0x00, 0x00, 0x00, 0x00, 0x00, 0x00, 0x00,
        0x00, 0x00, 0x06, 0x70, 0x00, 0x00, 0x00, 0x00, 0x00, 0x00, 0x00, 0x00,
        0x00, 0x00, 0x00, 0x00, 0x00, 0x07, 0xFD, 0xDD, 0xDD, 0xDD, 0xDD, 0xDD,
        0xDD, 0xB0, 0x00, 0x00, 0x00, 0x00, 0x00, 0x00, 0x08, 0x50, 0x00, 0x00,
        0x00, 0x00, 0x00, 0x00, 0xD0, 0x00, 0x00, 0x00, 0x00, 0x00, 0x00, 0x0A,
        0x40, 0x00, 0x00, 0x00, 0x00, 0x00, 0x00, 0xD0, 0x00, 0x00, 0x00, 0x00,
        0x00, 0x00, 0x0D, 0x10, 0x00, 0x00, 0x00, 0x00, 0x00, 0x00, 0xD0, 0x00,
        0x00, 0x00, 0x00, 0x00, 0x00, 0x1D, 0x00, 0x00, 0x00, 0x00, 0x00, 0x00,
        0x00, 0xD0, 0x00, 0x00, 0x00, 0x00, 0x00, 0x00, 0x59, 0x00, 0x00, 0x00,
        0x00, 0x00, 0x00, 0x00, 0xD0, 0x00, 0x00, 0x00, 0x00, 0x00, 0x00, 0x95,
        0x00, 0x00, 0x00, 0x00, 0x00, 0x00, 0x00, 0xD0, 0x00, 0x00, 0x00, 0x00,
        0x00, 0x01, 0xD0, 0x00, 0x00, 0x00, 0x00, 0x00, 0x00, 0x00, 0xD0, 0x00,
        0x00, 0x00, 0x00, 0x00, 0x07, 0x70, 0x00, 0x00, 0x00, 0x00, 0x00, 0x00,
        0x00, 0xD0, 0x00, 0x00, 0x00, 0x00, 0x00, 0x2C, 0x10, 0x00, 0x00, 0x00,
        0x00, 0x00, 0x00, 0x00, 0xD0, 0x00, 0x00, 0x00, 0x00, 0x00, 0xB4, 0x00,
        0x00, 0x00, 0x00, 0x00, 0x00, 0x00, 0x00, 0xD0, 0x00, 0x00, 0x00, 0x00,
        0x03, 0x70, 0x00, 0x00, 0x00, 0x00, 0x00, 0x00, 0x00, 0x00, 0xD0, 0x00,
        0x00, 0x00, 0x00, 0x00, 0x00, 0x00, 0x00, 0x00, 0x00, 0x00, 0x00, 0x00,
        0x00, 0x00, 0x00, 0x00, 0x00, 0x00,
    },
    /* U+7248 版 */
    {
        0x00, 0x00, 0x00, 0x00, 0x00, 0x00, 0x00, 0x00, 0x00, 0x00, 0x00, 0x00,
        0x00, 0x00, 0x00, 0x00, 0x00, 0x00, 0x00, 0x00, 0x00, 0x00, 0x00, 0x00,
        0x00, 0x00, 0x00, 0x00, 0x00, 0x00, 0x00, 0x00, 0x00, 0x00, 0x01, 0x00,
        0x00, 0x00, 0x00, 0x00, 0x00, 0x00, 0x00, 0x00, 0x00, 0x00, 0x02, 0x40,
        0x00, 0x0D, 0x00, 0x00, 0x00, 0x00, 0x00, 0x00, 0x00, 0x25, 0x60, 0x00,
        0x00, 0x05, 0x80, 0x00, 0x0D, 0x00, 0x00, 0x00, 0x01, 0x24, 0x69, 0xBC,
        0xA7, 0x40, 0x00, 0x00, 0x05, 0x80, 0x00, 0x0D, 0x00, 0x00, 0xCE, 0xBB,
        0x97, 0x53, 0x10, 0x00, 0x00, 0x00, 0x00, 0x05, 0x80, 0x00, 0x0D, 0x00,
        0x00, 0x94, 0x00, 0x00, 0x00, 0x00, 0x00, 0x00, 0x00, 0x00, 0x05, 0x80,
        0x00, 0x0D, 0x00, 0x00, 0x94, 0x00, 0x00, 0x00, 0x00, 0x00, 0x00, 0x00,
        0x00, 0x05, 0x80, 0x00, 0x0D, 0x00, 0x00, 0x94, 0x00, 0x00, 0x00, 0x00,
        0x00, 0x00, 0x00, 0x00, 0x05, 0x80, 0x00, 0x0D, 0x00, 0x00, 0x94, 0x00,
        0x00, 0x00, 0x00, 0x00, 0x00, 0x00, 0x00, 0x05, 0x80, 0x00, 0x0D, 0x00,
        0x00, 0x94, 0x00, 0x00, 0x00, 0x00, 0x00, 0x00, 0x00, 0x00, 0x05, 0xF8,
        0x88, 0x8F, 0x88, 0x70, 0x94, 0x00, 0x00, 0x00, 0x00, 0x00, 0x00, 0x00,
        0x00, 0x05, 0xA2, 0x22, 0x23, 0x22, 0x20, 0x9F, 0xFF, 0xDD, 0xDD, 0xDD,
        0xDF, 0xC0, 0x00, 0x00, 0x05, 0x80, 0x00, 0x00, 0x00, 0x00, 0x94, 0x39,
        0x00, 0x00, 0x00, 0x05, 0x70, 0x00, 0x00, 0x05, 0x80, 0x00, 0x00, 0x00,
        0x00, 0x94, 0x0C, 0x00, 0x00, 0x00, 0x09, 0x40, 0x00, 0x00, 0x05, 0x70,
        0x00, 0x00, 0x00, 0x00, 0x94, 0x0B, 0x10, 0x00, 0x00, 0x0C, 0x10, 0x00,
        0x00, 0x06, 0x70, 0x00, 0x00, 0x00, 0x00, 0xA3, 0x07, 0x50, 0x00, 0x00,
        0x2B, 0x00, 0x00, 0x00, 0x06, 0xFD, 0xDD, 0xDD, 0xB0, 0x00, 0xA3, 0x02,
        0xA0, 0x00, 0x00, 0x76, 0x00, 0x00, 0x00, 0x07, 0x60, 0x00, 0x00, 0xD0,
        0x00, 0xB2, 0x00, 0xC1, 0x00, 0x00, 0xC1, 0x00, 0x00, 0x00, 0x08, 0x50,
        0x00, 0x00, 0xD0, 0x00, 0xC1, 0x00, 0x76, 0x00, 0x05, 0x90, 0x00, 0x00,
        0x00, 0x09, 0x40, 0x00, 0x00, 0xD0, 0x00, 0xD0, 0x00, 0x1C, 0x00, 0x0C,
        0x20, 0x00, 0x00, 0x00, 0x0B, 0x20, 0x00, 0x00, 0xD0, 0x00, 0xD0, 0x00,
        0x08, 0x60, 0x78, 0x00, 0x00, 0x00, 0x00, 0x0D, 0x10, 0x00, 0x00, 0xD0,
        0x02, 0xC0, 0x00, 0x01, 0xC3, 0xC1, 0x00, 0x00, 0x00, 0x00, 0x1D, 0x00,
        0x00, 0x00, 0xD0, 0x05, 0x90, 0x00, 0x00, 0x6F, 0x40, 0x00, 0x00, 0x00,
        0x00, 0x4A, 0x00, 0x00, 0x00, 0xD0, 0x08, 0x60, 0x00, 0x00, 0xAF, 0x60,
        0x00, 0x00, 0x00, 0x00, 0x86, 0x00, 0x00, 0x00, 0xD0, 0x0B, 0x20, 0x00,
        0x0A, 0x81, 0xC5, 0x00, 0x00, 0x00, 0x00, 0xD1, 0x00, 0x00, 0x00, 0xD0,
        0x1C, 0x00, 0x02, 0xB7, 0x00, 0x1C, 0x70, 0x00, 0x00, 0x04, 0xA0, 0x00,
        0x00, 0x00, 0xD0, 0x86, 0x00, 0x6D, 0x40, 0x00, 0x00, 0x9C, 0x30, 0x00,
        0x08, 0x30, 0x00, 0x00, 0x00, 0xD0, 0xA0, 0x1C, 0x91, 0x00, 0x00, 0x00,
        0x04, 0xC5, 0x00, 0x00, 0x00, 0x00, 0x00, 0x00, 0x00, 0x00, 0x01, 0x00,
        0x00, 0x00, 0x00, 0x00, 0x00, 0x00,
    },
    /* U+753B 画 */
    {
        0x00, 0x00, 0x00, 0x00, 0x00, 0x00, 0x00, 0x00, 0x00, 0x00, 0x00, 0x00,
        0x00, 0x00, 0x00, 0x00, 0x00, 0x00, 0x00, 0x00, 0x00, 0x00, 0x00, 0x00,
        0x00, 0x00, 0x00, 0x00, 0x00, 0x00, 0x00, 0x00, 0x00, 0x00, 0x00, 0x00,
        0x00, 0x00, 0x00, 0x00, 0x00, 0x00, 0x00, 0x00, 0x00, 0x00, 0x00, 0x00,
        0x00, 0x00, 0x00, 0x00, 0x00, 0x00, 0x00, 0x00, 0x00, 0x00, 0x00, 0x00,
        0x00, 0x00, 0x00, 0x00, 0x00, 0x00, 0x00, 0x00, 0x00, 0x00, 0x00, 0x00,
        0x00, 0x00, 0x00, 0x00, 0x06, 0xDD, 0xDD, 0xDD, 0xDD, 0xDD, 0xDD, 0xDD,
        0xDD, 0xDD, 0xDD, 0xD7, 0x00, 0x00, 0x00, 0x00, 0x00, 0x00, 0x00, 0x00,
        0x00, 0x00, 0x00, 0x00, 0x00, 0x00, 0x00, 0x00, 0x00, 0x00, 0x00, 0x00,
        0x00, 0x00, 0x00, 0x00, 0x00, 0x00, 0x00, 0x00, 0x00, 0x00, 0x00, 0x00,
        0x00, 0x00, 0x00, 0x00, 0x00, 0x00, 0x00, 0x00, 0x00, 0x00, 0x00, 0x00,
        0x00, 0x00, 0x00, 0x00, 0x00, 0x00, 0x00, 0x00, 0x00, 0x00, 0x00, 0x00,
        0x00, 0x00, 0x00, 0x00, 0x00, 0x00, 0x00, 0x00, 0x00, 0x0C, 0xCC, 0xCC,
        0xCC, 0xFC, 0xCC, 0xCC, 0xDA, 0x00, 0x00, 0x00, 0x00, 0x00, 0x00, 0x00,
        0x0C, 0x00, 0x00, 0x00, 0xD0, 0x00, 0x00, 0x2A, 0x00, 0x02, 0x00, 0x00,
        0x00, 0x0C, 0x00, 0x0C, 0x00, 0x00, 0x00, 0xD0, 0x00, 0x00, 0x2A, 0x00,
        0x0D, 0x00, 0x00, 0x00, 0x0D, 0x00, 0x0C, 0x00, 0x00, 0x00, 0xD0, 0x00,
        0x00, 0x2A, 0x00, 0x0D, 0x00, 0x00, 0x00, 0x0D, 0x00, 0x0C, 0x00, 0x00,
        0x00, 0xD0, 0x00, 0x00, 0x2A, 0x00, 0x0D, 0x00, 0x00, 0x00, 0x0D, 0x00,
        0x0C, 0x00, 0x00, 0x00, 0xD0, 0x00, 0x00, 0x2A, 0x00, 0x0D, 0x00, 0x00,
        0x00, 0x0D, 0x00, 0x0C, 0xDD, 0xDD, 0xDD, 0xFD, 0xDD, 0xDD, 0xDA, 0x00,
        0x0D, 0x00, 0x00, 0x00, 0x0D, 0x00, 0x0C, 0x00, 0x00, 0x00, 0xD0, 0x00,
        0x00, 0x2A, 0x00, 0x0D, 0x00, 0x00, 0x00, 0x0D, 0x00, 0x0C, 0x00, 0x00,
        0x00, 0xD0, 0x00, 0x00, 0x2A, 0x00, 0x0D, 0x00, 0x00, 0x00, 0x0D, 0x00,
        0x0C, 0x00, 0x00, 0x00, 0xD0, 0x00, 0x00, 0x2A, 0x00, 0x0D, 0x00, 0x00,
        0x00, 0x0D, 0x00, 0x0C, 0x00, 0x00, 0x00, 0xD0, 0x00, 0x00, 0x2A, 0x00,
        0x0D, 0x00, 0x00, 0x00, 0x0D, 0x00, 0x0C, 0x00, 0x00, 0x00, 0xD0, 0x00,
        0x00, 0x2A, 0x00, 0x0D, 0x00, 0x00, 0x00, 0x0D, 0x00, 0x0B, 0xDD, 0xDD,
        0xDD, 0xFD, 0xDD, 0xDD, 0xD9, 0x00, 0x0D, 0x00, 0x00, 0x00, 0x0D, 0x00,
        0x00, 0x00, 0x00, 0x00, 0x00, 0x00, 0x00, 0x00, 0x00, 0x0D, 0x00, 0x00,
        0x00, 0x0D, 0x00, 0x00, 0x00, 0x00, 0x00, 0x00, 0x00, 0x00, 0x00, 0x00,
        0x0D, 0x00, 0x00, 0x00, 0x0D, 0x00, 0x00, 0x00, 0x00, 0x00, 0x00, 0x00,
        0x00, 0x00, 0x00, 0x0D, 0x00, 0x00, 0x00, 0x0D, 0x22, 0x22, 0x22, 0x22,
        0x22, 0x22, 0x22, 0x22, 0x22, 0x22, 0x2E, 0x00, 0x00, 0x00, 0x0A, 0xBB,
        0xBB, 0xBB, 0xBB, 0xBB, 0xBB, 0xBB, 0xBB, 0xBB, 0xBB, 0xBF, 0x00, 0x00,
        0x00, 0x00, 0x00, 0x00, 0x00, 0x00, 0x00, 0x00, 0x00, 0x00, 0x00, 0x00,
        0x0D, 0x00, 0x00, 0x00, 0x00, 0x00, 0x00, 0x00, 0x00, 0x00, 0x00, 0x00,
        0x00, 0x00, 0x00, 0x00, 0x00, 0x00,
    },
    /* U+76D8 盘 */
    {
        0x00, 0x00, 0x00, 0x00, 0x00, 0x00, 0x00, 0x00, 0x00, 0x00, 0x00, 0x00,
        0x00, 0x00, 0x00, 0x00, 0x00, 0x00, 0x00, 0x00, 0x00, 0x00, 0x00, 0x00,
        0x00, 0x00, 0x00, 0x00, 0x00, 0x00, 0x00, 0x00, 0x00, 0x00, 0x00, 0x00,
        0x00, 0x40, 0x00, 0x00, 0x00, 0x00, 0x00, 0x00, 0x00, 0x00, 0x00, 0x00,
        0x00, 0x00, 0x00, 0x03, 0xB0, 0x00, 0x00, 0x00, 0x00, 0x00, 0x00, 0x00,
        0x00, 0x00, 0x00, 0x00, 0x00, 0x00, 0x0A, 0x40, 0x00, 0x00, 0x00, 0x00,
        0x00, 0x00, 0x00, 0x00, 0x00, 0x00, 0x1F, 0xDD, 0xDD, 0xEF, 0xDD, 0xDD,
        0xDD, 0xDD, 0xF3, 0x00, 0x00, 0x00, 0x00, 0x00, 0x00, 0x1C, 0x00, 0x00,
        0x10, 0x00, 0x00, 0x00, 0x00, 0x94, 0x00, 0x00, 0x00, 0x00, 0x00, 0x00,
        0x1C, 0x00, 0x00, 0x98, 0x00, 0x00, 0x00, 0x00, 0x94, 0x00, 0x00, 0x00,
        0x00, 0x00, 0x00, 0x1C, 0x00, 0x00, 0x05, 0xB2, 0x00, 0x00, 0x00, 0x94,
        0x00, 0x00, 0x00, 0x00, 0x00, 0x00, 0x1C, 0x00, 0x00, 0x00, 0x3C, 0x10,
        0x00, 0x00, 0x94, 0x00, 0x00, 0x00, 0x00, 0x00, 0x00, 0x1C, 0x00, 0x00,
        0x00, 0x01, 0x00, 0x00, 0x00, 0x94, 0x00, 0x00, 0x00, 0x02, 0xCC, 0xCC,
        0xFF, 0xCC, 0xCC, 0xCC, 0xCC, 0xCC, 0xCC, 0xCC, 0xFF, 0xCC, 0xC8, 0x00,
        0x00, 0x00, 0x00, 0x49, 0x00, 0x00, 0x00, 0x00, 0x00, 0x00, 0x00, 0x94,
        0x00, 0x00, 0x00, 0x00, 0x00, 0x00, 0x77, 0x00, 0x00, 0x92, 0x00, 0x00,
        0x00, 0x00, 0x94, 0x00, 0x00, 0x00, 0x00, 0x00, 0x00, 0xB2, 0x00, 0x00,
        0x3C, 0x50, 0x00, 0x00, 0x00, 0x94, 0x00, 0x00, 0x00, 0x00, 0x00, 0x03,
        0xC0, 0x00, 0x00, 0x01, 0xB6, 0x00, 0x00, 0x00, 0x94, 0x00, 0x00, 0x00,
        0x00, 0x00, 0x0B, 0x40, 0x00, 0x00, 0x00, 0x0A, 0x60, 0x00, 0x00, 0x94,
        0x00, 0x00, 0x00, 0x00, 0x00, 0x98, 0x00, 0x00, 0x00, 0x00, 0x00, 0x20,
        0x12, 0x12, 0xB3, 0x00, 0x00, 0x00, 0x00, 0x1A, 0x90, 0x00, 0x00, 0x00,
        0x00, 0x00, 0x00, 0x2B, 0xBA, 0x80, 0x00, 0x00, 0x00, 0x00, 0x15, 0x03,
        0x33, 0x33, 0x33, 0x33, 0x33, 0x33, 0x33, 0x33, 0x33, 0x10, 0x00, 0x00,
        0x00, 0x00, 0x0E, 0xAA, 0xAA, 0xAE, 0xAA, 0xAA, 0xAE, 0xAA, 0xAA, 0xAD,
        0x30, 0x00, 0x00, 0x00, 0x00, 0x0D, 0x00, 0x00, 0x0D, 0x00, 0x00, 0x0D,
        0x00, 0x00, 0x09, 0x30, 0x00, 0x00, 0x00, 0x00, 0x0D, 0x00, 0x00, 0x0D,
        0x00, 0x00, 0x0D, 0x00, 0x00, 0x09, 0x30, 0x00, 0x00, 0x00, 0x00, 0x0D,
        0x00, 0x00, 0x0D, 0x00, 0x00, 0x0D, 0x00, 0x00, 0x09, 0x30, 0x00, 0x00,
        0x00, 0x00, 0x0D, 0x00, 0x00, 0x0D, 0x00, 0x00, 0x0D, 0x00, 0x00, 0x09,
        0x30, 0x00, 0x00, 0x00, 0x00, 0x0D, 0x00, 0x00, 0x0D, 0x00, 0x00, 0x0D,
        0x00, 0x00, 0x09, 0x30, 0x00, 0x00, 0x00, 0x00, 0x0D, 0x00, 0x00, 0x0D,
        0x00, 0x00, 0x0D, 0x00, 0x00, 0x09, 0x30, 0x00, 0x00, 0x04, 0xAA, 0xAF,
        0xAA, 0xAA, 0xAF, 0xAA, 0xAA, 0xAF, 0xAA, 0xAA, 0xAF, 0xCA, 0xA6, 0x00,
        0x01, 0x33, 0x33, 0x33, 0x33, 0x33, 0x33, 0x33, 0x33, 0x33, 0x33, 0x33,
        0x33, 0x32, 0x00, 0x00, 0x00, 0x00, 0x00, 0x00, 0x00, 0x00, 0x00, 0x00,
        0x00, 0x00, 0x00, 0x00, 0x00, 0x00,
    },
    /* U+76EE 目 */
    {
        0x00, 0x00, 0x00, 0x00, 0x00, 0x00, 0x00, 0x00, 0x00, 0x00, 0x00, 0x00,
        0x00, 0x00, 0x00, 0x00, 0x00, 0x00, 0x00, 0x00, 0x00, 0x00, 0x00, 0x00,
        0x00, 0x00, 0x00, 0x00, 0x00, 0x00, 0x00, 0x00, 0x00, 0x00, 0x00, 0x00,
        0x00, 0x00, 0x00, 0x00, 0x00, 0x00, 0x00, 0x00, 0x00, 0x00, 0x00, 0x00,
        0x00, 0x00, 0x00, 0x00, 0x00, 0x00, 0x00, 0x00, 0x00, 0x00, 0x00, 0x00,
        0x00, 0x00, 0x00, 0x00, 0x00, 0x00, 0x00, 0x00, 0x00, 0x00, 0x00, 0x00,
        0x00, 0x00, 0x00, 0x00, 0x00, 0x0E, 0xDD, 0xDD, 0xDD, 0xDD, 0xDD, 0xDD,
        0xDD, 0xDD, 0xDD, 0x00, 0x00, 0x00, 0x00, 0x00, 0x0D, 0x00, 0x00, 0x00,
        0x00, 0x00, 0x00, 0x00, 0x00, 0x0D, 0x00, 0x00, 0x00, 0x00, 0x00, 0x0D,
        0x00, 0x00, 0x00, 0x00, 0x00, 0x00, 0x00, 0x00, 0x0D, 0x00, 0x00, 0x00,
        0x00, 0x00, 0x0D, 0x00, 0x00, 0x00, 0x00, 0x00, 0x00, 0x00, 0x00, 0x0D,
        0x00, 0x00, 0x00, 0x00, 0x00, 0x0D, 0x00, 0x00, 0x00, 0x00, 0x00, 0x00,
        0x00, 0x00, 0x0D, 0x00, 0x00, 0x00, 0x00, 0x00, 0x0D, 0x00, 0x00, 0x00,
        0x00, 0x00, 0x00, 0x00, 0x00, 0x0D, 0x00, 0x00, 0x00, 0x00, 0x00, 0x0D,
        0x00, 0x00, 0x00, 0x00, 0x00, 0x00, 0x00, 0x00, 0x0D, 0x00, 0x00, 0x00,
        0x00, 0x00, 0x0F, 0xDD, 0xDD, 0xDD, 0xDD, 0xDD, 0xDD, 0xDD, 0xDD, 0xDF,
        0x00, 0x00, 0x00, 0x00, 0x00, 0x0D, 0x00, 0x00, 0x00, 0x00, 0x00, 0x00,
        0x00, 0x00, 0x0D, 0x00, 0x00, 0x00, 0x00, 0x00, 0x0D, 0x00, 0x00, 0x00,
        0x00, 0x00, 0x00, 0x00, 0x00, 0x0D, 0x00, 0x00, 0x00, 0x00, 0x00, 0x0D,
        0x00, 0x00, 0x00, 0x00, 0x00, 0x00, 0x00, 0x00, 0x0D, 0x00, 0x00, 0x00,
        0x00, 0x00, 0x0D, 0x00, 0x00, 0x00, 0x00, 0x00, 0x00, 0x00, 0x00, 0x0D,
        0x00, 0x00, 0x00, 0x00, 0x00, 0x0D, 0x00, 0x00, 0x00, 0x00, 0x00, 0x00,
        0x00, 0x00, 0x0D, 0x00, 0x00, 0x00, 0x00, 0x00, 0x0D, 0x00, 0x00, 0x00,
        0x00, 0x00, 0x00, 0x00, 0x00, 0x0D, 0x00, 0x00, 0x00, 0x00, 0x00, 0x0F,
        0xDD, 0xDD, 0xDD, 0xDD, 0xDD, 0xDD, 0xDD, 0xDD, 0xDF, 0x00, 0x00, 0x00,
        0x00, 0x00, 0x0D, 0x00, 0x00, 0x00, 0x00, 0x00, 0x00, 0x00, 0x00, 0x0D,
        0x00, 0x00, 0x00, 0x00, 0x00, 0x0D, 0x00, 0x00, 0x00, 0x00, 0x00, 0x00,
        0x00, 0x00, 0x0D, 0x00, 0x00, 0x00, 0x00, 0x00, 0x0D, 0x00, 0x00, 0x00,
        0x00, 0x00, 0x00, 0x00, 0x00, 0x0D, 0x00, 0x00, 0x00, 0x00, 0x00, 0x0D,
        0x00, 0x00, 0x00, 0x00, 0x00, 0x00, 0x00, 0x00, 0x0D, 0x00, 0x00, 0x00,
        0x00, 0x00, 0x0D, 0x00, 0x00, 0x00, 0x00, 0x00, 0x00, 0x00, 0x00, 0x0D,
        0x00, 0x00, 0x00, 0x00, 0x00, 0x0D, 0x00, 0x00, 0x00, 0x00, 0x00, 0x00,
        0x00, 0x00, 0x0D, 0x00, 0x00, 0x00, 0x00, 0x00, 0x0F, 0xDD, 0xDD, 0xDD,
        0xDD, 0xDD, 0xDD, 0xDD, 0xDD, 0xDF, 0x00, 0x00, 0x00, 0x00, 0x00, 0x0D,
        0x00, 0x00, 0x00, 0x00, 0x00, 0x00, 0x00, 0x00, 0x0D, 0x00, 0x00, 0x00,
        0x00, 0x00, 0x0D, 0x00, 0x00, 0x00, 0x00, 0x00, 0x00, 0x00, 0x00, 0x0D,
        0x00, 0x00, 0x00, 0x00, 0x00, 0x00, 0x00, 0x00, 0x00, 0x00, 0x00, 0x00,
        0x00, 0x00, 0x00, 0x00, 0x00, 0x00,
    },
    /* U+79D2 秒 */
    {
        0x00, 0x00, 0x00, 0x00, 0x00, 0x00, 0x00, 0x00, 0x00, 0x00, 0x00, 0x00,
        0x00, 0x00, 0x00, 0x00, 0x00, 0x00, 0x00, 0x00, 0x00, 0x00, 0x00, 0x00,
        0x00, 0x00, 0x00, 0x00, 0x00, 0x00, 0x00, 0x00, 0x00, 0x00, 0x00, 0x00,
        0x00, 0x00, 0x00, 0x01, 0x00, 0x00, 0x00, 0x00, 0x00, 0x00, 0x00, 0x00,
        0x00, 0x00, 0x44, 0x00, 0x00, 0x00, 0x0D, 0x00, 0x00, 0x00, 0x00, 0x00,
        0x00, 0x00, 0x00, 0x25, 0x9C, 0xA4, 0x00, 0x00, 0x00, 0x0D, 0x00, 0x00,
        0x00, 0x00, 0x00, 0x00, 0x47, 0xAC, 0xAF, 0x30, 0x00, 0x00, 0x00, 0x00,
        0x0D, 0x00, 0x00, 0x00, 0x00, 0x00, 0x00, 0x54, 0x10, 0x0D, 0x00, 0x00,
        0x00, 0x00, 0x00, 0x0D, 0x00, 0x00, 0x00, 0x00, 0x00, 0x00, 0x00, 0x00,
        0x0D, 0x00, 0x00, 0x00, 0x02, 0x00, 0x0D, 0x00, 0x02, 0x00, 0x00, 0x00,
        0x00, 0x00, 0x00, 0x0D, 0x00, 0x00, 0x00, 0x2B, 0x00, 0x0D, 0x00, 0x09,
        0x40, 0x00, 0x00, 0x00, 0x00, 0x00, 0x0D, 0x00, 0x00, 0x00, 0x58, 0x00,
        0x0D, 0x00, 0x01, 0xC0, 0x00, 0x00, 0x00, 0x00, 0x00, 0x0D, 0x00, 0x00,
        0x00, 0x85, 0x00, 0x0D, 0x00, 0x00, 0x76, 0x00, 0x00, 0x04, 0xDD, 0xDD,
        0xDF, 0xDD, 0xDD, 0x60, 0xB2, 0x00, 0x0D, 0x00, 0x00, 0x1C, 0x00, 0x00,
        0x00, 0x00, 0x00, 0x5F, 0x00, 0x00, 0x01, 0xD0, 0x00, 0x0D, 0x00, 0x00,
        0x08, 0x60, 0x00, 0x00, 0x00, 0x00, 0xAF, 0x70, 0x00, 0x05, 0x90, 0x00,
        0x0D, 0x00, 0x00, 0x01, 0xC0, 0x00, 0x00, 0x00, 0x01, 0xAD, 0xA3, 0x00,
        0x09, 0x40, 0x00, 0x0D, 0x00, 0x00, 0x00, 0xA3, 0x00, 0x00, 0x00, 0x08,
        0x4D, 0x1C, 0x10, 0x1D, 0x00, 0x00, 0x0D, 0x00, 0x00, 0x00, 0x45, 0x00,
        0x00, 0x00, 0x1C, 0x0D, 0x05, 0x90, 0x68, 0x00, 0x00, 0x0D, 0x00, 0x00,
        0x00, 0x00, 0x00, 0x00, 0x00, 0x76, 0x0D, 0x00, 0xA5, 0x11, 0x00, 0x00,
        0x0D, 0x00, 0x00, 0x48, 0x00, 0x00, 0x00, 0x01, 0xC0, 0x0D, 0x00, 0x28,
        0x00, 0x00, 0x00, 0x0D, 0x00, 0x00, 0xB4, 0x00, 0x00, 0x00, 0x09, 0x50,
        0x0D, 0x00, 0x00, 0x00, 0x00, 0x00, 0x0D, 0x00, 0x03, 0xB0, 0x00, 0x00,
        0x00, 0x3B, 0x00, 0x0D, 0x00, 0x00, 0x00, 0x00, 0x00, 0x0B, 0x00, 0x1C,
        0x30, 0x00, 0x00, 0x01, 0xD2, 0x00, 0x0D, 0x00, 0x00, 0x00, 0x00, 0x00,
        0x00, 0x00, 0x97, 0x00, 0x00, 0x00, 0x08, 0x60, 0x00, 0x0D, 0x00, 0x00,
        0x00, 0x00, 0x00, 0x00, 0x07, 0xA0, 0x00, 0x00, 0x00, 0x00, 0x00, 0x00,
        0x0D, 0x00, 0x00, 0x00, 0x00, 0x00, 0x00, 0x8A, 0x00, 0x00, 0x00, 0x00,
        0x00, 0x00, 0x00, 0x0D, 0x00, 0x00, 0x00, 0x00, 0x00, 0x1A, 0x90, 0x00,
        0x00, 0x00, 0x00, 0x00, 0x00, 0x00, 0x0D, 0x00, 0x00, 0x00, 0x00, 0x05,
        0xD5, 0x00, 0x00, 0x00, 0x00, 0x00, 0x00, 0x00, 0x00, 0x0D, 0x00, 0x00,
        0x00, 0x05, 0xCA, 0x20, 0x00, 0x00, 0x00, 0x00, 0x00, 0x00, 0x00, 0x00,
        0x0D, 0x00, 0x00, 0x37, 0xC9, 0x20, 0x00, 0x00, 0x00, 0x00, 0x00, 0x00,
        0x00, 0x00, 0x00, 0x0D, 0x00, 0x1C, 0xA6, 0x10, 0x00, 0x00, 0x00, 0x00,
        0x00, 0x00, 0x00, 0x00, 0x00, 0x00, 0x00, 0x00, 0x00, 0x00, 0x00, 0x00,
        0x00, 0x00, 0x00, 0x00, 0x00, 0x00,
    },
    /* U+79FB 移 */
    {
        0x00, 0x00, 0x00, 0x00, 0x00, 0x00, 0x00, 0x00, 0x00, 0x00, 0x00, 0x00,
        0x00, 0x00, 0x00, 0x00, 0x00, 0x00, 0x00, 0x00, 0x00, 0x00, 0x00, 0x00,
        0x00, 0x00, 0x00, 0x00, 0x00, 0x00, 0x00, 0x00, 0x00, 0x00, 0x00, 0x00,
        0x00, 0x00, 0x00, 0x12, 0x00, 0x00, 0x00, 0x00, 0x00, 0x00, 0x00, 0x00,
        0x01, 0x5B, 0x20, 0x00, 0x00, 0x00, 0xC3, 0x00, 0x00, 0x00, 0x00, 0x00,
        0x00, 0x00, 0x26, 0xFE, 0x93, 0x00, 0x00, 0x00, 0x08, 0x80, 0x00, 0x00,
        0x00, 0x00, 0x00, 0x01, 0xAD, 0xC8, 0xF1, 0x00, 0x00, 0x00, 0x00, 0x6A,
        0x00, 0x00, 0x00, 0x00, 0x00, 0x00, 0x00, 0x41, 0x00, 0xC1, 0x00, 0x00,
        0x00, 0x07, 0xFD, 0xDD, 0xDD, 0xDD, 0xF1, 0x00, 0x00, 0x00, 0x00, 0x00,
        0xC1, 0x00, 0x00, 0x00, 0xA9, 0x00, 0x00, 0x00, 0x07, 0x70, 0x00, 0x00,
        0x00, 0x00, 0x00, 0xC1, 0x00, 0x00, 0x4C, 0x60, 0x00, 0x00, 0x00, 0x4B,
        0x00, 0x00, 0x00, 0x00, 0x00, 0x00, 0xC1, 0x00, 0x07, 0xA2, 0x0A, 0x60,
        0x00, 0x03, 0xC1, 0x00, 0x00, 0x00, 0x00, 0x00, 0x00, 0xC1, 0x00, 0x00,
        0x00, 0x00, 0x8B, 0x10, 0x5B, 0x10, 0x00, 0x00, 0x00, 0x06, 0xDD, 0xDD,
        0xFE, 0xDD, 0xB0, 0x00, 0x00, 0x05, 0xEB, 0x91, 0x00, 0x00, 0x00, 0x00,
        0x00, 0x00, 0x00, 0xF1, 0x00, 0x00, 0x00, 0x00, 0x17, 0xE4, 0x00, 0x00,
        0x00, 0x00, 0x00, 0x00, 0x00, 0x03, 0xF8, 0x00, 0x00, 0x00, 0x28, 0xC6,
        0x00, 0x75, 0x00, 0x00, 0x00, 0x00, 0x00, 0x00, 0x09, 0xFA, 0x30, 0x04,
        0x8C, 0xA5, 0x00, 0x03, 0xC0, 0x00, 0x00, 0x00, 0x00, 0x00, 0x00, 0x0B,
        0xC2, 0xB1, 0x06, 0x51, 0x00, 0x00, 0x2D, 0x20, 0x00, 0x00, 0x00, 0x00,
        0x00, 0x00, 0x66, 0xC1, 0x59, 0x00, 0x00, 0x00, 0x02, 0xFF, 0xDD, 0xDD,
        0xDD, 0xF0, 0x00, 0x00, 0x00, 0xB1, 0xC1, 0x0B, 0x40, 0x00, 0x00, 0x2C,
        0x40, 0x00, 0x00, 0x05, 0x90, 0x00, 0x00, 0x05, 0x80, 0xC1, 0x02, 0x20,
        0x00, 0x05, 0xD3, 0x00, 0x00, 0x00, 0x0B, 0x30, 0x00, 0x00, 0x0B, 0x10,
        0xC1, 0x00, 0x00, 0x01, 0xAB, 0x10, 0x00, 0x00, 0x00, 0x5A, 0x00, 0x00,
        0x00, 0x68, 0x00, 0xC1, 0x00, 0x01, 0x7C, 0x50, 0x63, 0x00, 0x00, 0x01,
        0xD1, 0x00, 0x00, 0x01, 0xD1, 0x00, 0xC1, 0x00, 0x02, 0x71, 0x00, 0x2B,
        0x60, 0x00, 0x1C, 0x40, 0x00, 0x00, 0x0A, 0x50, 0x00, 0xC1, 0x00, 0x00,
        0x00, 0x00, 0x00, 0x98, 0x01, 0xB6, 0x00, 0x00, 0x00, 0x02, 0x00, 0x00,
        0xC1, 0x00, 0x00, 0x00, 0x00, 0x00, 0x09, 0xBC, 0x60, 0x00, 0x00, 0x00,
        0x00, 0x00, 0x00, 0xC1, 0x00, 0x00, 0x00, 0x00, 0x00, 0x05, 0xF3, 0x00,
        0x00, 0x00, 0x00, 0x00, 0x00, 0x00, 0xC1, 0x00, 0x00, 0x00, 0x00, 0x03,
        0xB9, 0x10, 0x00, 0x00, 0x00, 0x00, 0x00, 0x00, 0x00, 0xC1, 0x00, 0x00,
        0x00, 0x04, 0xBA, 0x30, 0x00, 0x00, 0x00, 0x00, 0x00, 0x00, 0x00, 0x00,
        0xC1, 0x00, 0x01, 0x49, 0xC9, 0x20, 0x00, 0x00, 0x00, 0x00, 0x00, 0x00,
        0x00, 0x00, 0x00, 0xC1, 0x00, 0x8C, 0x84, 0x00, 0x00, 0x00, 0x00, 0x00,
        0x00, 0x00, 0x00, 0x00, 0x00, 0x00, 0x00, 0x00, 0x00, 0x00, 0x00, 0x00,
        0x00, 0x00, 0x00, 0x00, 0x00, 0x00,
    },
    /* U+7A0D 稍 */
    {
        0x00, 0x00, 0x00, 0x00, 0x00, 0x00, 0x00, 0x00, 0x00, 0x00, 0x00, 0x00,
        0x00, 0x00, 0x00, 0x00, 0x00, 0x00, 0x00, 0x00, 0x00, 0x00, 0x00, 0x00,
        0x00, 0x00, 0x00, 0x00, 0x00, 0x00, 0x00, 0x00, 0x00, 0x00, 0x00, 0x00,
        0x00, 0x00, 0x00, 0x03, 0x00, 0x00, 0x00, 0x00, 0x00, 0x00, 0x00, 0x00,
        0x01, 0x7B, 0x10, 0x01, 0x00, 0x00, 0x0C, 0x10, 0x00, 0x00, 0x10, 0x00,
        0x00, 0x01, 0x48, 0xFB, 0x72, 0x00, 0x0C, 0x10, 0x00, 0x0C, 0x10, 0x00,
        0x03, 0xC0, 0x00, 0x01, 0xCB, 0x85, 0xE0, 0x00, 0x00, 0x04, 0xA0, 0x00,
        0x0C, 0x10, 0x00, 0x0B, 0x30, 0x00, 0x00, 0x00, 0x00, 0xD0, 0x00, 0x00,
        0x00, 0xA4, 0x00, 0x0C, 0x10, 0x00, 0x78, 0x00, 0x00, 0x00, 0x00, 0x00,
        0xD0, 0x00, 0x00, 0x00, 0x2C, 0x00, 0x0C, 0x10, 0x03, 0xC1, 0x00, 0x00,
        0x00, 0x00, 0x00, 0xD0, 0x00, 0x00, 0x00, 0x09, 0x40, 0x0C, 0x10, 0x1C,
        0x30, 0x00, 0x00, 0x00, 0x00, 0x00, 0xD0, 0x00, 0x00, 0x00, 0x02, 0x30,
        0x0C, 0x10, 0x24, 0x00, 0x00, 0x00, 0x00, 0x00, 0x00, 0xD0, 0x00, 0x00,
        0x00, 0x00, 0x00, 0x0C, 0x10, 0x00, 0x00, 0x00, 0x00, 0x07, 0xDD, 0xDD,
        0xFD, 0xDD, 0xD0, 0x0A, 0xCC, 0xCC, 0xCF, 0xDC, 0xCC, 0xCF, 0x40, 0x00,
        0x00, 0x00, 0x02, 0xF0, 0x00, 0x00, 0x0C, 0x00, 0x00, 0x00, 0x00, 0x00,
        0x08, 0x50, 0x00, 0x00, 0x00, 0x06, 0xF4, 0x00, 0x00, 0x0C, 0x00, 0x00,
        0x00, 0x00, 0x00, 0x08, 0x50, 0x00, 0x00, 0x00, 0x0B, 0xDB, 0x10, 0x00,
        0x0C, 0x00, 0x00, 0x00, 0x00, 0x00, 0x08, 0x50, 0x00, 0x00, 0x00, 0x39,
        0xD2, 0xB0, 0x00, 0x0C, 0x00, 0x00, 0x00, 0x00, 0x00, 0x08, 0x50, 0x00,
        0x00, 0x00, 0x93, 0xD0, 0x68, 0x00, 0x0F, 0xDD, 0xDD, 0xDD, 0xDD, 0xDD,
        0xDF, 0x50, 0x00, 0x00, 0x02, 0xB0, 0xD0, 0x0B, 0x40, 0x0C, 0x00, 0x00,
        0x00, 0x00, 0x00, 0x08, 0x50, 0x00, 0x00, 0x08, 0x40, 0xD0, 0x02, 0x60,
        0x0C, 0x00, 0x00, 0x00, 0x00, 0x00, 0x08, 0x50, 0x00, 0x00, 0x1C, 0x00,
        0xD0, 0x00, 0x00, 0x0C, 0x00, 0x00, 0x00, 0x00, 0x00, 0x08, 0x50, 0x00,
        0x00, 0xA5, 0x00, 0xD0, 0x00, 0x00, 0x0C, 0x00, 0x00, 0x00, 0x00, 0x00,
        0x08, 0x50, 0x00, 0x05, 0xB0, 0x00, 0xD0, 0x00, 0x00, 0x0F, 0xCC, 0xCC,
        0xCC, 0xCC, 0xCC, 0xCF, 0x50, 0x00, 0x05, 0x20, 0x00, 0xD0, 0x00, 0x00,
        0x0C, 0x00, 0x00, 0x00, 0x00, 0x00, 0x08, 0x50, 0x00, 0x00, 0x00, 0x00,
        0xD0, 0x00, 0x00, 0x0C, 0x00, 0x00, 0x00, 0x00, 0x00, 0x08, 0x50, 0x00,
        0x00, 0x00, 0x00, 0xD0, 0x00, 0x00, 0x0C, 0x00, 0x00, 0x00, 0x00, 0x00,
        0x08, 0x50, 0x00, 0x00, 0x00, 0x00, 0xD0, 0x00, 0x00, 0x0C, 0x00, 0x00,
        0x00, 0x00, 0x00, 0x08, 0x50, 0x00, 0x00, 0x00, 0x00, 0xD0, 0x00, 0x00,
        0x0C, 0x00, 0x00, 0x00, 0x00, 0x00, 0x08, 0x50, 0x00, 0x00, 0x00, 0x00,
        0xD0, 0x00, 0x00, 0x0C, 0x00, 0x00, 0x00, 0x00, 0x00, 0x09, 0x50, 0x00,
        0x00, 0x00, 0x00, 0xD0, 0x00, 0x00, 0x0C, 0x00, 0x00, 0x00, 0x1B, 0xCC,
        0xBB, 0x10, 0x00, 0x00, 0x00, 0x00, 0x00, 0x00, 0x00, 0x00, 0x00, 0x00,
        0x00, 0x00, 0x00, 0x00, 0x00, 0x00,
    },
    /* U+7ED1 绑 */
    {
        0x00, 0x00, 0x00, 0x00, 0x00, 0x00, 0x00, 0x00, 0x00, 0x00, 0x00, 0x00,
        0x00, 0x00, 0x00, 0x00, 0x00, 0x00, 0x00, 0x00, 0x00, 0x00, 0x00, 0x00,
        0x00, 0x00, 0x00, 0x00, 0x00, 0x00, 0x00, 0x00, 0x00, 0x00, 0x00, 0x00,
        0x00, 0x11, 0x00, 0x00, 0x00, 0x00, 0x00, 0x00, 0x00, 0x00, 0x00, 0x00,
        0xD1, 0x00, 0x00, 0x00, 0x76, 0x00, 0x00, 0x00, 0x00, 0x00, 0x00, 0x00,
        0x00, 0x00, 0x04, 0xB0, 0x00, 0x00, 0x00, 0x76, 0x00, 0x00, 0x00, 0x00,
        0x00, 0x00, 0x00, 0x00, 0x00, 0x09, 0x60, 0x00, 0x00, 0x00, 0x76, 0x00,
        0x00, 0x8E, 0xDD, 0xDD, 0xF4, 0x00, 0x00, 0x00, 0x0D, 0x10, 0x00, 0x00,
        0x00, 0x76, 0x00, 0x00, 0x84, 0x00, 0x00, 0xD0, 0x00, 0x00, 0x00, 0x5A,
        0x00, 0x00, 0x3D, 0xDD, 0xFF, 0xDD, 0xD1, 0x84, 0x00, 0x05, 0x80, 0x00,
        0x00, 0x00, 0xB3, 0x00, 0x00, 0x00, 0x00, 0x76, 0x00, 0x00, 0x84, 0x00,
        0x0C, 0x20, 0x00, 0x00, 0x03, 0xC0, 0x00, 0x93, 0x00, 0x00, 0x76, 0x00,
        0x00, 0x84, 0x00, 0x3A, 0x00, 0x00, 0x00, 0x09, 0x50, 0x02, 0xD0, 0x00,
        0x00, 0x76, 0x00, 0x00, 0x84, 0x00, 0xA3, 0x00, 0x00, 0x00, 0x2C, 0x00,
        0x09, 0x60, 0x00, 0x00, 0x76, 0x00, 0x00, 0x84, 0x02, 0xB0, 0x00, 0x00,
        0x00, 0xA6, 0x34, 0x8E, 0x00, 0x00, 0x00, 0x76, 0x00, 0x00, 0x84, 0x09,
        0x40, 0x00, 0x00, 0x06, 0xFD, 0xB8, 0xF6, 0x00, 0x0A, 0xBB, 0xFF, 0xBB,
        0x40, 0x84, 0x1C, 0x00, 0x00, 0x00, 0x01, 0x10, 0x03, 0xC0, 0x00, 0x02,
        0x22, 0x98, 0x22, 0x10, 0x84, 0x0B, 0x40, 0x00, 0x00, 0x00, 0x00, 0x0C,
        0x40, 0x00, 0x00, 0x00, 0x76, 0x00, 0x00, 0x84, 0x01, 0xC2, 0x00, 0x00,
        0x00, 0x00, 0x69, 0x00, 0x00, 0x00, 0x00, 0x75, 0x00, 0x00, 0x84, 0x00,
        0x2C, 0x00, 0x00, 0x00, 0x01, 0xD1, 0x00, 0x00, 0x00, 0x00, 0x85, 0x00,
        0x00, 0x84, 0x00, 0x06, 0x70, 0x00, 0x00, 0x0B, 0x50, 0x00, 0x00, 0x00,
        0x00, 0x94, 0x00, 0x00, 0x84, 0x00, 0x00, 0xC1, 0x00, 0x00, 0x79, 0x15,
        0x8B, 0xC0, 0x22, 0x22, 0xC5, 0x22, 0x21, 0x84, 0x00, 0x00, 0x75, 0x00,
        0x02, 0xFE, 0xC9, 0x52, 0x01, 0xAA, 0xAA, 0xFB, 0xAA, 0xA5, 0x84, 0x00,
        0x00, 0x57, 0x00, 0x00, 0x61, 0x00, 0x00, 0x00, 0x00, 0x00, 0xD0, 0x00,
        0x00, 0x84, 0x00, 0x00, 0x58, 0x00, 0x00, 0x00, 0x00, 0x00, 0x00, 0x00,
        0x03, 0xA0, 0x00, 0x00, 0x84, 0x00, 0x00, 0x75, 0x00, 0x00, 0x00, 0x00,
        0x02, 0x75, 0x00, 0x09, 0x50, 0x00, 0x00, 0x85, 0x10, 0x14, 0xC1, 0x00,
        0x00, 0x00, 0x16, 0xBB, 0x61, 0x00, 0x0D, 0x10, 0x00, 0x00, 0x87, 0xBB,
        0xB9, 0x20, 0x00, 0x01, 0x6B, 0xC7, 0x10, 0x00, 0x00, 0x78, 0x00, 0x00,
        0x00, 0x84, 0x00, 0x00, 0x00, 0x00, 0x04, 0x82, 0x00, 0x00, 0x00, 0x02,
        0xD1, 0x00, 0x00, 0x00, 0x84, 0x00, 0x00, 0x00, 0x00, 0x00, 0x00, 0x00,
        0x00, 0x00, 0x1C, 0x40, 0x00, 0x00, 0x00, 0x84, 0x00, 0x00, 0x00, 0x00,
        0x00, 0x00, 0x00, 0x00, 0x00, 0xA6, 0x00, 0x00, 0x00, 0x00, 0x84, 0x00,
        0x00, 0x00, 0x00, 0x00, 0x00, 0x00, 0x00, 0x00, 0x00, 0x00, 0x00, 0x00,
        0x00, 0x00, 0x00, 0x00, 0x00, 0x00,
    },
    /* U+7EE7 继 */
    {
        0x00, 0x00, 0x00, 0x00, 0x00, 0x00, 0x00, 0x00, 0x00, 0x00, 0x00, 0x00,
        0x00, 0x00, 0x00, 0x00, 0x00, 0x00, 0x00, 0x00, 0x00, 0x00, 0x00, 0x00,
        0x00, 0x00, 0x00, 0x00, 0x00, 0x00, 0x00, 0x00, 0x00, 0x00, 0x00, 0x00,
        0x00, 0x00, 0x00, 0x00, 0x00, 0x00, 0x00, 0x00, 0x00, 0x00, 0x00, 0x00,
        0x44, 0x00, 0x00, 0x00, 0x00, 0x00, 0x00, 0x80, 0x00, 0x00, 0x00, 0x00,
        0x00, 0x00, 0x00, 0xA3, 0x00, 0x00, 0x93, 0x01, 0x00, 0x00, 0xD0, 0x00,
        0x01, 0x00, 0x00, 0x00, 0x00, 0x01, 0xC0, 0x00, 0x00, 0xA3, 0x0B, 0x20,
        0x00, 0xD0, 0x00, 0x2C, 0x00, 0x00, 0x00, 0x00, 0x07, 0x60, 0x00, 0x00,
        0xA3, 0x05, 0x80, 0x00, 0xD0, 0x00, 0x86, 0x00, 0x00, 0x00, 0x00, 0x0D,
        0x10, 0x00, 0x00, 0xA3, 0x00, 0xD0, 0x00, 0xD0, 0x00, 0xD1, 0x00, 0x00,
        0x00, 0x00, 0x67, 0x00, 0x00, 0x00, 0xA3, 0x00, 0x95, 0x00, 0xD0, 0x05,
        0x90, 0x00, 0x00, 0x00, 0x00, 0xC1, 0x00, 0x04, 0x30, 0xA3, 0x00, 0x4A,
        0x00, 0xD0, 0x0C, 0x20, 0x00, 0x00, 0x00, 0x06, 0x70, 0x00, 0x1D, 0x20,
        0xA3, 0x00, 0x0D, 0x00, 0xD0, 0x3A, 0x00, 0x00, 0x00, 0x00, 0x1C, 0x10,
        0x00, 0x87, 0x00, 0xA3, 0x00, 0x01, 0x00, 0xD0, 0x00, 0x00, 0x00, 0x00,
        0x00, 0xA5, 0x00, 0x15, 0xC0, 0x00, 0xA3, 0x23, 0x33, 0x33, 0xF3, 0x33,
        0x33, 0x20, 0x00, 0x07, 0xFA, 0xCD, 0xCF, 0x40, 0x00, 0xA3, 0x7A, 0xAA,
        0xAD, 0xFA, 0xAA, 0xAA, 0x80, 0x00, 0x06, 0x74, 0x10, 0x68, 0x00, 0x00,
        0xA3, 0x00, 0x00, 0x09, 0xF7, 0x00, 0x00, 0x00, 0x00, 0x00, 0x00, 0x02,
        0xC0, 0x00, 0x00, 0xA3, 0x00, 0x00, 0x2B, 0xD9, 0x50, 0x00, 0x00, 0x00,
        0x00, 0x00, 0x0C, 0x30, 0x00, 0x00, 0xA3, 0x00, 0x00, 0x93, 0xD0, 0xB3,
        0x00, 0x00, 0x00, 0x00, 0x00, 0x96, 0x00, 0x00, 0x00, 0xA3, 0x00, 0x04,
        0x90, 0xD0, 0x2C, 0x20, 0x00, 0x00, 0x00, 0x06, 0x90, 0x00, 0x01, 0x20,
        0xA3, 0x00, 0x1C, 0x10, 0xD0, 0x04, 0xC0, 0x00, 0x00, 0x00, 0x4B, 0x25,
        0x8A, 0xCB, 0x60, 0xA3, 0x00, 0x95, 0x00, 0xD0, 0x00, 0x7A, 0x00, 0x00,
        0x05, 0xFE, 0xC9, 0x52, 0x00, 0x00, 0xA3, 0x06, 0xA0, 0x00, 0xD0, 0x00,
        0x0B, 0x40, 0x00, 0x03, 0x51, 0x00, 0x00, 0x00, 0x00, 0xA3, 0x5C, 0x10,
        0x00, 0xD0, 0x00, 0x01, 0x00, 0x00, 0x00, 0x00, 0x00, 0x00, 0x00, 0x00,
        0xA3, 0x11, 0x00, 0x00, 0xD0, 0x00, 0x00, 0x00, 0x00, 0x00, 0x00, 0x00,
        0x00, 0x00, 0x10, 0xA3, 0x00, 0x00, 0x00, 0xD0, 0x00, 0x00, 0x00, 0x00,
        0x00, 0x00, 0x00, 0x36, 0x9C, 0xC0, 0xA3, 0x00, 0x00, 0x00, 0xC0, 0x00,
        0x00, 0x00, 0x00, 0x02, 0x59, 0xBC, 0x96, 0x30, 0x00, 0xA3, 0x00, 0x00,
        0x00, 0x00, 0x00, 0x00, 0x00, 0x00, 0x05, 0x73, 0x10, 0x00, 0x00, 0x00,
        0xAE, 0xEE, 0xEE, 0xEE, 0xEE, 0xEE, 0xEE, 0xE0, 0x00, 0x00, 0x00, 0x00,
        0x00, 0x00, 0x00, 0x00, 0x00, 0x00, 0x00, 0x00, 0x00, 0x00, 0x00, 0x00,
        0x00, 0x00, 0x00, 0x00, 0x00, 0x00, 0x00, 0x00, 0x00, 0x00, 0x00, 0x00,
        0x00, 0x00, 0x00, 0x00, 0x00, 0x00, 0x00, 0x00, 0x00, 0x00, 0x00, 0x00,
        0x00, 0x00, 0x00, 0x00, 0x00, 0x00,
    },
    /* U+7EED 续 */
    {
        0x00, 0x00, 0x00, 0x00, 0x00, 0x00, 0x00, 0x00, 0x00, 0x00, 0x00, 0x00,
        0x00, 0x00, 0x00, 0x00, 0x00, 0x00, 0x00, 0x00, 0x00, 0x00, 0x00, 0x00,
        0x00, 0x00, 0x00, 0x00, 0x00, 0x00, 0x00, 0x00, 0x00, 0x00, 0x00, 0x00,
        0x00, 0x00, 0x00, 0x10, 0x00, 0x00, 0x00, 0x00, 0x00, 0x00, 0x00, 0x00,
        0x0A, 0x10, 0x00, 0x00, 0x00, 0x00, 0xA4, 0x00, 0x00, 0x00, 0x00, 0x00,
        0x00, 0x00, 0x00, 0x3B, 0x00, 0x00, 0x00, 0x00, 0x00, 0xA4, 0x00, 0x00,
        0x00, 0x00, 0x00, 0x00, 0x00, 0x00, 0x94, 0x00, 0x00, 0x00, 0x00, 0x00,
        0xA4, 0x00, 0x00, 0x00, 0x00, 0x00, 0x00, 0x00, 0x02, 0xC0, 0x00, 0x00,
        0x3D, 0xDD, 0xDD, 0xFF, 0xDD, 0xDD, 0xD4, 0x00, 0x00, 0x00, 0x00, 0x09,
        0x60, 0x00, 0x00, 0x00, 0x00, 0x00, 0xA4, 0x00, 0x00, 0x00, 0x00, 0x00,
        0x00, 0x00, 0x2C, 0x00, 0x00, 0x00, 0x00, 0x00, 0x00, 0xA4, 0x00, 0x00,
        0x00, 0x00, 0x00, 0x00, 0x00, 0xA5, 0x00, 0x07, 0x20, 0x00, 0x00, 0x00,
        0xA4, 0x00, 0x00, 0x00, 0x00, 0x00, 0x00, 0x03, 0xB0, 0x00, 0x3D, 0x04,
        0xBB, 0xBB, 0xBB, 0xFE, 0xBB, 0xBB, 0xBF, 0x60, 0x00, 0x00, 0x0C, 0x30,
        0x00, 0xB4, 0x01, 0x22, 0x22, 0x22, 0x22, 0x22, 0x22, 0x2C, 0x30, 0x00,
        0x00, 0x78, 0x24, 0x6A, 0xB0, 0x00, 0x00, 0x10, 0x00, 0x05, 0x20, 0x00,
        0x2C, 0x00, 0x00, 0x05, 0xFE, 0xB9, 0x7F, 0x20, 0x00, 0x00, 0x8A, 0x10,
        0x0A, 0x40, 0x00, 0x95, 0x00, 0x00, 0x02, 0x20, 0x00, 0x87, 0x00, 0x00,
        0x00, 0x05, 0xD3, 0x0A, 0x40, 0x01, 0xC0, 0x00, 0x00, 0x00, 0x00, 0x03,
        0xC0, 0x00, 0x00, 0x40, 0x00, 0x3D, 0x2A, 0x40, 0x00, 0x00, 0x00, 0x00,
        0x00, 0x00, 0x1C, 0x20, 0x00, 0x00, 0x6C, 0x30, 0x02, 0x0A, 0x30, 0x00,
        0x00, 0x00, 0x00, 0x00, 0x00, 0x96, 0x00, 0x00, 0x00, 0x02, 0xC6, 0x00,
        0x0B, 0x30, 0x00, 0x00, 0x00, 0x00, 0x00, 0x06, 0xA0, 0x15, 0x9C, 0x10,
        0x00, 0x1B, 0x20, 0x0C, 0x10, 0x00, 0x00, 0x00, 0x00, 0x00, 0x5F, 0x9C,
        0xB7, 0x30, 0x00, 0x00, 0x00, 0x00, 0x0D, 0x00, 0x00, 0x00, 0x00, 0x00,
        0x02, 0xFA, 0x41, 0x00, 0x00, 0x0C, 0xDD, 0xDD, 0xDD, 0xFF, 0xDD, 0xDD,
        0xDD, 0xD3, 0x00, 0x00, 0x10, 0x00, 0x00, 0x00, 0x00, 0x00, 0x00, 0x00,
        0x86, 0x00, 0x00, 0x00, 0x00, 0x00, 0x00, 0x00, 0x00, 0x00, 0x01, 0x00,
        0x00, 0x00, 0x01, 0xD1, 0x10, 0x00, 0x00, 0x00, 0x00, 0x00, 0x00, 0x00,
        0x16, 0xBB, 0x10, 0x00, 0x00, 0x0B, 0x60, 0x98, 0x00, 0x00, 0x00, 0x00,
        0x00, 0x00, 0x5A, 0xC7, 0x20, 0x00, 0x00, 0x00, 0x8A, 0x00, 0x06, 0xC2,
        0x00, 0x00, 0x00, 0x02, 0x9D, 0x93, 0x00, 0x00, 0x00, 0x00, 0x09, 0xA0,
        0x00, 0x00, 0x3C, 0x40, 0x00, 0x00, 0x02, 0x50, 0x00, 0x00, 0x00, 0x00,
        0x03, 0xC7, 0x00, 0x00, 0x00, 0x01, 0xB7, 0x00, 0x00, 0x00, 0x00, 0x00,
        0x00, 0x00, 0x02, 0xAB, 0x30, 0x00, 0x00, 0x00, 0x00, 0x0A, 0x90, 0x00,
        0x00, 0x00, 0x00, 0x00, 0x00, 0x2B, 0x40, 0x00, 0x00, 0x00, 0x00, 0x00,
        0x00, 0x93, 0x00, 0x00, 0x00, 0x00, 0x00, 0x00, 0x00, 0x00, 0x00, 0x00,
        0x00, 0x00, 0x00, 0x00, 0x00, 0x00,
    },
    /* U+7F57 罗 */
    {
        0x00, 0x00, 0x00, 0x00, 0x00, 0x00, 0x00, 0x00, 0x00, 0x00, 0x00, 0x00,
        0x00, 0x00, 0x00, 0x00, 0x00, 0x00, 0x00, 0x00, 0x00, 0x00, 0x00, 0x00,
        0x00, 0x00, 0x00, 0x00, 0x00, 0x00, 0x00, 0x00, 0x00, 0x00, 0x00, 0x00,
        0x00, 0x00, 0x00, 0x00, 0x00, 0x00, 0x00, 0x00, 0x00, 0x00, 0x00, 0x00,
        0x00, 0x00, 0x00, 0x00, 0x00, 0x00, 0x00, 0x00, 0x00, 0x00, 0x00, 0x00,
        0x00, 0x0A, 0xDD, 0xDD, 0xDD, 0xDD, 0xDD, 0xDD, 0xDD, 0xDD, 0xDD, 0xDD,
        0xD1, 0x00, 0x00, 0x00, 0x0C, 0x10, 0x00, 0x00, 0xD0, 0x00, 0x00, 0x0B,
        0x10, 0x00, 0x00, 0xB2, 0x00, 0x00, 0x00, 0x0C, 0x10, 0x00, 0x00, 0xD0,
        0x00, 0x00, 0x0B, 0x10, 0x00, 0x00, 0xB2, 0x00, 0x00, 0x00, 0x0C, 0x10,
        0x00, 0x00, 0xD0, 0x00, 0x00, 0x0B, 0x10, 0x00, 0x00, 0xB2, 0x00, 0x00,
        0x00, 0x0C, 0x10, 0x00, 0x00, 0xD0, 0x00, 0x00, 0x0B, 0x10, 0x00, 0x00,
        0xB2, 0x00, 0x00, 0x00, 0x0C, 0x10, 0x00, 0x00, 0xD0, 0x00, 0x00, 0x0B,
        0x10, 0x00, 0x00, 0xB2, 0x00, 0x00, 0x00, 0x0C, 0x21, 0x11, 0x11, 0xD1,
        0x11, 0x11, 0x1B, 0x21, 0x11, 0x11, 0xB2, 0x00, 0x00, 0x00, 0x09, 0xCC,
        0xCC, 0xCC, 0xCD, 0xCC, 0xCC, 0xCC, 0xCC, 0xCC, 0xCC, 0xC1, 0x00, 0x00,
        0x00, 0x00, 0x00, 0x00, 0x00, 0x3C, 0x00, 0x00, 0x00, 0x00, 0x00, 0x00,
        0x00, 0x00, 0x00, 0x00, 0x00, 0x00, 0x00, 0x00, 0xC4, 0x00, 0x00, 0x00,
        0x00, 0x00, 0x00, 0x00, 0x00, 0x00, 0x00, 0x00, 0x00, 0x00, 0x09, 0x70,
        0x00, 0x00, 0x00, 0x00, 0x00, 0x00, 0x00, 0x00, 0x00, 0x00, 0x00, 0x00,
        0x00, 0xCF, 0xDD, 0xDD, 0xDD, 0xDD, 0xDD, 0xDD, 0xF7, 0x00, 0x00, 0x00,
        0x00, 0x00, 0x00, 0x09, 0xA0, 0x00, 0x00, 0x00, 0x00, 0x00, 0x00, 0xD2,
        0x00, 0x00, 0x00, 0x00, 0x00, 0x01, 0xB8, 0x00, 0x00, 0x00, 0x00, 0x00,
        0x00, 0x06, 0x90, 0x00, 0x00, 0x00, 0x00, 0x00, 0x5D, 0x50, 0x04, 0x50,
        0x00, 0x00, 0x00, 0x00, 0x2D, 0x20, 0x00, 0x00, 0x00, 0x00, 0x1B, 0xA2,
        0x00, 0x01, 0xA8, 0x00, 0x00, 0x00, 0x00, 0xC5, 0x00, 0x00, 0x00, 0x00,
        0x00, 0x03, 0x00, 0x00, 0x00, 0x08, 0xB1, 0x00, 0x00, 0x09, 0x80, 0x00,
        0x00, 0x00, 0x00, 0x00, 0x00, 0x00, 0x00, 0x00, 0x00, 0x6C, 0x10, 0x00,
        0xA9, 0x00, 0x00, 0x00, 0x00, 0x00, 0x00, 0x00, 0x00, 0x00, 0x00, 0x00,
        0x06, 0xC1, 0x2B, 0x70, 0x00, 0x00, 0x00, 0x00, 0x00, 0x00, 0x00, 0x00,
        0x00, 0x00, 0x00, 0x00, 0x7F, 0xD4, 0x00, 0x00, 0x00, 0x00, 0x00, 0x00,
        0x00, 0x00, 0x00, 0x00, 0x00, 0x00, 0x04, 0xBC, 0x10, 0x00, 0x00, 0x00,
        0x00, 0x00, 0x00, 0x00, 0x00, 0x00, 0x00, 0x00, 0x15, 0xCA, 0x20, 0x00,
        0x00, 0x00, 0x00, 0x00, 0x00, 0x00, 0x00, 0x00, 0x00, 0x01, 0x49, 0xD8,
        0x20, 0x00, 0x00, 0x00, 0x00, 0x00, 0x00, 0x00, 0x00, 0x00, 0x01, 0x47,
        0xBC, 0x94, 0x00, 0x00, 0x00, 0x00, 0x00, 0x00, 0x00, 0x00, 0x00, 0x00,
        0x00, 0x8B, 0x85, 0x20, 0x00, 0x00, 0x00, 0x00, 0x00, 0x00, 0x00, 0x00,
        0x00, 0x00, 0x00, 0x00, 0x00, 0x00, 0x00, 0x00, 0x00, 0x00, 0x00, 0x00,
        0x00, 0x00, 0x00, 0x00, 0x00, 0x00,
    },
    /* U+7F6E 置 */
    {
        0x00, 0x00, 0x00, 0x00, 0x00, 0x00, 0x00, 0x00, 0x00, 0x00, 0x00, 0x00,
        0x00, 0x00, 0x00, 0x00, 0x00, 0x00, 0x00, 0x00, 0x00, 0x00, 0x00, 0x00,
        0x00, 0x00, 0x00, 0x00, 0x00, 0x00, 0x00, 0x00, 0x00, 0x00, 0x00, 0x00,
        0x00, 0x00, 0x00, 0x00, 0x00, 0x00, 0x00, 0x00, 0x00, 0x00, 0x00, 0x00,
        0x00, 0x00, 0x00, 0x00, 0x00, 0x00, 0x00, 0x00, 0x00, 0x00, 0x00, 0x00,
        0x00, 0x04, 0xDD, 0xDD, 0xDD, 0xDD, 0xDD, 0xDD, 0xDD, 0xDD, 0xDD, 0xDD,
        0xDB, 0x00, 0x00, 0x00, 0x04, 0x80, 0x00, 0x00, 0x66, 0x00, 0x00, 0x05,
        0x80, 0x00, 0x00, 0x1B, 0x00, 0x00, 0x00, 0x04, 0x80, 0x00, 0x00, 0x66,
        0x00, 0x00, 0x05, 0x80, 0x00, 0x00, 0x1B, 0x00, 0x00, 0x00, 0x04, 0x80,
        0x00, 0x00, 0x66, 0x00, 0x00, 0x05, 0x80, 0x00, 0x00, 0x1B, 0x00, 0x00,
        0x00, 0x04, 0xEC, 0xCC, 0xCC, 0xDD, 0xCD, 0xFC, 0xCD, 0xDC, 0xCC, 0xCC,
        0xCB, 0x00, 0x00, 0x00, 0x00, 0x11, 0x11, 0x11, 0x11, 0x16, 0xA1, 0x11,
        0x11, 0x11, 0x11, 0x11, 0x00, 0x00, 0x00, 0x00, 0x00, 0x00, 0x00, 0x00,
        0x08, 0x60, 0x00, 0x00, 0x00, 0x00, 0x00, 0x00, 0x00, 0x00, 0xAB, 0xBB,
        0xBB, 0xBB, 0xBB, 0xBF, 0xDB, 0xBB, 0xBB, 0xBB, 0xBB, 0xBB, 0x80, 0x00,
        0x00, 0x22, 0x22, 0x22, 0x22, 0x22, 0x2F, 0x22, 0x22, 0x22, 0x22, 0x22,
        0x22, 0x10, 0x00, 0x00, 0x00, 0x00, 0x00, 0x00, 0x00, 0x3A, 0x00, 0x00,
        0x00, 0x00, 0x00, 0x00, 0x00, 0x00, 0x00, 0x00, 0x00, 0x45, 0x55, 0x55,
        0xCC, 0x55, 0x55, 0x55, 0x55, 0x40, 0x00, 0x00, 0x00, 0x00, 0x00, 0x00,
        0xC7, 0x77, 0x77, 0x77, 0x77, 0x77, 0x77, 0x78, 0xC0, 0x00, 0x00, 0x00,
        0x00, 0x00, 0x00, 0xC0, 0x00, 0x00, 0x00, 0x00, 0x00, 0x00, 0x01, 0xC0,
        0x00, 0x00, 0x00, 0x00, 0x00, 0x00, 0xD2, 0x11, 0x11, 0x11, 0x11, 0x11,
        0x11, 0x13, 0xC0, 0x00, 0x00, 0x00, 0x00, 0x00, 0x00, 0xFC, 0xCC, 0xCC,
        0xCC, 0xCC, 0xCC, 0xCC, 0xCD, 0xF0, 0x00, 0x00, 0x00, 0x00, 0x00, 0x00,
        0xC0, 0x00, 0x00, 0x00, 0x00, 0x00, 0x00, 0x01, 0xC0, 0x00, 0x00, 0x00,
        0x00, 0x00, 0x00, 0xC0, 0x00, 0x00, 0x00, 0x00, 0x00, 0x00, 0x01, 0xC0,
        0x00, 0x00, 0x00, 0x00, 0x00, 0x00, 0xFD, 0xDD, 0xDD, 0xDD, 0xDD, 0xDD,
        0xDD, 0xDE, 0xF0, 0x00, 0x00, 0x00, 0x00, 0x00, 0x00, 0xC0, 0x00, 0x00,
        0x00, 0x00, 0x00, 0x00, 0x01, 0xC0, 0x00, 0x00, 0x00, 0x00, 0x00, 0x00,
        0xC0, 0x00, 0x00, 0x00, 0x00, 0x00, 0x00, 0x01, 0xC0, 0x00, 0x00, 0x00,
        0x00, 0x00, 0x00, 0xFD, 0xDD, 0xDD, 0xDD, 0xDD, 0xDD, 0xDD, 0xDE, 0xF0,
        0x00, 0x00, 0x00, 0x00, 0x00, 0x00, 0xC0, 0x00, 0x00, 0x00, 0x00, 0x00,
        0x00, 0x01, 0xC0, 0x00, 0x00, 0x00, 0x00, 0x00, 0x00, 0xC0, 0x00, 0x00,
        0x00, 0x00, 0x00, 0x00, 0x01, 0xC0, 0x00, 0x00, 0x00, 0x02, 0xBB, 0xBB,
        0xFB, 0xBB, 0xBB, 0xBB, 0xBB, 0xBB, 0xBB, 0xBC, 0xFB, 0xBB, 0xB2, 0x00,
        0x00, 0x11, 0x11, 0x11, 0x11, 0x11, 0x11, 0x11, 0x11, 0x11, 0x11, 0x11,
        0x11, 0x10, 0x00, 0x00, 0x00, 0x00, 0x00, 0x00, 0x00, 0x00, 0x00, 0x00,
        0x00, 0x00, 0x00, 0x00, 0x00, 0x00,
    },
    /* U+8272 色 */
    {
        0x00, 0x00, 0x00, 0x00, 0x00, 0x00, 0x00, 0x00, 0x00, 0x00, 0x00, 0x00,
        0x00, 0x00, 0x00, 0x00, 0x00, 0x00, 0x00, 0x00, 0x00, 0x00, 0x00, 0x00,
        0x00, 0x00, 0x00, 0x00, 0x00, 0x00, 0x00, 0x00, 0x00, 0x00, 0x00, 0x00,
        0x00, 0x00, 0x00, 0x00, 0x00, 0x00, 0x00, 0x00, 0x00, 0x00, 0x00, 0x00,
        0x00, 0x00, 0x55, 0x00, 0x00, 0x00, 0x00, 0x00, 0x00, 0x00, 0x00, 0x00,
        0x00, 0x00, 0x00, 0x00, 0x00, 0xC1, 0x00, 0x00, 0x00, 0x00, 0x00, 0x00,
        0x00, 0x00, 0x00, 0x00, 0x00, 0x00, 0x00, 0x08, 0x70, 0x00, 0x00, 0x00,
        0x10, 0x00, 0x00, 0x00, 0x00, 0x00, 0x00, 0x00, 0x00, 0x00, 0x3F, 0xCC,
        0xCC, 0xCC, 0xCC, 0xF6, 0x00, 0x00, 0x00, 0x00, 0x00, 0x00, 0x00, 0x00,
        0x01, 0xC2, 0x00, 0x00, 0x00, 0x04, 0xC0, 0x00, 0x00, 0x00, 0x00, 0x00,
        0x00, 0x00, 0x00, 0x1C, 0x40, 0x00, 0x00, 0x00, 0x2D, 0x20, 0x00, 0x00,
        0x00, 0x00, 0x00, 0x00, 0x00, 0x01, 0xB6, 0x00, 0x00, 0x00, 0x01, 0xC3,
        0x00, 0x00, 0x00, 0x00, 0x00, 0x00, 0x00, 0x00, 0x1C, 0x81, 0x11, 0x11,
        0x11, 0x2D, 0x51, 0x11, 0x11, 0x11, 0x10, 0x00, 0x00, 0x00, 0x02, 0xCB,
        0xFC, 0xCC, 0xCC, 0xCC, 0xFF, 0xCC, 0xCC, 0xCC, 0xCC, 0xD0, 0x00, 0x00,
        0x00, 0x6D, 0x45, 0x80, 0x00, 0x00, 0x00, 0xB2, 0x00, 0x00, 0x00, 0x00,
        0xD0, 0x00, 0x00, 0x01, 0xA2, 0x05, 0x80, 0x00, 0x00, 0x00, 0xB2, 0x00,
        0x00, 0x00, 0x00, 0xD0, 0x00, 0x00, 0x00, 0x00, 0x05, 0x80, 0x00, 0x00,
        0x00, 0xB2, 0x00, 0x00, 0x00, 0x00, 0xD0, 0x00, 0x00, 0x00, 0x00, 0x05,
        0x80, 0x00, 0x00, 0x00, 0xB2, 0x00, 0x00, 0x00, 0x00, 0xD0, 0x00, 0x00,
        0x00, 0x00, 0x05, 0x80, 0x00, 0x00, 0x00, 0xB2, 0x00, 0x00, 0x00, 0x00,
        0xD0, 0x00, 0x00, 0x00, 0x00, 0x05, 0x80, 0x00, 0x00, 0x00, 0xB2, 0x00,
        0x00, 0x00, 0x00, 0xD0, 0x00, 0x00, 0x00, 0x00, 0x05, 0xF9, 0x99, 0x99,
        0x99, 0xFA, 0x99, 0x99, 0x99, 0x99, 0xF0, 0x00, 0x00, 0x00, 0x00, 0x05,
        0xC4, 0x44, 0x44, 0x44, 0x44, 0x44, 0x44, 0x44, 0x44, 0xF0, 0x00, 0x00,
        0x00, 0x00, 0x05, 0x80, 0x00, 0x00, 0x00, 0x00, 0x00, 0x00, 0x00, 0x00,
        0xC0, 0x00, 0x00, 0x00, 0x00, 0x05, 0x80, 0x00, 0x00, 0x00, 0x00, 0x00,
        0x00, 0x00, 0x00, 0x00, 0x00, 0x00, 0x00, 0x00, 0x05, 0x80, 0x00, 0x00,
        0x00, 0x00, 0x00, 0x00, 0x00, 0x00, 0x00, 0x00, 0x00, 0x00, 0x00, 0x05,
        0x80, 0x00, 0x00, 0x00, 0x00, 0x00, 0x00, 0x00, 0x00, 0x00, 0x1C, 0x00,
        0x00, 0x00, 0x05, 0x80, 0x00, 0x00, 0x00, 0x00, 0x00, 0x00, 0x00, 0x00,
        0x00, 0x3C, 0x00, 0x00, 0x00, 0x05, 0x80, 0x00, 0x00, 0x00, 0x00, 0x00,
        0x00, 0x00, 0x00, 0x00, 0x59, 0x00, 0x00, 0x00, 0x04, 0x90, 0x00, 0x00,
        0x00, 0x00, 0x00, 0x00, 0x00, 0x00, 0x00, 0xA6, 0x00, 0x00, 0x00, 0x01,
        0xD4, 0x00, 0x00, 0x00, 0x00, 0x00, 0x00, 0x00, 0x00, 0x06, 0xD1, 0x00,
        0x00, 0x00, 0x00, 0x3A, 0xDD, 0xDD, 0xDD, 0xDD, 0xDD, 0xDD, 0xDD, 0xDD,
        0xDA, 0x30, 0x00, 0x00, 0x00, 0x00, 0x00, 0x00, 0x00, 0x00, 0x00, 0x00,
        0x00, 0x00, 0x00, 0x00, 0x00, 0x00,
    },
    /* U+82AF 芯 */
    {
        0x00, 0x00, 0x00, 0x00, 0x00, 0x00, 0x00, 0x00, 0x00, 0x00, 0x00, 0x00,
        0x00, 0x00, 0x00, 0x00, 0x00, 0x00, 0x00, 0x00, 0x00, 0x00, 0x00, 0x00,
        0x00, 0x00, 0x00, 0x00, 0x00, 0x00, 0x00, 0x00, 0x00, 0x00, 0x01, 0x00,
        0x00, 0x00, 0x00, 0x01, 0x00, 0x00, 0x00, 0x00, 0x00, 0x00, 0x00, 0x00,
        0x00, 0x0B, 0x20, 0x00, 0x00, 0x00, 0x0D, 0x00, 0x00, 0x00, 0x00, 0x00,
        0x00, 0x00, 0x00, 0x00, 0x0B, 0x20, 0x00, 0x00, 0x00, 0x0D, 0x00, 0x00,
        0x00, 0x00, 0x00, 0x00, 0x00, 0x00, 0x00, 0x0B, 0x20, 0x00, 0x00, 0x00,
        0x0D, 0x00, 0x00, 0x00, 0x00, 0x00, 0x00, 0x00, 0x00, 0x00, 0x0B, 0x20,
        0x00, 0x00, 0x00, 0x0D, 0x00, 0x00, 0x00, 0x00, 0x00, 0x00, 0xDD, 0xDD,
        0xDD, 0xDF, 0xFD, 0xDD, 0xDD, 0xDD, 0xDF, 0xDD, 0xDD, 0xDD, 0xD1, 0x00,
        0x00, 0x00, 0x00, 0x00, 0x0B, 0x20, 0x00, 0x00, 0x00, 0x0D, 0x00, 0x00,
        0x00, 0x00, 0x00, 0x00, 0x00, 0x00, 0x00, 0x0B, 0x20, 0x00, 0x00, 0x00,
        0x0D, 0x00, 0x00, 0x00, 0x00, 0x00, 0x00, 0x00, 0x00, 0x00, 0x0B, 0x20,
        0x00, 0x00, 0x00, 0x0D, 0x00, 0x00, 0x00, 0x00, 0x00, 0x00, 0x00, 0x00,
        0x00, 0x05, 0x10, 0x0B, 0x00, 0x00, 0x06, 0x00, 0x00, 0x00, 0x00, 0x00,
        0x00, 0x00, 0x00, 0x00, 0x00, 0x00, 0x07, 0x70, 0x00, 0x00, 0x00, 0x00,
        0x00, 0x00, 0x00, 0x00, 0x00, 0x00, 0x00, 0x00, 0x00, 0x00, 0xC2, 0x00,
        0x00, 0x00, 0x00, 0x00, 0x00, 0x00, 0x00, 0x00, 0x00, 0x00, 0x00, 0x00,
        0x00, 0x59, 0x00, 0x00, 0x00, 0x00, 0x00, 0x00, 0x00, 0x00, 0x00, 0x00,
        0x00, 0x07, 0x00, 0x00, 0x0C, 0x20, 0x00, 0x00, 0x00, 0x00, 0x00, 0x00,
        0x00, 0x00, 0x00, 0x00, 0x0D, 0x00, 0x00, 0x05, 0x90, 0x00, 0x00, 0x01,
        0x00, 0x00, 0x00, 0x00, 0x00, 0x0A, 0x00, 0x0D, 0x00, 0x00, 0x00, 0xC2,
        0x00, 0x00, 0x0C, 0x10, 0x00, 0x00, 0x00, 0x00, 0x2B, 0x00, 0x0D, 0x00,
        0x00, 0x00, 0x68, 0x00, 0x00, 0x06, 0x70, 0x00, 0x00, 0x00, 0x00, 0x67,
        0x00, 0x0D, 0x00, 0x00, 0x00, 0x18, 0x00, 0x00, 0x01, 0xC0, 0x00, 0x00,
        0x00, 0x00, 0xB2, 0x00, 0x0D, 0x00, 0x00, 0x00, 0x00, 0x00, 0x00, 0x00,
        0x85, 0x00, 0x00, 0x00, 0x02, 0xB0, 0x00, 0x0D, 0x00, 0x00, 0x00, 0x00,
        0x00, 0x00, 0x00, 0x2B, 0x00, 0x00, 0x00, 0x08, 0x60, 0x00, 0x0D, 0x00,
        0x00, 0x00, 0x00, 0x00, 0x00, 0x00, 0x0C, 0x20, 0x00, 0x00, 0x0D, 0x10,
        0x00, 0x0D, 0x00, 0x00, 0x00, 0x00, 0x00, 0x08, 0x30, 0x06, 0x80, 0x00,
        0x00, 0x68, 0x00, 0x00, 0x0D, 0x00, 0x00, 0x00, 0x00, 0x00, 0x0A, 0x30,
        0x01, 0xC0, 0x00, 0x01, 0xD1, 0x00, 0x00, 0x0D, 0x00, 0x00, 0x00, 0x00,
        0x00, 0x0B, 0x20, 0x00, 0xB3, 0x00, 0x04, 0x50, 0x00, 0x00, 0x0D, 0x00,
        0x00, 0x00, 0x00, 0x00, 0x0D, 0x00, 0x00, 0x53, 0x00, 0x00, 0x00, 0x00,
        0x00, 0x0D, 0x20, 0x00, 0x00, 0x00, 0x00, 0x5B, 0x00, 0x00, 0x00, 0x00,
        0x00, 0x00, 0x00, 0x00, 0x06, 0xDD, 0xDD, 0xDD, 0xDD, 0xDD, 0xB2, 0x00,
        0x00, 0x00, 0x00, 0x00, 0x00, 0x00, 0x00, 0x00, 0x00, 0x00, 0x00, 0x00,
        0x00, 0x00, 0x00, 0x00, 0x00, 0x00,
    },
    /* U+82F1 英 */
    {
        0x00, 0x00, 0x00, 0x00, 0x00, 0x00, 0x00, 0x00, 0x00, 0x00, 0x00, 0x00,
        0x00, 0x00, 0x00, 0x00, 0x00, 0x00, 0x00, 0x00, 0x00, 0x00, 0x00, 0x00,
        0x00, 0x00, 0x00, 0x00, 0x00, 0x00, 0x00, 0x00, 0x00, 0x00, 0x01, 0x00,
        0x00, 0x00, 0x00, 0x01, 0x00, 0x00, 0x00, 0x00, 0x00, 0x00, 0x00, 0x00,
        0x00, 0x0D, 0x00, 0x00, 0x00, 0x00, 0x0D, 0x00, 0x00, 0x00, 0x00, 0x00,
        0x00, 0x00, 0x00, 0x00, 0x0D, 0x00, 0x00, 0x00, 0x00, 0x0D, 0x00, 0x00,
        0x00, 0x00, 0x00, 0x00, 0x00, 0x00, 0x00, 0x0D, 0x00, 0x00, 0x00, 0x00,
        0x0D, 0x00, 0x00, 0x00, 0x00, 0x00, 0x00, 0x8D, 0xDD, 0xDD, 0xDF, 0xDD,
        0xDD, 0xDD, 0xDD, 0xDF, 0xDD, 0xDD, 0xDD, 0x80, 0x00, 0x00, 0x00, 0x00,
        0x00, 0x0D, 0x00, 0x00, 0x00, 0x00, 0x0D, 0x00, 0x00, 0x00, 0x00, 0x00,
        0x00, 0x00, 0x00, 0x00, 0x0D, 0x00, 0x00, 0x70, 0x00, 0x0D, 0x00, 0x00,
        0x00, 0x00, 0x00, 0x00, 0x00, 0x00, 0x00, 0x0D, 0x00, 0x00, 0xD0, 0x00,
        0x0D, 0x00, 0x00, 0x00, 0x00, 0x00, 0x00, 0x00, 0x00, 0x00, 0x05, 0x00,
        0x00, 0xD0, 0x00, 0x05, 0x00, 0x00, 0x00, 0x00, 0x00, 0x00, 0x00, 0x00,
        0x00, 0x00, 0x00, 0x00, 0xD0, 0x00, 0x00, 0x00, 0x00, 0x00, 0x00, 0x00,
        0x00, 0x00, 0x0A, 0xBB, 0xBB, 0xBB, 0xBB, 0xFB, 0xBB, 0xBB, 0xBB, 0xBB,
        0x00, 0x00, 0x00, 0x00, 0x00, 0x0D, 0x11, 0x11, 0x11, 0x11, 0xF1, 0x11,
        0x11, 0x11, 0x1D, 0x00, 0x00, 0x00, 0x00, 0x00, 0x0D, 0x00, 0x00, 0x00,
        0x00, 0xD0, 0x00, 0x00, 0x00, 0x0C, 0x00, 0x00, 0x00, 0x00, 0x00, 0x0D,
        0x00, 0x00, 0x00, 0x00, 0xD0, 0x00, 0x00, 0x00, 0x0C, 0x00, 0x00, 0x00,
        0x00, 0x00, 0x0D, 0x00, 0x00, 0x00, 0x00, 0xD0, 0x00, 0x00, 0x00, 0x0C,
        0x00, 0x00, 0x00, 0x00, 0x00, 0x0D, 0x00, 0x00, 0x00, 0x01, 0xC0, 0x00,
        0x00, 0x00, 0x0C, 0x00, 0x00, 0x00, 0x00, 0x00, 0x0D, 0x00, 0x00, 0x00,
        0x03, 0xA0, 0x00, 0x00, 0x00, 0x0C, 0x00, 0x00, 0x00, 0x01, 0x99, 0x9F,
        0x99, 0x99, 0x99, 0x9E, 0xFC, 0x99, 0x99, 0x99, 0x9F, 0x99, 0x91, 0x00,
        0x00, 0x44, 0x44, 0x44, 0x44, 0x44, 0x4E, 0x8F, 0x54, 0x44, 0x44, 0x44,
        0x44, 0x41, 0x00, 0x00, 0x00, 0x00, 0x00, 0x00, 0x00, 0x2C, 0x07, 0x70,
        0x00, 0x00, 0x00, 0x00, 0x00, 0x00, 0x00, 0x00, 0x00, 0x00, 0x00, 0x00,
        0xB4, 0x01, 0xC2, 0x00, 0x00, 0x00, 0x00, 0x00, 0x00, 0x00, 0x00, 0x00,
        0x00, 0x00, 0x09, 0x80, 0x00, 0x3C, 0x10, 0x00, 0x00, 0x00, 0x00, 0x00,
        0x00, 0x00, 0x00, 0x00, 0x01, 0xB8, 0x00, 0x00, 0x05, 0xC2, 0x00, 0x00,
        0x00, 0x00, 0x00, 0x00, 0x00, 0x00, 0x00, 0x7D, 0x50, 0x00, 0x00, 0x00,
        0x4D, 0x40, 0x00, 0x00, 0x00, 0x00, 0x00, 0x00, 0x01, 0x7D, 0x81, 0x00,
        0x00, 0x00, 0x00, 0x02, 0xAB, 0x30, 0x00, 0x00, 0x00, 0x00, 0x16, 0xAC,
        0x71, 0x00, 0x00, 0x00, 0x00, 0x00, 0x00, 0x04, 0xAC, 0x72, 0x00, 0x00,
        0x03, 0xB7, 0x30, 0x00, 0x00, 0x00, 0x00, 0x00, 0x00, 0x00, 0x00, 0x01,
        0x7A, 0xD5, 0x00, 0x00, 0x00, 0x00, 0x00, 0x00, 0x00, 0x00, 0x00, 0x00,
        0x00, 0x00, 0x00, 0x00, 0x00, 0x00,
    },
    /* U+878D 融 */
    {
        0x00, 0x00, 0x00, 0x00, 0x00, 0x00, 0x00, 0x00, 0x00, 0x00, 0x00, 0x00,
        0x00, 0x00, 0x00, 0x00, 0x00, 0x00, 0x00, 0x00, 0x00, 0x00, 0x00, 0x00,
        0x00, 0x00, 0x00, 0x00, 0x00, 0x00, 0x00, 0x00, 0x00, 0x00, 0x00, 0x00,
        0x00, 0x00, 0x00, 0x00, 0x01, 0x00, 0x00, 0x00, 0x00, 0x00, 0x00, 0x00,
        0x00, 0x00, 0x00, 0x00, 0x00, 0x00, 0x00, 0x0D, 0x00, 0x00, 0x00, 0x00,
        0x01, 0xDD, 0xDD, 0xDD, 0xDD, 0xDD, 0xDD, 0xB0, 0x00, 0x00, 0x0D, 0x00,
        0x00, 0x00, 0x00, 0x00, 0x00, 0x00, 0x00, 0x00, 0x00, 0x00, 0x00, 0x00,
        0x00, 0x0D, 0x00, 0x00, 0x00, 0x00, 0x00, 0x00, 0x00, 0x00, 0x00, 0x00,
        0x00, 0x00, 0x00, 0x00, 0x0D, 0x00, 0x00, 0x00, 0x00, 0x00, 0x06, 0x88,
        0x88, 0x88, 0x88, 0x84, 0x00, 0x00, 0x00, 0x0D, 0x00, 0x00, 0x00, 0x00,
        0x00, 0x0A, 0x75, 0x55, 0x55, 0x55, 0x97, 0x00, 0x11, 0x11, 0x1E, 0x11,
        0x11, 0x10, 0x00, 0x00, 0x0A, 0x30, 0x00, 0x00, 0x00, 0x77, 0x00, 0xCC,
        0xCC, 0xCF, 0xCC, 0xCC, 0xB0, 0x00, 0x00, 0x0A, 0x30, 0x00, 0x00, 0x00,
        0x77, 0x00, 0xC0, 0x00, 0x0D, 0x00, 0x02, 0xB0, 0x00, 0x00, 0x0A, 0x30,
        0x00, 0x00, 0x00, 0x77, 0x00, 0xC0, 0x00, 0x0D, 0x00, 0x02, 0xB0, 0x00,
        0x00, 0x0A, 0xDD, 0xDD, 0xDD, 0xDD, 0xE7, 0x00, 0xC0, 0x00, 0x0D, 0x00,
        0x02, 0xB0, 0x00, 0x00, 0x00, 0x00, 0x00, 0x00, 0x00, 0x00, 0x00, 0xC0,
        0x00, 0x0D, 0x00, 0x02, 0xB0, 0x00, 0x00, 0x00, 0x00, 0x00, 0x00, 0x00,
        0x00, 0x00, 0xC0, 0x00, 0x0D, 0x00, 0x02, 0xB0, 0x00, 0x00, 0x9D, 0xDD,
        0xDD, 0xDD, 0xDD, 0xDF, 0xB0, 0xC0, 0x00, 0x0D, 0x00, 0x02, 0xB0, 0x00,
        0x00, 0xA2, 0x01, 0x00, 0x00, 0x02, 0x04, 0x90, 0xC0, 0x00, 0x0D, 0x00,
        0x02, 0xB0, 0x00, 0x00, 0xA2, 0x0A, 0x30, 0x00, 0x2C, 0x04, 0x90, 0xC0,
        0x00, 0x0D, 0x00, 0x02, 0xB0, 0x00, 0x00, 0xA2, 0x02, 0xB0, 0x00, 0x94,
        0x04, 0x90, 0xBD, 0xDD, 0xDF, 0xDD, 0xDD, 0xA0, 0x00, 0x00, 0xA2, 0x00,
        0x95, 0x03, 0xB0, 0x04, 0x90, 0x00, 0x00, 0x0D, 0x00, 0x00, 0x00, 0x00,
        0x00, 0xA2, 0x00, 0x27, 0x0B, 0x30, 0x04, 0x90, 0x00, 0x00, 0x0D, 0x00,
        0x00, 0x00, 0x00, 0x00, 0xA2, 0xAD, 0xDD, 0xFF, 0xDD, 0x74, 0x90, 0x00,
        0x00, 0x0D, 0x00, 0x65, 0x00, 0x00, 0x00, 0xA2, 0x00, 0x00, 0xD0, 0x00,
        0x04, 0x90, 0x00, 0x00, 0x0D, 0x00, 0x2C, 0x00, 0x00, 0x00, 0xA2, 0x00,
        0x00, 0xD0, 0x00, 0x04, 0x90, 0x00, 0x00, 0x0D, 0x00, 0x0A, 0x40, 0x00,
        0x00, 0xA2, 0x00, 0x00, 0xD0, 0x00, 0x04, 0x90, 0x00, 0x00, 0x0D, 0x00,
        0x04, 0xA0, 0x00, 0x00, 0xA2, 0x00, 0x00, 0xD0, 0x00, 0x04, 0x90, 0x00,
        0x00, 0x0D, 0x00, 0x01, 0xF1, 0x00, 0x00, 0xA2, 0x00, 0x00, 0xD0, 0x00,
        0x04, 0x90, 0x00, 0x00, 0x1F, 0x79, 0xCE, 0xF6, 0x00, 0x00, 0xA2, 0x00,
        0x00, 0xD0, 0x00, 0x04, 0x91, 0x57, 0xAD, 0xFD, 0x96, 0x30, 0x3A, 0x00,
        0x00, 0xA2, 0x00, 0x00, 0xD0, 0x3C, 0xCC, 0x52, 0xDA, 0x74, 0x10, 0x00,
        0x00, 0x0D, 0x00, 0x00, 0x00, 0x00, 0x00, 0x00, 0x00, 0x00, 0x00, 0x00,
        0x00, 0x00, 0x00, 0x00, 0x01, 0x00,
    },
    /* U+8868 表 */
    {
        0x00, 0x00, 0x00, 0x00, 0x00, 0x00, 0x00, 0x00, 0x00, 0x00, 0x00, 0x00,
        0x00, 0x00, 0x00, 0x00, 0x00, 0x00, 0x00, 0x00, 0x00, 0x00, 0x00, 0x00,
        0x00, 0x00, 0x00, 0x00, 0x00, 0x00, 0x00, 0x00, 0x00, 0x00, 0x00, 0x00,
        0x00, 0x10, 0x00, 0x00, 0x00, 0x00, 0x00, 0x00, 0x00, 0x00, 0x00, 0x00,
        0x00, 0x00, 0x00, 0x00, 0xD0, 0x00, 0x00, 0x00, 0x00, 0x00, 0x00, 0x00,
        0x00, 0x00, 0x00, 0x00, 0x00, 0x00, 0x00, 0xD0, 0x00, 0x00, 0x00, 0x00,
        0x00, 0x00, 0x00, 0x00, 0x00, 0x00, 0x00, 0x00, 0x00, 0x00, 0xD0, 0x00,
        0x00, 0x00, 0x00, 0x00, 0x00, 0x00, 0x00, 0x0A, 0xDD, 0xDD, 0xDD, 0xDD,
        0xDD, 0xFD, 0xDD, 0xDD, 0xDD, 0xDD, 0xDD, 0x00, 0x00, 0x00, 0x00, 0x00,
        0x00, 0x00, 0x00, 0x00, 0xD0, 0x00, 0x00, 0x00, 0x00, 0x00, 0x00, 0x00,
        0x00, 0x00, 0x00, 0x00, 0x00, 0x00, 0x00, 0xD0, 0x00, 0x00, 0x00, 0x00,
        0x00, 0x00, 0x00, 0x00, 0x00, 0x00, 0x00, 0x00, 0x00, 0x00, 0xD0, 0x00,
        0x00, 0x00, 0x00, 0x00, 0x00, 0x00, 0x00, 0x00, 0x3C, 0xCC, 0xCC, 0xCC,
        0xCC, 0xFC, 0xCC, 0xCC, 0xCC, 0xCC, 0x70, 0x00, 0x00, 0x00, 0x00, 0x00,
        0x00, 0x00, 0x00, 0x00, 0xD0, 0x00, 0x00, 0x00, 0x00, 0x00, 0x00, 0x00,
        0x00, 0x00, 0x00, 0x00, 0x00, 0x00, 0x00, 0xD0, 0x00, 0x00, 0x00, 0x00,
        0x00, 0x00, 0x00, 0x00, 0x00, 0x00, 0x00, 0x00, 0x00, 0x00, 0xD0, 0x00,
        0x00, 0x00, 0x00, 0x00, 0x00, 0x00, 0x00, 0x23, 0x33, 0x33, 0x33, 0x33,
        0x33, 0xF3, 0x33, 0x33, 0x33, 0x33, 0x33, 0x20, 0x00, 0x00, 0x8A, 0xAA,
        0xAA, 0xAA, 0xAA, 0xBF, 0xFE, 0xAA, 0xAA, 0xAA, 0xAA, 0xAA, 0x80, 0x00,
        0x00, 0x00, 0x00, 0x00, 0x00, 0x02, 0xC4, 0x2B, 0x00, 0x00, 0x00, 0x00,
        0x00, 0x00, 0x00, 0x00, 0x00, 0x00, 0x00, 0x00, 0x4C, 0x30, 0x0A, 0x30,
        0x00, 0x00, 0x00, 0x34, 0x00, 0x00, 0x00, 0x00, 0x00, 0x00, 0x08, 0xA1,
        0x00, 0x03, 0xB0, 0x00, 0x00, 0x05, 0xB1, 0x00, 0x00, 0x00, 0x00, 0x00,
        0x04, 0xF6, 0x00, 0x00, 0x00, 0x86, 0x00, 0x00, 0x7A, 0x10, 0x00, 0x00,
        0x00, 0x00, 0x03, 0xBA, 0xF0, 0x00, 0x00, 0x00, 0x1C, 0x20, 0x1A, 0x70,
        0x00, 0x00, 0x00, 0x00, 0x04, 0xAB, 0x30, 0xD0, 0x00, 0x00, 0x00, 0x03,
        0xC5, 0xC4, 0x00, 0x00, 0x00, 0x00, 0x03, 0xCB, 0x40, 0x00, 0xD0, 0x00,
        0x00, 0x00, 0x00, 0x5F, 0x20, 0x00, 0x00, 0x00, 0x00, 0x00, 0x20, 0x00,
        0x00, 0xD0, 0x00, 0x00, 0x00, 0x00, 0x05, 0xC2, 0x00, 0x00, 0x00, 0x00,
        0x00, 0x00, 0x00, 0x00, 0xD0, 0x00, 0x00, 0x00, 0x00, 0x00, 0x4D, 0x40,
        0x00, 0x00, 0x00, 0x00, 0x00, 0x00, 0x00, 0xD0, 0x00, 0x00, 0x16, 0x90,
        0x00, 0x02, 0xBA, 0x10, 0x00, 0x00, 0x00, 0x00, 0x00, 0x00, 0xD0, 0x02,
        0x6B, 0xB6, 0x10, 0x00, 0x00, 0x05, 0xD9, 0x30, 0x00, 0x00, 0x00, 0x00,
        0x01, 0xF7, 0xCC, 0x61, 0x00, 0x00, 0x00, 0x00, 0x00, 0x05, 0xB6, 0x00,
        0x00, 0x00, 0x00, 0x09, 0xF7, 0x20, 0x00, 0x00, 0x00, 0x00, 0x00, 0x00,
        0x00, 0x00, 0x00, 0x00, 0x00, 0x00, 0x01, 0x00, 0x00, 0x00, 0x00, 0x00,
        0x00, 0x00, 0x00, 0x00, 0x00, 0x00,
    },
    /* U+8A00 言 */
    {
        0x00, 0x00, 0x00, 0x00, 0x00, 0x00, 0x00, 0x00, 0x00, 0x00, 0x00, 0x00,
        0x00, 0x00, 0x00, 0x00, 0x00, 0x00, 0x00, 0x00, 0x00, 0x00, 0x00, 0x00,
        0x00, 0x00, 0x00, 0x00, 0x00, 0x00, 0x00, 0x00, 0x00, 0x00, 0x00, 0x00,
        0x00, 0x00, 0x00, 0x00, 0x00, 0x00, 0x00, 0x00, 0x00, 0x00, 0x00, 0x00,
        0x00, 0x00, 0x00, 0x37, 0x00, 0x00, 0x00, 0x00, 0x00, 0x00, 0x00, 0x00,
        0x00, 0x00, 0x00, 0x00, 0x00, 0x00, 0x0A, 0x70, 0x00, 0x00, 0x00, 0x00,
        0x00, 0x00, 0x00, 0x00, 0x00, 0x00, 0x00, 0x00, 0x00, 0x00, 0xB5, 0x00,
        0x00, 0x00, 0x00, 0x00, 0x00, 0x00, 0x00, 0x00, 0x00, 0x00, 0x00, 0x00,
        0x00, 0x1D, 0x20, 0x00, 0x00, 0x00, 0x00, 0x00, 0x00, 0x00, 0x11, 0x11,
        0x11, 0x11, 0x11, 0x11, 0x15, 0x31, 0x11, 0x11, 0x11, 0x11, 0x11, 0x00,
        0x01, 0xCC, 0xCC, 0xCC, 0xCC, 0xCC, 0xCC, 0xCC, 0xCC, 0xCC, 0xCC, 0xCC,
        0xCC, 0xC6, 0x00, 0x00, 0x00, 0x00, 0x00, 0x00, 0x00, 0x00, 0x00, 0x00,
        0x00, 0x00, 0x00, 0x00, 0x00, 0x00, 0x00, 0x00, 0x00, 0x00, 0x00, 0x00,
        0x00, 0x00, 0x00, 0x00, 0x00, 0x00, 0x00, 0x00, 0x00, 0x00, 0x00, 0x00,
        0x12, 0x22, 0x22, 0x22, 0x22, 0x22, 0x22, 0x22, 0x10, 0x00, 0x00, 0x00,
        0x00, 0x00, 0x00, 0x9B, 0xBB, 0xBB, 0xBB, 0xBB, 0xBB, 0xBB, 0xBB, 0x80,
        0x00, 0x00, 0x00, 0x00, 0x00, 0x00, 0x00, 0x00, 0x00, 0x00, 0x00, 0x00,
        0x00, 0x00, 0x00, 0x00, 0x00, 0x00, 0x00, 0x00, 0x00, 0x00, 0x00, 0x00,
        0x00, 0x00, 0x00, 0x00, 0x00, 0x00, 0x00, 0x00, 0x00, 0x00, 0x00, 0x00,
        0x00, 0x00, 0x00, 0x00, 0x00, 0x00, 0x00, 0x00, 0x00, 0x00, 0x00, 0x00,
        0x00, 0x00, 0x00, 0xAD, 0xDD, 0xDD, 0xDD, 0xDD, 0xDD, 0xDD, 0xDD, 0x90,
        0x00, 0x00, 0x00, 0x00, 0x00, 0x00, 0x00, 0x00, 0x00, 0x00, 0x00, 0x00,
        0x00, 0x00, 0x00, 0x00, 0x00, 0x00, 0x00, 0x00, 0x00, 0x00, 0x00, 0x00,
        0x00, 0x00, 0x00, 0x00, 0x00, 0x00, 0x00, 0x00, 0x00, 0x00, 0x00, 0x00,
        0x00, 0x00, 0x00, 0x00, 0x00, 0x00, 0x00, 0x00, 0x00, 0x00, 0x00, 0x00,
        0x00, 0x00, 0x00, 0xDD, 0xDD, 0xDD, 0xDD, 0xDD, 0xDD, 0xDD, 0xDD, 0xD0,
        0x00, 0x00, 0x00, 0x00, 0x00, 0x00, 0xD0, 0x00, 0x00, 0x00, 0x00, 0x00,
        0x00, 0x00, 0xC0, 0x00, 0x00, 0x00, 0x00, 0x00, 0x00, 0xD0, 0x00, 0x00,
        0x00, 0x00, 0x00, 0x00, 0x00, 0xC0, 0x00, 0x00, 0x00, 0x00, 0x00, 0x00,
        0xD0, 0x00, 0x00, 0x00, 0x00, 0x00, 0x00, 0x00, 0xC0, 0x00, 0x00, 0x00,
        0x00, 0x00, 0x00, 0xD0, 0x00, 0x00, 0x00, 0x00, 0x00, 0x00, 0x00, 0xC0,
        0x00, 0x00, 0x00, 0x00, 0x00, 0x00, 0xD0, 0x00, 0x00, 0x00, 0x00, 0x00,
        0x00, 0x00, 0xC0, 0x00, 0x00, 0x00, 0x00, 0x00, 0x00, 0xD1, 0x11, 0x11,
        0x11, 0x11, 0x11, 0x11, 0x11, 0xD0, 0x00, 0x00, 0x00, 0x00, 0x00, 0x00,
        0xFC, 0xCC, 0xCC, 0xCC, 0xCC, 0xCC, 0xCC, 0xCC, 0xF0, 0x00, 0x00, 0x00,
        0x00, 0x00, 0x00, 0xD0, 0x00, 0x00, 0x00, 0x00, 0x00, 0x00, 0x00, 0xC0,
        0x00, 0x00, 0x00, 0x00, 0x00, 0x00, 0x10, 0x00, 0x00, 0x00, 0x00, 0x00,
        0x00, 0x00, 0x00, 0x00, 0x00, 0x00,
    },
    /* U+8BBE 设 */
    {
        0x00, 0x00, 0x00, 0x00, 0x00, 0x00, 0x00, 0x00, 0x00, 0x00, 0x00, 0x00,
        0x00, 0x00, 0x00, 0x00, 0x00, 0x00, 0x00, 0x00, 0x00, 0x00, 0x00, 0x00,
        0x00, 0x00, 0x00, 0x00, 0x00, 0x00, 0x00, 0x00, 0x00, 0x00, 0x00, 0x00,
        0x00, 0x00, 0x00, 0x00, 0x00, 0x00, 0x00, 0x00, 0x00, 0x00, 0x00, 0x20,
        0x00, 0x00, 0x00, 0x00, 0x00, 0x00, 0x00, 0x00, 0x00, 0x00, 0x00, 0x00,
        0x00, 0x00, 0x7A, 0x10, 0x00, 0x00, 0x00, 0x2F, 0xDD, 0xDD, 0xDD, 0xF0,
        0x00, 0x00, 0x00, 0x00, 0x00, 0x06, 0xB1, 0x00, 0x00, 0x00, 0x2B, 0x00,
        0x00, 0x00, 0xD0, 0x00, 0x00, 0x00, 0x00, 0x00, 0x00, 0x6C, 0x10, 0x00,
        0x00, 0x2B, 0x00, 0x00, 0x00, 0xD0, 0x00, 0x00, 0x00, 0x00, 0x00, 0x00,
        0x07, 0xA0, 0x00, 0x00, 0x2B, 0x00, 0x00, 0x00, 0xD0, 0x00, 0x00, 0x00,
        0x00, 0x00, 0x00, 0x00, 0x40, 0x00, 0x00, 0x39, 0x00, 0x00, 0x00, 0xD0,
        0x00, 0x00, 0x00, 0x00, 0x00, 0x00, 0x00, 0x00, 0x00, 0x00, 0x76, 0x00,
        0x00, 0x00, 0xD0, 0x00, 0x00, 0x00, 0x00, 0x00, 0x00, 0x00, 0x00, 0x00,
        0x00, 0xC2, 0x00, 0x00, 0x00, 0xD0, 0x00, 0x00, 0x00, 0x00, 0x00, 0x00,
        0x00, 0x00, 0x00, 0x06, 0x90, 0x00, 0x00, 0x00, 0xD0, 0x00, 0x00, 0x00,
        0x06, 0xDD, 0xDD, 0xF1, 0x00, 0x00, 0x5C, 0x10, 0x00, 0x00, 0x00, 0x9D,
        0xDD, 0xD3, 0x00, 0x00, 0x00, 0x00, 0xC1, 0x00, 0x18, 0xC2, 0x00, 0x00,
        0x00, 0x00, 0x00, 0x00, 0x00, 0x00, 0x00, 0x00, 0x00, 0xC1, 0x00, 0xA8,
        0x00, 0x00, 0x00, 0x00, 0x00, 0x00, 0x00, 0x00, 0x00, 0x00, 0x00, 0x00,
        0xC1, 0x00, 0x00, 0x00, 0x00, 0x00, 0x00, 0x00, 0x00, 0x00, 0x00, 0x00,
        0x00, 0x00, 0x00, 0xC1, 0x00, 0x0A, 0xFF, 0xDD, 0xDD, 0xDD, 0xDD, 0xDD,
        0xF9, 0x00, 0x00, 0x00, 0x00, 0x00, 0xC1, 0x00, 0x00, 0x2C, 0x00, 0x00,
        0x00, 0x00, 0x00, 0xC2, 0x00, 0x00, 0x00, 0x00, 0x00, 0xC1, 0x00, 0x00,
        0x0A, 0x40, 0x00, 0x00, 0x00, 0x04, 0xB0, 0x00, 0x00, 0x00, 0x00, 0x00,
        0xC1, 0x00, 0x00, 0x02, 0xC0, 0x00, 0x00, 0x00, 0x0C, 0x30, 0x00, 0x00,
        0x00, 0x00, 0x00, 0xC1, 0x00, 0x00, 0x00, 0x88, 0x00, 0x00, 0x00, 0x88,
        0x00, 0x00, 0x00, 0x00, 0x00, 0x00, 0xC1, 0x00, 0x00, 0x00, 0x1C, 0x30,
        0x00, 0x05, 0xB0, 0x00, 0x00, 0x00, 0x00, 0x00, 0x00, 0xC1, 0x00, 0x00,
        0x00, 0x02, 0xD3, 0x00, 0x4D, 0x10, 0x00, 0x00, 0x00, 0x00, 0x00, 0x00,
        0xC1, 0x00, 0x10, 0x00, 0x00, 0x3D, 0x35, 0xC2, 0x00, 0x00, 0x00, 0x00,
        0x00, 0x00, 0x00, 0xC1, 0x06, 0xC1, 0x00, 0x00, 0x03, 0xFF, 0x10, 0x00,
        0x00, 0x00, 0x00, 0x00, 0x00, 0x00, 0xD4, 0xC8, 0x00, 0x00, 0x00, 0x3C,
        0xAC, 0x91, 0x00, 0x00, 0x00, 0x00, 0x00, 0x00, 0x05, 0xFC, 0x30, 0x00,
        0x00, 0x29, 0xC4, 0x00, 0x7D, 0x71, 0x00, 0x00, 0x00, 0x00, 0x00, 0x1F,
        0x80, 0x00, 0x00, 0x4A, 0xD6, 0x00, 0x00, 0x02, 0x9D, 0x83, 0x00, 0x00,
        0x00, 0x00, 0x02, 0x00, 0x00, 0x1D, 0xB5, 0x00, 0x00, 0x00, 0x00, 0x01,
        0x7C, 0xD4, 0x00, 0x00, 0x00, 0x00, 0x00, 0x00, 0x01, 0x00, 0x00, 0x00,
        0x00, 0x00, 0x00, 0x00, 0x10, 0x00,
    },
    /* U+8BCA 诊 */
    {
        0x00, 0x00, 0x00, 0x00, 0x00, 0x00, 0x00, 0x00, 0x00, 0x00, 0x00, 0x00,
        0x00, 0x00, 0x00, 0x00, 0x00, 0x00, 0x00, 0x00, 0x00, 0x00, 0x00, 0x00,
        0x00, 0x00, 0x00, 0x00, 0x00, 0x00, 0x00, 0x00, 0x00, 0x00, 0x00, 0x00,
        0x00, 0x00, 0x00, 0x00, 0x00, 0x00, 0x00, 0x00, 0x00, 0x00, 0x00, 0x21,
        0x00, 0x00, 0x00, 0x00, 0x00, 0x00, 0x87, 0x00, 0x00, 0x00, 0x00, 0x00,
        0x00, 0x00, 0x5C, 0x20, 0x00, 0x00, 0x00, 0x00, 0x02, 0xF8, 0x00, 0x00,
        0x00, 0x00, 0x00, 0x00, 0x00, 0x04, 0xD2, 0x00, 0x00, 0x00, 0x00, 0x0B,
        0x5C, 0x30, 0x00, 0x00, 0x00, 0x00, 0x00, 0x00, 0x00, 0x4D, 0x20, 0x00,
        0x00, 0x00, 0x79, 0x02, 0xC1, 0x00, 0x00, 0x00, 0x00, 0x00, 0x00, 0x00,
        0x06, 0x90, 0x00, 0x00, 0x05, 0xC1, 0x00, 0x4C, 0x10, 0x00, 0x00, 0x00,
        0x00, 0x00, 0x00, 0x00, 0x00, 0x00, 0x00, 0x4C, 0x10, 0x00, 0x04, 0xC1,
        0x00, 0x00, 0x00, 0x00, 0x00, 0x00, 0x00, 0x00, 0x00, 0x05, 0xC1, 0x00,
        0x00, 0x00, 0x4C, 0x30, 0x00, 0x00, 0x00, 0x00, 0x00, 0x00, 0x00, 0x00,
        0x7B, 0x10, 0x00, 0x00, 0x00, 0x03, 0xD6, 0x00, 0x00, 0x00, 0x00, 0x00,
        0x00, 0x00, 0x2B, 0x80, 0x00, 0x00, 0x2C, 0x10, 0x00, 0x1B, 0xC3, 0x00,
        0x06, 0xDD, 0xDD, 0xF4, 0x00, 0xA4, 0x00, 0x00, 0x02, 0xC3, 0x00, 0x00,
        0x00, 0x65, 0x00, 0x00, 0x00, 0x00, 0x85, 0x00, 0x00, 0x00, 0x00, 0x5C,
        0x30, 0x00, 0x00, 0x00, 0x00, 0x00, 0x00, 0x00, 0x00, 0x85, 0x00, 0x00,
        0x00, 0x19, 0xA1, 0x00, 0x00, 0x00, 0x00, 0x00, 0x00, 0x00, 0x00, 0x00,
        0x85, 0x00, 0x00, 0x05, 0xC6, 0x00, 0x00, 0x01, 0x60, 0x00, 0x00, 0x00,
        0x00, 0x00, 0x00, 0x85, 0x00, 0x00, 0x98, 0x10, 0x00, 0x00, 0x0B, 0x40,
        0x00, 0x00, 0x00, 0x00, 0x00, 0x00, 0x85, 0x00, 0x00, 0x00, 0x00, 0x00,
        0x00, 0xA6, 0x00, 0x00, 0x00, 0x00, 0x00, 0x00, 0x00, 0x85, 0x00, 0x00,
        0x00, 0x00, 0x00, 0x1B, 0x60, 0x00, 0x00, 0x00, 0x00, 0x00, 0x00, 0x00,
        0x85, 0x00, 0x00, 0x00, 0x00, 0x03, 0xC4, 0x00, 0x00, 0x03, 0x10, 0x00,
        0x00, 0x00, 0x00, 0x85, 0x00, 0x00, 0x00, 0x01, 0x8B, 0x20, 0x00, 0x00,
        0x1D, 0x20, 0x00, 0x00, 0x00, 0x00, 0x85, 0x00, 0x00, 0x01, 0x7D, 0x60,
        0x00, 0x00, 0x00, 0xB6, 0x00, 0x00, 0x00, 0x00, 0x00, 0x85, 0x00, 0x00,
        0x09, 0x71, 0x00, 0x00, 0x00, 0x0A, 0x80, 0x00, 0x00, 0x00, 0x00, 0x00,
        0x85, 0x01, 0x91, 0x00, 0x00, 0x00, 0x00, 0x01, 0xB8, 0x00, 0x00, 0x00,
        0x00, 0x00, 0x00, 0x85, 0x5C, 0x50, 0x00, 0x00, 0x00, 0x00, 0x4D, 0x60,
        0x00, 0x00, 0x00, 0x00, 0x00, 0x00, 0xBF, 0xA1, 0x00, 0x00, 0x00, 0x00,
        0x2A, 0xB2, 0x00, 0x00, 0x00, 0x00, 0x00, 0x00, 0x06, 0xF7, 0x00, 0x00,
        0x00, 0x00, 0x4A, 0xC5, 0x00, 0x00, 0x00, 0x00, 0x00, 0x00, 0x00, 0x0B,
        0x30, 0x00, 0x00, 0x03, 0x8C, 0xA4, 0x00, 0x00, 0x00, 0x00, 0x00, 0x00,
        0x00, 0x00, 0x00, 0x00, 0x00, 0x00, 0xBA, 0x61, 0x00, 0x00, 0x00, 0x00,
        0x00, 0x00, 0x00, 0x00, 0x00, 0x00, 0x00, 0x00, 0x00, 0x00, 0x00, 0x00,
        0x00, 0x00, 0x00, 0x00, 0x00, 0x00,
    },
    /* U+8BED 语 */
    {
        0x00, 0x00, 0x00, 0x00, 0x00, 0x00, 0x00, 0x00, 0x00, 0x00, 0x00, 0x00,
        0x00, 0x00, 0x00, 0x00, 0x00, 0x00, 0x00, 0x00, 0x00, 0x00, 0x00, 0x00,
        0x00, 0x00, 0x00, 0x00, 0x00, 0x00, 0x00, 0x00, 0x00, 0x00, 0x00, 0x00,
        0x00, 0x00, 0x00, 0x00, 0x00, 0x00, 0x00, 0x00, 0x00, 0x00, 0x00, 0x00,
        0x00, 0x00, 0x00, 0x00, 0x00, 0x00, 0x00, 0x00, 0x00, 0x00, 0x00, 0x00,
        0x00, 0x04, 0x70, 0x00, 0x00, 0x9D, 0xDD, 0xDD, 0xEF, 0xDD, 0xDD, 0xDD,
        0xDD, 0x40, 0x00, 0x00, 0x00, 0x99, 0x00, 0x00, 0x00, 0x00, 0x00, 0x4A,
        0x00, 0x00, 0x00, 0x00, 0x00, 0x00, 0x00, 0x00, 0x08, 0x90, 0x00, 0x00,
        0x00, 0x00, 0x77, 0x00, 0x00, 0x00, 0x00, 0x00, 0x00, 0x00, 0x00, 0x00,
        0x98, 0x00, 0x00, 0x00, 0x00, 0xA3, 0x00, 0x00, 0x00, 0x00, 0x00, 0x00,
        0x00, 0x00, 0x00, 0x08, 0x00, 0x00, 0x00, 0x00, 0xD0, 0x00, 0x00, 0x00,
        0x00, 0x00, 0x00, 0x00, 0x00, 0x00, 0x00, 0x00, 0x07, 0xDD, 0xDF, 0xFD,
        0xDD, 0xDD, 0xDF, 0x60, 0x00, 0x00, 0x00, 0x00, 0x00, 0x00, 0x00, 0x00,
        0x00, 0x05, 0x80, 0x00, 0x00, 0x07, 0x50, 0x00, 0x00, 0x00, 0x00, 0x00,
        0x00, 0x00, 0x00, 0x00, 0x09, 0x40, 0x00, 0x00, 0x09, 0x30, 0x00, 0x00,
        0x06, 0xDD, 0xDD, 0xF0, 0x00, 0x00, 0x00, 0x0D, 0x10, 0x00, 0x00, 0x0B,
        0x20, 0x00, 0x00, 0x00, 0x00, 0x00, 0xC0, 0x00, 0x00, 0x00, 0x2C, 0x00,
        0x00, 0x00, 0x0D, 0x00, 0x00, 0x00, 0x00, 0x00, 0x00, 0xC0, 0x00, 0x00,
        0x00, 0x68, 0x00, 0x00, 0x00, 0x0D, 0x00, 0x00, 0x00, 0x00, 0x00, 0x00,
        0xC0, 0x07, 0x99, 0x99, 0xFC, 0x99, 0x99, 0x99, 0xAF, 0x99, 0x92, 0x00,
        0x00, 0x00, 0x00, 0xC0, 0x03, 0x44, 0x44, 0x44, 0x44, 0x44, 0x44, 0x44,
        0x44, 0x41, 0x00, 0x00, 0x00, 0x00, 0xC0, 0x00, 0x00, 0x00, 0x00, 0x00,
        0x00, 0x00, 0x00, 0x00, 0x00, 0x00, 0x00, 0x00, 0x00, 0xC0, 0x00, 0x00,
        0x00, 0x00, 0x00, 0x00, 0x00, 0x00, 0x00, 0x00, 0x00, 0x00, 0x00, 0x00,
        0xC0, 0x00, 0x00, 0xCD, 0xDD, 0xDD, 0xDD, 0xDD, 0xDD, 0xD5, 0x00, 0x00,
        0x00, 0x00, 0x00, 0xC0, 0x00, 0x00, 0xD0, 0x00, 0x00, 0x00, 0x00, 0x00,
        0x76, 0x00, 0x00, 0x00, 0x00, 0x00, 0xC0, 0x00, 0x00, 0xD0, 0x00, 0x00,
        0x00, 0x00, 0x00, 0x76, 0x00, 0x00, 0x00, 0x00, 0x00, 0xC0, 0x00, 0x00,
        0xD0, 0x00, 0x00, 0x00, 0x00, 0x00, 0x76, 0x00, 0x00, 0x00, 0x00, 0x00,
        0xC0, 0x02, 0xB3, 0xD0, 0x00, 0x00, 0x00, 0x00, 0x00, 0x76, 0x00, 0x00,
        0x00, 0x00, 0x00, 0xC0, 0x6C, 0x30, 0xD0, 0x00, 0x00, 0x00, 0x00, 0x00,
        0x76, 0x00, 0x00, 0x00, 0x00, 0x00, 0xEB, 0xA1, 0x00, 0xD0, 0x00, 0x00,
        0x00, 0x00, 0x00, 0x76, 0x00, 0x00, 0x00, 0x00, 0x04, 0xF6, 0x00, 0x00,
        0xD0, 0x00, 0x00, 0x00, 0x00, 0x00, 0x76, 0x00, 0x00, 0x00, 0x00, 0x04,
        0x50, 0x00, 0x00, 0xFD, 0xDD, 0xDD, 0xDD, 0xDD, 0xDD, 0xF6, 0x00, 0x00,
        0x00, 0x00, 0x00, 0x00, 0x00, 0x00, 0xD0, 0x00, 0x00, 0x00, 0x00, 0x00,
        0x76, 0x00, 0x00, 0x00, 0x00, 0x00, 0x00, 0x00, 0x00, 0x10, 0x00, 0x00,
        0x00, 0x00, 0x00, 0x00, 0x00, 0x00,
    },
    /* U+8BF4 说 */
    {
        0x00, 0x00, 0x00, 0x00, 0x00, 0x00, 0x00, 0x00, 0x00, 0x00, 0x00, 0x00,
        0x00, 0x00, 0x00, 0x00, 0x00, 0x00, 0x00, 0x00, 0x00, 0x00, 0x00, 0x00,
        0x00, 0x00, 0x00, 0x00, 0x00, 0x00, 0x00, 0x00, 0x00, 0x00, 0x00, 0x00,
        0x00, 0x00, 0x00, 0x00, 0x00, 0x00, 0x00, 0x00, 0x00, 0x00, 0x00, 0x00,
        0x00, 0x00, 0x00, 0x09, 0x00, 0x00, 0x00, 0x00, 0x0A, 0x10, 0x00, 0x00,
        0x00, 0x00, 0x86, 0x00, 0x00, 0x00, 0x07, 0x70, 0x00, 0x00, 0x00, 0x3B,
        0x00, 0x00, 0x00, 0x00, 0x00, 0x0B, 0x60, 0x00, 0x00, 0x00, 0xC3, 0x00,
        0x00, 0x00, 0xA4, 0x00, 0x00, 0x00, 0x00, 0x00, 0x00, 0xB5, 0x00, 0x00,
        0x00, 0x3B, 0x00, 0x00, 0x02, 0xC0, 0x00, 0x00, 0x00, 0x00, 0x00, 0x00,
        0x1C, 0x40, 0x00, 0x00, 0x0A, 0x40, 0x00, 0x09, 0x50, 0x00, 0x00, 0x00,
        0x00, 0x00, 0x00, 0x02, 0x80, 0x00, 0x00, 0x02, 0x20, 0x00, 0x2C, 0x00,
        0x00, 0x00, 0x00, 0x00, 0x00, 0x00, 0x00, 0x00, 0x0C, 0xDD, 0xDD, 0xDD,
        0xDD, 0xFF, 0xDD, 0xD0, 0x00, 0x00, 0x00, 0x00, 0x00, 0x00, 0x00, 0x0C,
        0x10, 0x00, 0x00, 0x00, 0x00, 0x00, 0xD0, 0x00, 0x00, 0x00, 0x00, 0x00,
        0x00, 0x00, 0x0C, 0x10, 0x00, 0x00, 0x00, 0x00, 0x00, 0xD0, 0x00, 0x00,
        0x06, 0xDD, 0xDD, 0xF3, 0x00, 0x0C, 0x10, 0x00, 0x00, 0x00, 0x00, 0x00,
        0xD0, 0x00, 0x00, 0x00, 0x00, 0x00, 0x94, 0x00, 0x0C, 0x10, 0x00, 0x00,
        0x00, 0x00, 0x00, 0xD0, 0x00, 0x00, 0x00, 0x00, 0x00, 0x94, 0x00, 0x0C,
        0x10, 0x00, 0x00, 0x00, 0x00, 0x00, 0xD0, 0x00, 0x00, 0x00, 0x00, 0x00,
        0x94, 0x00, 0x0C, 0x10, 0x00, 0x00, 0x00, 0x00, 0x00, 0xD0, 0x00, 0x00,
        0x00, 0x00, 0x00, 0x94, 0x00, 0x0C, 0x88, 0x88, 0x88, 0x88, 0x88, 0x88,
        0xD0, 0x00, 0x00, 0x00, 0x00, 0x00, 0x94, 0x00, 0x04, 0x55, 0x59, 0xF5,
        0x56, 0xF5, 0x55, 0x50, 0x00, 0x00, 0x00, 0x00, 0x00, 0x94, 0x00, 0x00,
        0x00, 0x05, 0x80, 0x00, 0xD0, 0x00, 0x00, 0x00, 0x00, 0x00, 0x00, 0x00,
        0x94, 0x00, 0x00, 0x00, 0x07, 0x60, 0x00, 0xD0, 0x00, 0x00, 0x00, 0x00,
        0x00, 0x00, 0x00, 0x94, 0x00, 0x00, 0x00, 0x09, 0x40, 0x00, 0xD0, 0x00,
        0x00, 0x00, 0x00, 0x00, 0x00, 0x00, 0x94, 0x00, 0x00, 0x00, 0x0C, 0x10,
        0x00, 0xD0, 0x00, 0x00, 0x00, 0x00, 0x00, 0x00, 0x00, 0x94, 0x00, 0x20,
        0x00, 0x1C, 0x00, 0x00, 0xD0, 0x00, 0x00, 0x00, 0x00, 0x00, 0x00, 0x00,
        0x94, 0x06, 0xB1, 0x00, 0x77, 0x00, 0x00, 0xD0, 0x00, 0x00, 0x00, 0x00,
        0x00, 0x00, 0x00, 0x95, 0xA8, 0x00, 0x01, 0xD1, 0x00, 0x00, 0xD0, 0x00,
        0x00, 0x52, 0x00, 0x00, 0x00, 0x00, 0xFF, 0x50, 0x00, 0x09, 0x70, 0x00,
        0x00, 0xD0, 0x00, 0x00, 0x94, 0x00, 0x00, 0x00, 0x0B, 0xF2, 0x00, 0x00,
        0x7B, 0x00, 0x00, 0x00, 0xD0, 0x00, 0x00, 0x93, 0x00, 0x00, 0x00, 0x05,
        0x10, 0x00, 0x1A, 0xA0, 0x00, 0x00, 0x00, 0xD0, 0x00, 0x00, 0xC1, 0x00,
        0x00, 0x00, 0x00, 0x00, 0x18, 0xD6, 0x00, 0x00, 0x00, 0x00, 0x9D, 0xDD,
        0xDE, 0x90, 0x00, 0x00, 0x00, 0x00, 0x00, 0x05, 0x10, 0x00, 0x00, 0x00,
        0x00, 0x00, 0x00, 0x00, 0x00, 0x00,
    },
    /* U+8C03 调 */
    {
        0x00, 0x00, 0x00, 0x00, 0x00, 0x00, 0x00, 0x00, 0x00, 0x00, 0x00, 0x00,
        0x00, 0x00, 0x00, 0x00, 0x00, 0x00, 0x00, 0x00, 0x00, 0x00, 0x00, 0x00,
        0x00, 0x00, 0x00, 0x00, 0x00, 0x00, 0x00, 0x00, 0x00, 0x00, 0x00, 0x00,
        0x00, 0x00, 0x00, 0x00, 0x00, 0x00, 0x00, 0x00, 0x00, 0x00, 0x00, 0x30,
        0x00, 0x00, 0x00, 0x00, 0x00, 0x00, 0x00, 0x00, 0x00, 0x00, 0x00, 0x00,
        0x00, 0x01, 0xB7, 0x00, 0x00, 0x06, 0xDB, 0xBB, 0xBB, 0xBB, 0xBB, 0xBB,
        0xBE, 0x60, 0x00, 0x00, 0x00, 0x0B, 0x80, 0x00, 0x09, 0x62, 0x22, 0x22,
        0x22, 0x22, 0x22, 0x27, 0x80, 0x00, 0x00, 0x00, 0x00, 0xB7, 0x00, 0x09,
        0x40, 0x00, 0x00, 0x81, 0x00, 0x00, 0x05, 0x80, 0x00, 0x00, 0x00, 0x00,
        0x1C, 0x50, 0x09, 0x40, 0x00, 0x00, 0xC1, 0x00, 0x00, 0x05, 0x80, 0x00,
        0x00, 0x00, 0x00, 0x01, 0x20, 0x09, 0x40, 0x00, 0x00, 0xC1, 0x00, 0x00,
        0x05, 0x80, 0x00, 0x00, 0x00, 0x00, 0x00, 0x00, 0x09, 0x40, 0x7B, 0xBB,
        0xFC, 0xBB, 0xB1, 0x05, 0x80, 0x00, 0x00, 0x00, 0x00, 0x00, 0x00, 0x09,
        0x40, 0x12, 0x22, 0xE4, 0x22, 0x20, 0x05, 0x80, 0x00, 0x00, 0x00, 0x00,
        0x00, 0x00, 0x09, 0x40, 0x00, 0x00, 0xC1, 0x00, 0x00, 0x05, 0x80, 0x00,
        0x06, 0xDD, 0xDD, 0xF1, 0x00, 0x09, 0x40, 0x00, 0x00, 0xC1, 0x00, 0x00,
        0x05, 0x80, 0x00, 0x00, 0x00, 0x00, 0xC1, 0x00, 0x09, 0x40, 0x00, 0x00,
        0xC1, 0x00, 0x00, 0x05, 0x80, 0x00, 0x00, 0x00, 0x00, 0xC1, 0x00, 0x09,
        0x44, 0xAA, 0xAA, 0xFB, 0xAA, 0xAA, 0x05, 0x80, 0x00, 0x00, 0x00, 0x00,
        0xC1, 0x00, 0x09, 0x41, 0x33, 0x33, 0x33, 0x33, 0x32, 0x05, 0x80, 0x00,
        0x00, 0x00, 0x00, 0xC1, 0x00, 0x09, 0x30, 0x00, 0x00, 0x00, 0x00, 0x00,
        0x05, 0x80, 0x00, 0x00, 0x00, 0x00, 0xC1, 0x00, 0x0A, 0x30, 0x00, 0x00,
        0x00, 0x00, 0x00, 0x05, 0x80, 0x00, 0x00, 0x00, 0x00, 0xC1, 0x00, 0x0B,
        0x20, 0x2F, 0xDD, 0xDD, 0xDD, 0xB0, 0x05, 0x80, 0x00, 0x00, 0x00, 0x00,
        0xC1, 0x00, 0x0C, 0x00, 0x2B, 0x00, 0x00, 0x00, 0xD0, 0x05, 0x80, 0x00,
        0x00, 0x00, 0x00, 0xC1, 0x00, 0x0C, 0x00, 0x2B, 0x00, 0x00, 0x00, 0xD0,
        0x05, 0x80, 0x00, 0x00, 0x00, 0x00, 0xC1, 0x00, 0x1C, 0x00, 0x2B, 0x00,
        0x00, 0x00, 0xD0, 0x05, 0x80, 0x00, 0x00, 0x00, 0x00, 0xC1, 0x00, 0x39,
        0x00, 0x2B, 0x00, 0x00, 0x00, 0xD0, 0x05, 0x80, 0x00, 0x00, 0x00, 0x00,
        0xC1, 0x00, 0x76, 0x00, 0x2C, 0x22, 0x22, 0x22, 0xD0, 0x05, 0x80, 0x00,
        0x00, 0x00, 0x00, 0xC1, 0x3B, 0xB2, 0x00, 0x2F, 0xBB, 0xBB, 0xBB, 0xA0,
        0x05, 0x80, 0x00, 0x00, 0x00, 0x00, 0xDA, 0xB4, 0xC0, 0x00, 0x2B, 0x00,
        0x00, 0x00, 0x00, 0x05, 0x80, 0x00, 0x00, 0x00, 0x08, 0xF7, 0x07, 0x60,
        0x00, 0x01, 0x00, 0x00, 0x00, 0x00, 0x05, 0x80, 0x00, 0x00, 0x00, 0x1F,
        0x30, 0x1D, 0x10, 0x00, 0x00, 0x00, 0x00, 0x00, 0x00, 0x05, 0x80, 0x00,
        0x00, 0x00, 0x00, 0x00, 0x85, 0x00, 0x00, 0x00, 0x00, 0x00, 0x02, 0xCC,
        0xCC, 0x30, 0x00, 0x00, 0x00, 0x00, 0x00, 0x00, 0x00, 0x00, 0x00, 0x00,
        0x00, 0x00, 0x00, 0x00, 0x00, 0x00,
    },
    /* U+8D25 败 */
    {
        0x00, 0x00, 0x00, 0x00, 0x00, 0x00, 0x00, 0x00, 0x00, 0x00, 0x00, 0x00,
        0x00, 0x00, 0x00, 0x00, 0x00, 0x00, 0x00, 0x00, 0x00, 0x00, 0x00, 0x00,
        0x00, 0x00, 0x00, 0x00, 0x00, 0x00, 0x00, 0x00, 0x00, 0x00, 0x00, 0x00,
        0x00, 0x00, 0x00, 0x00, 0x00, 0x00, 0x00, 0x00, 0x00, 0x00, 0x00, 0x00,
        0x00, 0x00, 0x00, 0x00, 0x00, 0x02, 0xB0, 0x00, 0x00, 0x00, 0x00, 0x00,
        0x00, 0x0D, 0xDD, 0xDD, 0xDD, 0xDD, 0x00, 0x00, 0x06, 0x80, 0x00, 0x00,
        0x00, 0x00, 0x00, 0x00, 0x0D, 0x00, 0x00, 0x00, 0x0C, 0x00, 0x00, 0x0A,
        0x40, 0x00, 0x00, 0x00, 0x00, 0x00, 0x00, 0x0D, 0x00, 0x00, 0x00, 0x0C,
        0x00, 0x00, 0x0D, 0x00, 0x00, 0x00, 0x00, 0x00, 0x00, 0x00, 0x0D, 0x00,
        0x04, 0x00, 0x0C, 0x00, 0x00, 0x3B, 0x00, 0x00, 0x00, 0x00, 0x00, 0x00,
        0x00, 0x0D, 0x00, 0x0D, 0x00, 0x0C, 0x00, 0x00, 0x8F, 0xDD, 0xDD, 0xDE,
        0xFD, 0xD4, 0x00, 0x00, 0x0D, 0x00, 0x0D, 0x00, 0x0C, 0x00, 0x00, 0xD1,
        0x00, 0x00, 0x02, 0xA0, 0x00, 0x00, 0x00, 0x0D, 0x00, 0x0D, 0x00, 0x0C,
        0x00, 0x04, 0xA0, 0x00, 0x00, 0x04, 0x90, 0x00, 0x00, 0x00, 0x0D, 0x00,
        0x0D, 0x00, 0x0C, 0x00, 0x0D, 0x50, 0x00, 0x00, 0x06, 0x60, 0x00, 0x00,
        0x00, 0x0D, 0x00, 0x0D, 0x00, 0x0C, 0x00, 0x2F, 0x60, 0x00, 0x00, 0x09,
        0x40, 0x00, 0x00, 0x00, 0x0D, 0x00, 0x0D, 0x00, 0x0C, 0x00, 0xA6, 0xB0,
        0x00, 0x00, 0x0C, 0x10, 0x00, 0x00, 0x00, 0x0D, 0x00, 0x0D, 0x00, 0x0C,
        0x04, 0xB0, 0xB1, 0x00, 0x00, 0x0C, 0x00, 0x00, 0x00, 0x00, 0x0D, 0x00,
        0x0D, 0x00, 0x0C, 0x01, 0x20, 0x67, 0x00, 0x00, 0x49, 0x00, 0x00, 0x00,
        0x00, 0x0D, 0x00, 0x0D, 0x00, 0x0C, 0x00, 0x00, 0x0C, 0x00, 0x00, 0x85,
        0x00, 0x00, 0x00, 0x00, 0x0D, 0x00, 0x0D, 0x00, 0x0C, 0x00, 0x00, 0x08,
        0x50, 0x00, 0xC1, 0x00, 0x00, 0x00, 0x00, 0x0D, 0x00, 0x0D, 0x00, 0x0C,
        0x00, 0x00, 0x01, 0xC0, 0x03, 0xA0, 0x00, 0x00, 0x00, 0x00, 0x0D, 0x00,
        0x2B, 0x00, 0x0C, 0x00, 0x00, 0x00, 0x86, 0x09, 0x40, 0x00, 0x00, 0x00,
        0x00, 0x0D, 0x00, 0x58, 0x00, 0x0C, 0x00, 0x00, 0x00, 0x1C, 0x2C, 0x00,
        0x00, 0x00, 0x00, 0x00, 0x07, 0x00, 0x95, 0x00, 0x06, 0x00, 0x00, 0x00,
        0x05, 0xF5, 0x00, 0x00, 0x00, 0x00, 0x00, 0x00, 0x00, 0xD1, 0x42, 0x00,
        0x00, 0x00, 0x00, 0x03, 0xF5, 0x00, 0x00, 0x00, 0x00, 0x00, 0x00, 0x05,
        0x90, 0x3C, 0x10, 0x00, 0x00, 0x00, 0x0C, 0x4C, 0x20, 0x00, 0x00, 0x00,
        0x00, 0x00, 0x0C, 0x20, 0x06, 0xB0, 0x00, 0x00, 0x00, 0x97, 0x03, 0xC1,
        0x00, 0x00, 0x00, 0x00, 0x00, 0x97, 0x00, 0x00, 0x97, 0x00, 0x00, 0x08,
        0x90, 0x00, 0x4C, 0x20, 0x00, 0x00, 0x00, 0x08, 0xA0, 0x00, 0x00, 0x0C,
        0x40, 0x00, 0x99, 0x00, 0x00, 0x04, 0xC4, 0x00, 0x00, 0x01, 0xAA, 0x00,
        0x00, 0x00, 0x03, 0xA0, 0x2C, 0x80, 0x00, 0x00, 0x00, 0x2C, 0x91, 0x00,
        0x03, 0x60, 0x00, 0x00, 0x00, 0x00, 0x04, 0xC4, 0x00, 0x00, 0x00, 0x00,
        0x00, 0x76, 0x00, 0x00, 0x00, 0x00, 0x00, 0x00, 0x00, 0x00, 0x00, 0x00,
        0x00, 0x00, 0x00, 0x00, 0x00, 0x00,
    },
    /* U+8D28 质 */
    {
        0x00, 0x00, 0x00, 0x00, 0x00, 0x00, 0x00, 0x00, 0x00, 0x00, 0x00, 0x00,
        0x00, 0x00, 0x00, 0x00, 0x00, 0x00, 0x00, 0x00, 0x00, 0x00, 0x00, 0x00,
        0x00, 0x00, 0x00, 0x00, 0x00, 0x00, 0x00, 0x00, 0x00, 0x00, 0x00, 0x00,
        0x00, 0x00, 0x00, 0x00, 0x00, 0x00, 0x00, 0x00, 0x00, 0x00, 0x00, 0x00,
        0x00, 0x00, 0x00, 0x00, 0x00, 0x00, 0x00, 0x02, 0x47, 0x60, 0x00, 0x00,
        0x00, 0x00, 0x00, 0x00, 0x00, 0x12, 0x34, 0x56, 0x99, 0xBC, 0xCB, 0x96,
        0x30, 0x00, 0x00, 0x00, 0x00, 0xED, 0xCC, 0xCC, 0xCB, 0xA8, 0x76, 0xF3,
        0x20, 0x00, 0x00, 0x00, 0x00, 0x00, 0x00, 0x00, 0xB3, 0x00, 0x00, 0x00,
        0x00, 0x00, 0xD0, 0x00, 0x00, 0x00, 0x00, 0x00, 0x00, 0x00, 0x00, 0xB2,
        0x00, 0x00, 0x00, 0x00, 0x02, 0xB0, 0x00, 0x00, 0x00, 0x00, 0x00, 0x00,
        0x00, 0x00, 0xB2, 0x00, 0x00, 0x00, 0x00, 0x04, 0xA0, 0x00, 0x00, 0x00,
        0x00, 0x00, 0x00, 0x00, 0x00, 0xB7, 0xDD, 0xDD, 0xDD, 0xDD, 0xDF, 0xFD,
        0xDD, 0xDD, 0xDD, 0xDD, 0xC0, 0x00, 0x00, 0x00, 0xB2, 0x00, 0x00, 0x00,
        0x00, 0x08, 0x60, 0x00, 0x00, 0x00, 0x00, 0x00, 0x00, 0x00, 0x00, 0xB2,
        0x00, 0x00, 0x00, 0x00, 0x0A, 0x30, 0x00, 0x00, 0x00, 0x00, 0x00, 0x00,
        0x00, 0x00, 0xB2, 0x00, 0x00, 0x00, 0x00, 0x0C, 0x10, 0x00, 0x00, 0x00,
        0x00, 0x00, 0x00, 0x00, 0x00, 0xB2, 0x00, 0x67, 0x77, 0x77, 0x7F, 0x77,
        0x77, 0x77, 0x77, 0x10, 0x00, 0x00, 0x00, 0x00, 0xB2, 0x00, 0xD6, 0x66,
        0x66, 0x66, 0x66, 0x66, 0x66, 0x6C, 0x30, 0x00, 0x00, 0x00, 0x00, 0xC1,
        0x00, 0xD0, 0x00, 0x00, 0x00, 0x20, 0x00, 0x00, 0x0A, 0x30, 0x00, 0x00,
        0x00, 0x00, 0xC0, 0x00, 0xD0, 0x00, 0x00, 0x01, 0xC0, 0x00, 0x00, 0x0A,
        0x30, 0x00, 0x00, 0x00, 0x00, 0xD0, 0x00, 0xD0, 0x00, 0x00, 0x01, 0xC0,
        0x00, 0x00, 0x0A, 0x30, 0x00, 0x00, 0x00, 0x00, 0xC0, 0x00, 0xD0, 0x00,
        0x00, 0x01, 0xB0, 0x00, 0x00, 0x0A, 0x30, 0x00, 0x00, 0x00, 0x01, 0xB0,
        0x00, 0xD0, 0x00, 0x00, 0x02, 0xB0, 0x00, 0x00, 0x0A, 0x30, 0x00, 0x00,
        0x00, 0x03, 0x90, 0x00, 0xD0, 0x00, 0x00, 0x04, 0x90, 0x00, 0x00, 0x0A,
        0x30, 0x00, 0x00, 0x00, 0x06, 0x70, 0x00, 0xD0, 0x00, 0x00, 0x07, 0x60,
        0x00, 0x00, 0x0A, 0x30, 0x00, 0x00, 0x00, 0x09, 0x40, 0x00, 0xD0, 0x00,
        0x00, 0x0D, 0x10, 0x00, 0x00, 0x0A, 0x30, 0x00, 0x00, 0x00, 0x0C, 0x10,
        0x00, 0x50, 0x00, 0x00, 0x97, 0x17, 0x10, 0x00, 0x04, 0x10, 0x00, 0x00,
        0x00, 0x2B, 0x00, 0x00, 0x00, 0x00, 0x08, 0xA0, 0x05, 0xBA, 0x30, 0x00,
        0x00, 0x00, 0x00, 0x00, 0x86, 0x00, 0x00, 0x00, 0x02, 0xB8, 0x00, 0x00,
        0x03, 0xAB, 0x40, 0x00, 0x00, 0x00, 0x01, 0xD1, 0x00, 0x00, 0x01, 0x8C,
        0x40, 0x00, 0x00, 0x00, 0x03, 0xAB, 0x30, 0x00, 0x00, 0x07, 0x70, 0x00,
        0x15, 0xAB, 0x50, 0x00, 0x00, 0x00, 0x00, 0x00, 0x03, 0xBA, 0x10, 0x00,
        0x03, 0x10, 0x00, 0x68, 0x20, 0x00, 0x00, 0x00, 0x00, 0x00, 0x00, 0x00,
        0x04, 0x00, 0x00, 0x00, 0x00, 0x00, 0x00, 0x00, 0x00, 0x00, 0x00, 0x00,
        0x00, 0x00, 0x00, 0x00, 0x00, 0x00,
    },
    /* U+8DF3 跳 */
    {
        0x00, 0x00, 0x00, 0x00, 0x00, 0x00, 0x00, 0x00, 0x00, 0x00, 0x00, 0x00,
        0x00, 0x00, 0x00, 0x00, 0x00, 0x00, 0x00, 0x00, 0x00, 0x00, 0x00, 0x00,
        0x00, 0x00, 0x00, 0x00, 0x00, 0x00, 0x00, 0x00, 0x00, 0x00, 0x00, 0x00,
        0x00, 0x00, 0x04, 0x00, 0x04, 0x00, 0x00, 0x00, 0x00, 0x00, 0x00, 0x00,
        0x00, 0x00, 0x00, 0x00, 0x00, 0x0D, 0x00, 0x0D, 0x00, 0x00, 0x00, 0x00,
        0x00, 0x1B, 0xBB, 0xBB, 0xBB, 0xA0, 0x00, 0x00, 0x0D, 0x00, 0x0D, 0x00,
        0x00, 0x00, 0x00, 0x00, 0x1C, 0x11, 0x11, 0x11, 0xD0, 0x00, 0x00, 0x0D,
        0x00, 0x0D, 0x00, 0x00, 0x00, 0x00, 0x00, 0x1C, 0x00, 0x00, 0x00, 0xD0,
        0x40, 0x00, 0x0D, 0x00, 0x0D, 0x00, 0x00, 0x52, 0x00, 0x00, 0x1C, 0x00,
        0x00, 0x00, 0xD0, 0x86, 0x00, 0x0D, 0x00, 0x0D, 0x00, 0x01, 0xD1, 0x00,
        0x00, 0x1C, 0x00, 0x00, 0x00, 0xD0, 0x1C, 0x10, 0x0D, 0x00, 0x0D, 0x00,
        0x07, 0x70, 0x00, 0x00, 0x1C, 0x00, 0x00, 0x00, 0xD0, 0x07, 0x70, 0x0D,
        0x00, 0x0D, 0x00, 0x1D, 0x10, 0x00, 0x00, 0x1C, 0x00, 0x00, 0x00, 0xD0,
        0x01, 0xD0, 0x0D, 0x00, 0x0D, 0x00, 0x86, 0x00, 0x00, 0x00, 0x1D, 0x33,
        0x33, 0x33, 0xD0, 0x00, 0x95, 0x0D, 0x00, 0x0D, 0x02, 0xC0, 0x00, 0x00,
        0x00, 0x1A, 0xAA, 0xFF, 0xAA, 0x90, 0x00, 0x49, 0x0D, 0x00, 0x0D, 0x0B,
        0x30, 0x00, 0x00, 0x00, 0x00, 0x00, 0x67, 0x00, 0x00, 0x00, 0x01, 0x0D,
        0x00, 0x0D, 0x15, 0x00, 0x00, 0x00, 0x00, 0x00, 0x00, 0x67, 0x00, 0x00,
        0x00, 0x00, 0x0D, 0x00, 0x0D, 0x00, 0x00, 0x00, 0x00, 0x00, 0x07, 0x00,
        0x67, 0x00, 0x00, 0x00, 0x00, 0x0C, 0x00, 0x0D, 0x00, 0x00, 0x00, 0x00,
        0x00, 0x0D, 0x00, 0x67, 0x00, 0x00, 0x00, 0x00, 0x1C, 0x00, 0x0E, 0x80,
        0x00, 0x00, 0x00, 0x00, 0x0D, 0x00, 0x6F, 0xCC, 0xC0, 0x00, 0x00, 0x9F,
        0x00, 0x0D, 0x6B, 0x10, 0x00, 0x00, 0x00, 0x0D, 0x00, 0x67, 0x11, 0x10,
        0x00, 0x2B, 0x8A, 0x00, 0x0D, 0x04, 0xC3, 0x00, 0x00, 0x00, 0x0D, 0x00,
        0x67, 0x00, 0x00, 0x07, 0xC3, 0x49, 0x00, 0x0D, 0x00, 0x3C, 0x40, 0x00,
        0x00, 0x0D, 0x00, 0x67, 0x00, 0x02, 0xB8, 0x00, 0x67, 0x00, 0x0D, 0x00,
        0x02, 0xC5, 0x00, 0x00, 0x0D, 0x00, 0x67, 0x00, 0x09, 0x40, 0x00, 0x94,
        0x00, 0x0D, 0x00, 0x00, 0x17, 0x00, 0x00, 0x0D, 0x00, 0x67, 0x00, 0x00,
        0x00, 0x00, 0xC0, 0x00, 0x0D, 0x00, 0x00, 0x00, 0x00, 0x00, 0x0D, 0x00,
        0x67, 0x00, 0x12, 0x00, 0x04, 0x90, 0x00, 0x0D, 0x00, 0x00, 0x00, 0x00,
        0x00, 0x0D, 0x00, 0x6A, 0x8C, 0xD6, 0x00, 0x0B, 0x30, 0x00, 0x0D, 0x00,
        0x00, 0x08, 0x00, 0x00, 0x0F, 0x7B, 0xFC, 0x62, 0x00, 0x00, 0x69, 0x00,
        0x00, 0x0D, 0x00, 0x00, 0x0D, 0x00, 0x05, 0xEC, 0x73, 0x00, 0x00, 0x00,
        0x04, 0xC1, 0x00, 0x00, 0x0D, 0x00, 0x00, 0x0D, 0x00, 0x01, 0x10, 0x00,
        0x00, 0x00, 0x00, 0x6C, 0x20, 0x00, 0x00, 0x0D, 0x00, 0x00, 0x2B, 0x00,
        0x00, 0x00, 0x00, 0x00, 0x00, 0x4C, 0x91, 0x00, 0x00, 0x00, 0x07, 0xDD,
        0xDD, 0xD4, 0x00, 0x00, 0x00, 0x00, 0x00, 0x00, 0x43, 0x00, 0x00, 0x00,
        0x00, 0x00, 0x00, 0x00, 0x00, 0x00,
    },
    /* U+8F6C 转 */
    {
        0x00, 0x00, 0x00, 0x00, 0x00, 0x00, 0x00, 0x00, 0x00, 0x00, 0x00, 0x00,
        0x00, 0x00, 0x00, 0x00, 0x00, 0x00, 0x00, 0x00, 0x00, 0x00, 0x00, 0x00,
        0x00, 0x00, 0x00, 0x00, 0x00, 0x00, 0x00, 0x00, 0x00, 0x00, 0x00, 0x00,
        0x00, 0x00, 0x00, 0x00, 0x00, 0x00, 0x00, 0x00, 0x00, 0x00, 0x00, 0x00,
        0x46, 0x00, 0x00, 0x00, 0x00, 0x00, 0x00, 0x83, 0x00, 0x00, 0x00, 0x00,
        0x00, 0x00, 0x00, 0x96, 0x00, 0x00, 0x00, 0x00, 0x00, 0x00, 0xD1, 0x00,
        0x00, 0x00, 0x00, 0x00, 0x00, 0x00, 0xC2, 0x00, 0x00, 0x00, 0x00, 0x00,
        0x02, 0xB0, 0x00, 0x00, 0x00, 0x00, 0x01, 0x22, 0x23, 0xF2, 0x22, 0x22,
        0x00, 0x22, 0x22, 0x29, 0x92, 0x22, 0x22, 0x20, 0x00, 0x04, 0xBB, 0xBF,
        0xFB, 0xBB, 0xBA, 0x02, 0xBB, 0xBB, 0xBF, 0xEB, 0xBB, 0xBB, 0x80, 0x00,
        0x00, 0x00, 0x09, 0x40, 0x00, 0x00, 0x00, 0x00, 0x00, 0x1D, 0x00, 0x00,
        0x00, 0x00, 0x00, 0x00, 0x00, 0x0D, 0x00, 0x00, 0x00, 0x00, 0x00, 0x00,
        0x59, 0x00, 0x00, 0x00, 0x00, 0x00, 0x00, 0x00, 0x3A, 0x02, 0x20, 0x00,
        0x00, 0x00, 0x00, 0xA4, 0x00, 0x00, 0x00, 0x00, 0x00, 0x00, 0x00, 0x95,
        0x06, 0x70, 0x00, 0x00, 0x00, 0x00, 0xD0, 0x00, 0x00, 0x00, 0x00, 0x00,
        0x00, 0x00, 0xD0, 0x06, 0x70, 0x00, 0x8D, 0xDD, 0xDF, 0xFD, 0xDD, 0xDD,
        0xDD, 0xDB, 0x00, 0x00, 0x05, 0x90, 0x06, 0x70, 0x00, 0x00, 0x00, 0x09,
        0x50, 0x00, 0x00, 0x00, 0x00, 0x00, 0x00, 0x0B, 0x30, 0x06, 0x70, 0x00,
        0x00, 0x00, 0x0D, 0x10, 0x00, 0x00, 0x00, 0x00, 0x00, 0x00, 0x5F, 0x99,
        0x9F, 0xF9, 0x99, 0x20, 0x00, 0x4A, 0x00, 0x00, 0x00, 0x00, 0x00, 0x00,
        0x00, 0xA7, 0x33, 0x39, 0xA3, 0x33, 0x10, 0x00, 0x95, 0x00, 0x00, 0x00,
        0x00, 0x00, 0x00, 0x00, 0x00, 0x00, 0x06, 0x70, 0x00, 0x00, 0x00, 0xFC,
        0xCC, 0xCC, 0xCC, 0xCF, 0x00, 0x00, 0x00, 0x00, 0x00, 0x06, 0x70, 0x00,
        0x00, 0x00, 0x11, 0x11, 0x11, 0x11, 0x98, 0x00, 0x00, 0x00, 0x00, 0x00,
        0x06, 0x70, 0x00, 0x00, 0x00, 0x00, 0x00, 0x00, 0x03, 0xC0, 0x00, 0x00,
        0x00, 0x00, 0x00, 0x06, 0x71, 0x47, 0xA1, 0x00, 0x00, 0x00, 0x00, 0x0C,
        0x30, 0x00, 0x00, 0x00, 0x00, 0x03, 0x6F, 0xFC, 0x96, 0x20, 0x00, 0x00,
        0x00, 0x00, 0x87, 0x00, 0x00, 0x00, 0x03, 0x9C, 0xEB, 0x7A, 0x80, 0x00,
        0x00, 0x00, 0x25, 0x00, 0x04, 0xB0, 0x00, 0x00, 0x00, 0x02, 0x62, 0x00,
        0x06, 0x70, 0x00, 0x00, 0x00, 0x19, 0xA1, 0x1C, 0x20, 0x00, 0x00, 0x00,
        0x00, 0x00, 0x00, 0x06, 0x70, 0x00, 0x00, 0x00, 0x00, 0x5C, 0xE5, 0x00,
        0x00, 0x00, 0x00, 0x00, 0x00, 0x00, 0x06, 0x70, 0x00, 0x00, 0x00, 0x00,
        0x02, 0xE6, 0x00, 0x00, 0x00, 0x00, 0x00, 0x00, 0x00, 0x06, 0x70, 0x00,
        0x00, 0x00, 0x00, 0x00, 0x1A, 0x90, 0x00, 0x00, 0x00, 0x00, 0x00, 0x00,
        0x06, 0x70, 0x00, 0x00, 0x00, 0x00, 0x00, 0x00, 0x8B, 0x00, 0x00, 0x00,
        0x00, 0x00, 0x00, 0x06, 0x70, 0x00, 0x00, 0x00, 0x00, 0x00, 0x00, 0x08,
        0x50, 0x00, 0x00, 0x00, 0x00, 0x00, 0x00, 0x00, 0x00, 0x00, 0x00, 0x00,
        0x00, 0x00, 0x00, 0x00, 0x00, 0x00,
    },
    /* U+8FC7 过 */
    {
        0x00, 0x00, 0x00, 0x00, 0x00, 0x00, 0x00, 0x00, 0x00, 0x00, 0x00, 0x00,
        0x00, 0x00, 0x00, 0x00, 0x00, 0x00, 0x00, 0x00, 0x00, 0x00, 0x00, 0x00,
        0x00, 0x00, 0x00, 0x00, 0x00, 0x00, 0x00, 0x00, 0x00, 0x00, 0x00, 0x00,
        0x00, 0x00, 0x00, 0x00, 0x04, 0x00, 0x00, 0x00, 0x00, 0x00, 0x16, 0x00,
        0x00, 0x00, 0x00, 0x00, 0x00, 0x00, 0x00, 0x0D, 0x00, 0x00, 0x00, 0x00,
        0x00, 0x08, 0x90, 0x00, 0x00, 0x00, 0x00, 0x00, 0x00, 0x00, 0x0D, 0x00,
        0x00, 0x00, 0x00, 0x00, 0x00, 0x79, 0x00, 0x00, 0x00, 0x00, 0x00, 0x00,
        0x00, 0x0D, 0x00, 0x00, 0x00, 0x00, 0x00, 0x00, 0x08, 0x80, 0x00, 0x00,
        0x00, 0x00, 0x00, 0x00, 0x0D, 0x00, 0x00, 0x00, 0x00, 0x00, 0x00, 0x00,
        0xA6, 0x00, 0x00, 0x00, 0x00, 0x00, 0x00, 0x0D, 0x00, 0x00, 0x00, 0x00,
        0x00, 0x00, 0x00, 0x16, 0x07, 0xDD, 0xDD, 0xDD, 0xDD, 0xDD, 0xDF, 0xDD,
        0xDD, 0x60, 0x00, 0x00, 0x00, 0x00, 0x00, 0x00, 0x00, 0x00, 0x00, 0x00,
        0x00, 0x0D, 0x00, 0x00, 0x00, 0x00, 0x00, 0x00, 0x00, 0x00, 0x00, 0x00,
        0x00, 0x00, 0x00, 0x00, 0x0D, 0x00, 0x00, 0x00, 0x00, 0x00, 0x00, 0x00,
        0x00, 0x00, 0x00, 0x00, 0x00, 0x00, 0x00, 0x0D, 0x00, 0x00, 0x00, 0x00,
        0x00, 0x00, 0x00, 0x00, 0x00, 0x02, 0x20, 0x00, 0x00, 0x00, 0x0D, 0x00,
        0x00, 0x00, 0x00, 0x00, 0x00, 0x00, 0x00, 0x00, 0x02, 0xB1, 0x00, 0x00,
        0x00, 0x0D, 0x00, 0x00, 0x00, 0x00, 0x06, 0xDD, 0xDD, 0xF0, 0x00, 0x00,
        0x4A, 0x00, 0x00, 0x00, 0x0D, 0x00, 0x00, 0x00, 0x00, 0x00, 0x00, 0x00,
        0xD0, 0x00, 0x00, 0x08, 0x60, 0x00, 0x00, 0x0D, 0x00, 0x00, 0x00, 0x00,
        0x00, 0x00, 0x00, 0xD0, 0x00, 0x00, 0x00, 0xC3, 0x00, 0x00, 0x0D, 0x00,
        0x00, 0x00, 0x00, 0x00, 0x00, 0x00, 0xD0, 0x00, 0x00, 0x00, 0x3C, 0x00,
        0x00, 0x0D, 0x00, 0x00, 0x00, 0x00, 0x00, 0x00, 0x00, 0xD0, 0x00, 0x00,
        0x00, 0x06, 0x10, 0x00, 0x0D, 0x00, 0x00, 0x00, 0x00, 0x00, 0x00, 0x00,
        0xD0, 0x00, 0x00, 0x00, 0x00, 0x00, 0x00, 0x0D, 0x00, 0x00, 0x00, 0x00,
        0x00, 0x00, 0x00, 0xD0, 0x00, 0x00, 0x00, 0x00, 0x00, 0x00, 0x0D, 0x00,
        0x00, 0x00, 0x00, 0x00, 0x00, 0x00, 0xD0, 0x00, 0x00, 0x00, 0x00, 0x00,
        0x00, 0x0D, 0x00, 0x00, 0x00, 0x00, 0x00, 0x00, 0x00, 0xD0, 0x00, 0x00,
        0x00, 0x00, 0x00, 0x00, 0x0E, 0x00, 0x00, 0x00, 0x00, 0x00, 0x00, 0x07,
        0xF6, 0x00, 0x00, 0x00, 0x04, 0xCC, 0xBC, 0xD9, 0x00, 0x00, 0x00, 0x00,
        0x00, 0x01, 0xB5, 0x06, 0x80, 0x00, 0x00, 0x00, 0x22, 0x21, 0x00, 0x00,
        0x00, 0x00, 0x00, 0x00, 0x0B, 0x40, 0x00, 0x5A, 0x10, 0x00, 0x00, 0x00,
        0x00, 0x00, 0x00, 0x00, 0x00, 0x00, 0x00, 0xA5, 0x00, 0x00, 0x03, 0xB8,
        0x41, 0x00, 0x00, 0x00, 0x00, 0x00, 0x12, 0x31, 0x00, 0x05, 0x70, 0x00,
        0x00, 0x00, 0x03, 0x7A, 0xBB, 0xBB, 0xBB, 0xBB, 0xBB, 0xBA, 0xA3, 0x00,
        0x00, 0x00, 0x00, 0x00, 0x00, 0x00, 0x00, 0x00, 0x00, 0x00, 0x00, 0x00,
        0x00, 0x00, 0x00, 0x00, 0x00, 0x00, 0x00, 0x00, 0x00, 0x00, 0x00, 0x00,
        0x00, 0x00, 0x00, 0x00, 0x00, 0x00,
    },
    /* U+9009 选 */
    {
        0x00, 0x00, 0x00, 0x00, 0x00, 0x00, 0x00, 0x00, 0x00, 0x00, 0x00, 0x00,
        0x00, 0x00, 0x00, 0x00, 0x00, 0x00, 0x00, 0x00, 0x00, 0x00, 0x00, 0x00,
        0x00, 0x00, 0x00, 0x00, 0x00, 0x00, 0x00, 0x00, 0x00, 0x00, 0x00, 0x00,
        0x00, 0x00, 0x00, 0x30, 0x00, 0x00, 0x00, 0x00, 0x00, 0x00, 0x00, 0x00,
        0x00, 0x00, 0x00, 0x01, 0x30, 0x00, 0xE0, 0x00, 0x00, 0x00, 0x00, 0x00,
        0x00, 0x4B, 0x10, 0x00, 0x00, 0x00, 0x07, 0x70, 0x00, 0xE0, 0x00, 0x00,
        0x00, 0x00, 0x00, 0x00, 0x04, 0xC1, 0x00, 0x00, 0x00, 0x0C, 0x20, 0x00,
        0xE0, 0x00, 0x00, 0x00, 0x00, 0x00, 0x00, 0x00, 0x3C, 0x10, 0x00, 0x00,
        0x3B, 0x00, 0x00, 0xE0, 0x00, 0x00, 0x00, 0x00, 0x00, 0x00, 0x00, 0x04,
        0xC1, 0x00, 0x00, 0xCF, 0xCC, 0xCC, 0xFC, 0xCC, 0xCC, 0xCC, 0x30, 0x00,
        0x00, 0x00, 0x00, 0x68, 0x00, 0x03, 0xC0, 0x00, 0x00, 0xE0, 0x00, 0x00,
        0x00, 0x00, 0x00, 0x00, 0x00, 0x00, 0x01, 0x00, 0x0B, 0x40, 0x00, 0x00,
        0xE0, 0x00, 0x00, 0x00, 0x00, 0x00, 0x00, 0x00, 0x00, 0x00, 0x00, 0x69,
        0x00, 0x00, 0x00, 0xE0, 0x00, 0x00, 0x00, 0x00, 0x00, 0x00, 0x00, 0x00,
        0x00, 0x00, 0x00, 0x00, 0x00, 0x00, 0xE0, 0x00, 0x00, 0x00, 0x00, 0x00,
        0x00, 0x00, 0x00, 0x00, 0x00, 0x00, 0x00, 0x00, 0x00, 0xE0, 0x00, 0x00,
        0x00, 0x00, 0x00, 0x00, 0x00, 0x00, 0x00, 0x05, 0xBB, 0xBB, 0xBE, 0xBB,
        0xFB, 0xFB, 0xBB, 0xBB, 0xB6, 0x00, 0x00, 0xBC, 0xCC, 0xD0, 0x01, 0x33,
        0x33, 0x3F, 0x33, 0x33, 0xF3, 0x33, 0x33, 0x31, 0x00, 0x00, 0x00, 0x00,
        0xD0, 0x00, 0x00, 0x00, 0x0D, 0x00, 0x00, 0xD0, 0x00, 0x00, 0x00, 0x00,
        0x00, 0x00, 0x00, 0xD0, 0x00, 0x00, 0x00, 0x2B, 0x00, 0x00, 0xD0, 0x00,
        0x00, 0x00, 0x00, 0x00, 0x00, 0x00, 0xD0, 0x00, 0x00, 0x00, 0x68, 0x00,
        0x00, 0xD0, 0x00, 0x00, 0x00, 0x00, 0x00, 0x00, 0x00, 0xD0, 0x00, 0x00,
        0x00, 0xA3, 0x00, 0x00, 0xD0, 0x00, 0x00, 0x00, 0x00, 0x00, 0x00, 0x00,
        0xD0, 0x00, 0x00, 0x02, 0xC0, 0x00, 0x00, 0xD0, 0x00, 0x00, 0x22, 0x00,
        0x00, 0x00, 0x00, 0xD0, 0x00, 0x00, 0x0A, 0x50, 0x00, 0x00, 0xD0, 0x00,
        0x00, 0x49, 0x00, 0x00, 0x00, 0x00, 0xD0, 0x00, 0x00, 0x79, 0x00, 0x00,
        0x00, 0xD0, 0x00, 0x00, 0x48, 0x00, 0x00, 0x00, 0x00, 0xD0, 0x00, 0x19,
        0xA0, 0x00, 0x00, 0x00, 0xD0, 0x00, 0x00, 0x66, 0x00, 0x00, 0x00, 0x00,
        0xD0, 0x17, 0xC6, 0x00, 0x00, 0x00, 0x00, 0xAB, 0xAA, 0xAA, 0xE2, 0x00,
        0x00, 0x00, 0x00, 0xD0, 0x16, 0x10, 0x00, 0x00, 0x00, 0x00, 0x03, 0x34,
        0x43, 0x10, 0x00, 0x00, 0x00, 0x19, 0xFC, 0x30, 0x00, 0x00, 0x00, 0x00,
        0x00, 0x00, 0x00, 0x00, 0x00, 0x00, 0x00, 0x02, 0xC5, 0x02, 0xB5, 0x00,
        0x00, 0x00, 0x00, 0x00, 0x00, 0x00, 0x00, 0x00, 0x00, 0x00, 0x2D, 0x30,
        0x00, 0x19, 0xC6, 0x20, 0x00, 0x00, 0x00, 0x00, 0x00, 0x00, 0x11, 0x00,
        0x00, 0xD3, 0x00, 0x00, 0x00, 0x28, 0xBD, 0xDC, 0xCB, 0xCC, 0xCD, 0xDD,
        0xEE, 0xDB, 0x00, 0x00, 0x10, 0x00, 0x00, 0x00, 0x00, 0x00, 0x01, 0x12,
        0x21, 0x11, 0x00, 0x00, 0x00, 0x00,
    },
    /* U+901A 通 */
    {
        0x00, 0x00, 0x00, 0x00, 0x00, 0x00, 0x00, 0x00, 0x00, 0x00, 0x00, 0x00,
        0x00, 0x00, 0x00, 0x00, 0x00, 0x00, 0x00, 0x00, 0x00, 0x00, 0x00, 0x00,
        0x00, 0x00, 0x00, 0x00, 0x00, 0x00, 0x00, 0x00, 0x00, 0x00, 0x00, 0x00,
        0x00, 0x00, 0x00, 0x00, 0x00, 0x00, 0x00, 0x00, 0x00, 0x00, 0x00, 0x00,
        0x00, 0x00, 0x00, 0x00, 0x00, 0x00, 0x00, 0x00, 0x00, 0x00, 0x00, 0x00,
        0x00, 0x47, 0x00, 0x00, 0x00, 0xAC, 0xCC, 0xCC, 0xCC, 0xCC, 0xCC, 0xCC,
        0xEF, 0x10, 0x00, 0x00, 0x09, 0x90, 0x00, 0x00, 0x00, 0x00, 0x00, 0x00,
        0x00, 0x00, 0x05, 0xC3, 0x00, 0x00, 0x00, 0x00, 0x89, 0x00, 0x00, 0x00,
        0x04, 0x61, 0x00, 0x00, 0x03, 0xB9, 0x10, 0x00, 0x00, 0x00, 0x00, 0x08,
        0x80, 0x00, 0x00, 0x01, 0x7C, 0x93, 0x03, 0xAB, 0x30, 0x00, 0x00, 0x00,
        0x00, 0x00, 0x00, 0x97, 0x00, 0x00, 0x00, 0x00, 0x4B, 0xFE, 0x30, 0x00,
        0x00, 0x00, 0x00, 0x00, 0x00, 0x00, 0x04, 0x00, 0x00, 0x00, 0x00, 0x00,
        0x3A, 0xC4, 0x00, 0x00, 0x00, 0x00, 0x00, 0x00, 0x00, 0x00, 0x00, 0x5D,
        0xDD, 0xDD, 0xDF, 0xFD, 0xFF, 0xED, 0xDF, 0x40, 0x00, 0x00, 0x00, 0x00,
        0x00, 0x00, 0x67, 0x00, 0x00, 0x03, 0x90, 0x00, 0x00, 0x0C, 0x40, 0x00,
        0x00, 0x00, 0x00, 0x00, 0x00, 0x67, 0x00, 0x00, 0x03, 0x90, 0x00, 0x00,
        0x0C, 0x40, 0x00, 0x02, 0x44, 0x44, 0x40, 0x00, 0x67, 0x00, 0x00, 0x03,
        0x90, 0x00, 0x00, 0x0C, 0x40, 0x00, 0x05, 0xAA, 0xAA, 0xD0, 0x00, 0x69,
        0x33, 0x33, 0x36, 0xC3, 0x33, 0x33, 0x3E, 0x40, 0x00, 0x00, 0x00, 0x00,
        0xD0, 0x00, 0x6F, 0xAA, 0xAA, 0xAD, 0xFA, 0xAA, 0xAA, 0xAF, 0x40, 0x00,
        0x00, 0x00, 0x00, 0xD0, 0x00, 0x67, 0x00, 0x00, 0x03, 0x90, 0x00, 0x00,
        0x0C, 0x40, 0x00, 0x00, 0x00, 0x00, 0xD0, 0x00, 0x67, 0x00, 0x00, 0x03,
        0x90, 0x00, 0x00, 0x0C, 0x40, 0x00, 0x00, 0x00, 0x00, 0xD0, 0x00, 0x67,
        0x00, 0x00, 0x03, 0x90, 0x00, 0x00, 0x0C, 0x40, 0x00, 0x00, 0x00, 0x00,
        0xD0, 0x00, 0x6F, 0xDD, 0xDD, 0xDF, 0xFD, 0xDD, 0xDD, 0xDF, 0x40, 0x00,
        0x00, 0x00, 0x00, 0xD0, 0x00, 0x67, 0x00, 0x00, 0x03, 0x90, 0x00, 0x00,
        0x0C, 0x40, 0x00, 0x00, 0x00, 0x00, 0xD0, 0x00, 0x67, 0x00, 0x00, 0x03,
        0x90, 0x00, 0x00, 0x0C, 0x40, 0x00, 0x00, 0x00, 0x00, 0xD0, 0x00, 0x67,
        0x00, 0x00, 0x03, 0x90, 0x00, 0x00, 0x0C, 0x40, 0x00, 0x00, 0x00, 0x00,
        0xE0, 0x00, 0x67, 0x00, 0x00, 0x03, 0x90, 0x00, 0x00, 0x0C, 0x40, 0x00,
        0x00, 0x00, 0x5D, 0xFB, 0x20, 0x67, 0x00, 0x00, 0x03, 0x80, 0x09, 0xCC,
        0xCC, 0x10, 0x00, 0x00, 0x06, 0xC2, 0x05, 0xD5, 0x00, 0x00, 0x00, 0x00,
        0x00, 0x00, 0x10, 0x00, 0x00, 0x00, 0x00, 0x5C, 0x10, 0x00, 0x19, 0xC6,
        0x20, 0x00, 0x00, 0x00, 0x00, 0x00, 0x00, 0x01, 0x00, 0x03, 0xD1, 0x00,
        0x00, 0x00, 0x27, 0xBC, 0xCB, 0xBA, 0xAB, 0xBB, 0xCD, 0xDD, 0xDA, 0x00,
        0x00, 0x20, 0x00, 0x00, 0x00, 0x00, 0x00, 0x01, 0x12, 0x22, 0x11, 0x10,
        0x00, 0x00, 0x00, 0x00, 0x00, 0x00, 0x00, 0x00, 0x00, 0x00, 0x00, 0x00,
        0x00, 0x00, 0x00, 0x00, 0x00, 0x00,
    },
    /* U+914D 配 */
    {
        0x00, 0x00, 0x00, 0x00, 0x00, 0x00, 0x00, 0x00, 0x00, 0x00, 0x00, 0x00,
        0x00, 0x00, 0x00, 0x00, 0x00, 0x00, 0x00, 0x00, 0x00, 0x00, 0x00, 0x00,
        0x00, 0x00, 0x00, 0x00, 0x00, 0x00, 0x00, 0x00, 0x00, 0x00, 0x00, 0x00,
        0x00, 0x00, 0x00, 0x00, 0x00, 0x00, 0x00, 0x00, 0x00, 0x00, 0x00, 0x00,
        0x00, 0x00, 0x00, 0x00, 0x00, 0x00, 0x00, 0x00, 0x00, 0x00, 0x00, 0x00,
        0x02, 0xCC, 0xCC, 0xFE, 0xCE, 0xFC, 0xCC, 0xC0, 0x5D, 0xDD, 0xDD, 0xDD,
        0xDD, 0xB0, 0x00, 0x00, 0x00, 0x00, 0xA3, 0x02, 0xB0, 0x00, 0x00, 0x00,
        0x00, 0x00, 0x00, 0x00, 0xD0, 0x00, 0x00, 0x00, 0x00, 0xA3, 0x02, 0xB0,
        0x00, 0x00, 0x00, 0x00, 0x00, 0x00, 0x00, 0xD0, 0x00, 0x00, 0x00, 0x00,
        0xA3, 0x02, 0xB0, 0x00, 0x00, 0x00, 0x00, 0x00, 0x00, 0x00, 0xD0, 0x00,
        0x00, 0x00, 0x00, 0xA3, 0x02, 0xB0, 0x00, 0x00, 0x00, 0x00, 0x00, 0x00,
        0x00, 0xD0, 0x00, 0x00, 0x0A, 0xAA, 0xFD, 0xAC, 0xFA, 0xAA, 0x00, 0x00,
        0x00, 0x00, 0x00, 0x00, 0xD0, 0x00, 0x00, 0x0D, 0x33, 0xD6, 0x35, 0xE3,
        0x3D, 0x00, 0x00, 0x00, 0x00, 0x00, 0x00, 0xD0, 0x00, 0x00, 0x0D, 0x00,
        0xA3, 0x02, 0xB0, 0x0C, 0x00, 0x00, 0x00, 0x00, 0x00, 0x00, 0xD0, 0x00,
        0x00, 0x0D, 0x00, 0xA2, 0x02, 0xB0, 0x0C, 0x00, 0x00, 0x00, 0x00, 0x00,
        0x00, 0xD0, 0x00, 0x00, 0x0D, 0x00, 0xC1, 0x02, 0xB0, 0x0C, 0x00, 0x14,
        0x22, 0x22, 0x22, 0x22, 0xE0, 0x00, 0x00, 0x0D, 0x00, 0xD0, 0x02, 0xB0,
        0x0C, 0x00, 0x5F, 0xBB, 0xBB, 0xBB, 0xBB, 0xF0, 0x00, 0x00, 0x0D, 0x02,
        0xB0, 0x02, 0xB0, 0x0C, 0x00, 0x58, 0x00, 0x00, 0x00, 0x00, 0xD0, 0x00,
        0x00, 0x0D, 0x09, 0x50, 0x02, 0xB0, 0x0C, 0x00, 0x58, 0x00, 0x00, 0x00,
        0x00, 0xB0, 0x00, 0x00, 0x0D, 0x5B, 0x00, 0x00, 0xBD, 0xDF, 0x00, 0x58,
        0x00, 0x00, 0x00, 0x00, 0x00, 0x00, 0x00, 0x0D, 0x91, 0x00, 0x00, 0x00,
        0x0C, 0x00, 0x58, 0x00, 0x00, 0x00, 0x00, 0x00, 0x00, 0x00, 0x0D, 0x00,
        0x00, 0x00, 0x00, 0x0C, 0x00, 0x58, 0x00, 0x00, 0x00, 0x00, 0x00, 0x00,
        0x00, 0x0D, 0x00, 0x00, 0x00, 0x00, 0x0C, 0x00, 0x58, 0x00, 0x00, 0x00,
        0x00, 0x00, 0x00, 0x00, 0x0F, 0xDD, 0xDD, 0xDD, 0xDD, 0xDF, 0x00, 0x58,
        0x00, 0x00, 0x00, 0x00, 0x00, 0x00, 0x00, 0x0D, 0x00, 0x00, 0x00, 0x00,
        0x0C, 0x00, 0x58, 0x00, 0x00, 0x00, 0x00, 0x01, 0x00, 0x00, 0x0D, 0x00,
        0x00, 0x00, 0x00, 0x0C, 0x00, 0x58, 0x00, 0x00, 0x00, 0x00, 0x0D, 0x00,
        0x00, 0x0D, 0x00, 0x00, 0x00, 0x00, 0x0C, 0x00, 0x58, 0x00, 0x00, 0x00,
        0x00, 0x1D, 0x00, 0x00, 0x0D, 0x00, 0x00, 0x00, 0x00, 0x0C, 0x00, 0x58,
        0x00, 0x00, 0x00, 0x00, 0x2B, 0x00, 0x00, 0x0F, 0xDD, 0xDD, 0xDD, 0xDD,
        0xDF, 0x00, 0x58, 0x00, 0x00, 0x00, 0x00, 0x4A, 0x00, 0x00, 0x0D, 0x00,
        0x00, 0x00, 0x00, 0x0C, 0x00, 0x4A, 0x00, 0x00, 0x00, 0x00, 0xA6, 0x00,
        0x00, 0x0D, 0x00, 0x00, 0x00, 0x00, 0x0C, 0x00, 0x0A, 0xDD, 0xDD, 0xDD,
        0xDD, 0xA0, 0x00, 0x00, 0x00, 0x00, 0x00, 0x00, 0x00, 0x00, 0x00, 0x00,
        0x00, 0x00, 0x00, 0x00, 0x00, 0x00,
    },
    /* U+91CF 量 */
    {
        0x00, 0x00, 0x00, 0x00, 0x00, 0x00, 0x00, 0x00, 0x00, 0x00, 0x00, 0x00,
        0x00, 0x00, 0x00, 0x00, 0x00, 0x00, 0x00, 0x00, 0x00, 0x00, 0x00, 0x00,
        0x00, 0x00, 0x00, 0x00, 0x00, 0x00, 0x00, 0x00, 0x00, 0x00, 0x00, 0x00,
        0x00, 0x00, 0x00, 0x00, 0x00, 0x00, 0x00, 0x00, 0x00, 0x00, 0x00, 0x00,
        0x00, 0x00, 0x00, 0x00, 0x00, 0x00, 0x00, 0x00, 0x00, 0x00, 0x00, 0x00,
        0x00, 0x00, 0x0B, 0xDD, 0xDD, 0xDD, 0xDD, 0xDD, 0xDD, 0xDD, 0xDD, 0xDB,
        0x00, 0x00, 0x00, 0x00, 0x00, 0x0B, 0x20, 0x00, 0x00, 0x00, 0x00, 0x00,
        0x00, 0x00, 0x1B, 0x00, 0x00, 0x00, 0x00, 0x00, 0x0B, 0x20, 0x00, 0x00,
        0x00, 0x00, 0x00, 0x00, 0x00, 0x1B, 0x00, 0x00, 0x00, 0x00, 0x00, 0x0B,
        0xDD, 0xDD, 0xDD, 0xDD, 0xDD, 0xDD, 0xDD, 0xDD, 0xDB, 0x00, 0x00, 0x00,
        0x00, 0x00, 0x0B, 0x20, 0x00, 0x00, 0x00, 0x00, 0x00, 0x00, 0x00, 0x1B,
        0x00, 0x00, 0x00, 0x00, 0x00, 0x0B, 0x20, 0x00, 0x00, 0x00, 0x00, 0x00,
        0x00, 0x00, 0x1B, 0x00, 0x00, 0x00, 0x00, 0x00, 0x09, 0xCC, 0xCC, 0xCC,
        0xCC, 0xCC, 0xCC, 0xCC, 0xCC, 0xC9, 0x00, 0x00, 0x00, 0x00, 0x00, 0x00,
        0x00, 0x00, 0x00, 0x00, 0x00, 0x00, 0x00, 0x00, 0x00, 0x00, 0x00, 0x00,
        0x01, 0xCC, 0xCC, 0xCC, 0xCC, 0xCC, 0xCC, 0xCC, 0xCC, 0xCC, 0xCC, 0xCC,
        0xCC, 0xC6, 0x00, 0x00, 0x00, 0x00, 0x00, 0x00, 0x00, 0x00, 0x00, 0x00,
        0x00, 0x00, 0x00, 0x00, 0x00, 0x00, 0x00, 0x00, 0x00, 0x00, 0x00, 0x00,
        0x00, 0x00, 0x00, 0x00, 0x00, 0x00, 0x00, 0x00, 0x00, 0x00, 0x00, 0x4E,
        0xCC, 0xCC, 0xCC, 0xCC, 0xFC, 0xCC, 0xCC, 0xCC, 0xCD, 0xB0, 0x00, 0x00,
        0x00, 0x00, 0x49, 0x00, 0x00, 0x00, 0x00, 0xD0, 0x00, 0x00, 0x00, 0x02,
        0xB0, 0x00, 0x00, 0x00, 0x00, 0x49, 0x00, 0x00, 0x00, 0x00, 0xD0, 0x00,
        0x00, 0x00, 0x02, 0xB0, 0x00, 0x00, 0x00, 0x00, 0x4E, 0xDD, 0xDD, 0xDD,
        0xDD, 0xFD, 0xDD, 0xDD, 0xDD, 0xDD, 0xB0, 0x00, 0x00, 0x00, 0x00, 0x49,
        0x00, 0x00, 0x00, 0x00, 0xD0, 0x00, 0x00, 0x00, 0x02, 0xB0, 0x00, 0x00,
        0x00, 0x00, 0x49, 0x00, 0x00, 0x00, 0x00, 0xD0, 0x00, 0x00, 0x00, 0x02,
        0xB0, 0x00, 0x00, 0x00, 0x00, 0x4E, 0xCC, 0xCC, 0xCC, 0xCC, 0xFC, 0xCC,
        0xCC, 0xCC, 0xCD, 0xB0, 0x00, 0x00, 0x00, 0x00, 0x00, 0x00, 0x00, 0x00,
        0x00, 0xD0, 0x00, 0x00, 0x00, 0x00, 0x00, 0x00, 0x00, 0x00, 0x00, 0x00,
        0x00, 0x00, 0x00, 0x00, 0xD0, 0x00, 0x00, 0x00, 0x00, 0x00, 0x00, 0x00,
        0x00, 0x04, 0xDD, 0xDD, 0xDD, 0xDD, 0xDD, 0xFD, 0xDD, 0xDD, 0xDD, 0xDD,
        0xD6, 0x00, 0x00, 0x00, 0x00, 0x00, 0x00, 0x00, 0x00, 0x00, 0xD0, 0x00,
        0x00, 0x00, 0x00, 0x00, 0x00, 0x00, 0x00, 0x00, 0x00, 0x00, 0x00, 0x00,
        0x00, 0xD0, 0x00, 0x00, 0x00, 0x00, 0x00, 0x00, 0x00, 0x04, 0x88, 0x88,
        0x88, 0x88, 0x88, 0x88, 0xF8, 0x88, 0x88, 0x88, 0x88, 0x88, 0x85, 0x00,
        0x03, 0x55, 0x55, 0x55, 0x55, 0x55, 0x55, 0x55, 0x55, 0x55, 0x55, 0x55,
        0x55, 0x53, 0x00, 0x00, 0x00, 0x00, 0x00, 0x00, 0x00, 0x00, 0x00, 0x00,
        0x00, 0x00, 0x00, 0x00, 0x00, 0x00,
    },
    /* U+957F 长 */
    {
        0x00, 0x00, 0x00, 0x00, 0x00, 0x00, 0x00, 0x00, 0x00, 0x00, 0x00, 0x00,
        0x00, 0x00, 0x00, 0x00, 0x00, 0x00, 0x00, 0x00, 0x00, 0x00, 0x00, 0x00,
        0x00, 0x00, 0x00, 0x00, 0x00, 0x00, 0x00, 0x00, 0x00, 0x00, 0x00, 0x00,
        0x00, 0x00, 0x00, 0x00, 0x00, 0x00, 0x00, 0x00, 0x00, 0x00, 0x00, 0x00,
        0x00, 0x80, 0x00, 0x00, 0x00, 0x00, 0x00, 0x00, 0x00, 0x00, 0x00, 0x00,
        0x00, 0x00, 0x00, 0x00, 0xC0, 0x00, 0x00, 0x00, 0x00, 0x00, 0x00, 0xA5,
        0x00, 0x00, 0x00, 0x00, 0x00, 0x00, 0x00, 0xC0, 0x00, 0x00, 0x00, 0x00,
        0x00, 0x08, 0x80, 0x00, 0x00, 0x00, 0x00, 0x00, 0x00, 0x00, 0xC0, 0x00,
        0x00, 0x00, 0x00, 0x00, 0x98, 0x00, 0x00, 0x00, 0x00, 0x00, 0x00, 0x00,
        0x00, 0xC0, 0x00, 0x00, 0x00, 0x00, 0x1A, 0x70, 0x00, 0x00, 0x00, 0x00,
        0x00, 0x00, 0x00, 0x00, 0xC0, 0x00, 0x00, 0x00, 0x02, 0xB4, 0x00, 0x00,
        0x00, 0x00, 0x00, 0x00, 0x00, 0x00, 0x00, 0xC0, 0x00, 0x00, 0x00, 0x6B,
        0x20, 0x00, 0x00, 0x00, 0x00, 0x00, 0x00, 0x00, 0x00, 0x00, 0xC0, 0x00,
        0x00, 0x2B, 0x90, 0x00, 0x00, 0x00, 0x00, 0x00, 0x00, 0x00, 0x00, 0x00,
        0x00, 0xC0, 0x00, 0x18, 0xC3, 0x00, 0x00, 0x00, 0x00, 0x00, 0x00, 0x00,
        0x00, 0x00, 0x00, 0x00, 0xC0, 0x02, 0xD6, 0x00, 0x00, 0x00, 0x00, 0x00,
        0x00, 0x00, 0x00, 0x00, 0x00, 0x00, 0x00, 0xC0, 0x00, 0x00, 0x00, 0x00,
        0x00, 0x00, 0x00, 0x00, 0x00, 0x00, 0x00, 0x22, 0x22, 0x22, 0xE2, 0x22,
        0x22, 0x22, 0x22, 0x22, 0x22, 0x22, 0x22, 0x20, 0x00, 0x02, 0xCC, 0xCC,
        0xCC, 0xFC, 0xCC, 0xCC, 0xFF, 0xCC, 0xCC, 0xCC, 0xCC, 0xCC, 0xC3, 0x00,
        0x00, 0x00, 0x00, 0x00, 0xC0, 0x00, 0x00, 0x4A, 0x00, 0x00, 0x00, 0x00,
        0x00, 0x00, 0x00, 0x00, 0x00, 0x00, 0x00, 0xC0, 0x00, 0x00, 0x0C, 0x20,
        0x00, 0x00, 0x00, 0x00, 0x00, 0x00, 0x00, 0x00, 0x00, 0x00, 0xC0, 0x00,
        0x00, 0x05, 0xA0, 0x00, 0x00, 0x00, 0x00, 0x00, 0x00, 0x00, 0x00, 0x00,
        0x00, 0xC0, 0x00, 0x00, 0x00, 0xA5, 0x00, 0x00, 0x00, 0x00, 0x00, 0x00,
        0x00, 0x00, 0x00, 0x00, 0xC0, 0x00, 0x00, 0x00, 0x2D, 0x10, 0x00, 0x00,
        0x00, 0x00, 0x00, 0x00, 0x00, 0x00, 0x00, 0xC0, 0x00, 0x00, 0x00, 0x04,
        0xC1, 0x00, 0x00, 0x00, 0x00, 0x00, 0x00, 0x00, 0x00, 0x00, 0xC0, 0x00,
        0x00, 0x00, 0x00, 0x6A, 0x00, 0x00, 0x00, 0x00, 0x00, 0x00, 0x00, 0x00,
        0x00, 0xC0, 0x00, 0x00, 0x00, 0x00, 0x08, 0xB1, 0x00, 0x00, 0x00, 0x00,
        0x00, 0x00, 0x00, 0x00, 0xC0, 0x00, 0x00, 0x00, 0x00, 0x00, 0x6C, 0x20,
        0x00, 0x00, 0x00, 0x00, 0x00, 0x00, 0x00, 0xC0, 0x00, 0x00, 0x02, 0x40,
        0x00, 0x04, 0xD8, 0x10, 0x00, 0x00, 0x00, 0x00, 0x00, 0x00, 0xC0, 0x01,
        0x59, 0xC9, 0x40, 0x00, 0x00, 0x18, 0xD6, 0x10, 0x00, 0x00, 0x00, 0x00,
        0x02, 0xF7, 0xBC, 0x83, 0x00, 0x00, 0x00, 0x00, 0x00, 0x28, 0xD6, 0x00,
        0x00, 0x00, 0x00, 0x0F, 0xF7, 0x20, 0x00, 0x00, 0x00, 0x00, 0x00, 0x00,
        0x00, 0x11, 0x00, 0x00, 0x00, 0x00, 0x01, 0x00, 0x00, 0x00, 0x00, 0x00,
        0x00, 0x00, 0x00, 0x00, 0x00, 0x00,
    },
    /* U+95F4 间 */
    {
        0x00, 0x00, 0x00, 0x00, 0x00, 0x00, 0x00, 0x00, 0x00, 0x00, 0x00, 0x00,
        0x00, 0x00, 0x00, 0x00, 0x00, 0x00, 0x00, 0x00, 0x00, 0x00, 0x00, 0x00,
        0x00, 0x00, 0x00, 0x00, 0x00, 0x00, 0x00, 0x00, 0x00, 0x00, 0x00, 0x00,
        0x00, 0x00, 0x00, 0x00, 0x00, 0x00, 0x00, 0x00, 0x00, 0x00, 0x00, 0x10,
        0x00, 0x00, 0x00, 0x00, 0x00, 0x00, 0x00, 0x00, 0x00, 0x00, 0x00, 0x00,
        0x00, 0x02, 0xB3, 0x00, 0x00, 0x01, 0x11, 0x11, 0x11, 0x11, 0x11, 0x11,
        0x11, 0x00, 0x00, 0x00, 0x00, 0x1B, 0x20, 0x00, 0x4C, 0xCC, 0xCC, 0xCC,
        0xCC, 0xCC, 0xCC, 0xCF, 0x00, 0x00, 0x00, 0x00, 0x02, 0xC1, 0x00, 0x00,
        0x00, 0x00, 0x00, 0x00, 0x00, 0x00, 0x0D, 0x00, 0x00, 0x00, 0x00, 0x00,
        0x36, 0x00, 0x00, 0x00, 0x00, 0x00, 0x00, 0x00, 0x00, 0x0D, 0x00, 0x00,
        0x00, 0x01, 0x00, 0x00, 0x00, 0x00, 0x00, 0x00, 0x00, 0x00, 0x00, 0x00,
        0x0D, 0x00, 0x00, 0x00, 0x0D, 0x00, 0x00, 0x00, 0x00, 0x00, 0x00, 0x00,
        0x00, 0x00, 0x00, 0x0D, 0x00, 0x00, 0x00, 0x0D, 0x00, 0x00, 0x00, 0x00,
        0x00, 0x00, 0x00, 0x00, 0x00, 0x00, 0x0D, 0x00, 0x00, 0x00, 0x0D, 0x00,
        0x00, 0x0A, 0xCC, 0xCC, 0xCC, 0xCC, 0xC2, 0x00, 0x00, 0x0D, 0x00, 0x00,
        0x00, 0x0D, 0x00, 0x00, 0x0D, 0x00, 0x00, 0x00, 0x00, 0xA3, 0x00, 0x00,
        0x0D, 0x00, 0x00, 0x00, 0x0D, 0x00, 0x00, 0x0D, 0x00, 0x00, 0x00, 0x00,
        0xA3, 0x00, 0x00, 0x0D, 0x00, 0x00, 0x00, 0x0D, 0x00, 0x00, 0x0D, 0x00,
        0x00, 0x00, 0x00, 0xA3, 0x00, 0x00, 0x0D, 0x00, 0x00, 0x00, 0x0D, 0x00,
        0x00, 0x0D, 0x00, 0x00, 0x00, 0x00, 0xA3, 0x00, 0x00, 0x0D, 0x00, 0x00,
        0x00, 0x0D, 0x00, 0x00, 0x0D, 0x00, 0x00, 0x00, 0x00, 0xA3, 0x00, 0x00,
        0x0D, 0x00, 0x00, 0x00, 0x0D, 0x00, 0x00, 0x0D, 0xCC, 0xCC, 0xCC, 0xCC,
        0xE3, 0x00, 0x00, 0x0D, 0x00, 0x00, 0x00, 0x0D, 0x00, 0x00, 0x0D, 0x00,
        0x00, 0x00, 0x00, 0xA3, 0x00, 0x00, 0x0D, 0x00, 0x00, 0x00, 0x0D, 0x00,
        0x00, 0x0D, 0x00, 0x00, 0x00, 0x00, 0xA3, 0x00, 0x00, 0x0D, 0x00, 0x00,
        0x00, 0x0D, 0x00, 0x00, 0x0D, 0x00, 0x00, 0x00, 0x00, 0xA3, 0x00, 0x00,
        0x0D, 0x00, 0x00, 0x00, 0x0D, 0x00, 0x00, 0x0D, 0x00, 0x00, 0x00, 0x00,
        0xA3, 0x00, 0x00, 0x0D, 0x00, 0x00, 0x00, 0x0D, 0x00, 0x00, 0x0D, 0x00,
        0x00, 0x00, 0x00, 0xA3, 0x00, 0x00, 0x0D, 0x00, 0x00, 0x00, 0x0D, 0x00,
        0x00, 0x0C, 0xDD, 0xDD, 0xDD, 0xDD, 0xD2, 0x00, 0x00, 0x0D, 0x00, 0x00,
        0x00, 0x0D, 0x00, 0x00, 0x00, 0x00, 0x00, 0x00, 0x00, 0x00, 0x00, 0x00,
        0x0D, 0x00, 0x00, 0x00, 0x0D, 0x00, 0x00, 0x00, 0x00, 0x00, 0x00, 0x00,
        0x00, 0x00, 0x00, 0x0D, 0x00, 0x00, 0x00, 0x0D, 0x00, 0x00, 0x00, 0x00,
        0x00, 0x00, 0x00, 0x00, 0x00, 0x00, 0x0D, 0x00, 0x00, 0x00, 0x0D, 0x00,
        0x00, 0x00, 0x00, 0x00, 0x00, 0x00, 0x00, 0x00, 0x00, 0x0D, 0x00, 0x00,
        0x00, 0x0D, 0x00, 0x00, 0x00, 0x00, 0x00, 0x00, 0x00, 0x00, 0x0B, 0xDD,
        0xD7, 0x00, 0x00, 0x00, 0x00, 0x00, 0x00, 0x00, 0x00, 0x00, 0x00, 0x00,
        0x00, 0x00, 0x00, 0x00, 0x00, 0x00,
    },
    /* U+9875 页 */
    {
        0x00, 0x00, 0x00, 0x00, 0x00, 0x00, 0x00, 0x00, 0x00, 0x00, 0x00, 0x00,
        0x00, 0x00, 0x00, 0x00, 0x00, 0x00, 0x00, 0x00, 0x00, 0x00, 0x00, 0x00,
        0x00, 0x00, 0x00, 0x00, 0x00, 0x00, 0x00, 0x00, 0x00, 0x00, 0x00, 0x00,
        0x00, 0x00, 0x00, 0x00, 0x00, 0x00, 0x00, 0x00, 0x00, 0x00, 0x00, 0x00,
        0x00, 0x00, 0x00, 0x00, 0x00, 0x00, 0x00, 0x00, 0x00, 0x00, 0x00, 0x00,
        0x00, 0x01, 0x11, 0x11, 0x11, 0x11, 0x11, 0x11, 0x11, 0x11, 0x11, 0x11,
        0x11, 0x10, 0x00, 0x00, 0x8C, 0xCC, 0xCC, 0xCC, 0xCC, 0xCC, 0xFD, 0xCC,
        0xCC, 0xCC, 0xCC, 0xCC, 0xB0, 0x00, 0x00, 0x00, 0x00, 0x00, 0x00, 0x00,
        0x02, 0xD0, 0x00, 0x00, 0x00, 0x00, 0x00, 0x00, 0x00, 0x00, 0x00, 0x00,
        0x00, 0x00, 0x00, 0x08, 0x60, 0x00, 0x00, 0x00, 0x00, 0x00, 0x00, 0x00,
        0x00, 0x00, 0x00, 0x00, 0x00, 0x00, 0x1D, 0x10, 0x00, 0x00, 0x00, 0x00,
        0x00, 0x00, 0x00, 0x00, 0x00, 0x00, 0x00, 0x00, 0x00, 0x87, 0x00, 0x00,
        0x00, 0x00, 0x00, 0x00, 0x00, 0x00, 0x00, 0x00, 0x05, 0xED, 0xDD, 0xDD,
        0xFD, 0xDD, 0xDD, 0xDD, 0xDD, 0xD8, 0x00, 0x00, 0x00, 0x00, 0x00, 0x05,
        0x80, 0x00, 0x00, 0x00, 0x00, 0x00, 0x00, 0x00, 0x58, 0x00, 0x00, 0x00,
        0x00, 0x00, 0x05, 0x80, 0x00, 0x00, 0x00, 0x00, 0x00, 0x00, 0x00, 0x58,
        0x00, 0x00, 0x00, 0x00, 0x00, 0x05, 0x80, 0x00, 0x00, 0x00, 0x90, 0x00,
        0x00, 0x00, 0x58, 0x00, 0x00, 0x00, 0x00, 0x00, 0x05, 0x80, 0x00, 0x00,
        0x00, 0xD0, 0x00, 0x00, 0x00, 0x58, 0x00, 0x00, 0x00, 0x00, 0x00, 0x05,
        0x80, 0x00, 0x00, 0x00, 0xD0, 0x00, 0x00, 0x00, 0x58, 0x00, 0x00, 0x00,
        0x00, 0x00, 0x05, 0x80, 0x00, 0x00, 0x00, 0xD0, 0x00, 0x00, 0x00, 0x58,
        0x00, 0x00, 0x00, 0x00, 0x00, 0x05, 0x80, 0x00, 0x00, 0x00, 0xD0, 0x00,
        0x00, 0x00, 0x58, 0x00, 0x00, 0x00, 0x00, 0x00, 0x05, 0x80, 0x00, 0x00,
        0x00, 0xD0, 0x00, 0x00, 0x00, 0x58, 0x00, 0x00, 0x00, 0x00, 0x00, 0x05,
        0x80, 0x00, 0x00, 0x00, 0xD0, 0x00, 0x00, 0x00, 0x58, 0x00, 0x00, 0x00,
        0x00, 0x00, 0x05, 0x80, 0x00, 0x00, 0x01, 0xC0, 0x00, 0x00, 0x00, 0x58,
        0x00, 0x00, 0x00, 0x00, 0x00, 0x05, 0x80, 0x00, 0x00, 0x04, 0x90, 0x00,
        0x00, 0x00, 0x58, 0x00, 0x00, 0x00, 0x00, 0x00, 0x05, 0x80, 0x00, 0x00,
        0x0B, 0x40, 0x00, 0x00, 0x00, 0x58, 0x00, 0x00, 0x00, 0x00, 0x00, 0x03,
        0x40, 0x00, 0x00, 0x7A, 0x00, 0x8A, 0x30, 0x00, 0x34, 0x00, 0x00, 0x00,
        0x00, 0x00, 0x00, 0x00, 0x00, 0x07, 0xB1, 0x00, 0x03, 0xAA, 0x20, 0x00,
        0x00, 0x00, 0x00, 0x00, 0x00, 0x00, 0x00, 0x03, 0xB9, 0x00, 0x00, 0x00,
        0x04, 0xC9, 0x10, 0x00, 0x00, 0x00, 0x00, 0x00, 0x00, 0x04, 0xBB, 0x30,
        0x00, 0x00, 0x00, 0x00, 0x06, 0xD6, 0x00, 0x00, 0x00, 0x00, 0x01, 0x49,
        0xC9, 0x30, 0x00, 0x00, 0x00, 0x00, 0x00, 0x00, 0x19, 0xB2, 0x00, 0x00,
        0x01, 0xBC, 0x84, 0x00, 0x00, 0x00, 0x00, 0x00, 0x00, 0x00, 0x00, 0x00,
        0x4D, 0x20, 0x00, 0x00, 0x00, 0x00, 0x00, 0x00, 0x00, 0x00, 0x00, 0x00,
        0x00, 0x00, 0x00, 0x01, 0x00, 0x00,
    },
    /* U+9879 项 */
    {
        0x00, 0x00, 0x00, 0x00, 0x00, 0x00, 0x00, 0x00, 0x00, 0x00, 0x00, 0x00,
        0x00, 0x00, 0x00, 0x00, 0x00, 0x00, 0x00, 0x00, 0x00, 0x00, 0x00, 0x00,
        0x00, 0x00, 0x00, 0x00, 0x00, 0x00, 0x00, 0x00, 0x00, 0x00, 0x00, 0x00,
        0x00, 0x00, 0x00, 0x00, 0x00, 0x00, 0x00, 0x00, 0x00, 0x00, 0x00, 0x00,
        0x00, 0x00, 0x00, 0x00, 0x00, 0x00, 0x00, 0x00, 0x00, 0x00, 0x00, 0x00,
        0x00, 0x00, 0x00, 0x00, 0x00, 0x09, 0xDD, 0xDD, 0xDD, 0xDF, 0xDD, 0xDD,
        0xDD, 0xDC, 0x00, 0x00, 0x00, 0x00, 0x00, 0x00, 0x00, 0x00, 0x00, 0x00,
        0x2D, 0x00, 0x00, 0x00, 0x00, 0x00, 0x01, 0x55, 0x55, 0x55, 0x55, 0x30,
        0x00, 0x00, 0x00, 0x68, 0x00, 0x00, 0x00, 0x00, 0x00, 0x01, 0x88, 0x8A,
        0xF8, 0x88, 0x40, 0x00, 0x00, 0x00, 0xB3, 0x00, 0x00, 0x00, 0x00, 0x00,
        0x00, 0x00, 0x03, 0xA0, 0x00, 0x00, 0x00, 0x00, 0x02, 0xC0, 0x00, 0x00,
        0x00, 0x00, 0x00, 0x00, 0x00, 0x03, 0xA0, 0x00, 0x00, 0x6E, 0xDD, 0xDE,
        0xFD, 0xDD, 0xDD, 0xE8, 0x00, 0x00, 0x00, 0x00, 0x03, 0xA0, 0x00, 0x00,
        0x67, 0x00, 0x00, 0x00, 0x00, 0x00, 0x48, 0x00, 0x00, 0x00, 0x00, 0x03,
        0xA0, 0x00, 0x00, 0x67, 0x00, 0x00, 0x00, 0x00, 0x00, 0x48, 0x00, 0x00,
        0x00, 0x00, 0x03, 0xA0, 0x00, 0x00, 0x67, 0x00, 0x00, 0x39, 0x00, 0x00,
        0x48, 0x00, 0x00, 0x00, 0x00, 0x03, 0xA0, 0x00, 0x00, 0x67, 0x00, 0x00,
        0x49, 0x00, 0x00, 0x48, 0x00, 0x00, 0x00, 0x00, 0x03, 0xA0, 0x00, 0x00,
        0x67, 0x00, 0x00, 0x49, 0x00, 0x00, 0x48, 0x00, 0x00, 0x00, 0x00, 0x03,
        0xA0, 0x00, 0x00, 0x67, 0x00, 0x00, 0x49, 0x00, 0x00, 0x48, 0x00, 0x00,
        0x00, 0x00, 0x03, 0xA0, 0x00, 0x00, 0x67, 0x00, 0x00, 0x49, 0x00, 0x00,
        0x48, 0x00, 0x00, 0x00, 0x00, 0x03, 0xA0, 0x00, 0x00, 0x67, 0x00, 0x00,
        0x49, 0x00, 0x00, 0x48, 0x00, 0x00, 0x00, 0x00, 0x03, 0xA0, 0x00, 0x00,
        0x67, 0x00, 0x00, 0x49, 0x00, 0x00, 0x48, 0x00, 0x00, 0x00, 0x00, 0x03,
        0xA0, 0x04, 0x80, 0x67, 0x00, 0x00, 0x58, 0x00, 0x00, 0x48, 0x00, 0x00,
        0x00, 0x00, 0x03, 0xE9, 0xC9, 0x40, 0x67, 0x00, 0x00, 0x76, 0x00, 0x00,
        0x48, 0x00, 0x00, 0x00, 0x04, 0x9D, 0xD4, 0x00, 0x00, 0x67, 0x00, 0x00,
        0xA4, 0x00, 0x00, 0x48, 0x00, 0x00, 0x06, 0xD9, 0x40, 0x00, 0x00, 0x00,
        0x44, 0x00, 0x01, 0xD0, 0x00, 0x00, 0x35, 0x00, 0x00, 0x01, 0x00, 0x00,
        0x00, 0x00, 0x00, 0x00, 0x00, 0x08, 0x70, 0x46, 0x00, 0x00, 0x00, 0x00,
        0x00, 0x00, 0x00, 0x00, 0x00, 0x00, 0x00, 0x00, 0x5B, 0x00, 0x1A, 0xB2,
        0x00, 0x00, 0x00, 0x00, 0x00, 0x00, 0x00, 0x00, 0x00, 0x00, 0x06, 0xB1,
        0x00, 0x00, 0x5D, 0x50, 0x00, 0x00, 0x00, 0x00, 0x00, 0x00, 0x00, 0x00,
        0x03, 0xB9, 0x00, 0x00, 0x00, 0x02, 0xC8, 0x00, 0x00, 0x00, 0x00, 0x00,
        0x00, 0x00, 0x15, 0xBB, 0x30, 0x00, 0x00, 0x00, 0x00, 0x09, 0xB1, 0x00,
        0x00, 0x00, 0x00, 0x00, 0x00, 0x78, 0x30, 0x00, 0x00, 0x00, 0x00, 0x00,
        0x00, 0x78, 0x00, 0x00, 0x00, 0x00, 0x00, 0x00, 0x00, 0x00, 0x00, 0x00,
        0x00, 0x00, 0x00, 0x00, 0x00, 0x00,
    },
};

const uint8_t *pk_text_cjk_glyph(uint32_t code)
{
    for (size_t i = 0; i < sizeof(s_cjk_codes) / sizeof(s_cjk_codes[0]); ++i) {
        if (s_cjk_codes[i] == code) return s_cjk_bitmaps[i];
    }
    return NULL;
}
