/* Generated by firmware/scripts/gen_i18n_assets.py.
 * UI glyphs are 4bpp alpha masks with per-glyph cell widths.
 */
#include "text_font_cjk_ui.h"

#include <stddef.h>

static const uint32_t s_ui_codes[187] = {
    0x0020, /*   */
    0x0021, /* ! */
    0x0022, /* " */
    0x0023, /* # */
    0x0024, /* $ */
    0x0025, /* % */
    0x0026, /* & */
    0x0027, /* ' */
    0x0028, /* ( */
    0x0029, /* ) */
    0x002A, /* * */
    0x002B, /* + */
    0x002C, /* , */
    0x002D, /* - */
    0x002E, /* . */
    0x002F, /* / */
    0x0030, /* 0 */
    0x0031, /* 1 */
    0x0032, /* 2 */
    0x0033, /* 3 */
    0x0034, /* 4 */
    0x0035, /* 5 */
    0x0036, /* 6 */
    0x0037, /* 7 */
    0x0038, /* 8 */
    0x0039, /* 9 */
    0x003A, /* : */
    0x003B, /* ; */
    0x003C, /* < */
    0x003D, /* = */
    0x003E, /* > */
    0x003F, /* ? */
    0x0040, /* @ */
    0x0041, /* A */
    0x0042, /* B */
    0x0043, /* C */
    0x0044, /* D */
    0x0045, /* E */
    0x0046, /* F */
    0x0047, /* G */
    0x0048, /* H */
    0x0049, /* I */
    0x004A, /* J */
    0x004B, /* K */
    0x004C, /* L */
    0x004D, /* M */
    0x004E, /* N */
    0x004F, /* O */
    0x0050, /* P */
    0x0051, /* Q */
    0x0052, /* R */
    0x0053, /* S */
    0x0054, /* T */
    0x0055, /* U */
    0x0056, /* V */
    0x0057, /* W */
    0x0058, /* X */
    0x0059, /* Y */
    0x005A, /* Z */
    0x005B, /* [ */
    0x005C, /* \ */
    0x005D, /* ] */
    0x005E, /* ^ */
    0x005F, /* _ */
    0x0060, /* ` */
    0x0061, /* a */
    0x0062, /* b */
    0x0063, /* c */
    0x0064, /* d */
    0x0065, /* e */
    0x0066, /* f */
    0x0067, /* g */
    0x0068, /* h */
    0x0069, /* i */
    0x006A, /* j */
    0x006B, /* k */
    0x006C, /* l */
    0x006D, /* m */
    0x006E, /* n */
    0x006F, /* o */
    0x0070, /* p */
    0x0071, /* q */
    0x0072, /* r */
    0x0073, /* s */
    0x0074, /* t */
    0x0075, /* u */
    0x0076, /* v */
    0x0077, /* w */
    0x0078, /* x */
    0x0079, /* y */
    0x007A, /* z */
    0x007B, /* { */
    0x007C, /* | */
    0x007D, /* } */
    0x007E, /* ~ */
    0x00B0, /* degree */
    0x4E2D, /* 中 */
    0x4E8E, /* 于 */
    0x4EA4, /* 交 */
    0x4EAE, /* 亮 */
    0x4EEA, /* 仪 */
    0x4FDD, /* 保 */
    0x5173, /* 关 */
    0x518D, /* 再 */
    0x51C6, /* 准 */
    0x5207, /* 切 */
    0x5217, /* 列 */
    0x52A8, /* 动 */
    0x53D1, /* 发 */
    0x53D6, /* 取 */
    0x5404, /* 各 */
    0x5408, /* 合 */
    0x540E, /* 后 */
    0x5411, /* 向 */
    0x5728, /* 在 */
    0x5730, /* 地 */
    0x5907, /* 备 */
    0x591C, /* 夜 */
    0x5931, /* 失 */
    0x59FF, /* 姿 */
    0x5B57, /* 字 */
    0x5B58, /* 存 */
    0x5B9A, /* 定 */
    0x5C4F, /* 屏 */
    0x5DF2, /* 已 */
    0x5E55, /* 幕 */
    0x5E73, /* 平 */
    0x5EA6, /* 度 */
    0x5EFA, /* 建 */
    0x5F00, /* 开 */
    0x6001, /* 态 */
    0x6309, /* 按 */
    0x6362, /* 换 */
    0x63A5, /* 接 */
    0x6536, /* 收 */
    0x6539, /* 改 */
    0x655B, /* 敛 */
    0x6587, /* 文 */
    0x65AD, /* 断 */
    0x65B9, /* 方 */
    0x65CB, /* 旋 */
    0x65E5, /* 日 */
    0x672C, /* 本 */
    0x673A, /* 机 */
    0x677F, /* 板 */
    0x6784, /* 构 */
    0x6821, /* 校 */
    0x6B63, /* 正 */
    0x6D88, /* 消 */
    0x6EDA, /* 滚 */
    0x7247, /* 片 */
    0x7248, /* 版 */
    0x753B, /* 画 */
    0x76D8, /* 盘 */
    0x76EE, /* 目 */
    0x79D2, /* 秒 */
    0x79FB, /* 移 */
    0x7A0D, /* 稍 */
    0x7ED1, /* 绑 */
    0x7EE7, /* 继 */
    0x7EED, /* 续 */
    0x7F57, /* 罗 */
    0x7F6E, /* 置 */
    0x8272, /* 色 */
    0x82AF, /* 芯 */
    0x82F1, /* 英 */
    0x878D, /* 融 */
    0x8868, /* 表 */
    0x8A00, /* 言 */
    0x8BBE, /* 设 */
    0x8BCA, /* 诊 */
    0x8BED, /* 语 */
    0x8BF4, /* 说 */
    0x8C03, /* 调 */
    0x8D25, /* 败 */
    0x8D28, /* 质 */
    0x8DF3, /* 跳 */
    0x8F6C, /* 转 */
    0x8FC7, /* 过 */
    0x9009, /* 选 */
    0x901A, /* 通 */
    0x914D, /* 配 */
    0x91CF, /* 量 */
    0x957F, /* 长 */
    0x95F4, /* 间 */
    0x9875, /* 页 */
    0x9879, /* 项 */
};

static const uint8_t s_ui_widths[187] = {
    8, 8, 8, 8, 8, 8, 8, 8, 8, 8, 8, 8, 8, 8, 8, 8,
    8, 8, 8, 8, 8, 8, 8, 8, 8, 8, 8, 8, 8, 8, 8, 8,
    8, 8, 8, 8, 8, 8, 8, 8, 8, 8, 8, 8, 8, 8, 8, 8,
    8, 8, 8, 8, 8, 8, 8, 8, 8, 8, 8, 8, 8, 8, 8, 8,
    8, 8, 8, 8, 8, 8, 8, 8, 8, 8, 8, 8, 8, 8, 8, 8,
    8, 8, 8, 8, 8, 8, 8, 8, 8, 8, 8, 8, 8, 8, 8, 8,
    12, 12, 12, 12, 12, 12, 12, 12, 12, 12, 12, 12, 12, 12, 12, 12,
    12, 12, 12, 12, 12, 12, 12, 12, 12, 12, 12, 12, 12, 12, 12, 12,
    12, 12, 12, 12, 12, 12, 12, 12, 12, 12, 12, 12, 12, 12, 12, 12,
    12, 12, 12, 12, 12, 12, 12, 12, 12, 12, 12, 12, 12, 12, 12, 12,
    12, 12, 12, 12, 12, 12, 12, 12, 12, 12, 12, 12, 12, 12, 12, 12,
    12, 12, 12, 12, 12, 12, 12, 12, 12, 12, 12,
};

static const uint16_t s_ui_offsets[187] = {
    0, 84, 168, 252, 336, 420, 504, 588, 672, 756, 840, 924,
    1008, 1092, 1176, 1260, 1344, 1428, 1512, 1596, 1680, 1764, 1848, 1932,
    2016, 2100, 2184, 2268, 2352, 2436, 2520, 2604, 2688, 2772, 2856, 2940,
    3024, 3108, 3192, 3276, 3360, 3444, 3528, 3612, 3696, 3780, 3864, 3948,
    4032, 4116, 4200, 4284, 4368, 4452, 4536, 4620, 4704, 4788, 4872, 4956,
    5040, 5124, 5208, 5292, 5376, 5460, 5544, 5628, 5712, 5796, 5880, 5964,
    6048, 6132, 6216, 6300, 6384, 6468, 6552, 6636, 6720, 6804, 6888, 6972,
    7056, 7140, 7224, 7308, 7392, 7476, 7560, 7644, 7728, 7812, 7896, 7980,
    8064, 8190, 8316, 8442, 8568, 8694, 8820, 8946, 9072, 9198, 9324, 9450,
    9576, 9702, 9828, 9954, 10080, 10206, 10332, 10458, 10584, 10710, 10836, 10962,
    11088, 11214, 11340, 11466, 11592, 11718, 11844, 11970, 12096, 12222, 12348, 12474,
    12600, 12726, 12852, 12978, 13104, 13230, 13356, 13482, 13608, 13734, 13860, 13986,
    14112, 14238, 14364, 14490, 14616, 14742, 14868, 14994, 15120, 15246, 15372, 15498,
    15624, 15750, 15876, 16002, 16128, 16254, 16380, 16506, 16632, 16758, 16884, 17010,
    17136, 17262, 17388, 17514, 17640, 17766, 17892, 18018, 18144, 18270, 18396, 18522,
    18648, 18774, 18900, 19026, 19152, 19278, 19404,
};

static const uint8_t s_ui_bitmaps[19530] = {
    /* U+0020   */
    0x00, 0x00, 0x00, 0x00, 0x00, 0x00, 0x00, 0x00, 0x00, 0x00, 0x00, 0x00,
    0x00, 0x00, 0x00, 0x00, 0x00, 0x00, 0x00, 0x00, 0x00, 0x00, 0x00, 0x00,
    0x00, 0x00, 0x00, 0x00, 0x00, 0x00, 0x00, 0x00, 0x00, 0x00, 0x00, 0x00,
    0x00, 0x00, 0x00, 0x00, 0x00, 0x00, 0x00, 0x00, 0x00, 0x00, 0x00, 0x00,
    0x00, 0x00, 0x00, 0x00, 0x00, 0x00, 0x00, 0x00, 0x00, 0x00, 0x00, 0x00,
    0x00, 0x00, 0x00, 0x00, 0x00, 0x00, 0x00, 0x00, 0x00, 0x00, 0x00, 0x00,
    0x00, 0x00, 0x00, 0x00, 0x00, 0x00, 0x00, 0x00, 0x00, 0x00, 0x00, 0x00,
    /* U+0021 ! */
    0x00, 0x00, 0x00, 0x00, 0x00, 0x00, 0x00, 0x00, 0x00, 0x00, 0x00, 0x00,
    0x00, 0x00, 0x00, 0x00, 0x00, 0x0B, 0x20, 0x00, 0x00, 0x0B, 0x20, 0x00,
    0x00, 0x0B, 0x20, 0x00, 0x00, 0x0B, 0x20, 0x00, 0x00, 0x0B, 0x20, 0x00,
    0x00, 0x0B, 0x20, 0x00, 0x00, 0x0B, 0x10, 0x00, 0x00, 0x0A, 0x10, 0x00,
    0x00, 0x0A, 0x10, 0x00, 0x00, 0x0A, 0x10, 0x00, 0x00, 0x09, 0x10, 0x00,
    0x00, 0x00, 0x00, 0x00, 0x00, 0x00, 0x00, 0x00, 0x00, 0x0B, 0x50, 0x00,
    0x00, 0x0F, 0x70, 0x00, 0x00, 0x00, 0x00, 0x00, 0x00, 0x00, 0x00, 0x00,
    /* U+0022 " */
    0x00, 0x00, 0x00, 0x00, 0x00, 0x00, 0x00, 0x00, 0x00, 0x00, 0x00, 0x00,
    0x03, 0xF0, 0x6C, 0x00, 0x03, 0xF0, 0x6C, 0x00, 0x02, 0xE0, 0x5B, 0x00,
    0x01, 0xD0, 0x4A, 0x00, 0x00, 0x70, 0x25, 0x00, 0x00, 0x00, 0x00, 0x00,
    0x00, 0x00, 0x00, 0x00, 0x00, 0x00, 0x00, 0x00, 0x00, 0x00, 0x00, 0x00,
    0x00, 0x00, 0x00, 0x00, 0x00, 0x00, 0x00, 0x00, 0x00, 0x00, 0x00, 0x00,
    0x00, 0x00, 0x00, 0x00, 0x00, 0x00, 0x00, 0x00, 0x00, 0x00, 0x00, 0x00,
    0x00, 0x00, 0x00, 0x00, 0x00, 0x00, 0x00, 0x00, 0x00, 0x00, 0x00, 0x00,
    /* U+0023 # */
    0x00, 0x00, 0x00, 0x00, 0x00, 0x00, 0x00, 0x00, 0x00, 0x00, 0x00, 0x00,
    0x00, 0x00, 0x00, 0x00, 0x00, 0x47, 0x00, 0x38, 0x00, 0x65, 0x00, 0x56,
    0x00, 0x83, 0x00, 0x74, 0x00, 0xA1, 0x00, 0x92, 0x00, 0xB0, 0x00, 0xB0,
    0x8B, 0xFB, 0xBB, 0xFB, 0x00, 0xB0, 0x00, 0xB0, 0x01, 0xA0, 0x00, 0xB0,
    0x03, 0x80, 0x02, 0x90, 0xBD, 0xDB, 0xBD, 0xEB, 0x08, 0x40, 0x07, 0x40,
    0x09, 0x20, 0x09, 0x20, 0x0B, 0x00, 0x0A, 0x10, 0x0B, 0x00, 0x0B, 0x00,
    0x0B, 0x00, 0x0B, 0x00, 0x00, 0x00, 0x00, 0x00, 0x00, 0x00, 0x00, 0x00,
    /* U+0024 $ */
    0x00, 0x00, 0x00, 0x00, 0x00, 0x00, 0x00, 0x00, 0x00, 0x00, 0xB0, 0x00,
    0x00, 0x00, 0xB0, 0x00, 0x00, 0x7B, 0xFB, 0x60, 0x07, 0x70, 0x00, 0x66,
    0x0C, 0x00, 0x00, 0x00, 0x1B, 0x00, 0x00, 0x00, 0x0C, 0x00, 0x00, 0x00,
    0x06, 0x90, 0x00, 0x00, 0x00, 0x7B, 0x30, 0x00, 0x00, 0x02, 0x9A, 0x10,
    0x00, 0x00, 0x04, 0xD2, 0x00, 0x00, 0x00, 0x4B, 0x00, 0x00, 0x00, 0x0C,
    0x00, 0x00, 0x00, 0x0B, 0x10, 0x00, 0x00, 0x0C, 0x5B, 0x20, 0x00, 0x86,
    0x02, 0x9B, 0xCB, 0x60, 0x00, 0x00, 0xB0, 0x00, 0x00, 0x00, 0xB0, 0x00,
    /* U+0025 % */
    0x00, 0x00, 0x00, 0x00, 0x00, 0x00, 0x00, 0x00, 0x00, 0x00, 0x00, 0x00,
    0x00, 0x00, 0x00, 0x00, 0xA0, 0x00, 0x00, 0x0E, 0x98, 0x00, 0x00, 0x78,
    0x1F, 0x00, 0x01, 0xE0, 0x0F, 0x00, 0x09, 0x60, 0x0F, 0x00, 0x1E, 0x00,
    0x0F, 0x00, 0xB4, 0x00, 0x2E, 0x02, 0xD0, 0x1A, 0xC6, 0x0C, 0x30, 0xD5,
    0x60, 0x4C, 0x03, 0xD0, 0x00, 0xE2, 0x07, 0x80, 0x05, 0xA0, 0x08, 0x60,
    0x0E, 0x10, 0x07, 0x70, 0x79, 0x00, 0x04, 0xB0, 0xF0, 0x00, 0x00, 0xF2,
    0x70, 0x00, 0x00, 0x3D, 0x00, 0x00, 0x00, 0x00, 0x00, 0x00, 0x00, 0x00,
    /* U+0026 & */
    0x00, 0x00, 0x00, 0x00, 0x00, 0x00, 0x00, 0x00, 0x00, 0x00, 0x00, 0x00,
    0x00, 0x00, 0x00, 0x00, 0x19, 0xAB, 0x30, 0x00, 0xA2, 0x01, 0xB0, 0x00,
    0xA0, 0x00, 0xA0, 0x00, 0x90, 0x00, 0xA0, 0x00, 0xA0, 0x07, 0x50, 0x00,
    0xA1, 0x76, 0x00, 0x00, 0x5F, 0x40, 0x00, 0x00, 0xAC, 0x10, 0x00, 0x00,
    0x13, 0x90, 0x00, 0x04, 0x00, 0x66, 0x00, 0x0A, 0x00, 0x0A, 0x30, 0x29,
    0x00, 0x01, 0xA3, 0xA1, 0x00, 0x00, 0x1F, 0xA0, 0x10, 0x01, 0x97, 0xA8,
    0xAA, 0xAA, 0x40, 0x05, 0x00, 0x00, 0x00, 0x00, 0x00, 0x00, 0x00, 0x00,
    /* U+0027 ' */
    0x00, 0x00, 0x00, 0x00, 0x00, 0x00, 0x00, 0x00, 0x00, 0x00, 0x00, 0x00,
    0x00, 0x3F, 0x00, 0x00, 0x00, 0x3F, 0x00, 0x00, 0x00, 0x2E, 0x00, 0x00,
    0x00, 0x1D, 0x00, 0x00, 0x00, 0x07, 0x00, 0x00, 0x00, 0x00, 0x00, 0x00,
    0x00, 0x00, 0x00, 0x00, 0x00, 0x00, 0x00, 0x00, 0x00, 0x00, 0x00, 0x00,
    0x00, 0x00, 0x00, 0x00, 0x00, 0x00, 0x00, 0x00, 0x00, 0x00, 0x00, 0x00,
    0x00, 0x00, 0x00, 0x00, 0x00, 0x00, 0x00, 0x00, 0x00, 0x00, 0x00, 0x00,
    0x00, 0x00, 0x00, 0x00, 0x00, 0x00, 0x00, 0x00, 0x00, 0x00, 0x00, 0x00,
    /* U+0028 ( */
    0x00, 0x00, 0x00, 0x00, 0x00, 0x00, 0x00, 0x00, 0x00, 0x00, 0x02, 0x10,
    0x00, 0x00, 0x0C, 0x10, 0x00, 0x00, 0x3A, 0x00, 0x00, 0x00, 0xC1, 0x00,
    0x00, 0x00, 0xD0, 0x00, 0x00, 0x06, 0x80, 0x00, 0x00, 0x0B, 0x30, 0x00,
    0x00, 0x0F, 0x00, 0x00, 0x00, 0x0F, 0x00, 0x00, 0x00, 0x0F, 0x00, 0x00,
    0x00, 0x0F, 0x00, 0x00, 0x00, 0x0F, 0x00, 0x00, 0x00, 0x0F, 0x00, 0x00,
    0x00, 0x0F, 0x00, 0x00, 0x00, 0x0E, 0x10, 0x00, 0x00, 0x09, 0x50, 0x00,
    0x00, 0x03, 0xB0, 0x00, 0x00, 0x00, 0xD0, 0x00, 0x00, 0x00, 0x85, 0x00,
    /* U+0029 ) */
    0x00, 0x00, 0x00, 0x00, 0x00, 0x00, 0x00, 0x00, 0x02, 0x20, 0x00, 0x00,
    0x02, 0xC0, 0x00, 0x00, 0x00, 0xB3, 0x00, 0x00, 0x00, 0x2B, 0x00, 0x00,
    0x00, 0x0E, 0x00, 0x00, 0x00, 0x09, 0x60, 0x00, 0x00, 0x03, 0xB0, 0x00,
    0x00, 0x00, 0xF0, 0x00, 0x00, 0x00, 0xF0, 0x00, 0x00, 0x00, 0xF0, 0x00,
    0x00, 0x00, 0xF0, 0x00, 0x00, 0x00, 0xF0, 0x00, 0x00, 0x00, 0xF0, 0x00,
    0x00, 0x00, 0xF0, 0x00, 0x00, 0x01, 0xE0, 0x00, 0x00, 0x06, 0x90, 0x00,
    0x00, 0x0C, 0x30, 0x00, 0x00, 0x0D, 0x00, 0x00, 0x00, 0x68, 0x00, 0x00,
    /* U+002A * */
    0x00, 0x00, 0x00, 0x00, 0x00, 0x00, 0x00, 0x00, 0x00, 0x00, 0x00, 0x00,
    0x00, 0x19, 0x00, 0x00, 0x12, 0x2A, 0x03, 0x00, 0x29, 0xDF, 0xC6, 0x00,
    0x00, 0xCD, 0x40, 0x00, 0x06, 0x81, 0xC0, 0x00, 0x01, 0x00, 0x10, 0x00,
    0x00, 0x00, 0x00, 0x00, 0x00, 0x00, 0x00, 0x00, 0x00, 0x00, 0x00, 0x00,
    0x00, 0x00, 0x00, 0x00, 0x00, 0x00, 0x00, 0x00, 0x00, 0x00, 0x00, 0x00,
    0x00, 0x00, 0x00, 0x00, 0x00, 0x00, 0x00, 0x00, 0x00, 0x00, 0x00, 0x00,
    0x00, 0x00, 0x00, 0x00, 0x00, 0x00, 0x00, 0x00, 0x00, 0x00, 0x00, 0x00,
    /* U+002B + */
    0x00, 0x00, 0x00, 0x00, 0x00, 0x00, 0x00, 0x00, 0x00, 0x00, 0x00, 0x00,
    0x00, 0x00, 0x00, 0x00, 0x00, 0x00, 0x00, 0x00, 0x00, 0x00, 0x00, 0x00,
    0x00, 0x00, 0x20, 0x00, 0x00, 0x03, 0xA0, 0x00, 0x00, 0x03, 0xA0, 0x00,
    0x00, 0x03, 0xA0, 0x00, 0x00, 0x03, 0xA0, 0x00, 0xBB, 0xBC, 0xFB, 0xBB,
    0x00, 0x03, 0xA0, 0x00, 0x00, 0x03, 0xA0, 0x00, 0x00, 0x03, 0xA0, 0x00,
    0x00, 0x03, 0xA0, 0x00, 0x00, 0x01, 0x30, 0x00, 0x00, 0x00, 0x00, 0x00,
    0x00, 0x00, 0x00, 0x00, 0x00, 0x00, 0x00, 0x00, 0x00, 0x00, 0x00, 0x00,
    /* U+002C , */
    0x00, 0x00, 0x00, 0x00, 0x00, 0x00, 0x00, 0x00, 0x00, 0x00, 0x00, 0x00,
    0x00, 0x00, 0x00, 0x00, 0x00, 0x00, 0x00, 0x00, 0x00, 0x00, 0x00, 0x00,
    0x00, 0x00, 0x00, 0x00, 0x00, 0x00, 0x00, 0x00, 0x00, 0x00, 0x00, 0x00,
    0x00, 0x00, 0x00, 0x00, 0x00, 0x00, 0x00, 0x00, 0x00, 0x00, 0x00, 0x00,
    0x00, 0x00, 0x00, 0x00, 0x00, 0x00, 0x00, 0x00, 0x00, 0x00, 0x00, 0x00,
    0x00, 0x00, 0x00, 0x00, 0x00, 0x00, 0x00, 0x00, 0x00, 0x29, 0x10, 0x00,
    0x00, 0x4F, 0x50, 0x00, 0x00, 0x06, 0x40, 0x00, 0x00, 0x0A, 0x00, 0x00,
    /* U+002D - */
    0x00, 0x00, 0x00, 0x00, 0x00, 0x00, 0x00, 0x00, 0x00, 0x00, 0x00, 0x00,
    0x00, 0x00, 0x00, 0x00, 0x00, 0x00, 0x00, 0x00, 0x00, 0x00, 0x00, 0x00,
    0x00, 0x00, 0x00, 0x00, 0x00, 0x00, 0x00, 0x00, 0x00, 0x00, 0x00, 0x00,
    0x00, 0x00, 0x00, 0x00, 0x00, 0x00, 0x00, 0x00, 0x00, 0x00, 0x00, 0x00,
    0x00, 0x00, 0x00, 0x00, 0x02, 0xFF, 0xFF, 0xA0, 0x00, 0x00, 0x00, 0x00,
    0x00, 0x00, 0x00, 0x00, 0x00, 0x00, 0x00, 0x00, 0x00, 0x00, 0x00, 0x00,
    0x00, 0x00, 0x00, 0x00, 0x00, 0x00, 0x00, 0x00, 0x00, 0x00, 0x00, 0x00,
    /* U+002E . */
    0x00, 0x00, 0x00, 0x00, 0x00, 0x00, 0x00, 0x00, 0x00, 0x00, 0x00, 0x00,
    0x00, 0x00, 0x00, 0x00, 0x00, 0x00, 0x00, 0x00, 0x00, 0x00, 0x00, 0x00,
    0x00, 0x00, 0x00, 0x00, 0x00, 0x00, 0x00, 0x00, 0x00, 0x00, 0x00, 0x00,
    0x00, 0x00, 0x00, 0x00, 0x00, 0x00, 0x00, 0x00, 0x00, 0x00, 0x00, 0x00,
    0x00, 0x00, 0x00, 0x00, 0x00, 0x00, 0x00, 0x00, 0x00, 0x00, 0x00, 0x00,
    0x00, 0x00, 0x00, 0x00, 0x00, 0x00, 0x00, 0x00, 0x00, 0x4B, 0x00, 0x00,
    0x00, 0x5F, 0x10, 0x00, 0x00, 0x00, 0x00, 0x00, 0x00, 0x00, 0x00, 0x00,
    /* U+002F / */
    0x00, 0x00, 0x00, 0x00, 0x00, 0x00, 0x00, 0x00, 0x00, 0x00, 0x00, 0x00,
    0x00, 0x00, 0x00, 0x1E, 0x00, 0x00, 0x00, 0x87, 0x00, 0x00, 0x00, 0xE1,
    0x00, 0x00, 0x02, 0xD0, 0x00, 0x00, 0x0A, 0x50, 0x00, 0x00, 0x0F, 0x00,
    0x00, 0x00, 0x3C, 0x00, 0x00, 0x00, 0xB4, 0x00, 0x00, 0x00, 0xF0, 0x00,
    0x00, 0x05, 0xA0, 0x00, 0x00, 0x0D, 0x20, 0x00, 0x00, 0x0F, 0x00, 0x00,
    0x00, 0x78, 0x00, 0x00, 0x00, 0xE1, 0x00, 0x00, 0x01, 0xE0, 0x00, 0x00,
    0x08, 0x70, 0x00, 0x00, 0x0F, 0x00, 0x00, 0x00, 0x2D, 0x00, 0x00, 0x00,
    /* U+0030 0 */
    0x00, 0x00, 0x00, 0x00, 0x00, 0x00, 0x00, 0x00, 0x00, 0x00, 0x00, 0x00,
    0x00, 0x00, 0x00, 0x00, 0x00, 0x9D, 0xDD, 0x30, 0x0A, 0x90, 0x03, 0xF1,
    0x2E, 0x00, 0x00, 0x69, 0x97, 0x00, 0x00, 0x0F, 0xD2, 0x00, 0x00, 0x0D,
    0xF0, 0x00, 0x00, 0x0A, 0xF0, 0x00, 0x00, 0x09, 0xF0, 0x00, 0x00, 0x08,
    0xF0, 0x00, 0x00, 0x09, 0xF0, 0x00, 0x00, 0x0A, 0xD3, 0x00, 0x00, 0x0D,
    0x97, 0x00, 0x00, 0x0F, 0x2F, 0x00, 0x00, 0x79, 0x0A, 0x90, 0x03, 0xF1,
    0x00, 0x9E, 0xDD, 0x30, 0x00, 0x00, 0x00, 0x00, 0x00, 0x00, 0x00, 0x00,
    /* U+0031 1 */
    0x00, 0x00, 0x00, 0x00, 0x00, 0x00, 0x00, 0x00, 0x00, 0x00, 0x00, 0x00,
    0x00, 0x00, 0x00, 0x00, 0x01, 0x5A, 0xF0, 0x00, 0x02, 0x77, 0xD0, 0x00,
    0x00, 0x00, 0xC0, 0x00, 0x00, 0x00, 0xC0, 0x00, 0x00, 0x00, 0xC0, 0x00,
    0x00, 0x00, 0xC0, 0x00, 0x00, 0x00, 0xC0, 0x00, 0x00, 0x00, 0xC0, 0x00,
    0x00, 0x00, 0xC0, 0x00, 0x00, 0x00, 0xC0, 0x00, 0x00, 0x00, 0xC0, 0x00,
    0x00, 0x00, 0xC0, 0x00, 0x00, 0x00, 0xC0, 0x00, 0x00, 0x00, 0xC0, 0x00,
    0x1B, 0xBB, 0xFB, 0xBB, 0x00, 0x00, 0x00, 0x00, 0x00, 0x00, 0x00, 0x00,
    /* U+0032 2 */
    0x00, 0x00, 0x00, 0x00, 0x00, 0x00, 0x00, 0x00, 0x00, 0x00, 0x00, 0x00,
    0x00, 0x00, 0x00, 0x00, 0x05, 0xCB, 0xCB, 0x20, 0x99, 0x00, 0x03, 0xD1,
    0x50, 0x00, 0x00, 0x77, 0x00, 0x00, 0x00, 0x2B, 0x00, 0x00, 0x00, 0x2B,
    0x00, 0x00, 0x00, 0x49, 0x00, 0x00, 0x00, 0x94, 0x00, 0x00, 0x01, 0xD0,
    0x00, 0x00, 0x09, 0x50, 0x00, 0x00, 0x4A, 0x00, 0x00, 0x02, 0xC1, 0x00,
    0x00, 0x1C, 0x20, 0x00, 0x01, 0xC2, 0x00, 0x00, 0x2C, 0x20, 0x00, 0x00,
    0xFD, 0xAA, 0xAA, 0xAA, 0x00, 0x00, 0x00, 0x00, 0x00, 0x00, 0x00, 0x00,
    /* U+0033 3 */
    0x00, 0x00, 0x00, 0x00, 0x00, 0x00, 0x00, 0x00, 0x00, 0x00, 0x00, 0x00,
    0x00, 0x00, 0x00, 0x00, 0x04, 0xAA, 0xAA, 0x40, 0x67, 0x00, 0x01, 0xB4,
    0x00, 0x00, 0x00, 0x2A, 0x00, 0x00, 0x00, 0x1B, 0x00, 0x00, 0x00, 0x66,
    0x00, 0x00, 0x17, 0x90, 0x00, 0x6D, 0xF8, 0x00, 0x00, 0x00, 0x16, 0xB1,
    0x00, 0x00, 0x00, 0x3A, 0x00, 0x00, 0x00, 0x0A, 0x00, 0x00, 0x00, 0x08,
    0x00, 0x00, 0x00, 0x09, 0x50, 0x00, 0x00, 0x0C, 0xA7, 0x00, 0x01, 0xA4,
    0x05, 0xBB, 0xAA, 0x40, 0x00, 0x00, 0x00, 0x00, 0x00, 0x00, 0x00, 0x00,
    /* U+0034 4 */
    0x00, 0x00, 0x00, 0x00, 0x00, 0x00, 0x00, 0x00, 0x00, 0x00, 0x00, 0x00,
    0x00, 0x00, 0x00, 0x00, 0x00, 0x00, 0x04, 0x80, 0x00, 0x00, 0x1B, 0x80,
    0x00, 0x00, 0x86, 0x80, 0x00, 0x03, 0xA2, 0x80, 0x00, 0x0B, 0x22, 0x80,
    0x00, 0x76, 0x02, 0x80, 0x02, 0xB0, 0x02, 0x80, 0x0B, 0x20, 0x02, 0x80,
    0x66, 0x00, 0x02, 0x80, 0xA0, 0x00, 0x02, 0x80, 0xA9, 0x99, 0x9C, 0xF9,
    0x00, 0x00, 0x02, 0x80, 0x00, 0x00, 0x02, 0x80, 0x00, 0x00, 0x02, 0x80,
    0x00, 0x00, 0x02, 0x80, 0x00, 0x00, 0x00, 0x00, 0x00, 0x00, 0x00, 0x00,
    /* U+0035 5 */
    0x00, 0x00, 0x00, 0x00, 0x00, 0x00, 0x00, 0x00, 0x00, 0x00, 0x00, 0x00,
    0x00, 0x00, 0x00, 0x00, 0x0D, 0xCC, 0xCC, 0xC8, 0x0D, 0x00, 0x00, 0x00,
    0x0D, 0x00, 0x00, 0x00, 0x0C, 0x00, 0x00, 0x00, 0x1B, 0x00, 0x00, 0x00,
    0x3B, 0xAC, 0xCB, 0x30, 0x2C, 0x40, 0x03, 0xE5, 0x00, 0x00, 0x00, 0x2F,
    0x00, 0x00, 0x00, 0x0C, 0x00, 0x00, 0x00, 0x09, 0x00, 0x00, 0x00, 0x08,
    0x00, 0x00, 0x00, 0x0C, 0x30, 0x00, 0x00, 0x2D, 0xD6, 0x00, 0x02, 0xD3,
    0x08, 0xDC, 0xCB, 0x20, 0x00, 0x00, 0x00, 0x00, 0x00, 0x00, 0x00, 0x00,
    /* U+0036 6 */
    0x00, 0x00, 0x00, 0x00, 0x00, 0x00, 0x00, 0x00, 0x00, 0x00, 0x00, 0x00,
    0x00, 0x00, 0x00, 0x00, 0x00, 0x1B, 0xDD, 0xD5, 0x02, 0xE4, 0x00, 0x08,
    0x0C, 0x40, 0x00, 0x00, 0x2C, 0x00, 0x00, 0x00, 0x76, 0x00, 0x00, 0x00,
    0xB3, 0x2B, 0xCC, 0x60, 0xD6, 0xB2, 0x01, 0xA8, 0xFA, 0x00, 0x00, 0x0E,
    0xE1, 0x00, 0x00, 0x08, 0xC1, 0x00, 0x00, 0x06, 0xA4, 0x00, 0x00, 0x06,
    0x59, 0x00, 0x00, 0x08, 0x0E, 0x10, 0x00, 0x0E, 0x05, 0xC1, 0x00, 0x97,
    0x00, 0x5D, 0xDD, 0x70, 0x00, 0x00, 0x00, 0x00, 0x00, 0x00, 0x00, 0x00,
    /* U+0037 7 */
    0x00, 0x00, 0x00, 0x00, 0x00, 0x00, 0x00, 0x00, 0x00, 0x00, 0x00, 0x00,
    0x00, 0x00, 0x00, 0x00, 0xCC, 0xCC, 0xCC, 0xCF, 0x00, 0x00, 0x00, 0x2C,
    0x00, 0x00, 0x00, 0xB3, 0x00, 0x00, 0x03, 0xA0, 0x00, 0x00, 0x0B, 0x20,
    0x00, 0x00, 0x2B, 0x00, 0x00, 0x00, 0x85, 0x00, 0x00, 0x00, 0xD0, 0x00,
    0x00, 0x01, 0xD0, 0x00, 0x00, 0x04, 0xA0, 0x00, 0x00, 0x07, 0x70, 0x00,
    0x00, 0x09, 0x50, 0x00, 0x00, 0x0B, 0x30, 0x00, 0x00, 0x0C, 0x20, 0x00,
    0x00, 0x0D, 0x10, 0x00, 0x00, 0x00, 0x00, 0x00, 0x00, 0x00, 0x00, 0x00,
    /* U+0038 8 */
    0x00, 0x00, 0x00, 0x00, 0x00, 0x00, 0x00, 0x00, 0x00, 0x00, 0x00, 0x00,
    0x00, 0x00, 0x00, 0x00, 0x00, 0x9D, 0xCD, 0x60, 0x0B, 0x60, 0x00, 0xB6,
    0x2C, 0x00, 0x00, 0x1E, 0x59, 0x00, 0x00, 0x0D, 0x2B, 0x00, 0x00, 0x0D,
    0x0A, 0x40, 0x00, 0x2A, 0x00, 0xB9, 0x11, 0xB1, 0x04, 0xC7, 0xCF, 0x50,
    0x3C, 0x00, 0x04, 0xE5, 0xD2, 0x00, 0x00, 0x1E, 0xD0, 0x00, 0x00, 0x07,
    0xC0, 0x00, 0x00, 0x06, 0xE1, 0x00, 0x00, 0x0A, 0x4D, 0x20, 0x00, 0x6C,
    0x03, 0xCC, 0xCD, 0x90, 0x00, 0x00, 0x00, 0x00, 0x00, 0x00, 0x00, 0x00,
    /* U+0039 9 */
    0x00, 0x00, 0x00, 0x00, 0x00, 0x00, 0x00, 0x00, 0x00, 0x00, 0x00, 0x00,
    0x00, 0x00, 0x00, 0x00, 0x03, 0xBB, 0xB9, 0x10, 0x2C, 0x10, 0x04, 0xC0,
    0xA2, 0x00, 0x00, 0x67, 0xC0, 0x00, 0x00, 0x0C, 0xC0, 0x00, 0x00, 0x0B,
    0xC0, 0x00, 0x00, 0x09, 0xB2, 0x00, 0x00, 0x2F, 0x3C, 0x20, 0x05, 0xBA,
    0x02, 0x9A, 0xA6, 0x09, 0x00, 0x00, 0x00, 0x0B, 0x00, 0x00, 0x00, 0x0C,
    0x00, 0x00, 0x00, 0x48, 0x00, 0x00, 0x00, 0xB2, 0x74, 0x00, 0x09, 0x70,
    0x09, 0xBB, 0xB5, 0x00, 0x00, 0x00, 0x00, 0x00, 0x00, 0x00, 0x00, 0x00,
    /* U+003A : */
    0x00, 0x00, 0x00, 0x00, 0x00, 0x00, 0x00, 0x00, 0x00, 0x00, 0x00, 0x00,
    0x00, 0x00, 0x00, 0x00, 0x00, 0x00, 0x00, 0x00, 0x00, 0x00, 0x00, 0x00,
    0x00, 0x00, 0x00, 0x00, 0x00, 0x00, 0x00, 0x00, 0x00, 0x5F, 0x00, 0x00,
    0x00, 0x4C, 0x00, 0x00, 0x00, 0x00, 0x00, 0x00, 0x00, 0x00, 0x00, 0x00,
    0x00, 0x00, 0x00, 0x00, 0x00, 0x00, 0x00, 0x00, 0x00, 0x00, 0x00, 0x00,
    0x00, 0x00, 0x00, 0x00, 0x00, 0x00, 0x00, 0x00, 0x00, 0x4B, 0x00, 0x00,
    0x00, 0x5F, 0x10, 0x00, 0x00, 0x00, 0x00, 0x00, 0x00, 0x00, 0x00, 0x00,
    /* U+003B ; */
    0x00, 0x00, 0x00, 0x00, 0x00, 0x00, 0x00, 0x00, 0x00, 0x00, 0x00, 0x00,
    0x00, 0x00, 0x00, 0x00, 0x00, 0x00, 0x00, 0x00, 0x00, 0x00, 0x00, 0x00,
    0x00, 0x00, 0x00, 0x00, 0x00, 0x00, 0x00, 0x00, 0x00, 0x5D, 0x00, 0x00,
    0x00, 0x3A, 0x00, 0x00, 0x00, 0x00, 0x00, 0x00, 0x00, 0x00, 0x00, 0x00,
    0x00, 0x00, 0x00, 0x00, 0x00, 0x00, 0x00, 0x00, 0x00, 0x00, 0x00, 0x00,
    0x00, 0x00, 0x00, 0x00, 0x00, 0x00, 0x00, 0x00, 0x00, 0x29, 0x10, 0x00,
    0x00, 0x4F, 0x50, 0x00, 0x00, 0x06, 0x40, 0x00, 0x00, 0x0A, 0x00, 0x00,
    /* U+003C < */
    0x00, 0x00, 0x00, 0x00, 0x00, 0x00, 0x00, 0x00, 0x00, 0x00, 0x00, 0x00,
    0x00, 0x00, 0x00, 0x00, 0x00, 0x00, 0x00, 0x00, 0x00, 0x00, 0x00, 0x00,
    0x00, 0x00, 0x00, 0x00, 0x00, 0x00, 0x00, 0x01, 0x00, 0x00, 0x03, 0xAC,
    0x00, 0x17, 0xC9, 0x20, 0x3A, 0xB6, 0x00, 0x00, 0xF3, 0x00, 0x00, 0x00,
    0x5B, 0xA4, 0x00, 0x00, 0x00, 0x29, 0xC7, 0x10, 0x00, 0x00, 0x06, 0xCB,
    0x00, 0x00, 0x00, 0x03, 0x00, 0x00, 0x00, 0x00, 0x00, 0x00, 0x00, 0x00,
    0x00, 0x00, 0x00, 0x00, 0x00, 0x00, 0x00, 0x00, 0x00, 0x00, 0x00, 0x00,
    /* U+003D = */
    0x00, 0x00, 0x00, 0x00, 0x00, 0x00, 0x00, 0x00, 0x00, 0x00, 0x00, 0x00,
    0x00, 0x00, 0x00, 0x00, 0x00, 0x00, 0x00, 0x00, 0x00, 0x00, 0x00, 0x00,
    0x00, 0x00, 0x00, 0x00, 0x00, 0x00, 0x00, 0x00, 0x00, 0x00, 0x00, 0x00,
    0xEE, 0xEE, 0xEE, 0xEE, 0x00, 0x00, 0x00, 0x00, 0x00, 0x00, 0x00, 0x00,
    0x00, 0x00, 0x00, 0x00, 0xFF, 0xFF, 0xFF, 0xFF, 0x00, 0x00, 0x00, 0x00,
    0x00, 0x00, 0x00, 0x00, 0x00, 0x00, 0x00, 0x00, 0x00, 0x00, 0x00, 0x00,
    0x00, 0x00, 0x00, 0x00, 0x00, 0x00, 0x00, 0x00, 0x00, 0x00, 0x00, 0x00,
    /* U+003E > */
    0x00, 0x00, 0x00, 0x00, 0x00, 0x00, 0x00, 0x00, 0x00, 0x00, 0x00, 0x00,
    0x00, 0x00, 0x00, 0x00, 0x00, 0x00, 0x00, 0x00, 0x00, 0x00, 0x00, 0x00,
    0x00, 0x00, 0x00, 0x00, 0x40, 0x00, 0x00, 0x00, 0xBE, 0x81, 0x00, 0x00,
    0x00, 0x7E, 0xB3, 0x00, 0x00, 0x00, 0x3B, 0xE7, 0x00, 0x00, 0x00, 0x1C,
    0x00, 0x00, 0x19, 0xE9, 0x00, 0x5D, 0xD6, 0x00, 0x9F, 0xA2, 0x00, 0x00,
    0x60, 0x00, 0x00, 0x00, 0x00, 0x00, 0x00, 0x00, 0x00, 0x00, 0x00, 0x00,
    0x00, 0x00, 0x00, 0x00, 0x00, 0x00, 0x00, 0x00, 0x00, 0x00, 0x00, 0x00,
    /* U+003F ? */
    0x00, 0x00, 0x00, 0x00, 0x00, 0x00, 0x00, 0x00, 0x00, 0x00, 0x00, 0x00,
    0x00, 0x00, 0x00, 0x00, 0x1B, 0xDD, 0xE4, 0x00, 0xC2, 0x00, 0x1F, 0x20,
    0x00, 0x00, 0x06, 0x90, 0x00, 0x00, 0x04, 0xA0, 0x00, 0x00, 0x09, 0x60,
    0x00, 0x00, 0x2E, 0x00, 0x00, 0x00, 0xD3, 0x00, 0x00, 0x09, 0x70, 0x00,
    0x00, 0x1E, 0x00, 0x00, 0x00, 0x77, 0x00, 0x00, 0x00, 0x85, 0x00, 0x00,
    0x00, 0x00, 0x00, 0x00, 0x00, 0x00, 0x00, 0x00, 0x00, 0x89, 0x00, 0x00,
    0x00, 0xCD, 0x00, 0x00, 0x00, 0x00, 0x00, 0x00, 0x00, 0x00, 0x00, 0x00,
    /* U+0040 @ */
    0x00, 0x00, 0x00, 0x00, 0x00, 0x00, 0x00, 0x00, 0x00, 0x00, 0x00, 0x00,
    0x00, 0x00, 0x00, 0x00, 0x02, 0x9C, 0xCC, 0xB5, 0xAC, 0x40, 0x00, 0x18,
    0x50, 0x00, 0x00, 0x00, 0x00, 0x00, 0x00, 0x00, 0x00, 0x00, 0x00, 0x00,
    0x00, 0x5C, 0xD9, 0x70, 0x07, 0xC1, 0x06, 0xF0, 0x1D, 0x00, 0x01, 0xC0,
    0x85, 0x00, 0x04, 0x80, 0xC1, 0x00, 0x08, 0x50, 0xC2, 0x00, 0x0C, 0x30,
    0x6A, 0x01, 0x9D, 0x70, 0x08, 0xDC, 0x41, 0xBD, 0x00, 0x00, 0x00, 0x00,
    0x00, 0x00, 0x00, 0x00, 0x00, 0x00, 0x00, 0x00, 0x92, 0x00, 0x04, 0xD6,
    /* U+0041 A */
    0x00, 0x00, 0x00, 0x00, 0x00, 0x00, 0x00, 0x00, 0x00, 0x00, 0x00, 0x00,
    0x00, 0x00, 0x00, 0x00, 0x00, 0x0B, 0x30, 0x00, 0x00, 0x28, 0x80, 0x00,
    0x00, 0x73, 0x90, 0x00, 0x00, 0xA0, 0x64, 0x00, 0x02, 0x80, 0x19, 0x00,
    0x07, 0x30, 0x0A, 0x00, 0x0A, 0x00, 0x06, 0x50, 0x38, 0x00, 0x01, 0xA0,
    0x82, 0x00, 0x00, 0xA1, 0xFA, 0xAA, 0xAA, 0xF5, 0x70, 0x00, 0x00, 0x1A,
    0x20, 0x00, 0x00, 0x0B, 0x00, 0x00, 0x00, 0x06, 0x00, 0x00, 0x00, 0x01,
    0x00, 0x00, 0x00, 0x00, 0x00, 0x00, 0x00, 0x00, 0x00, 0x00, 0x00, 0x00,
    /* U+0042 B */
    0x00, 0x00, 0x00, 0x00, 0x00, 0x00, 0x00, 0x00, 0x00, 0x00, 0x00, 0x00,
    0x00, 0x00, 0x00, 0x00, 0xBB, 0xBB, 0xB9, 0x10, 0x00, 0x00, 0x03, 0xC1,
    0x00, 0x00, 0x00, 0x58, 0x00, 0x00, 0x00, 0x1B, 0x00, 0x00, 0x00, 0x2B,
    0x00, 0x00, 0x00, 0x76, 0x00, 0x00, 0x17, 0xC0, 0xBB, 0xBC, 0xFD, 0x30,
    0x00, 0x00, 0x02, 0x99, 0x00, 0x00, 0x00, 0x08, 0x00, 0x00, 0x00, 0x02,
    0x00, 0x00, 0x00, 0x03, 0x00, 0x00, 0x00, 0x08, 0x00, 0x00, 0x01, 0x8A,
    0xBB, 0xBB, 0xCB, 0x50, 0x00, 0x00, 0x00, 0x00, 0x00, 0x00, 0x00, 0x00,
    /* U+0043 C */
    0x00, 0x00, 0x00, 0x00, 0x00, 0x00, 0x00, 0x00, 0x00, 0x00, 0x00, 0x00,
    0x00, 0x00, 0x00, 0x00, 0x00, 0x5C, 0xEE, 0xE9, 0x0A, 0xB2, 0x00, 0x07,
    0x7A, 0x00, 0x00, 0x00, 0xF0, 0x00, 0x00, 0x00, 0x90, 0x00, 0x00, 0x00,
    0x40, 0x00, 0x00, 0x00, 0x20, 0x00, 0x00, 0x00, 0x10, 0x00, 0x00, 0x00,
    0x20, 0x00, 0x00, 0x00, 0x40, 0x00, 0x00, 0x00, 0x90, 0x00, 0x00, 0x00,
    0xF1, 0x00, 0x00, 0x00, 0x7A, 0x00, 0x00, 0x00, 0x0A, 0xB2, 0x00, 0x06,
    0x00, 0x5D, 0xEE, 0xE9, 0x00, 0x00, 0x00, 0x00, 0x00, 0x00, 0x00, 0x00,
    /* U+0044 D */
    0x00, 0x00, 0x00, 0x00, 0x00, 0x00, 0x00, 0x00, 0x00, 0x00, 0x00, 0x00,
    0x00, 0x00, 0x00, 0x00, 0xEE, 0xEF, 0xE7, 0x00, 0x00, 0x00, 0x1A, 0xF1,
    0x00, 0x00, 0x00, 0x7E, 0x00, 0x00, 0x00, 0x0E, 0x00, 0x00, 0x00, 0x05,
    0x00, 0x00, 0x00, 0x00, 0x00, 0x00, 0x00, 0x00, 0x00, 0x00, 0x00, 0x00,
    0x00, 0x00, 0x00, 0x00, 0x00, 0x00, 0x00, 0x01, 0x00, 0x00, 0x00, 0x06,
    0x00, 0x00, 0x00, 0x0F, 0x00, 0x00, 0x00, 0x7D, 0x00, 0x00, 0x1A, 0xF1,
    0xEE, 0xEF, 0xF7, 0x00, 0x00, 0x00, 0x00, 0x00, 0x00, 0x00, 0x00, 0x00,
    /* U+0045 E */
    0x00, 0x00, 0x00, 0x00, 0x00, 0x00, 0x00, 0x00, 0x00, 0x00, 0x00, 0x00,
    0x00, 0x00, 0x00, 0x00, 0xFD, 0xDD, 0xDD, 0xDD, 0xE0, 0x00, 0x00, 0x00,
    0xE0, 0x00, 0x00, 0x00, 0xE0, 0x00, 0x00, 0x00, 0xE0, 0x00, 0x00, 0x00,
    0xE0, 0x00, 0x00, 0x00, 0xE0, 0x00, 0x00, 0x00, 0xFD, 0xDD, 0xDD, 0xB0,
    0xE0, 0x00, 0x00, 0x00, 0xE0, 0x00, 0x00, 0x00, 0xE0, 0x00, 0x00, 0x00,
    0xE0, 0x00, 0x00, 0x00, 0xE0, 0x00, 0x00, 0x00, 0xE0, 0x00, 0x00, 0x00,
    0xFD, 0xDD, 0xDD, 0xDD, 0x00, 0x00, 0x00, 0x00, 0x00, 0x00, 0x00, 0x00,
    /* U+0046 F */
    0x00, 0x00, 0x00, 0x00, 0x00, 0x00, 0x00, 0x00, 0x00, 0x00, 0x00, 0x00,
    0x00, 0x00, 0x00, 0x00, 0x0F, 0xDD, 0xDD, 0xDD, 0x0E, 0x00, 0x00, 0x00,
    0x0E, 0x00, 0x00, 0x00, 0x0E, 0x00, 0x00, 0x00, 0x0E, 0x00, 0x00, 0x00,
    0x0E, 0x00, 0x00, 0x00, 0x0E, 0x00, 0x00, 0x00, 0x0F, 0xDD, 0xDD, 0xDB,
    0x0E, 0x00, 0x00, 0x00, 0x0E, 0x00, 0x00, 0x00, 0x0E, 0x00, 0x00, 0x00,
    0x0E, 0x00, 0x00, 0x00, 0x0E, 0x00, 0x00, 0x00, 0x0E, 0x00, 0x00, 0x00,
    0x0E, 0x00, 0x00, 0x00, 0x00, 0x00, 0x00, 0x00, 0x00, 0x00, 0x00, 0x00,
    /* U+0047 G */
    0x00, 0x00, 0x00, 0x00, 0x00, 0x00, 0x00, 0x00, 0x00, 0x00, 0x00, 0x00,
    0x00, 0x00, 0x00, 0x00, 0x04, 0xDF, 0xEE, 0xD3, 0x9D, 0x30, 0x00, 0x3D,
    0xC0, 0x00, 0x00, 0x00, 0x10, 0x00, 0x00, 0x00, 0x00, 0x00, 0x00, 0x00,
    0x00, 0x00, 0x00, 0x00, 0x00, 0x00, 0x00, 0x00, 0x00, 0x00, 0xAD, 0xDE,
    0x00, 0x00, 0x00, 0x03, 0x00, 0x00, 0x00, 0x03, 0x00, 0x00, 0x00, 0x03,
    0x10, 0x00, 0x00, 0x03, 0xB0, 0x00, 0x00, 0x03, 0x9D, 0x20, 0x00, 0x3E,
    0x05, 0xDE, 0xEF, 0xD4, 0x00, 0x00, 0x00, 0x00, 0x00, 0x00, 0x00, 0x00,
    /* U+0048 H */
    0x00, 0x00, 0x00, 0x00, 0x00, 0x00, 0x00, 0x00, 0x00, 0x00, 0x00, 0x00,
    0x00, 0x00, 0x00, 0x00, 0x00, 0x00, 0x00, 0x00, 0x00, 0x00, 0x00, 0x00,
    0x00, 0x00, 0x00, 0x00, 0x00, 0x00, 0x00, 0x00, 0x00, 0x00, 0x00, 0x00,
    0x00, 0x00, 0x00, 0x00, 0x00, 0x00, 0x00, 0x00, 0xFF, 0xFF, 0xFF, 0xFF,
    0x00, 0x00, 0x00, 0x00, 0x00, 0x00, 0x00, 0x00, 0x00, 0x00, 0x00, 0x00,
    0x00, 0x00, 0x00, 0x00, 0x00, 0x00, 0x00, 0x00, 0x00, 0x00, 0x00, 0x00,
    0x00, 0x00, 0x00, 0x00, 0x00, 0x00, 0x00, 0x00, 0x00, 0x00, 0x00, 0x00,
    /* U+0049 I */
    0x00, 0x00, 0x00, 0x00, 0x00, 0x00, 0x00, 0x00, 0x00, 0x00, 0x00, 0x00,
    0x00, 0x00, 0x00, 0x00, 0x00, 0x0F, 0x00, 0x00, 0x00, 0x0F, 0x00, 0x00,
    0x00, 0x0F, 0x00, 0x00, 0x00, 0x0F, 0x00, 0x00, 0x00, 0x0F, 0x00, 0x00,
    0x00, 0x0F, 0x00, 0x00, 0x00, 0x0F, 0x00, 0x00, 0x00, 0x0F, 0x00, 0x00,
    0x00, 0x0F, 0x00, 0x00, 0x00, 0x0F, 0x00, 0x00, 0x00, 0x0F, 0x00, 0x00,
    0x00, 0x0F, 0x00, 0x00, 0x00, 0x0F, 0x00, 0x00, 0x00, 0x0F, 0x00, 0x00,
    0x00, 0x0F, 0x00, 0x00, 0x00, 0x00, 0x00, 0x00, 0x00, 0x00, 0x00, 0x00,
    /* U+004A J */
    0x00, 0x00, 0x00, 0x00, 0x00, 0x00, 0x00, 0x00, 0x00, 0x00, 0x00, 0x00,
    0x00, 0x00, 0x00, 0x00, 0x00, 0x00, 0x00, 0xE0, 0x00, 0x00, 0x00, 0xE0,
    0x00, 0x00, 0x00, 0xE0, 0x00, 0x00, 0x00, 0xE0, 0x00, 0x00, 0x00, 0xE0,
    0x00, 0x00, 0x00, 0xE0, 0x00, 0x00, 0x00, 0xE0, 0x00, 0x00, 0x00, 0xE0,
    0x00, 0x00, 0x00, 0xE0, 0x00, 0x00, 0x00, 0xE0, 0x00, 0x00, 0x00, 0xE0,
    0x00, 0x00, 0x00, 0xF0, 0x50, 0x00, 0x02, 0xD0, 0xB8, 0x00, 0x0C, 0x50,
    0x09, 0xEE, 0xE7, 0x00, 0x00, 0x00, 0x00, 0x00, 0x00, 0x00, 0x00, 0x00,
    /* U+004B K */
    0x00, 0x00, 0x00, 0x00, 0x00, 0x00, 0x00, 0x00, 0x00, 0x00, 0x00, 0x00,
    0x00, 0x00, 0x00, 0x00, 0xE0, 0x00, 0x00, 0x03, 0xE0, 0x00, 0x00, 0x2F,
    0xE0, 0x00, 0x01, 0xE4, 0xE0, 0x00, 0x0C, 0x60, 0xE0, 0x00, 0xA8, 0x00,
    0xE0, 0x07, 0xF0, 0x00, 0xE0, 0x5D, 0xE3, 0x00, 0xE3, 0xE1, 0x3D, 0x00,
    0xEE, 0x20, 0x0C, 0x50, 0xF3, 0x00, 0x02, 0xE0, 0xE0, 0x00, 0x00, 0xA7,
    0xE0, 0x00, 0x00, 0x1F, 0xE0, 0x00, 0x00, 0x07, 0xE0, 0x00, 0x00, 0x00,
    0xE0, 0x00, 0x00, 0x00, 0x00, 0x00, 0x00, 0x00, 0x00, 0x00, 0x00, 0x00,
    /* U+004C L */
    0x00, 0x00, 0x00, 0x00, 0x00, 0x00, 0x00, 0x00, 0x00, 0x00, 0x00, 0x00,
    0x00, 0x00, 0x00, 0x00, 0x0E, 0x00, 0x00, 0x00, 0x0E, 0x00, 0x00, 0x00,
    0x0E, 0x00, 0x00, 0x00, 0x0E, 0x00, 0x00, 0x00, 0x0E, 0x00, 0x00, 0x00,
    0x0E, 0x00, 0x00, 0x00, 0x0E, 0x00, 0x00, 0x00, 0x0E, 0x00, 0x00, 0x00,
    0x0E, 0x00, 0x00, 0x00, 0x0E, 0x00, 0x00, 0x00, 0x0E, 0x00, 0x00, 0x00,
    0x0E, 0x00, 0x00, 0x00, 0x0E, 0x00, 0x00, 0x00, 0x0E, 0x00, 0x00, 0x00,
    0x0F, 0xDD, 0xDD, 0xDD, 0x00, 0x00, 0x00, 0x00, 0x00, 0x00, 0x00, 0x00,
    /* U+004D M */
    0x00, 0x00, 0x00, 0x00, 0x00, 0x00, 0x00, 0x00, 0x00, 0x00, 0x00, 0x00,
    0x00, 0x00, 0x00, 0x00, 0x00, 0x00, 0x00, 0x03, 0x00, 0x00, 0x00, 0x09,
    0x40, 0x00, 0x00, 0x0C, 0xA0, 0x00, 0x00, 0x39, 0xD0, 0x00, 0x00, 0x93,
    0x85, 0x00, 0x00, 0xC0, 0x2B, 0x00, 0x04, 0x80, 0x0C, 0x00, 0x0A, 0x20,
    0x07, 0x50, 0x0C, 0x00, 0x01, 0xB0, 0x47, 0x00, 0x00, 0xB1, 0xA1, 0x00,
    0x00, 0x66, 0xB0, 0x00, 0x00, 0x1F, 0x60, 0x00, 0x00, 0x04, 0x10, 0x00,
    0x00, 0x00, 0x00, 0x00, 0x00, 0x00, 0x00, 0x00, 0x00, 0x00, 0x00, 0x00,
    /* U+004E N */
    0x00, 0x00, 0x00, 0x00, 0x00, 0x00, 0x00, 0x00, 0x00, 0x00, 0x00, 0x00,
    0x00, 0x00, 0x00, 0x00, 0x60, 0x00, 0x00, 0x00, 0xE0, 0x00, 0x00, 0x00,
    0x69, 0x00, 0x00, 0x00, 0x0E, 0x20, 0x00, 0x00, 0x04, 0xC0, 0x00, 0x00,
    0x00, 0xC4, 0x00, 0x00, 0x00, 0x2F, 0x00, 0x00, 0x00, 0x09, 0x80, 0x00,
    0x00, 0x00, 0xF1, 0x00, 0x00, 0x00, 0x5B, 0x00, 0x00, 0x00, 0x0D, 0x30,
    0x00, 0x00, 0x03, 0xE0, 0x00, 0x00, 0x00, 0xB5, 0x00, 0x00, 0x00, 0x1E,
    0x00, 0x00, 0x00, 0x07, 0x00, 0x00, 0x00, 0x00, 0x00, 0x00, 0x00, 0x00,
    /* U+004F O */
    0x00, 0x00, 0x00, 0x00, 0x00, 0x00, 0x00, 0x00, 0x00, 0x00, 0x00, 0x00,
    0x00, 0x00, 0x00, 0x00, 0x06, 0xEF, 0xFF, 0x90, 0xBC, 0x20, 0x00, 0x8F,
    0xB0, 0x00, 0x00, 0x05, 0x00, 0x00, 0x00, 0x00, 0x00, 0x00, 0x00, 0x00,
    0x00, 0x00, 0x00, 0x00, 0x00, 0x00, 0x00, 0x00, 0x00, 0x00, 0x00, 0x00,
    0x00, 0x00, 0x00, 0x00, 0x00, 0x00, 0x00, 0x00, 0x00, 0x00, 0x00, 0x00,
    0x10, 0x00, 0x00, 0x00, 0xB0, 0x00, 0x00, 0x06, 0xAC, 0x20, 0x00, 0x8E,
    0x05, 0xEF, 0xFF, 0x80, 0x00, 0x00, 0x00, 0x00, 0x00, 0x00, 0x00, 0x00,
    /* U+0050 P */
    0x00, 0x00, 0x00, 0x00, 0x00, 0x00, 0x00, 0x00, 0x00, 0x00, 0x00, 0x00,
    0x00, 0x00, 0x00, 0x00, 0xFD, 0xDD, 0xDE, 0xB2, 0xE0, 0x00, 0x00, 0x4F,
    0xE0, 0x00, 0x00, 0x05, 0xE0, 0x00, 0x00, 0x00, 0xE0, 0x00, 0x00, 0x00,
    0xE0, 0x00, 0x00, 0x01, 0xE0, 0x00, 0x00, 0x08, 0xE0, 0x00, 0x01, 0x9D,
    0xFD, 0xDD, 0xDC, 0x60, 0xE0, 0x00, 0x00, 0x00, 0xE0, 0x00, 0x00, 0x00,
    0xE0, 0x00, 0x00, 0x00, 0xE0, 0x00, 0x00, 0x00, 0xE0, 0x00, 0x00, 0x00,
    0xE0, 0x00, 0x00, 0x00, 0x00, 0x00, 0x00, 0x00, 0x00, 0x00, 0x00, 0x00,
    /* U+0051 Q */
    0x00, 0x00, 0x00, 0x00, 0x00, 0x00, 0x00, 0x00, 0x00, 0x00, 0x00, 0x00,
    0x00, 0x00, 0x00, 0x00, 0x05, 0xDD, 0xDD, 0x80, 0xAA, 0x10, 0x00, 0x7D,
    0x90, 0x00, 0x00, 0x04, 0x00, 0x00, 0x00, 0x00, 0x00, 0x00, 0x00, 0x00,
    0x00, 0x00, 0x00, 0x00, 0x00, 0x00, 0x00, 0x00, 0x00, 0x00, 0x00, 0x00,
    0x00, 0x00, 0x00, 0x00, 0x00, 0x00, 0x00, 0x00, 0x00, 0x00, 0x00, 0x00,
    0x00, 0x00, 0x00, 0x00, 0x90, 0x00, 0x00, 0x05, 0x9A, 0x10, 0x00, 0x6D,
    0x05, 0xCE, 0xFD, 0x70, 0x00, 0x01, 0xF1, 0x00, 0x00, 0x00, 0x5E, 0x50,
    /* U+0052 R */
    0x00, 0x00, 0x00, 0x00, 0x00, 0x00, 0x00, 0x00, 0x00, 0x00, 0x00, 0x00,
    0x00, 0x00, 0x00, 0x00, 0xCA, 0xAA, 0xBB, 0xA3, 0xB0, 0x00, 0x00, 0x3B,
    0xB0, 0x00, 0x00, 0x02, 0xB0, 0x00, 0x00, 0x00, 0xB0, 0x00, 0x00, 0x00,
    0xB0, 0x00, 0x00, 0x05, 0xB0, 0x00, 0x00, 0x6B, 0xCA, 0xAA, 0xFB, 0x60,
    0xB0, 0x00, 0x76, 0x00, 0xB0, 0x00, 0x0C, 0x10, 0xB0, 0x00, 0x05, 0x80,
    0xB0, 0x00, 0x00, 0xB2, 0xB0, 0x00, 0x00, 0x3A, 0xB0, 0x00, 0x00, 0x09,
    0xB0, 0x00, 0x00, 0x01, 0x00, 0x00, 0x00, 0x00, 0x00, 0x00, 0x00, 0x00,
    /* U+0053 S */
    0x00, 0x00, 0x00, 0x00, 0x00, 0x00, 0x00, 0x00, 0x00, 0x00, 0x00, 0x00,
    0x00, 0x00, 0x00, 0x00, 0x06, 0xDE, 0xEE, 0x60, 0x9B, 0x10, 0x01, 0x9B,
    0xF0, 0x00, 0x00, 0x01, 0xC0, 0x00, 0x00, 0x00, 0xF0, 0x00, 0x00, 0x00,
    0x8D, 0x10, 0x00, 0x00, 0x06, 0xF9, 0x10, 0x00, 0x00, 0x07, 0xFB, 0x10,
    0x00, 0x00, 0x05, 0xF5, 0x00, 0x00, 0x00, 0x1F, 0x00, 0x00, 0x00, 0x08,
    0x00, 0x00, 0x00, 0x06, 0x10, 0x00, 0x00, 0x0C, 0xF5, 0x00, 0x01, 0x9A,
    0x2A, 0xEE, 0xEE, 0x70, 0x00, 0x00, 0x00, 0x00, 0x00, 0x00, 0x00, 0x00,
    /* U+0054 T */
    0x00, 0x00, 0x00, 0x00, 0x00, 0x00, 0x00, 0x00, 0x00, 0x00, 0x00, 0x00,
    0x00, 0x00, 0x00, 0x00, 0xBB, 0xBF, 0xCB, 0xBB, 0x00, 0x0B, 0x20, 0x00,
    0x00, 0x0B, 0x20, 0x00, 0x00, 0x0B, 0x20, 0x00, 0x00, 0x0B, 0x20, 0x00,
    0x00, 0x0B, 0x20, 0x00, 0x00, 0x0B, 0x20, 0x00, 0x00, 0x0B, 0x20, 0x00,
    0x00, 0x0B, 0x20, 0x00, 0x00, 0x0B, 0x20, 0x00, 0x00, 0x0B, 0x20, 0x00,
    0x00, 0x0B, 0x20, 0x00, 0x00, 0x0B, 0x20, 0x00, 0x00, 0x0B, 0x20, 0x00,
    0x00, 0x0B, 0x20, 0x00, 0x00, 0x00, 0x00, 0x00, 0x00, 0x00, 0x00, 0x00,
    /* U+0055 U */
    0x00, 0x00, 0x00, 0x00, 0x00, 0x00, 0x00, 0x00, 0x00, 0x00, 0x00, 0x00,
    0x00, 0x00, 0x00, 0x00, 0x00, 0x00, 0x00, 0x00, 0x00, 0x00, 0x00, 0x00,
    0x00, 0x00, 0x00, 0x00, 0x00, 0x00, 0x00, 0x00, 0x00, 0x00, 0x00, 0x00,
    0x00, 0x00, 0x00, 0x00, 0x00, 0x00, 0x00, 0x00, 0x00, 0x00, 0x00, 0x00,
    0x00, 0x00, 0x00, 0x00, 0x00, 0x00, 0x00, 0x00, 0x00, 0x00, 0x00, 0x02,
    0x50, 0x00, 0x00, 0x07, 0xE0, 0x00, 0x00, 0x0F, 0xCB, 0x10, 0x01, 0xDA,
    0x08, 0xFF, 0xFF, 0x60, 0x00, 0x00, 0x00, 0x00, 0x00, 0x00, 0x00, 0x00,
    /* U+0056 V */
    0x00, 0x00, 0x00, 0x00, 0x00, 0x00, 0x00, 0x00, 0x00, 0x00, 0x00, 0x00,
    0x00, 0x00, 0x00, 0x00, 0x00, 0x00, 0x00, 0x07, 0x00, 0x00, 0x00, 0x0C,
    0x00, 0x00, 0x00, 0x1C, 0x10, 0x00, 0x00, 0x67, 0x60, 0x00, 0x00, 0xB1,
    0xB0, 0x00, 0x00, 0xC0, 0xC0, 0x00, 0x04, 0x70, 0x84, 0x00, 0x0A, 0x20,
    0x2A, 0x00, 0x0B, 0x00, 0x0C, 0x00, 0x38, 0x00, 0x08, 0x30, 0x93, 0x00,
    0x03, 0x80, 0xB0, 0x00, 0x00, 0xB2, 0x90, 0x00, 0x00, 0x9A, 0x30, 0x00,
    0x00, 0x4F, 0x00, 0x00, 0x00, 0x00, 0x00, 0x00, 0x00, 0x00, 0x00, 0x00,
    /* U+0057 W */
    0x00, 0x00, 0x00, 0x00, 0x00, 0x00, 0x00, 0x00, 0x00, 0x00, 0x00, 0x00,
    0x00, 0x00, 0x00, 0x00, 0x00, 0x2F, 0x00, 0x00, 0x00, 0x6A, 0x40, 0x00,
    0x00, 0xA3, 0x80, 0x00, 0x00, 0xA0, 0xB0, 0x00, 0x03, 0x80, 0xA1, 0x00,
    0x07, 0x40, 0x74, 0x00, 0x0A, 0x00, 0x38, 0x00, 0x0A, 0x00, 0x0B, 0x00,
    0x37, 0x00, 0x0A, 0x10, 0x73, 0x00, 0x06, 0x50, 0xA0, 0x00, 0x02, 0x90,
    0xA0, 0x00, 0x00, 0xA1, 0x70, 0x00, 0x00, 0x94, 0x30, 0x00, 0x00, 0x5B,
    0x00, 0x00, 0x00, 0x1F, 0x00, 0x00, 0x00, 0x00, 0x00, 0x00, 0x00, 0x00,
    /* U+0058 X */
    0x00, 0x00, 0x00, 0x00, 0x00, 0x00, 0x00, 0x00, 0x00, 0x00, 0x00, 0x00,
    0x00, 0x00, 0x00, 0x00, 0xF0, 0x00, 0x00, 0x07, 0x97, 0x00, 0x00, 0x0E,
    0x0F, 0x00, 0x00, 0x96, 0x06, 0x90, 0x01, 0xD0, 0x00, 0xE1, 0x0B, 0x30,
    0x00, 0x4B, 0x3C, 0x00, 0x00, 0x0C, 0xE2, 0x00, 0x00, 0x08, 0xF0, 0x00,
    0x00, 0x1C, 0x96, 0x00, 0x00, 0xA4, 0x0E, 0x00, 0x02, 0xC0, 0x06, 0x90,
    0x0C, 0x20, 0x00, 0xE1, 0x4B, 0x00, 0x00, 0x4B, 0xE1, 0x00, 0x00, 0x0C,
    0x90, 0x00, 0x00, 0x02, 0x00, 0x00, 0x00, 0x00, 0x00, 0x00, 0x00, 0x00,
    /* U+0059 Y */
    0x00, 0x00, 0x00, 0x00, 0x00, 0x00, 0x00, 0x00, 0x00, 0x00, 0x00, 0x00,
    0x00, 0x00, 0x00, 0x00, 0x30, 0x00, 0x00, 0x09, 0xC0, 0x00, 0x00, 0x1E,
    0xE2, 0x00, 0x00, 0x86, 0x4B, 0x00, 0x00, 0xE0, 0x0E, 0x20, 0x07, 0x70,
    0x04, 0xA0, 0x0E, 0x00, 0x00, 0xD1, 0x77, 0x00, 0x00, 0x5A, 0xE0, 0x00,
    0x00, 0x0F, 0x70, 0x00, 0x00, 0x0C, 0x40, 0x00, 0x00, 0x0C, 0x40, 0x00,
    0x00, 0x0C, 0x40, 0x00, 0x00, 0x0C, 0x40, 0x00, 0x00, 0x0C, 0x40, 0x00,
    0x00, 0x0C, 0x40, 0x00, 0x00, 0x00, 0x00, 0x00, 0x00, 0x00, 0x00, 0x00,
    /* U+005A Z */
    0x00, 0x00, 0x00, 0x00, 0x00, 0x00, 0x00, 0x00, 0x00, 0x00, 0x00, 0x00,
    0x00, 0x00, 0x00, 0x00, 0xDD, 0xDD, 0xDD, 0xDF, 0x00, 0x00, 0x00, 0x0D,
    0x00, 0x00, 0x00, 0x87, 0x00, 0x00, 0x02, 0xD0, 0x00, 0x00, 0x0C, 0x30,
    0x00, 0x00, 0x5A, 0x00, 0x00, 0x01, 0xE1, 0x00, 0x00, 0x09, 0x50, 0x00,
    0x00, 0x3C, 0x00, 0x00, 0x00, 0xD2, 0x00, 0x00, 0x07, 0x80, 0x00, 0x00,
    0x1D, 0x00, 0x00, 0x00, 0xB4, 0x00, 0x00, 0x00, 0xB0, 0x00, 0x00, 0x00,
    0xED, 0xDD, 0xDD, 0xDD, 0x00, 0x00, 0x00, 0x00, 0x00, 0x00, 0x00, 0x00,
    /* U+005B [ */
    0x00, 0x00, 0x00, 0x00, 0x00, 0x00, 0x00, 0x00, 0x00, 0x00, 0x00, 0x00,
    0x00, 0x0F, 0xCC, 0x70, 0x00, 0x0C, 0x00, 0x00, 0x00, 0x0C, 0x00, 0x00,
    0x00, 0x0C, 0x00, 0x00, 0x00, 0x0C, 0x00, 0x00, 0x00, 0x0C, 0x00, 0x00,
    0x00, 0x0C, 0x00, 0x00, 0x00, 0x0C, 0x00, 0x00, 0x00, 0x0C, 0x00, 0x00,
    0x00, 0x0C, 0x00, 0x00, 0x00, 0x0C, 0x00, 0x00, 0x00, 0x0C, 0x00, 0x00,
    0x00, 0x0C, 0x00, 0x00, 0x00, 0x0C, 0x00, 0x00, 0x00, 0x0C, 0x00, 0x00,
    0x00, 0x0C, 0x00, 0x00, 0x00, 0x0C, 0x00, 0x00, 0x00, 0x0C, 0x00, 0x00,
    /* U+005C \ */
    0x00, 0x00, 0x00, 0x00, 0x00, 0x00, 0x00, 0x00, 0x00, 0x00, 0x00, 0x00,
    0xF0, 0x00, 0x00, 0x00, 0x96, 0x00, 0x00, 0x00, 0x1D, 0x00, 0x00, 0x00,
    0x0E, 0x10, 0x00, 0x00, 0x07, 0x80, 0x00, 0x00, 0x01, 0xE0, 0x00, 0x00,
    0x00, 0xD2, 0x00, 0x00, 0x00, 0x69, 0x00, 0x00, 0x00, 0x0F, 0x00, 0x00,
    0x00, 0x0C, 0x30, 0x00, 0x00, 0x04, 0xB0, 0x00, 0x00, 0x00, 0xF0, 0x00,
    0x00, 0x00, 0xA5, 0x00, 0x00, 0x00, 0x2D, 0x00, 0x00, 0x00, 0x0F, 0x00,
    0x00, 0x00, 0x09, 0x70, 0x00, 0x00, 0x01, 0xE0, 0x00, 0x00, 0x00, 0xE1,
    /* U+005D ] */
    0x00, 0x00, 0x00, 0x00, 0x00, 0x00, 0x00, 0x00, 0x00, 0x00, 0x00, 0x00,
    0x07, 0xCC, 0xF0, 0x00, 0x00, 0x00, 0xC0, 0x00, 0x00, 0x00, 0xC0, 0x00,
    0x00, 0x00, 0xC0, 0x00, 0x00, 0x00, 0xC0, 0x00, 0x00, 0x00, 0xC0, 0x00,
    0x00, 0x00, 0xC0, 0x00, 0x00, 0x00, 0xC0, 0x00, 0x00, 0x00, 0xC0, 0x00,
    0x00, 0x00, 0xC0, 0x00, 0x00, 0x00, 0xC0, 0x00, 0x00, 0x00, 0xC0, 0x00,
    0x00, 0x00, 0xC0, 0x00, 0x00, 0x00, 0xC0, 0x00, 0x00, 0x00, 0xC0, 0x00,
    0x00, 0x00, 0xC0, 0x00, 0x00, 0x00, 0xC0, 0x00, 0x00, 0x00, 0xC0, 0x00,
    /* U+005E ^ */
    0x00, 0x00, 0x00, 0x00, 0x00, 0x00, 0x00, 0x00, 0x00, 0x00, 0x00, 0x00,
    0x00, 0x03, 0x80, 0x00, 0x00, 0x0C, 0xF1, 0x00, 0x00, 0x1D, 0x69, 0x00,
    0x00, 0x86, 0x0E, 0x00, 0x00, 0xE0, 0x0B, 0x40, 0x03, 0xC0, 0x03, 0xC0,
    0x0B, 0x40, 0x00, 0xE1, 0x0F, 0x00, 0x00, 0x87, 0x79, 0x00, 0x00, 0x1F,
    0x00, 0x00, 0x00, 0x00, 0x00, 0x00, 0x00, 0x00, 0x00, 0x00, 0x00, 0x00,
    0x00, 0x00, 0x00, 0x00, 0x00, 0x00, 0x00, 0x00, 0x00, 0x00, 0x00, 0x00,
    0x00, 0x00, 0x00, 0x00, 0x00, 0x00, 0x00, 0x00, 0x00, 0x00, 0x00, 0x00,
    /* U+005F _ */
    0x00, 0x00, 0x00, 0x00, 0x00, 0x00, 0x00, 0x00, 0x00, 0x00, 0x00, 0x00,
    0x00, 0x00, 0x00, 0x00, 0x00, 0x00, 0x00, 0x00, 0x00, 0x00, 0x00, 0x00,
    0x00, 0x00, 0x00, 0x00, 0x00, 0x00, 0x00, 0x00, 0x00, 0x00, 0x00, 0x00,
    0x00, 0x00, 0x00, 0x00, 0x00, 0x00, 0x00, 0x00, 0x00, 0x00, 0x00, 0x00,
    0x00, 0x00, 0x00, 0x00, 0x00, 0x00, 0x00, 0x00, 0x00, 0x00, 0x00, 0x00,
    0x00, 0x00, 0x00, 0x00, 0x00, 0x00, 0x00, 0x00, 0x00, 0x00, 0x00, 0x00,
    0x00, 0x00, 0x00, 0x00, 0x00, 0x00, 0x00, 0x00, 0x00, 0x00, 0x00, 0x00,
    /* U+0060 ` */
    0x00, 0x00, 0x00, 0x00, 0x00, 0x00, 0x00, 0x00, 0x04, 0x60, 0x00, 0x00,
    0x01, 0xF4, 0x00, 0x00, 0x00, 0x1F, 0x20, 0x00, 0x00, 0x02, 0xD0, 0x00,
    0x00, 0x00, 0x00, 0x00, 0x00, 0x00, 0x00, 0x00, 0x00, 0x00, 0x00, 0x00,
    0x00, 0x00, 0x00, 0x00, 0x00, 0x00, 0x00, 0x00, 0x00, 0x00, 0x00, 0x00,
    0x00, 0x00, 0x00, 0x00, 0x00, 0x00, 0x00, 0x00, 0x00, 0x00, 0x00, 0x00,
    0x00, 0x00, 0x00, 0x00, 0x00, 0x00, 0x00, 0x00, 0x00, 0x00, 0x00, 0x00,
    0x00, 0x00, 0x00, 0x00, 0x00, 0x00, 0x00, 0x00, 0x00, 0x00, 0x00, 0x00,
    /* U+0061 a */
    0x00, 0x00, 0x00, 0x00, 0x00, 0x00, 0x00, 0x00, 0x00, 0x00, 0x00, 0x00,
    0x00, 0x00, 0x00, 0x00, 0x00, 0x00, 0x00, 0x00, 0x00, 0x00, 0x00, 0x00,
    0x00, 0x00, 0x00, 0x00, 0x00, 0x00, 0x00, 0x00, 0x29, 0xBC, 0xD8, 0x00,
    0xB3, 0x00, 0x09, 0x60, 0x00, 0x00, 0x01, 0xC0, 0x00, 0x00, 0x00, 0xD0,
    0x00, 0x26, 0xAB, 0xF0, 0x3C, 0xA5, 0x10, 0xD0, 0xD1, 0x00, 0x00, 0xD0,
    0x30, 0x00, 0x00, 0xD0, 0x20, 0x00, 0x01, 0xE0, 0x90, 0x00, 0x5B, 0xE0,
    0x8D, 0xCC, 0x70, 0xB0, 0x00, 0x00, 0x00, 0x00, 0x00, 0x00, 0x00, 0x00,
    /* U+0062 b */
    0x00, 0x00, 0x00, 0x00, 0x00, 0x00, 0x00, 0x00, 0x60, 0x00, 0x00, 0x00,
    0xD0, 0x00, 0x00, 0x00, 0xD0, 0x00, 0x00, 0x00, 0xD0, 0x00, 0x00, 0x00,
    0xD0, 0x00, 0x00, 0x00, 0xD0, 0x00, 0x00, 0x00, 0xC0, 0x8C, 0xCD, 0x90,
    0xEB, 0x50, 0x00, 0x7B, 0xE1, 0x00, 0x00, 0x0B, 0xD0, 0x00, 0x00, 0x05,
    0xD0, 0x00, 0x00, 0x02, 0xD0, 0x00, 0x00, 0x01, 0xD0, 0x00, 0x00, 0x03,
    0xD0, 0x00, 0x00, 0x07, 0xD0, 0x00, 0x00, 0x0E, 0xFA, 0x10, 0x01, 0xC5,
    0xC2, 0xBC, 0xCC, 0x40, 0x00, 0x00, 0x00, 0x00, 0x00, 0x00, 0x00, 0x00,
    /* U+0063 c */
    0x00, 0x00, 0x00, 0x00, 0x00, 0x00, 0x00, 0x00, 0x00, 0x00, 0x00, 0x00,
    0x00, 0x00, 0x00, 0x00, 0x00, 0x00, 0x00, 0x00, 0x00, 0x00, 0x00, 0x00,
    0x00, 0x00, 0x00, 0x00, 0x00, 0x00, 0x00, 0x00, 0x00, 0x5D, 0xEE, 0xD2,
    0x08, 0xD1, 0x00, 0x3B, 0x3F, 0x00, 0x00, 0x00, 0xA6, 0x00, 0x00, 0x00,
    0xE1, 0x00, 0x00, 0x00, 0xF0, 0x00, 0x00, 0x00, 0xE1, 0x00, 0x00, 0x00,
    0xB5, 0x00, 0x00, 0x00, 0x3E, 0x00, 0x00, 0x00, 0x09, 0xC1, 0x00, 0x2C,
    0x00, 0x6E, 0xEE, 0xD3, 0x00, 0x00, 0x00, 0x00, 0x00, 0x00, 0x00, 0x00,
    /* U+0064 d */
    0x00, 0x00, 0x00, 0x00, 0x00, 0x00, 0x00, 0x00, 0x00, 0x00, 0x00, 0x07,
    0x00, 0x00, 0x00, 0x0E, 0x00, 0x00, 0x00, 0x0E, 0x00, 0x00, 0x00, 0x0E,
    0x00, 0x00, 0x00, 0x0E, 0x00, 0x00, 0x00, 0x0E, 0x05, 0xDD, 0xDC, 0x3D,
    0x7D, 0x10, 0x02, 0xCF, 0xF0, 0x00, 0x00, 0x0E, 0x60, 0x00, 0x00, 0x0E,
    0x10, 0x00, 0x00, 0x0E, 0x00, 0x00, 0x00, 0x0E, 0x00, 0x00, 0x00, 0x0E,
    0x40, 0x00, 0x00, 0x0E, 0xC0, 0x00, 0x00, 0x2F, 0xD8, 0x00, 0x05, 0xCE,
    0x09, 0xED, 0xD9, 0x0C, 0x00, 0x00, 0x00, 0x00, 0x00, 0x00, 0x00, 0x00,
    /* U+0065 e */
    0x00, 0x00, 0x00, 0x00, 0x00, 0x00, 0x00, 0x00, 0x00, 0x00, 0x00, 0x00,
    0x00, 0x00, 0x00, 0x00, 0x00, 0x00, 0x00, 0x00, 0x00, 0x00, 0x00, 0x00,
    0x00, 0x00, 0x00, 0x00, 0x00, 0x00, 0x00, 0x00, 0x06, 0xEE, 0xEB, 0x10,
    0x8C, 0x10, 0x05, 0xD0, 0xF0, 0x00, 0x00, 0xA5, 0x60, 0x00, 0x00, 0x3B,
    0x10, 0x00, 0x00, 0x1D, 0xDD, 0xDD, 0xDD, 0xDC, 0x00, 0x00, 0x00, 0x00,
    0x40, 0x00, 0x00, 0x00, 0xD0, 0x00, 0x00, 0x00, 0x8B, 0x10, 0x00, 0x71,
    0x05, 0xDE, 0xEE, 0x80, 0x00, 0x00, 0x00, 0x00, 0x00, 0x00, 0x00, 0x00,
    /* U+0066 f */
    0x00, 0x00, 0x00, 0x00, 0x00, 0x00, 0x00, 0x00, 0x00, 0x08, 0xA9, 0x00,
    0x00, 0x76, 0x00, 0x00, 0x00, 0xB0, 0x00, 0x00, 0x00, 0xB0, 0x00, 0x00,
    0x00, 0xB0, 0x00, 0x00, 0x00, 0xB0, 0x00, 0x00, 0x29, 0xF9, 0x94, 0x00,
    0x00, 0xB0, 0x00, 0x00, 0x00, 0xB0, 0x00, 0x00, 0x00, 0xB0, 0x00, 0x00,
    0x00, 0xB0, 0x00, 0x00, 0x00, 0xB0, 0x00, 0x00, 0x00, 0xB0, 0x00, 0x00,
    0x00, 0xB0, 0x00, 0x00, 0x00, 0xB0, 0x00, 0x00, 0x00, 0xB0, 0x00, 0x00,
    0x00, 0xB0, 0x00, 0x00, 0x00, 0x00, 0x00, 0x00, 0x00, 0x00, 0x00, 0x00,
    /* U+0067 g */
    0x00, 0x00, 0x00, 0x00, 0x00, 0x00, 0x00, 0x00, 0x00, 0x00, 0x00, 0x00,
    0x00, 0x00, 0x00, 0x00, 0x00, 0x00, 0x00, 0x00, 0x00, 0x00, 0x00, 0x00,
    0x00, 0x00, 0x00, 0x00, 0x00, 0x00, 0x00, 0x00, 0x08, 0xBB, 0xFF, 0xBB,
    0x96, 0x00, 0x1C, 0x50, 0xB0, 0x00, 0x02, 0xB0, 0x70, 0x00, 0x00, 0xC0,
    0x80, 0x00, 0x00, 0xC0, 0xC0, 0x00, 0x04, 0x80, 0x69, 0x10, 0x3B, 0x10,
    0x78, 0xAA, 0x91, 0x00, 0xA0, 0x00, 0x00, 0x00, 0xC0, 0x00, 0x00, 0x00,
    0x7D, 0xCC, 0xCB, 0x93, 0x90, 0x00, 0x01, 0x3C, 0x10, 0x00, 0x00, 0x07,
    /* U+0068 h */
    0x00, 0x00, 0x00, 0x00, 0x00, 0x00, 0x00, 0x00, 0x00, 0x00, 0x00, 0x00,
    0xD0, 0x00, 0x00, 0x00, 0xD0, 0x00, 0x00, 0x00, 0xD0, 0x00, 0x00, 0x00,
    0xD0, 0x00, 0x00, 0x00, 0xD0, 0x00, 0x00, 0x00, 0xD0, 0x6C, 0xCD, 0x60,
    0xDA, 0x60, 0x01, 0xD3, 0xF3, 0x00, 0x00, 0x59, 0xD0, 0x00, 0x00, 0x2C,
    0xD0, 0x00, 0x00, 0x1C, 0xD0, 0x00, 0x00, 0x1C, 0xD0, 0x00, 0x00, 0x1C,
    0xD0, 0x00, 0x00, 0x1C, 0xD0, 0x00, 0x00, 0x1C, 0xD0, 0x00, 0x00, 0x1C,
    0xD0, 0x00, 0x00, 0x1C, 0x00, 0x00, 0x00, 0x00, 0x00, 0x00, 0x00, 0x00,
    /* U+0069 i */
    0x00, 0x00, 0x00, 0x00, 0x00, 0x00, 0x00, 0x00, 0x00, 0x00, 0x00, 0x00,
    0x00, 0x00, 0x00, 0x00, 0x00, 0x2F, 0x10, 0x00, 0x00, 0x18, 0x00, 0x00,
    0x00, 0x00, 0x00, 0x00, 0x00, 0x00, 0x00, 0x00, 0x00, 0x0C, 0x00, 0x00,
    0x00, 0x0C, 0x00, 0x00, 0x00, 0x0C, 0x00, 0x00, 0x00, 0x0C, 0x00, 0x00,
    0x00, 0x0C, 0x00, 0x00, 0x00, 0x0C, 0x00, 0x00, 0x00, 0x0C, 0x00, 0x00,
    0x00, 0x0C, 0x00, 0x00, 0x00, 0x0C, 0x00, 0x00, 0x00, 0x0C, 0x00, 0x00,
    0x00, 0x0C, 0x00, 0x00, 0x00, 0x00, 0x00, 0x00, 0x00, 0x00, 0x00, 0x00,
    /* U+006A j */
    0x00, 0x00, 0x00, 0x00, 0x00, 0x00, 0x00, 0x00, 0x00, 0x00, 0x00, 0x00,
    0x00, 0x00, 0x00, 0x00, 0x00, 0x3F, 0x10, 0x00, 0x00, 0x18, 0x00, 0x00,
    0x00, 0x00, 0x00, 0x00, 0x00, 0x00, 0x00, 0x00, 0x00, 0x0C, 0x00, 0x00,
    0x00, 0x0C, 0x00, 0x00, 0x00, 0x0C, 0x00, 0x00, 0x00, 0x0C, 0x00, 0x00,
    0x00, 0x0C, 0x00, 0x00, 0x00, 0x0C, 0x00, 0x00, 0x00, 0x0C, 0x00, 0x00,
    0x00, 0x0C, 0x00, 0x00, 0x00, 0x0C, 0x00, 0x00, 0x00, 0x0C, 0x00, 0x00,
    0x00, 0x0C, 0x00, 0x00, 0x00, 0x0C, 0x00, 0x00, 0x00, 0x0C, 0x00, 0x00,
    /* U+006B k */
    0x00, 0x00, 0x00, 0x00, 0x00, 0x00, 0x00, 0x00, 0x00, 0x00, 0x00, 0x00,
    0x0C, 0x00, 0x00, 0x00, 0x0C, 0x00, 0x00, 0x00, 0x0C, 0x00, 0x00, 0x00,
    0x0C, 0x00, 0x00, 0x00, 0x0C, 0x00, 0x00, 0x00, 0x0C, 0x00, 0x00, 0x3C,
    0x0C, 0x00, 0x01, 0xC1, 0x0C, 0x00, 0x0B, 0x30, 0x0C, 0x00, 0x86, 0x00,
    0x0C, 0x04, 0xF0, 0x00, 0x0C, 0x2C, 0x67, 0x00, 0x0D, 0xB2, 0x0C, 0x10,
    0x0F, 0x40, 0x03, 0xA0, 0x0C, 0x00, 0x00, 0x94, 0x0C, 0x00, 0x00, 0x1C,
    0x0C, 0x00, 0x00, 0x06, 0x00, 0x00, 0x00, 0x00, 0x00, 0x00, 0x00, 0x00,
    /* U+006C l */
    0x00, 0x00, 0x00, 0x00, 0x00, 0x00, 0x00, 0x00, 0x00, 0x08, 0x00, 0x00,
    0x00, 0x0F, 0x00, 0x00, 0x00, 0x0F, 0x00, 0x00, 0x00, 0x0F, 0x00, 0x00,
    0x00, 0x0F, 0x00, 0x00, 0x00, 0x0F, 0x00, 0x00, 0x00, 0x0F, 0x00, 0x00,
    0x00, 0x0F, 0x00, 0x00, 0x00, 0x0F, 0x00, 0x00, 0x00, 0x0F, 0x00, 0x00,
    0x00, 0x0F, 0x00, 0x00, 0x00, 0x0F, 0x00, 0x00, 0x00, 0x0F, 0x00, 0x00,
    0x00, 0x0F, 0x00, 0x00, 0x00, 0x0F, 0x00, 0x00, 0x00, 0x0F, 0x00, 0x00,
    0x00, 0x0C, 0xA0, 0x00, 0x00, 0x00, 0x00, 0x00, 0x00, 0x00, 0x00, 0x00,
    /* U+006D m */
    0x00, 0x00, 0x00, 0x00, 0x00, 0x00, 0x00, 0x00, 0x00, 0x00, 0x00, 0x00,
    0x00, 0x00, 0x00, 0x00, 0x00, 0x00, 0x00, 0x00, 0x00, 0x00, 0x00, 0x00,
    0x00, 0x00, 0x00, 0x00, 0x00, 0x00, 0x00, 0x00, 0xEE, 0xE3, 0x03, 0xDE,
    0x00, 0x3F, 0x4C, 0x10, 0x00, 0x0C, 0xC0, 0x00, 0x00, 0x09, 0x60, 0x00,
    0x00, 0x08, 0x60, 0x00, 0x00, 0x08, 0x60, 0x00, 0x00, 0x08, 0x60, 0x00,
    0x00, 0x08, 0x60, 0x00, 0x00, 0x08, 0x60, 0x00, 0x00, 0x08, 0x60, 0x00,
    0x00, 0x08, 0x60, 0x00, 0x00, 0x00, 0x00, 0x00, 0x00, 0x00, 0x00, 0x00,
    /* U+006E n */
    0x00, 0x00, 0x00, 0x00, 0x00, 0x00, 0x00, 0x00, 0x00, 0x00, 0x00, 0x00,
    0x00, 0x00, 0x00, 0x00, 0x00, 0x00, 0x00, 0x00, 0x00, 0x00, 0x00, 0x00,
    0x00, 0x00, 0x00, 0x00, 0x00, 0x00, 0x00, 0x00, 0xB0, 0x6C, 0xCD, 0x60,
    0xCA, 0x60, 0x01, 0xD3, 0xF3, 0x00, 0x00, 0x59, 0xD0, 0x00, 0x00, 0x2C,
    0xD0, 0x00, 0x00, 0x1C, 0xD0, 0x00, 0x00, 0x1C, 0xD0, 0x00, 0x00, 0x1C,
    0xD0, 0x00, 0x00, 0x1C, 0xD0, 0x00, 0x00, 0x1C, 0xD0, 0x00, 0x00, 0x1C,
    0xD0, 0x00, 0x00, 0x1C, 0x00, 0x00, 0x00, 0x00, 0x00, 0x00, 0x00, 0x00,
    /* U+006F o */
    0x00, 0x00, 0x00, 0x00, 0x00, 0x00, 0x00, 0x00, 0x00, 0x00, 0x00, 0x00,
    0x00, 0x00, 0x00, 0x00, 0x00, 0x00, 0x00, 0x00, 0x00, 0x00, 0x00, 0x00,
    0x00, 0x00, 0x00, 0x00, 0x00, 0x00, 0x00, 0x00, 0x06, 0xDD, 0xEC, 0x30,
    0x8C, 0x10, 0x03, 0xF4, 0xE0, 0x00, 0x00, 0x2F, 0x50, 0x00, 0x00, 0x0B,
    0x10, 0x00, 0x00, 0x06, 0x00, 0x00, 0x00, 0x04, 0x10, 0x00, 0x00, 0x06,
    0x50, 0x00, 0x00, 0x0B, 0xE0, 0x00, 0x00, 0x2F, 0x9C, 0x10, 0x02, 0xE4,
    0x06, 0xDD, 0xDC, 0x30, 0x00, 0x00, 0x00, 0x00, 0x00, 0x00, 0x00, 0x00,
    /* U+0070 p */
    0x00, 0x00, 0x00, 0x00, 0x00, 0x00, 0x00, 0x00, 0x00, 0x00, 0x00, 0x00,
    0x00, 0x00, 0x00, 0x00, 0x00, 0x00, 0x00, 0x00, 0x00, 0x00, 0x00, 0x00,
    0x00, 0x00, 0x00, 0x00, 0x00, 0x00, 0x00, 0x00, 0xB0, 0x8C, 0xCC, 0x90,
    0xEB, 0x50, 0x00, 0x7B, 0xE1, 0x00, 0x00, 0x0B, 0xD0, 0x00, 0x00, 0x05,
    0xD0, 0x00, 0x00, 0x02, 0xD0, 0x00, 0x00, 0x01, 0xD0, 0x00, 0x00, 0x03,
    0xD0, 0x00, 0x00, 0x07, 0xD0, 0x00, 0x00, 0x0E, 0xFA, 0x20, 0x01, 0xC5,
    0xD3, 0xBC, 0xCC, 0x40, 0xD0, 0x00, 0x00, 0x00, 0xD0, 0x00, 0x00, 0x00,
    /* U+0071 q */
    0x00, 0x00, 0x00, 0x00, 0x00, 0x00, 0x00, 0x00, 0x00, 0x00, 0x00, 0x00,
    0x00, 0x00, 0x00, 0x00, 0x00, 0x00, 0x00, 0x00, 0x00, 0x00, 0x00, 0x00,
    0x00, 0x00, 0x00, 0x00, 0x00, 0x00, 0x00, 0x00, 0x05, 0xDD, 0xDC, 0x3C,
    0x7D, 0x10, 0x02, 0xCF, 0xF0, 0x00, 0x00, 0x0E, 0x60, 0x00, 0x00, 0x0E,
    0x10, 0x00, 0x00, 0x0E, 0x00, 0x00, 0x00, 0x0E, 0x00, 0x00, 0x00, 0x0E,
    0x40, 0x00, 0x00, 0x0E, 0xC0, 0x00, 0x00, 0x2F, 0xD8, 0x00, 0x05, 0xCE,
    0x09, 0xED, 0xD9, 0x0D, 0x00, 0x00, 0x00, 0x0E, 0x00, 0x00, 0x00, 0x0E,
    /* U+0072 r */
    0x00, 0x00, 0x00, 0x00, 0x00, 0x00, 0x00, 0x00, 0x00, 0x00, 0x00, 0x00,
    0x00, 0x00, 0x00, 0x00, 0x00, 0x00, 0x00, 0x00, 0x00, 0x00, 0x00, 0x00,
    0x00, 0x00, 0x00, 0x00, 0x00, 0x00, 0x00, 0x00, 0x00, 0xB0, 0xAC, 0xB0,
    0x00, 0xCA, 0x40, 0x00, 0x00, 0xF6, 0x00, 0x00, 0x00, 0xE0, 0x00, 0x00,
    0x00, 0xC0, 0x00, 0x00, 0x00, 0xC0, 0x00, 0x00, 0x00, 0xC0, 0x00, 0x00,
    0x00, 0xC0, 0x00, 0x00, 0x00, 0xC0, 0x00, 0x00, 0x00, 0xC0, 0x00, 0x00,
    0x00, 0xC0, 0x00, 0x00, 0x00, 0x00, 0x00, 0x00, 0x00, 0x00, 0x00, 0x00,
    /* U+0073 s */
    0x00, 0x00, 0x00, 0x00, 0x00, 0x00, 0x00, 0x00, 0x00, 0x00, 0x00, 0x00,
    0x00, 0x00, 0x00, 0x00, 0x00, 0x00, 0x00, 0x00, 0x00, 0x00, 0x00, 0x00,
    0x00, 0x00, 0x00, 0x00, 0x00, 0x00, 0x00, 0x00, 0x08, 0xDD, 0xDA, 0x10,
    0x6B, 0x00, 0x05, 0x40, 0xC2, 0x00, 0x00, 0x00, 0xA6, 0x00, 0x00, 0x00,
    0x1D, 0xA2, 0x00, 0x00, 0x00, 0x4C, 0xD4, 0x00, 0x00, 0x00, 0x2D, 0x70,
    0x00, 0x00, 0x00, 0xF0, 0x00, 0x00, 0x00, 0xE0, 0xE4, 0x00, 0x06, 0xB0,
    0x2B, 0xDD, 0xDA, 0x10, 0x00, 0x00, 0x00, 0x00, 0x00, 0x00, 0x00, 0x00,
    /* U+0074 t */
    0x00, 0x00, 0x00, 0x00, 0x00, 0x00, 0x00, 0x00, 0x00, 0x00, 0x00, 0x00,
    0x00, 0x00, 0x00, 0x00, 0x00, 0x00, 0x00, 0x00, 0x00, 0xA1, 0x00, 0x00,
    0x00, 0xB1, 0x00, 0x00, 0x00, 0xB1, 0x00, 0x00, 0x4B, 0xFB, 0xBB, 0x20,
    0x00, 0xB1, 0x00, 0x00, 0x00, 0xB1, 0x00, 0x00, 0x00, 0xB1, 0x00, 0x00,
    0x00, 0xB1, 0x00, 0x00, 0x00, 0xB1, 0x00, 0x00, 0x00, 0xB1, 0x00, 0x00,
    0x00, 0xB1, 0x00, 0x00, 0x00, 0xA2, 0x00, 0x00, 0x00, 0x76, 0x00, 0x00,
    0x00, 0x1B, 0xCB, 0x40, 0x00, 0x00, 0x00, 0x00, 0x00, 0x00, 0x00, 0x00,
    /* U+0075 u */
    0x00, 0x00, 0x00, 0x00, 0x00, 0x00, 0x00, 0x00, 0x00, 0x00, 0x00, 0x00,
    0x00, 0x00, 0x00, 0x00, 0x00, 0x00, 0x00, 0x00, 0x00, 0x00, 0x00, 0x00,
    0x00, 0x00, 0x00, 0x00, 0x00, 0x00, 0x00, 0x00, 0xC0, 0x00, 0x00, 0x59,
    0xC0, 0x00, 0x00, 0x59, 0xC0, 0x00, 0x00, 0x59, 0xC0, 0x00, 0x00, 0x59,
    0xC0, 0x00, 0x00, 0x59, 0xC0, 0x00, 0x00, 0x59, 0xC0, 0x00, 0x00, 0x59,
    0xE0, 0x00, 0x00, 0x59, 0xF0, 0x00, 0x00, 0xD9, 0xB7, 0x00, 0x1C, 0x89,
    0x1B, 0xDD, 0xC3, 0x39, 0x00, 0x00, 0x00, 0x00, 0x00, 0x00, 0x00, 0x00,
    /* U+0076 v */
    0x00, 0x00, 0x00, 0x00, 0x00, 0x00, 0x00, 0x00, 0x00, 0x00, 0x00, 0x00,
    0x00, 0x00, 0x00, 0x00, 0x00, 0x00, 0x00, 0x00, 0x00, 0x00, 0x00, 0x00,
    0x00, 0x00, 0x00, 0x00, 0x00, 0x00, 0x00, 0x00, 0x40, 0x00, 0x00, 0x0D,
    0xA0, 0x00, 0x00, 0x49, 0xD0, 0x00, 0x00, 0xA3, 0x85, 0x00, 0x00, 0xC0,
    0x2B, 0x00, 0x05, 0x80, 0x0C, 0x10, 0x0B, 0x20, 0x06, 0x60, 0x1C, 0x00,
    0x01, 0xB0, 0x67, 0x00, 0x00, 0xB1, 0xB1, 0x00, 0x00, 0x57, 0xB0, 0x00,
    0x00, 0x0F, 0x50, 0x00, 0x00, 0x00, 0x00, 0x00, 0x00, 0x00, 0x00, 0x00,
    /* U+0077 w */
    0x00, 0x00, 0x00, 0x00, 0x00, 0x00, 0x00, 0x00, 0x00, 0x00, 0x00, 0x00,
    0x00, 0x00, 0x00, 0x00, 0x00, 0x00, 0x00, 0x00, 0x00, 0x00, 0x00, 0x00,
    0x00, 0x00, 0x00, 0x00, 0x00, 0x00, 0x00, 0x00, 0x00, 0x3F, 0x10, 0x00,
    0x00, 0x78, 0x50, 0x00, 0x00, 0xA1, 0x90, 0x00, 0x01, 0x90, 0xB0, 0x00,
    0x04, 0x50, 0x82, 0x00, 0x09, 0x10, 0x47, 0x00, 0x0A, 0x00, 0x0A, 0x03,
    0x28, 0x00, 0x0A, 0x07, 0x64, 0x00, 0x07, 0x4A, 0x90, 0x00, 0x02, 0x9A,
    0xB0, 0x00, 0x00, 0xD6, 0x00, 0x00, 0x00, 0x00, 0x00, 0x00, 0x00, 0x00,
    /* U+0078 x */
    0x00, 0x00, 0x00, 0x00, 0x00, 0x00, 0x00, 0x00, 0x00, 0x00, 0x00, 0x00,
    0x00, 0x00, 0x00, 0x00, 0x00, 0x00, 0x00, 0x00, 0x00, 0x00, 0x00, 0x00,
    0x00, 0x00, 0x00, 0x00, 0x00, 0x00, 0x00, 0x00, 0xC0, 0x00, 0x01, 0xC0,
    0x86, 0x00, 0x0A, 0x30, 0x0C, 0x10, 0x38, 0x00, 0x03, 0xA0, 0xB0, 0x00,
    0x00, 0x9B, 0x40, 0x00, 0x00, 0x5F, 0x10, 0x00, 0x00, 0xB4, 0x90, 0x00,
    0x08, 0x30, 0xA3, 0x00, 0x3A, 0x00, 0x1C, 0x00, 0xB1, 0x00, 0x06, 0x70,
    0x60, 0x00, 0x00, 0xC2, 0x00, 0x00, 0x00, 0x00, 0x00, 0x00, 0x00, 0x00,
    /* U+0079 y */
    0x00, 0x00, 0x00, 0x00, 0x00, 0x00, 0x00, 0x00, 0x00, 0x00, 0x00, 0x00,
    0x00, 0x00, 0x00, 0x00, 0x00, 0x00, 0x00, 0x00, 0x00, 0x00, 0x00, 0x00,
    0x00, 0x00, 0x00, 0x00, 0x00, 0x00, 0x00, 0x00, 0x50, 0x00, 0x00, 0x0F,
    0xD0, 0x00, 0x00, 0x3C, 0xF1, 0x00, 0x00, 0xA5, 0x88, 0x00, 0x00, 0xF0,
    0x1E, 0x00, 0x03, 0xC0, 0x0C, 0x20, 0x0A, 0x50, 0x04, 0xA0, 0x0E, 0x00,
    0x00, 0xE0, 0x2C, 0x00, 0x00, 0x94, 0x95, 0x00, 0x00, 0x1C, 0xE0, 0x00,
    0x00, 0x0D, 0xC0, 0x00, 0x00, 0x0A, 0x50, 0x00, 0x00, 0x0E, 0x00, 0x00,
    /* U+007A z */
    0x00, 0x00, 0x00, 0x00, 0x00, 0x00, 0x00, 0x00, 0x00, 0x00, 0x00, 0x00,
    0x00, 0x00, 0x00, 0x00, 0x00, 0x00, 0x00, 0x00, 0x00, 0x00, 0x00, 0x00,
    0x00, 0x00, 0x00, 0x00, 0x00, 0x00, 0x00, 0x00, 0x8C, 0xCC, 0xCC, 0xE0,
    0x00, 0x00, 0x09, 0x40, 0x00, 0x00, 0x3A, 0x00, 0x00, 0x00, 0xC1, 0x00,
    0x00, 0x08, 0x50, 0x00, 0x00, 0x2A, 0x00, 0x00, 0x00, 0xC1, 0x00, 0x00,
    0x07, 0x60, 0x00, 0x00, 0x2B, 0x00, 0x00, 0x00, 0xB2, 0x00, 0x00, 0x00,
    0xFC, 0xCC, 0xCC, 0xC2, 0x00, 0x00, 0x00, 0x00, 0x00, 0x00, 0x00, 0x00,
    /* U+007B { */
    0x00, 0x00, 0x00, 0x00, 0x00, 0x00, 0x00, 0x00, 0x00, 0x00, 0x00, 0x00,
    0x00, 0x01, 0xCB, 0x60, 0x00, 0x07, 0x70, 0x00, 0x00, 0x0A, 0x30, 0x00,
    0x00, 0x0A, 0x30, 0x00, 0x00, 0x09, 0x30, 0x00, 0x00, 0x08, 0x40, 0x00,
    0x00, 0x07, 0x50, 0x00, 0x00, 0x07, 0x50, 0x00, 0x00, 0x0D, 0x20, 0x00,
    0x02, 0xFA, 0x00, 0x00, 0x00, 0x0D, 0x10, 0x00, 0x00, 0x07, 0x50, 0x00,
    0x00, 0x07, 0x50, 0x00, 0x00, 0x08, 0x40, 0x00, 0x00, 0x09, 0x40, 0x00,
    0x00, 0x0A, 0x30, 0x00, 0x00, 0x0A, 0x30, 0x00, 0x00, 0x09, 0x40, 0x00,
    /* U+007C | */
    0x00, 0x00, 0x00, 0x00, 0x00, 0x00, 0x00, 0x00, 0x00, 0x08, 0x00, 0x00,
    0x00, 0x0F, 0x00, 0x00, 0x00, 0x0F, 0x00, 0x00, 0x00, 0x0F, 0x00, 0x00,
    0x00, 0x0F, 0x00, 0x00, 0x00, 0x0F, 0x00, 0x00, 0x00, 0x0F, 0x00, 0x00,
    0x00, 0x0F, 0x00, 0x00, 0x00, 0x0F, 0x00, 0x00, 0x00, 0x0F, 0x00, 0x00,
    0x00, 0x0F, 0x00, 0x00, 0x00, 0x0F, 0x00, 0x00, 0x00, 0x0F, 0x00, 0x00,
    0x00, 0x0F, 0x00, 0x00, 0x00, 0x0F, 0x00, 0x00, 0x00, 0x0F, 0x00, 0x00,
    0x00, 0x0F, 0x00, 0x00, 0x00, 0x0F, 0x00, 0x00, 0x00, 0x0F, 0x00, 0x00,
    /* U+007D } */
    0x00, 0x00, 0x00, 0x00, 0x00, 0x00, 0x00, 0x00, 0x00, 0x00, 0x00, 0x00,
    0x06, 0xBC, 0x00, 0x00, 0x00, 0x08, 0x70, 0x00, 0x00, 0x04, 0x90, 0x00,
    0x00, 0x03, 0x90, 0x00, 0x00, 0x04, 0x80, 0x00, 0x00, 0x05, 0x70, 0x00,
    0x00, 0x05, 0x60, 0x00, 0x00, 0x05, 0x70, 0x00, 0x00, 0x02, 0xC0, 0x00,
    0x00, 0x00, 0xBF, 0x20, 0x00, 0x02, 0xD0, 0x00, 0x00, 0x05, 0x70, 0x00,
    0x00, 0x06, 0x60, 0x00, 0x00, 0x05, 0x70, 0x00, 0x00, 0x04, 0x80, 0x00,
    0x00, 0x04, 0x90, 0x00, 0x00, 0x03, 0xA0, 0x00, 0x00, 0x04, 0x90, 0x00,
    /* U+007E ~ */
    0x00, 0x00, 0x00, 0x00, 0x00, 0x00, 0x00, 0x00, 0x00, 0x00, 0x00, 0x00,
    0x00, 0x00, 0x00, 0x00, 0x00, 0x00, 0x00, 0x00, 0x00, 0x00, 0x00, 0x00,
    0x00, 0x00, 0x00, 0x00, 0x00, 0x00, 0x00, 0x00, 0x00, 0x00, 0x00, 0x00,
    0x00, 0x00, 0x00, 0x00, 0x2D, 0xF9, 0x00, 0x00, 0xE2, 0x09, 0xF2, 0x0B,
    0x10, 0x00, 0x4E, 0xE7, 0x00, 0x00, 0x00, 0x00, 0x00, 0x00, 0x00, 0x00,
    0x00, 0x00, 0x00, 0x00, 0x00, 0x00, 0x00, 0x00, 0x00, 0x00, 0x00, 0x00,
    0x00, 0x00, 0x00, 0x00, 0x00, 0x00, 0x00, 0x00, 0x00, 0x00, 0x00, 0x00,
    /* U+00B0 degree */
    0x00, 0x00, 0x00, 0x00, 0x00, 0x00, 0x00, 0x00, 0x00, 0x00, 0x00, 0x00,
    0x02, 0xDE, 0xA0, 0x00, 0x0F, 0x30, 0x89, 0x00, 0x1E, 0x00, 0x0F, 0x00,
    0x1E, 0x00, 0x0F, 0x00, 0x0F, 0x30, 0x99, 0x00, 0x01, 0xDF, 0xA0, 0x00,
    0x00, 0x00, 0x00, 0x00, 0x00, 0x00, 0x00, 0x00, 0x00, 0x00, 0x00, 0x00,
    0x00, 0x00, 0x00, 0x00, 0x00, 0x00, 0x00, 0x00, 0x00, 0x00, 0x00, 0x00,
    0x00, 0x00, 0x00, 0x00, 0x00, 0x00, 0x00, 0x00, 0x00, 0x00, 0x00, 0x00,
    0x00, 0x00, 0x00, 0x00, 0x00, 0x00, 0x00, 0x00, 0x00, 0x00, 0x00, 0x00,
    /* U+4E2D 中 */
    0x00, 0x00, 0x00, 0x00, 0x00, 0x00, 0x00, 0x00, 0x00, 0x00, 0x00, 0x00,
    0x00, 0x00, 0x05, 0x00, 0x00, 0x00, 0x00, 0x00, 0x09, 0x00, 0x00, 0x00,
    0x00, 0x00, 0x09, 0x00, 0x00, 0x00, 0x00, 0x00, 0x09, 0x00, 0x00, 0x00,
    0x99, 0x99, 0x9F, 0x99, 0x99, 0x99, 0x00, 0x00, 0x09, 0x00, 0x00, 0x00,
    0x00, 0x00, 0x09, 0x00, 0x00, 0x00, 0x00, 0x00, 0x09, 0x00, 0x00, 0x00,
    0x00, 0x00, 0x09, 0x00, 0x00, 0x00, 0x00, 0x00, 0x09, 0x00, 0x00, 0x00,
    0x00, 0x00, 0x09, 0x00, 0x00, 0x00, 0x99, 0x99, 0x9F, 0x99, 0x99, 0x99,
    0x00, 0x00, 0x09, 0x00, 0x00, 0x00, 0x00, 0x00, 0x09, 0x00, 0x00, 0x00,
    0x00, 0x00, 0x09, 0x00, 0x00, 0x00, 0x00, 0x00, 0x09, 0x00, 0x00, 0x00,
    0x00, 0x00, 0x09, 0x00, 0x00, 0x00, 0x00, 0x00, 0x09, 0x00, 0x00, 0x00,
    0x00, 0x00, 0x00, 0x00, 0x00, 0x00,
    /* U+4E8E 于 */
    0x00, 0x00, 0x00, 0x00, 0x00, 0x00, 0x00, 0x00, 0x00, 0x00, 0x00, 0x00,
    0x00, 0x00, 0x00, 0x00, 0x00, 0x00, 0x11, 0x11, 0x11, 0x11, 0x11, 0x11,
    0x88, 0x88, 0x88, 0xF8, 0x88, 0x88, 0x00, 0x00, 0x00, 0x90, 0x00, 0x00,
    0x00, 0x00, 0x00, 0x90, 0x00, 0x00, 0x00, 0x00, 0x00, 0x90, 0x00, 0x00,
    0x00, 0x00, 0x00, 0x90, 0x00, 0x00, 0x00, 0x00, 0x00, 0x90, 0x00, 0x00,
    0x99, 0x99, 0x99, 0xF9, 0x99, 0x99, 0x00, 0x00, 0x00, 0x90, 0x00, 0x00,
    0x00, 0x00, 0x00, 0x90, 0x00, 0x00, 0x00, 0x00, 0x00, 0x90, 0x00, 0x00,
    0x00, 0x00, 0x00, 0x90, 0x00, 0x00, 0x00, 0x00, 0x00, 0x90, 0x00, 0x00,
    0x00, 0x00, 0x00, 0x90, 0x00, 0x00, 0x00, 0x00, 0x00, 0x90, 0x00, 0x00,
    0x00, 0x00, 0x00, 0x90, 0x00, 0x00, 0x01, 0x99, 0x99, 0x50, 0x00, 0x00,
    0x00, 0x00, 0x00, 0x00, 0x00, 0x00,
    /* U+4EA4 交 */
    0x00, 0x00, 0x00, 0x00, 0x00, 0x00, 0x00, 0x00, 0x00, 0x00, 0x00, 0x00,
    0x00, 0x00, 0x44, 0x00, 0x00, 0x00, 0x00, 0x00, 0x0B, 0x00, 0x00, 0x00,
    0x00, 0x00, 0x05, 0x50, 0x00, 0x00, 0xAA, 0xAA, 0xAA, 0xAA, 0xAA, 0xAA,
    0x00, 0x00, 0x00, 0x00, 0x00, 0x00, 0x01, 0xA0, 0x00, 0x00, 0x29, 0x00,
    0x1B, 0x20, 0x00, 0x00, 0x03, 0xB2, 0xB2, 0x00, 0x00, 0x00, 0x00, 0x1B,
    0x10, 0x40, 0x00, 0x00, 0x06, 0x00, 0x00, 0xB0, 0x00, 0x00, 0x66, 0x00,
    0x00, 0x47, 0x00, 0x00, 0xC0, 0x00, 0x00, 0x0A, 0x20, 0x08, 0x60, 0x00,
    0x00, 0x01, 0xC1, 0x3A, 0x00, 0x00, 0x00, 0x00, 0x2F, 0xC0, 0x00, 0x00,
    0x00, 0x00, 0x6C, 0xC3, 0x00, 0x00, 0x00, 0x2B, 0x70, 0x19, 0x91, 0x00,
    0x4B, 0xA1, 0x00, 0x00, 0x3B, 0xA4, 0x81, 0x00, 0x00, 0x00, 0x00, 0x28,
    0x00, 0x00, 0x00, 0x00, 0x00, 0x00,
    /* U+4EAE 亮 */
    0x00, 0x00, 0x00, 0x00, 0x00, 0x00, 0x00, 0x00, 0x00, 0x00, 0x00, 0x00,
    0x00, 0x00, 0x08, 0x10, 0x00, 0x00, 0x00, 0x00, 0x02, 0x90, 0x00, 0x00,
    0xAA, 0xAA, 0xAA, 0xFA, 0xAA, 0xAA, 0x00, 0x00, 0x00, 0x00, 0x00, 0x00,
    0x8A, 0xAA, 0xAA, 0xAA, 0xAA, 0xA8, 0xA0, 0x00, 0x00, 0x00, 0x00, 0x0A,
    0xA0, 0x00, 0x00, 0x00, 0x00, 0x0A, 0xDA, 0xAA, 0xAA, 0xAA, 0xAA, 0xAC,
    0x00, 0x00, 0x00, 0x00, 0x00, 0x00, 0x00, 0x00, 0x00, 0x00, 0x00, 0x00,
    0xAA, 0xAA, 0xAA, 0xAA, 0xAA, 0xAA, 0x00, 0x00, 0x00, 0x00, 0x00, 0x00,
    0x00, 0x8B, 0xAA, 0xAA, 0xD6, 0x00, 0x00, 0x91, 0x00, 0x00, 0x46, 0x00,
    0x00, 0xA0, 0x00, 0x00, 0x46, 0x00, 0x02, 0x90, 0x00, 0x00, 0x46, 0x00,
    0x1B, 0x10, 0x00, 0x00, 0x46, 0x00, 0x91, 0x00, 0x00, 0x00, 0x2C, 0x99,
    0x00, 0x00, 0x00, 0x00, 0x00, 0x00,
    /* U+4EEA 仪 */
    0x00, 0x00, 0x00, 0x00, 0x00, 0x00, 0x00, 0x00, 0x00, 0x00, 0x00, 0x00,
    0x07, 0x10, 0x00, 0x12, 0x00, 0x00, 0x09, 0x01, 0x00, 0x0A, 0x10, 0x00,
    0x63, 0x06, 0x30, 0x02, 0x80, 0x00, 0x90, 0x02, 0x70, 0x00, 0x83, 0x00,
    0x20, 0x00, 0x90, 0x00, 0x19, 0x00, 0x00, 0x00, 0x90, 0x00, 0x00, 0x00,
    0x00, 0x00, 0x63, 0x00, 0x00, 0x00, 0x00, 0x00, 0x18, 0x00, 0x00, 0x05,
    0x00, 0x00, 0x09, 0x00, 0x00, 0x09, 0x00, 0x00, 0x04, 0x50, 0x00, 0x27,
    0x00, 0x00, 0x00, 0xA0, 0x00, 0x91, 0x00, 0x00, 0x00, 0x46, 0x04, 0x60,
    0x00, 0x00, 0x00, 0x09, 0x39, 0x00, 0x00, 0x00, 0x00, 0x02, 0xF1, 0x00,
    0x00, 0x00, 0x00, 0x1A, 0x59, 0x00, 0x00, 0x00, 0x03, 0xA1, 0x04, 0xA1,
    0x00, 0x01, 0x87, 0x00, 0x00, 0x2A, 0x02, 0x88, 0x20, 0x00, 0x00, 0x00,
    0x03, 0x10, 0x00, 0x00, 0x00, 0x00,
    /* U+4FDD 保 */
    0x00, 0x00, 0x00, 0x00, 0x00, 0x00, 0x00, 0x00, 0x00, 0x00, 0x00, 0x00,
    0x00, 0x50, 0x00, 0x00, 0x00, 0x00, 0x04, 0x61, 0x99, 0x99, 0x99, 0x99,
    0x09, 0x01, 0x80, 0x00, 0x00, 0x00, 0x46, 0x01, 0x80, 0x00, 0x00, 0x00,
    0xB0, 0x01, 0x80, 0x00, 0x00, 0x00, 0xB0, 0x01, 0x80, 0x00, 0x00, 0x00,
    0x80, 0x01, 0xA5, 0x55, 0x55, 0x55, 0x80, 0x00, 0x44, 0x44, 0xC4, 0x44,
    0x80, 0x00, 0x00, 0x00, 0x90, 0x00, 0x80, 0x00, 0x00, 0x00, 0x90, 0x00,
    0x80, 0x99, 0x99, 0x9B, 0xFC, 0x99, 0x80, 0x00, 0x00, 0x09, 0x99, 0x10,
    0x80, 0x00, 0x00, 0x83, 0x92, 0x80, 0x80, 0x00, 0x07, 0x50, 0x90, 0x46,
    0x80, 0x00, 0x75, 0x00, 0x90, 0x05, 0x80, 0x19, 0x50, 0x00, 0x90, 0x00,
    0x82, 0xA2, 0x00, 0x00, 0x90, 0x00, 0x80, 0x00, 0x00, 0x00, 0x90, 0x00,
    0x00, 0x00, 0x00, 0x00, 0x00, 0x00,
    /* U+5173 关 */
    0x00, 0x00, 0x00, 0x00, 0x00, 0x00, 0x00, 0x00, 0x00, 0x00, 0x00, 0x00,
    0x02, 0x00, 0x00, 0x00, 0x00, 0x31, 0x09, 0x10, 0x00, 0x00, 0x00, 0xA0,
    0x02, 0x90, 0x00, 0x00, 0x06, 0x40, 0x00, 0x83, 0x00, 0x00, 0x19, 0x00,
    0x22, 0x34, 0x22, 0x22, 0xA4, 0x22, 0x77, 0x77, 0x7B, 0xB7, 0x87, 0x77,
    0x00, 0x00, 0x05, 0x40, 0x00, 0x00, 0x00, 0x00, 0x05, 0x40, 0x00, 0x00,
    0x00, 0x00, 0x05, 0x40, 0x00, 0x00, 0x00, 0x00, 0x06, 0x30, 0x00, 0x00,
    0x99, 0x99, 0x9F, 0xF9, 0x99, 0x99, 0x00, 0x00, 0x09, 0x72, 0x00, 0x00,
    0x00, 0x00, 0x46, 0x19, 0x00, 0x00, 0x00, 0x01, 0xA0, 0x04, 0x60, 0x00,
    0x00, 0x09, 0x20, 0x00, 0x75, 0x00, 0x01, 0xA3, 0x00, 0x00, 0x07, 0x60,
    0x69, 0x10, 0x00, 0x00, 0x00, 0x49, 0x40, 0x00, 0x00, 0x00, 0x00, 0x01,
    0x00, 0x00, 0x00, 0x00, 0x00, 0x00,
    /* U+518D 再 */
    0x00, 0x00, 0x00, 0x00, 0x00, 0x00, 0x00, 0x00, 0x00, 0x00, 0x00, 0x00,
    0x00, 0x00, 0x00, 0x00, 0x00, 0x00, 0x33, 0x33, 0x33, 0x33, 0x33, 0x33,
    0x66, 0x66, 0x6F, 0x66, 0x66, 0x66, 0x00, 0x00, 0x09, 0x00, 0x00, 0x00,
    0x00, 0x00, 0x09, 0x00, 0x00, 0x00, 0x99, 0x99, 0x9F, 0x99, 0x99, 0x99,
    0x00, 0x00, 0x09, 0x00, 0x00, 0x00, 0x00, 0x00, 0x09, 0x00, 0x00, 0x00,
    0x00, 0x00, 0x09, 0x00, 0x00, 0x00, 0x99, 0x99, 0x9F, 0x99, 0x99, 0x99,
    0x00, 0x00, 0x09, 0x00, 0x00, 0x00, 0x00, 0x00, 0x09, 0x00, 0x00, 0x00,
    0x44, 0x44, 0x4D, 0x44, 0x44, 0x44, 0x55, 0x55, 0x55, 0x55, 0x55, 0x55,
    0x00, 0x00, 0x00, 0x00, 0x00, 0x00, 0x00, 0x00, 0x00, 0x00, 0x00, 0x00,
    0x00, 0x00, 0x00, 0x00, 0x00, 0x00, 0x00, 0x00, 0x00, 0x00, 0x69, 0x99,
    0x00, 0x00, 0x00, 0x00, 0x00, 0x00,
    /* U+51C6 准 */
    0x00, 0x00, 0x00, 0x00, 0x00, 0x00, 0x00, 0x00, 0x00, 0x00, 0x00, 0x00,
    0x00, 0x00, 0x03, 0x00, 0x30, 0x00, 0x00, 0x00, 0x37, 0x00, 0x45, 0x00,
    0x00, 0x00, 0x81, 0x00, 0x09, 0x00, 0x00, 0x01, 0x90, 0x00, 0x03, 0x20,
    0x30, 0x0B, 0xC9, 0x99, 0x9E, 0x99, 0x60, 0x3C, 0x40, 0x00, 0x09, 0x00,
    0x00, 0xA5, 0x40, 0x00, 0x09, 0x00, 0x08, 0x35, 0x40, 0x00, 0x09, 0x00,
    0x25, 0x05, 0xD9, 0x99, 0x9F, 0x99, 0x00, 0x05, 0x40, 0x00, 0x09, 0x00,
    0x30, 0x05, 0x40, 0x00, 0x09, 0x00, 0x80, 0x05, 0x40, 0x00, 0x09, 0x00,
    0x30, 0x05, 0xD9, 0x99, 0x9F, 0x99, 0x00, 0x05, 0x40, 0x00, 0x09, 0x00,
    0x00, 0x05, 0x40, 0x00, 0x09, 0x00, 0x00, 0x05, 0x40, 0x00, 0x09, 0x00,
    0x00, 0x05, 0xD9, 0x99, 0x9E, 0x99, 0x00, 0x05, 0x40, 0x00, 0x00, 0x00,
    0x00, 0x00, 0x00, 0x00, 0x00, 0x00,
    /* U+5207 切 */
    0x00, 0x00, 0x00, 0x00, 0x00, 0x00, 0x00, 0x00, 0x00, 0x00, 0x00, 0x00,
    0x00, 0x00, 0x00, 0x00, 0x00, 0x00, 0x00, 0x00, 0x00, 0x00, 0x00, 0x00,
    0x00, 0x00, 0x6B, 0xBB, 0xFB, 0xBB, 0x00, 0x00, 0x00, 0x00, 0xB0, 0x00,
    0x00, 0x00, 0x00, 0x00, 0xB0, 0x00, 0x15, 0x9B, 0x40, 0x00, 0xB0, 0x00,
    0x95, 0x10, 0x00, 0x01, 0xA0, 0x00, 0x00, 0x00, 0x00, 0x04, 0x70, 0x00,
    0x00, 0x00, 0x00, 0x06, 0x50, 0x00, 0x00, 0x00, 0x00, 0x08, 0x30, 0x00,
    0x00, 0x00, 0x00, 0x0B, 0x00, 0x00, 0x00, 0x00, 0x10, 0x0C, 0x00, 0x00,
    0x00, 0x6B, 0x60, 0x57, 0x00, 0x00, 0x9C, 0x60, 0x00, 0xC1, 0x00, 0x00,
    0x40, 0x00, 0x05, 0x80, 0x00, 0x00, 0x00, 0x00, 0x2D, 0x00, 0x00, 0x00,
    0x00, 0x03, 0xD1, 0x00, 0x00, 0x00, 0x00, 0x8A, 0x10, 0x00, 0x1B, 0xBB,
    0x00, 0x00, 0x00, 0x00, 0x00, 0x00,
    /* U+5217 列 */
    0x00, 0x00, 0x00, 0x00, 0x00, 0x00, 0x00, 0x00, 0x00, 0x00, 0x00, 0x00,
    0x00, 0x00, 0x00, 0x00, 0x00, 0x00, 0x67, 0x66, 0x66, 0x61, 0x00, 0x00,
    0x5E, 0x44, 0x44, 0x41, 0x00, 0x00, 0x55, 0x00, 0x00, 0x00, 0x0A, 0x00,
    0x91, 0x00, 0x00, 0x00, 0x0A, 0x00, 0xA0, 0x00, 0x00, 0x00, 0x0A, 0x00,
    0xFA, 0xAA, 0xAE, 0x40, 0x0A, 0x00, 0x00, 0x00, 0x08, 0x10, 0x0A, 0x00,
    0x00, 0x00, 0x0A, 0x00, 0x0A, 0x00, 0x00, 0x00, 0x19, 0x00, 0x0A, 0x00,
    0x70, 0x00, 0x64, 0x00, 0x0A, 0x00, 0x4B, 0x20, 0xA0, 0x00, 0x0A, 0x00,
    0x01, 0xAA, 0x60, 0x00, 0x0A, 0x00, 0x00, 0x1F, 0x00, 0x00, 0x08, 0x00,
    0x00, 0xA3, 0x00, 0x00, 0x00, 0x00, 0x09, 0x50, 0x00, 0x00, 0x00, 0x00,
    0xA5, 0x00, 0x00, 0x00, 0x00, 0x00, 0x30, 0x00, 0x00, 0x00, 0x00, 0x6A,
    0x00, 0x00, 0x00, 0x00, 0x00, 0x00,
    /* U+52A8 动 */
    0x00, 0x00, 0x00, 0x00, 0x00, 0x00, 0x00, 0x00, 0x00, 0x00, 0x00, 0x00,
    0x00, 0x00, 0x00, 0x00, 0x02, 0x10, 0x00, 0x00, 0x00, 0x00, 0x07, 0x20,
    0x99, 0x99, 0x95, 0x00, 0x07, 0x20, 0x00, 0x00, 0x00, 0x00, 0x08, 0x10,
    0x00, 0x00, 0x00, 0x00, 0x08, 0x10, 0x00, 0x00, 0x00, 0x99, 0x9F, 0x99,
    0x00, 0x00, 0x00, 0x00, 0x09, 0x00, 0xF9, 0x99, 0x98, 0x00, 0x09, 0x00,
    0x90, 0x00, 0x00, 0x00, 0x09, 0x00, 0x60, 0x02, 0x00, 0x00, 0x08, 0x00,
    0x10, 0x08, 0x10, 0x00, 0x26, 0x00, 0x00, 0x02, 0x70, 0x00, 0x54, 0x00,
    0x00, 0x00, 0x90, 0x00, 0x91, 0x00, 0x00, 0x14, 0xB4, 0x00, 0xA0, 0x00,
    0x99, 0x85, 0x39, 0x04, 0x60, 0x00, 0x00, 0x00, 0x06, 0x0A, 0x00, 0x00,
    0x00, 0x00, 0x00, 0x65, 0x00, 0x00, 0x00, 0x00, 0x04, 0x80, 0x08, 0x99,
    0x00, 0x00, 0x02, 0x00, 0x00, 0x00,
    /* U+53D1 发 */
    0x00, 0x00, 0x00, 0x00, 0x00, 0x00, 0x00, 0x00, 0x00, 0x00, 0x00, 0x00,
    0x00, 0x00, 0x06, 0x00, 0x00, 0x00, 0x54, 0x00, 0x0A, 0x00, 0x03, 0x80,
    0xA1, 0x00, 0x19, 0x00, 0x00, 0x47, 0x90, 0x00, 0x36, 0x00, 0x00, 0x05,
    0x40, 0x00, 0x73, 0x00, 0x00, 0x00, 0x99, 0x99, 0xF9, 0x99, 0x99, 0x99,
    0x00, 0x01, 0x90, 0x00, 0x00, 0x00, 0x00, 0x06, 0x50, 0x00, 0x00, 0x00,
    0x00, 0x0F, 0x99, 0x99, 0x99, 0x9A, 0x00, 0x3F, 0x10, 0x00, 0x00, 0x09,
    0x00, 0xA2, 0x70, 0x00, 0x00, 0x54, 0x06, 0x60, 0x73, 0x00, 0x01, 0x90,
    0x29, 0x00, 0x09, 0x10, 0x09, 0x20, 0xB1, 0x00, 0x02, 0x91, 0x74, 0x00,
    0x20, 0x00, 0x00, 0x2F, 0x60, 0x00, 0x00, 0x00, 0x02, 0x94, 0x94, 0x00,
    0x00, 0x01, 0x77, 0x10, 0x05, 0x93, 0x04, 0x87, 0x20, 0x00, 0x00, 0x06,
    0x04, 0x00, 0x00, 0x00, 0x00, 0x00,
    /* U+53D6 取 */
    0x00, 0x00, 0x00, 0x00, 0x00, 0x00, 0x00, 0x00, 0x00, 0x00, 0x00, 0x00,
    0x00, 0x00, 0x00, 0x00, 0x00, 0x00, 0x88, 0x89, 0x97, 0x00, 0x00, 0x00,
    0x22, 0x28, 0x62, 0x00, 0x00, 0x00, 0x00, 0x05, 0x40, 0x8F, 0x99, 0x99,
    0x00, 0x05, 0x40, 0x07, 0x20, 0x00, 0x99, 0x9F, 0x40, 0x04, 0x40, 0x00,
    0x00, 0x05, 0x40, 0x01, 0x70, 0x00, 0x00, 0x05, 0x40, 0x00, 0x90, 0x00,
    0x00, 0x05, 0x40, 0x00, 0x80, 0x00, 0x00, 0x05, 0x40, 0x00, 0x54, 0x01,
    0x99, 0x9E, 0x40, 0x00, 0x19, 0x07, 0x00, 0x05, 0x40, 0x00, 0x08, 0x28,
    0x00, 0x05, 0x40, 0x00, 0x03, 0xF2, 0x01, 0x3B, 0xB8, 0x20, 0x04, 0xF1,
    0x98, 0x58, 0x40, 0x00, 0x29, 0x29, 0x00, 0x05, 0x40, 0x01, 0xA1, 0x05,
    0x00, 0x05, 0x40, 0x2A, 0x10, 0x00, 0x00, 0x05, 0x42, 0x91, 0x00, 0x00,
    0x00, 0x00, 0x00, 0x00, 0x00, 0x00,
    /* U+5404 各 */
    0x00, 0x00, 0x00, 0x00, 0x00, 0x00, 0x00, 0x00, 0x00, 0x00, 0x00, 0x00,
    0x00, 0x08, 0x10, 0x00, 0x00, 0x00, 0x00, 0x45, 0x00, 0x00, 0x00, 0x00,
    0x03, 0xF8, 0x88, 0x88, 0x88, 0x96, 0x3E, 0x11, 0x11, 0x11, 0x11, 0x92,
    0x93, 0x80, 0x00, 0x00, 0x08, 0x40, 0x00, 0x38, 0x00, 0x00, 0x94, 0x00,
    0x00, 0x03, 0x91, 0x29, 0x20, 0x00, 0x00, 0x00, 0x2F, 0xC1, 0x00, 0x00,
    0x00, 0x05, 0xA3, 0x59, 0x20, 0x00, 0x17, 0x94, 0x00, 0x01, 0x79, 0x30,
    0x83, 0x00, 0x00, 0x00, 0x01, 0x79, 0x89, 0x99, 0x99, 0x99, 0x99, 0x95,
    0x90, 0x00, 0x00, 0x00, 0x00, 0x09, 0x90, 0x00, 0x00, 0x00, 0x00, 0x09,
    0x90, 0x00, 0x00, 0x00, 0x00, 0x09, 0x90, 0x00, 0x00, 0x00, 0x00, 0x09,
    0x90, 0x00, 0x00, 0x00, 0x00, 0x09, 0xD9, 0x99, 0x99, 0x99, 0x99, 0x9C,
    0x10, 0x00, 0x00, 0x00, 0x00, 0x00,
    /* U+5408 合 */
    0x00, 0x00, 0x00, 0x00, 0x00, 0x00, 0x00, 0x00, 0x00, 0x00, 0x00, 0x00,
    0x00, 0x00, 0x00, 0x60, 0x00, 0x00, 0x00, 0x00, 0x06, 0xC0, 0x00, 0x00,
    0x00, 0x00, 0x48, 0x66, 0x00, 0x00, 0x00, 0x04, 0x90, 0x06, 0x70, 0x00,
    0x00, 0x58, 0x00, 0x00, 0x59, 0x00, 0x19, 0x60, 0x00, 0x00, 0x02, 0xA4,
    0xA2, 0x00, 0x00, 0x00, 0x00, 0x08, 0x1A, 0xAA, 0xAA, 0xAA, 0xAA, 0xA1,
    0x00, 0x00, 0x00, 0x00, 0x00, 0x00, 0x00, 0x00, 0x00, 0x00, 0x00, 0x00,
    0x89, 0x99, 0x99, 0x99, 0x99, 0x99, 0xA1, 0x11, 0x11, 0x11, 0x11, 0x1A,
    0xA0, 0x00, 0x00, 0x00, 0x00, 0x0A, 0xA0, 0x00, 0x00, 0x00, 0x00, 0x0A,
    0xA0, 0x00, 0x00, 0x00, 0x00, 0x0A, 0xA0, 0x00, 0x00, 0x00, 0x00, 0x0A,
    0xFA, 0xAA, 0xAA, 0xAA, 0xAA, 0xAF, 0xA0, 0x00, 0x00, 0x00, 0x00, 0x0A,
    0x10, 0x00, 0x00, 0x00, 0x00, 0x00,
    /* U+540E 后 */
    0x00, 0x00, 0x00, 0x00, 0x00, 0x00, 0x00, 0x00, 0x00, 0x00, 0x00, 0x00,
    0x00, 0x00, 0x00, 0x00, 0x00, 0x02, 0x00, 0x01, 0x24, 0x68, 0xAA, 0xA9,
    0x99, 0x99, 0x75, 0x41, 0x00, 0x00, 0x00, 0x00, 0x00, 0x00, 0x00, 0x00,
    0x00, 0x00, 0x00, 0x00, 0x00, 0x00, 0x00, 0x00, 0x00, 0x00, 0x00, 0x00,
    0xAA, 0xAA, 0xAA, 0xAA, 0xAA, 0xAA, 0x00, 0x00, 0x00, 0x00, 0x00, 0x00,
    0x00, 0x00, 0x00, 0x00, 0x00, 0x00, 0x00, 0x00, 0x00, 0x00, 0x00, 0x00,
    0x00, 0xCA, 0xAA, 0xAA, 0xAA, 0xAA, 0x00, 0xA0, 0x00, 0x00, 0x00, 0x00,
    0x00, 0xA0, 0x00, 0x00, 0x00, 0x00, 0x00, 0xA0, 0x00, 0x00, 0x00, 0x00,
    0x00, 0xA0, 0x00, 0x00, 0x00, 0x00, 0x00, 0xA0, 0x00, 0x00, 0x00, 0x00,
    0x00, 0xF9, 0x99, 0x99, 0x99, 0x99, 0x00, 0xB1, 0x11, 0x11, 0x11, 0x11,
    0x00, 0x00, 0x00, 0x00, 0x00, 0x00,
    /* U+5411 向 */
    0x00, 0x00, 0x00, 0x00, 0x00, 0x00, 0x00, 0x00, 0x00, 0x00, 0x00, 0x00,
    0x00, 0x00, 0x06, 0x00, 0x00, 0x00, 0x00, 0x00, 0x37, 0x00, 0x00, 0x00,
    0x00, 0x00, 0xA1, 0x00, 0x00, 0x00, 0x00, 0x02, 0x90, 0x00, 0x00, 0x00,
    0xAA, 0xAC, 0xBA, 0xAA, 0xAA, 0xAA, 0x00, 0x00, 0x00, 0x00, 0x00, 0x00,
    0x00, 0x00, 0x00, 0x00, 0x00, 0x00, 0x00, 0x00, 0x00, 0x00, 0x00, 0x00,
    0x00, 0xFA, 0xAA, 0xAA, 0xAD, 0x00, 0x00, 0xA0, 0x00, 0x00, 0x09, 0x00,
    0x00, 0xA0, 0x00, 0x00, 0x09, 0x00, 0x00, 0xA0, 0x00, 0x00, 0x09, 0x00,
    0x00, 0xA0, 0x00, 0x00, 0x09, 0x00, 0x00, 0xE9, 0x99, 0x99, 0x9C, 0x00,
    0x00, 0xA1, 0x11, 0x11, 0x11, 0x00, 0x00, 0x50, 0x00, 0x00, 0x00, 0x00,
    0x00, 0x00, 0x00, 0x00, 0x00, 0x00, 0x00, 0x00, 0x00, 0x00, 0x07, 0xBA,
    0x00, 0x00, 0x00, 0x00, 0x00, 0x00,
    /* U+5728 在 */
    0x00, 0x00, 0x00, 0x00, 0x00, 0x00, 0x00, 0x00, 0x00, 0x00, 0x00, 0x00,
    0x00, 0x00, 0x50, 0x00, 0x00, 0x00, 0x00, 0x02, 0x80, 0x00, 0x00, 0x00,
    0x00, 0x08, 0x20, 0x00, 0x00, 0x00, 0x00, 0x09, 0x00, 0x00, 0x00, 0x00,
    0x99, 0xFE, 0x99, 0x99, 0x99, 0x99, 0x00, 0xA0, 0x00, 0x00, 0x40, 0x00,
    0x06, 0x40, 0x00, 0x00, 0x90, 0x00, 0x29, 0x00, 0x00, 0x00, 0x90, 0x00,
    0xF1, 0x00, 0x00, 0x00, 0x90, 0x00, 0xC0, 0x00, 0x00, 0x00, 0x90, 0x00,
    0x90, 0x06, 0x99, 0x99, 0xF9, 0x99, 0x90, 0x00, 0x00, 0x00, 0x90, 0x00,
    0x90, 0x00, 0x00, 0x00, 0x90, 0x00, 0x90, 0x00, 0x00, 0x00, 0x90, 0x00,
    0x90, 0x00, 0x00, 0x00, 0x90, 0x00, 0x90, 0x00, 0x00, 0x00, 0x90, 0x00,
    0x90, 0x00, 0x00, 0x00, 0x90, 0x00, 0x90, 0x5A, 0xAA, 0xAA, 0xFA, 0xAA,
    0x00, 0x00, 0x00, 0x00, 0x00, 0x00,
    /* U+5730 地 */
    0x00, 0x00, 0x00, 0x00, 0x00, 0x00, 0x00, 0x00, 0x00, 0x00, 0x00, 0x00,
    0x40, 0x00, 0x00, 0x00, 0x06, 0x00, 0x90, 0x00, 0x00, 0x00, 0x09, 0x00,
    0x90, 0x00, 0x08, 0x00, 0x09, 0x00, 0x90, 0x00, 0x09, 0x00, 0x09, 0x00,
    0x90, 0x00, 0x09, 0x00, 0x09, 0x01, 0xF9, 0x92, 0x09, 0x00, 0x0B, 0x99,
    0x90, 0x00, 0x09, 0x05, 0x9F, 0x10, 0x90, 0x00, 0x2F, 0x94, 0x09, 0x00,
    0x90, 0x39, 0x8B, 0x00, 0x09, 0x00, 0x90, 0x20, 0x09, 0x00, 0x09, 0x00,
    0x90, 0x00, 0x09, 0x00, 0x09, 0x00, 0x90, 0x12, 0x09, 0x00, 0x09, 0x00,
    0xC8, 0x82, 0x09, 0x00, 0x09, 0x06, 0x91, 0x00, 0x09, 0x00, 0x09, 0x02,
    0x00, 0x00, 0x09, 0x00, 0x00, 0x00, 0x00, 0x00, 0x09, 0x00, 0x00, 0x00,
    0x00, 0x00, 0x0A, 0x00, 0x00, 0x00, 0x00, 0x00, 0x07, 0x99, 0x99, 0x99,
    0x00, 0x00, 0x00, 0x00, 0x00, 0x00,
    /* U+5907 备 */
    0x00, 0x00, 0x00, 0x00, 0x00, 0x00, 0x00, 0x00, 0x00, 0x00, 0x00, 0x00,
    0x00, 0x06, 0x00, 0x00, 0x00, 0x00, 0x00, 0x38, 0x00, 0x00, 0x00, 0x00,
    0x01, 0xF9, 0x99, 0x99, 0x99, 0xC5, 0x1B, 0xA0, 0x00, 0x00, 0x03, 0x90,
    0x91, 0x39, 0x00, 0x00, 0x59, 0x00, 0x00, 0x03, 0xA2, 0x29, 0x50, 0x00,
    0x00, 0x00, 0x2F, 0xF2, 0x00, 0x00, 0x00, 0x39, 0x92, 0x28, 0x83, 0x00,
    0x8A, 0x71, 0x00, 0x00, 0x16, 0x98, 0x53, 0x33, 0x33, 0x33, 0x33, 0x33,
    0xB6, 0x66, 0x6A, 0x96, 0x66, 0x69, 0x90, 0x00, 0x05, 0x40, 0x00, 0x05,
    0x90, 0x00, 0x05, 0x40, 0x00, 0x05, 0xF9, 0x99, 0x9E, 0xD9, 0x99, 0x9E,
    0x90, 0x00, 0x05, 0x40, 0x00, 0x05, 0x90, 0x00, 0x05, 0x40, 0x00, 0x05,
    0x90, 0x00, 0x05, 0x40, 0x00, 0x05, 0xF9, 0x99, 0x9B, 0xB9, 0x99, 0x9E,
    0x10, 0x00, 0x00, 0x00, 0x00, 0x00,
    /* U+591C 夜 */
    0x00, 0x00, 0x00, 0x00, 0x00, 0x00, 0x00, 0x00, 0x00, 0x00, 0x00, 0x00,
    0x00, 0x00, 0x05, 0x00, 0x00, 0x00, 0x00, 0x00, 0x04, 0x60, 0x00, 0x00,
    0x00, 0x00, 0x00, 0x90, 0x00, 0x00, 0xAA, 0xBA, 0xAA, 0xAA, 0xAA, 0xAA,
    0x01, 0x90, 0x00, 0x08, 0x30, 0x00, 0x08, 0x20, 0x00, 0x1A, 0x00, 0x00,
    0x19, 0x00, 0x00, 0xBC, 0x99, 0x99, 0xF1, 0x00, 0x04, 0x70, 0x00, 0x00,
    0xD0, 0x00, 0x1D, 0x04, 0x90, 0x00, 0x90, 0x01, 0xAA, 0x10, 0x3A, 0x00,
    0x90, 0x1A, 0x22, 0x80, 0x03, 0x63, 0x90, 0x52, 0x00, 0x73, 0x00, 0x0A,
    0x90, 0x00, 0x00, 0x0A, 0x10, 0x93, 0x90, 0x00, 0x00, 0x02, 0xA8, 0x50,
    0x90, 0x00, 0x00, 0x01, 0xBF, 0x10, 0x90, 0x00, 0x00, 0x3A, 0x32, 0xA2,
    0x90, 0x00, 0x19, 0x80, 0x00, 0x19, 0x90, 0x49, 0x92, 0x00, 0x00, 0x00,
    0x00, 0x31, 0x00, 0x00, 0x00, 0x00,
    /* U+5931 失 */
    0x00, 0x00, 0x00, 0x00, 0x00, 0x00, 0x00, 0x00, 0x00, 0x00, 0x00, 0x00,
    0x02, 0x00, 0x03, 0x20, 0x00, 0x00, 0x09, 0x00, 0x05, 0x40, 0x00, 0x00,
    0x36, 0x00, 0x05, 0x40, 0x00, 0x00, 0x81, 0x00, 0x05, 0x40, 0x00, 0x00,
    0xD9, 0x99, 0x9E, 0xC9, 0x99, 0x99, 0x10, 0x00, 0x05, 0x40, 0x00, 0x00,
    0x00, 0x00, 0x06, 0x30, 0x00, 0x00, 0x00, 0x00, 0x06, 0x20, 0x00, 0x00,
    0x00, 0x00, 0x07, 0x10, 0x00, 0x00, 0x99, 0x99, 0x9F, 0xD9, 0x99, 0x99,
    0x00, 0x00, 0x09, 0x80, 0x00, 0x00, 0x00, 0x00, 0x37, 0x35, 0x00, 0x00,
    0x00, 0x00, 0x91, 0x09, 0x00, 0x00, 0x00, 0x05, 0x60, 0x02, 0x80, 0x00,
    0x00, 0x48, 0x00, 0x00, 0x56, 0x00, 0x07, 0x80, 0x00, 0x00, 0x06, 0x70,
    0xA4, 0x00, 0x00, 0x00, 0x00, 0x39, 0x00, 0x00, 0x00, 0x00, 0x00, 0x00,
    0x00, 0x00, 0x00, 0x00, 0x00, 0x00,
    /* U+59FF 姿 */
    0x00, 0x00, 0x00, 0x00, 0x00, 0x00, 0x00, 0x00, 0x00, 0x00, 0x00, 0x00,
    0x00, 0x00, 0x03, 0x10, 0x00, 0x00, 0x00, 0x00, 0x09, 0x00, 0x00, 0x00,
    0xA5, 0x00, 0x6B, 0x55, 0x55, 0x55, 0x06, 0x11, 0xA3, 0x34, 0xC3, 0x33,
    0x00, 0x09, 0x20, 0x04, 0xB0, 0x00, 0x00, 0x23, 0x00, 0x09, 0xA1, 0x00,
    0x59, 0x00, 0x00, 0x38, 0x28, 0x00, 0x40, 0x00, 0x02, 0xA0, 0x05, 0x70,
    0x00, 0x01, 0x78, 0x10, 0x00, 0x39, 0x01, 0x89, 0x40, 0x00, 0x00, 0x00,
    0x00, 0x09, 0x10, 0x00, 0x00, 0x00, 0x99, 0xEE, 0x99, 0x99, 0x99, 0xB9,
    0x02, 0x90, 0x00, 0x00, 0x08, 0x30, 0x1A, 0x10, 0x00, 0x00, 0x49, 0x00,
    0xCA, 0x87, 0x41, 0x05, 0xA0, 0x00, 0x00, 0x02, 0x5A, 0xFF, 0x51, 0x00,
    0x00, 0x37, 0xA7, 0x11, 0x48, 0x97, 0x98, 0x62, 0x00, 0x00, 0x00, 0x02,
    0x00, 0x00, 0x00, 0x00, 0x00, 0x00,
    /* U+5B57 字 */
    0x00, 0x00, 0x00, 0x00, 0x00, 0x00, 0x00, 0x00, 0x00, 0x00, 0x00, 0x00,
    0x00, 0x00, 0x08, 0x00, 0x00, 0x00, 0x00, 0x00, 0x03, 0x70, 0x00, 0x00,
    0x88, 0x88, 0x88, 0xF8, 0x88, 0x88, 0x11, 0x11, 0x11, 0x11, 0x11, 0x11,
    0x00, 0x00, 0x00, 0x00, 0x00, 0x00, 0x00, 0x00, 0x00, 0x00, 0x00, 0x00,
    0x29, 0x99, 0x99, 0x99, 0x99, 0xF5, 0x00, 0x00, 0x00, 0x00, 0x08, 0x40,
    0x00, 0x00, 0x00, 0x03, 0x92, 0x00, 0x00, 0x00, 0x00, 0x96, 0x00, 0x00,
    0x00, 0x00, 0x02, 0x70, 0x00, 0x00, 0x99, 0x99, 0x9B, 0xF9, 0x99, 0x99,
    0x00, 0x00, 0x02, 0x70, 0x00, 0x00, 0x00, 0x00, 0x02, 0x70, 0x00, 0x00,
    0x00, 0x00, 0x02, 0x70, 0x00, 0x00, 0x00, 0x00, 0x02, 0x70, 0x00, 0x00,
    0x00, 0x00, 0x02, 0x70, 0x00, 0x00, 0x00, 0x28, 0x89, 0x40, 0x00, 0x00,
    0x00, 0x00, 0x00, 0x00, 0x00, 0x00,
    /* U+5B58 存 */
    0x00, 0x00, 0x00, 0x00, 0x00, 0x00, 0x00, 0x00, 0x00, 0x00, 0x00, 0x00,
    0x00, 0x01, 0x40, 0x00, 0x00, 0x00, 0x00, 0x05, 0x50, 0x00, 0x00, 0x00,
    0x00, 0x0A, 0x00, 0x00, 0x00, 0x00, 0x99, 0xAF, 0x99, 0x99, 0x99, 0x99,
    0x00, 0x82, 0x00, 0x00, 0x00, 0x00, 0x02, 0x90, 0x00, 0x00, 0x00, 0x00,
    0x09, 0x20, 0x79, 0x99, 0x99, 0x99, 0x47, 0x00, 0x00, 0x00, 0x00, 0x03,
    0xF0, 0x00, 0x00, 0x00, 0x00, 0x57, 0xB0, 0x00, 0x00, 0x00, 0x18, 0x50,
    0x90, 0x00, 0x00, 0x00, 0xB1, 0x00, 0x90, 0x00, 0x00, 0x00, 0x90, 0x00,
    0x90, 0x59, 0x99, 0x99, 0xF9, 0x99, 0x90, 0x00, 0x00, 0x00, 0x90, 0x00,
    0x90, 0x00, 0x00, 0x00, 0x90, 0x00, 0x90, 0x00, 0x00, 0x00, 0x90, 0x00,
    0x90, 0x00, 0x00, 0x00, 0x90, 0x00, 0x90, 0x00, 0x18, 0x88, 0x90, 0x00,
    0x00, 0x00, 0x00, 0x00, 0x00, 0x00,
    /* U+5B9A 定 */
    0x00, 0x00, 0x00, 0x00, 0x00, 0x00, 0x00, 0x00, 0x00, 0x00, 0x00, 0x00,
    0x00, 0x00, 0x04, 0x00, 0x00, 0x00, 0x00, 0x00, 0x09, 0x20, 0x00, 0x00,
    0x00, 0x00, 0x01, 0x80, 0x00, 0x00, 0xAA, 0xAA, 0xAA, 0xAA, 0xAA, 0xAA,
    0x00, 0x00, 0x00, 0x00, 0x00, 0x00, 0x00, 0x00, 0x00, 0x00, 0x00, 0x00,
    0x9A, 0xAA, 0xAC, 0xDA, 0xAA, 0xAA, 0x00, 0x00, 0x04, 0x60, 0x00, 0x00,
    0x00, 0x00, 0x04, 0x60, 0x00, 0x00, 0x06, 0x00, 0x04, 0x60, 0x00, 0x00,
    0x28, 0x00, 0x04, 0x60, 0x00, 0x00, 0x64, 0x00, 0x04, 0xFA, 0xAA, 0xAA,
    0xD4, 0x00, 0x04, 0x60, 0x00, 0x00, 0xA9, 0x00, 0x04, 0x60, 0x00, 0x00,
    0x57, 0x40, 0x04, 0x60, 0x00, 0x00, 0x00, 0x94, 0x04, 0x60, 0x00, 0x00,
    0x00, 0x07, 0xA8, 0x70, 0x00, 0x00, 0x00, 0x00, 0x17, 0xBA, 0xBB, 0xAA,
    0x00, 0x00, 0x00, 0x00, 0x00, 0x00,
    /* U+5C4F 屏 */
    0x00, 0x00, 0x00, 0x00, 0x00, 0x00, 0x00, 0x00, 0x00, 0x00, 0x00, 0x00,
    0x00, 0x00, 0x00, 0x00, 0x00, 0x00, 0x99, 0x99, 0x99, 0x99, 0x99, 0x99,
    0x00, 0x00, 0x00, 0x00, 0x00, 0x00, 0x00, 0x00, 0x00, 0x00, 0x00, 0x00,
    0x00, 0x00, 0x00, 0x00, 0x00, 0x00, 0x99, 0x99, 0x99, 0x99, 0x99, 0x99,
    0x00, 0x07, 0x00, 0x00, 0x00, 0x09, 0x00, 0x03, 0x70, 0x00, 0x00, 0x73,
    0x12, 0x22, 0x52, 0x22, 0x25, 0x92, 0x27, 0x77, 0xF7, 0x77, 0x78, 0xF7,
    0x00, 0x00, 0x90, 0x00, 0x00, 0x90, 0x00, 0x00, 0x90, 0x00, 0x00, 0x90,
    0x00, 0x00, 0x90, 0x00, 0x00, 0x90, 0x79, 0x99, 0xF9, 0x99, 0x99, 0xF9,
    0x00, 0x04, 0x60, 0x00, 0x00, 0x90, 0x00, 0x1A, 0x00, 0x00, 0x00, 0x90,
    0x03, 0xA1, 0x00, 0x00, 0x00, 0x90, 0x76, 0x00, 0x00, 0x00, 0x00, 0x90,
    0x00, 0x00, 0x00, 0x00, 0x00, 0x00,
    /* U+5DF2 已 */
    0x00, 0x00, 0x00, 0x00, 0x00, 0x00, 0x00, 0x00, 0x00, 0x00, 0x00, 0x00,
    0x00, 0x00, 0x00, 0x00, 0x00, 0x00, 0x00, 0x00, 0x00, 0x00, 0x00, 0x00,
    0xAA, 0xAA, 0xAA, 0xAA, 0xAA, 0xAC, 0x00, 0x00, 0x00, 0x00, 0x00, 0x05,
    0x00, 0x00, 0x00, 0x00, 0x00, 0x05, 0x00, 0x00, 0x00, 0x00, 0x00, 0x05,
    0x00, 0x00, 0x00, 0x00, 0x00, 0x05, 0x00, 0x00, 0x00, 0x00, 0x00, 0x05,
    0xAA, 0xAA, 0xAA, 0xAA, 0xAA, 0xAF, 0x00, 0x00, 0x00, 0x00, 0x00, 0x05,
    0x00, 0x00, 0x00, 0x00, 0x00, 0x00, 0x00, 0x00, 0x00, 0x00, 0x00, 0x00,
    0x00, 0x00, 0x00, 0x00, 0x00, 0x00, 0x00, 0x00, 0x00, 0x00, 0x00, 0x00,
    0x00, 0x00, 0x00, 0x00, 0x00, 0x00, 0x00, 0x00, 0x00, 0x00, 0x00, 0x00,
    0x10, 0x00, 0x00, 0x00, 0x00, 0x00, 0xAA, 0xAA, 0xAA, 0xAA, 0xAA, 0xAA,
    0x00, 0x00, 0x00, 0x00, 0x00, 0x00,
    /* U+5E55 幕 */
    0x00, 0x00, 0x00, 0x00, 0x00, 0x00, 0x00, 0x00, 0x00, 0x00, 0x00, 0x00,
    0x00, 0x50, 0x00, 0x00, 0x05, 0x00, 0x00, 0x90, 0x00, 0x00, 0x09, 0x00,
    0x99, 0xF9, 0x99, 0x99, 0x9F, 0x99, 0x00, 0x70, 0x00, 0x00, 0x07, 0x00,
    0xA9, 0x99, 0x99, 0x99, 0x99, 0x99, 0x90, 0x00, 0x00, 0x00, 0x00, 0x00,
    0xC9, 0x99, 0x99, 0x99, 0x99, 0x99, 0x90, 0x00, 0x00, 0x00, 0x00, 0x00,
    0x90, 0x00, 0x00, 0x00, 0x00, 0x00, 0x99, 0x9C, 0xC9, 0x99, 0x99, 0x99,
    0x11, 0x2B, 0x11, 0x11, 0x11, 0x11, 0x88, 0xF9, 0x88, 0xD8, 0x8B, 0xD8,
    0x2A, 0x10, 0x00, 0x90, 0x00, 0x58, 0xFA, 0x99, 0x99, 0xF9, 0x99, 0x9E,
    0x90, 0x00, 0x00, 0x90, 0x00, 0x06, 0x90, 0x00, 0x00, 0x90, 0x00, 0x06,
    0x90, 0x00, 0x00, 0x90, 0x00, 0x06, 0x90, 0x00, 0x00, 0x90, 0x06, 0x78,
    0x00, 0x00, 0x00, 0x00, 0x00, 0x00,
    /* U+5E73 平 */
    0x00, 0x00, 0x00, 0x00, 0x00, 0x00, 0x00, 0x00, 0x00, 0x00, 0x00, 0x00,
    0x00, 0x00, 0x00, 0x00, 0x00, 0x00, 0x22, 0x22, 0x22, 0x22, 0x22, 0x22,
    0x77, 0x77, 0x7F, 0x77, 0x77, 0x77, 0x10, 0x00, 0x09, 0x00, 0x00, 0x03,
    0x70, 0x00, 0x09, 0x00, 0x00, 0x19, 0x91, 0x00, 0x09, 0x00, 0x00, 0x63,
    0x37, 0x00, 0x09, 0x00, 0x00, 0x90, 0x09, 0x00, 0x09, 0x00, 0x06, 0x30,
    0x06, 0x20, 0x09, 0x00, 0x18, 0x00, 0x00, 0x00, 0x09, 0x00, 0x00, 0x00,
    0x99, 0x99, 0x9F, 0x99, 0x99, 0x99, 0x00, 0x00, 0x09, 0x00, 0x00, 0x00,
    0x00, 0x00, 0x09, 0x00, 0x00, 0x00, 0x00, 0x00, 0x09, 0x00, 0x00, 0x00,
    0x00, 0x00, 0x09, 0x00, 0x00, 0x00, 0x00, 0x00, 0x09, 0x00, 0x00, 0x00,
    0x00, 0x00, 0x09, 0x00, 0x00, 0x00, 0x00, 0x00, 0x09, 0x00, 0x00, 0x00,
    0x00, 0x00, 0x00, 0x00, 0x00, 0x00,
    /* U+5EA6 度 */
    0x00, 0x00, 0x00, 0x00, 0x00, 0x00, 0x00, 0x00, 0x00, 0x00, 0x00, 0x00,
    0x00, 0x00, 0x04, 0x40, 0x00, 0x00, 0x00, 0x00, 0x00, 0xA0, 0x00, 0x00,
    0x99, 0x99, 0x99, 0xDB, 0x99, 0x99, 0x00, 0x02, 0x00, 0x00, 0x00, 0x20,
    0x00, 0x08, 0x20, 0x00, 0x00, 0x90, 0x00, 0x08, 0x20, 0x00, 0x00, 0x90,
    0x99, 0x9F, 0xA9, 0x99, 0x99, 0xF9, 0x00, 0x08, 0x20, 0x00, 0x00, 0x90,
    0x00, 0x08, 0x20, 0x00, 0x00, 0x90, 0x00, 0x08, 0x99, 0x99, 0x99, 0xA0,
    0x00, 0x00, 0x00, 0x00, 0x00, 0x00, 0x00, 0x00, 0x00, 0x00, 0x00, 0x00,
    0x79, 0xAB, 0x99, 0x99, 0x99, 0x9F, 0x00, 0x09, 0x10, 0x00, 0x00, 0x39,
    0x00, 0x01, 0x92, 0x00, 0x04, 0x90, 0x00, 0x00, 0x08, 0x62, 0x96, 0x00,
    0x00, 0x00, 0x15, 0xBF, 0x81, 0x00, 0x36, 0x88, 0x84, 0x00, 0x27, 0x87,
    0x53, 0x00, 0x00, 0x00, 0x00, 0x01,
    /* U+5EFA 建 */
    0x00, 0x00, 0x00, 0x00, 0x00, 0x00, 0x00, 0x00, 0x00, 0x00, 0x00, 0x00,
    0x00, 0x00, 0x00, 0x00, 0x60, 0x00, 0x45, 0x10, 0x00, 0x00, 0x90, 0x00,
    0x6F, 0x20, 0x99, 0x99, 0xF9, 0x99, 0x28, 0x00, 0x00, 0x00, 0x90, 0x00,
    0x91, 0x00, 0x00, 0x00, 0x90, 0x00, 0x60, 0x59, 0x99, 0x99, 0xF9, 0x99,
    0x00, 0x00, 0x00, 0x00, 0x90, 0x00, 0x9B, 0x32, 0x88, 0x88, 0xF8, 0x88,
    0x06, 0x30, 0x11, 0x11, 0xA1, 0x11, 0x08, 0x10, 0x00, 0x00, 0x90, 0x00,
    0x09, 0x03, 0x99, 0x99, 0xF9, 0x99, 0x18, 0x00, 0x00, 0x00, 0x90, 0x00,
    0x54, 0x00, 0x00, 0x00, 0x90, 0x00, 0xA0, 0x29, 0x99, 0x99, 0xF9, 0x99,
    0xF0, 0x00, 0x00, 0x00, 0x90, 0x00, 0x49, 0x10, 0x00, 0x00, 0x90, 0x00,
    0x02, 0x97, 0x20, 0x00, 0x30, 0x00, 0x00, 0x02, 0x79, 0x99, 0x99, 0x99,
    0x00, 0x00, 0x00, 0x00, 0x00, 0x00,
    /* U+5F00 开 */
    0x00, 0x00, 0x00, 0x00, 0x00, 0x00, 0x00, 0x00, 0x00, 0x00, 0x00, 0x00,
    0x00, 0x00, 0x00, 0x00, 0x00, 0x00, 0x22, 0x22, 0x22, 0x22, 0x22, 0x22,
    0x77, 0xF7, 0x77, 0x77, 0x7F, 0x77, 0x00, 0x90, 0x00, 0x00, 0x09, 0x00,
    0x00, 0x90, 0x00, 0x00, 0x09, 0x00, 0x00, 0x90, 0x00, 0x00, 0x09, 0x00,
    0x00, 0x90, 0x00, 0x00, 0x09, 0x00, 0x00, 0x90, 0x00, 0x00, 0x09, 0x00,
    0x00, 0x90, 0x00, 0x00, 0x09, 0x00, 0x99, 0xF9, 0x99, 0x99, 0x9F, 0x99,
    0x00, 0x90, 0x00, 0x00, 0x09, 0x00, 0x02, 0x70, 0x00, 0x00, 0x09, 0x00,
    0x06, 0x30, 0x00, 0x00, 0x09, 0x00, 0x0A, 0x00, 0x00, 0x00, 0x09, 0x00,
    0x55, 0x00, 0x00, 0x00, 0x09, 0x00, 0x90, 0x00, 0x00, 0x00, 0x09, 0x00,
    0x00, 0x00, 0x00, 0x00, 0x09, 0x00, 0x00, 0x00, 0x00, 0x00, 0x09, 0x00,
    0x00, 0x00, 0x00, 0x00, 0x00, 0x00,
    /* U+6001 态 */
    0x00, 0x00, 0x00, 0x00, 0x00, 0x00, 0x00, 0x00, 0x00, 0x00, 0x00, 0x00,
    0x00, 0x00, 0x01, 0x50, 0x00, 0x00, 0x00, 0x00, 0x04, 0x60, 0x00, 0x00,
    0x00, 0x00, 0x06, 0x30, 0x00, 0x00, 0x99, 0x99, 0x9F, 0xC9, 0x99, 0x99,
    0x00, 0x00, 0x09, 0x91, 0x00, 0x00, 0x00, 0x00, 0x55, 0x37, 0x00, 0x00,
    0x00, 0x00, 0xA0, 0x08, 0x20, 0x00, 0x00, 0x09, 0x30, 0x01, 0xA1, 0x00,
    0x00, 0x95, 0x82, 0x00, 0x1A, 0x20, 0x4A, 0x30, 0x08, 0x50, 0x01, 0x96,
    0x60, 0x00, 0x00, 0x74, 0x00, 0x04, 0x00, 0x00, 0x33, 0x00, 0x00, 0x00,
    0x14, 0x30, 0x07, 0x50, 0x00, 0x06, 0x05, 0x40, 0x00, 0x75, 0x00, 0x01,
    0x05, 0x40, 0x00, 0x08, 0x30, 0x00, 0x05, 0x40, 0x00, 0x00, 0x00, 0x25,
    0x05, 0x40, 0x00, 0x00, 0x00, 0x45, 0x02, 0xA9, 0x99, 0x99, 0x99, 0xA1,
    0x00, 0x00, 0x00, 0x00, 0x00, 0x00,
    /* U+6309 按 */
    0x00, 0x00, 0x00, 0x00, 0x00, 0x00, 0x00, 0x00, 0x00, 0x00, 0x00, 0x00,
    0x70, 0x00, 0x00, 0x00, 0x70, 0x00, 0x90, 0x00, 0x00, 0x00, 0x55, 0x00,
    0x90, 0x00, 0x00, 0x00, 0x1A, 0x00, 0x90, 0x05, 0xA8, 0x88, 0x8B, 0x88,
    0xF8, 0x85, 0x40, 0x00, 0x40, 0x00, 0xA1, 0x15, 0x40, 0x03, 0x70, 0x00,
    0x90, 0x04, 0x30, 0x08, 0x10, 0x00, 0x90, 0x00, 0x00, 0x19, 0x00, 0x00,
    0x90, 0x07, 0x99, 0xFC, 0x99, 0x99, 0x90, 0x01, 0x00, 0x90, 0x00, 0x04,
    0xE9, 0x93, 0x06, 0x40, 0x00, 0x08, 0xD0, 0x00, 0x1B, 0x00, 0x00, 0x0A,
    0x90, 0x00, 0x3A, 0x71, 0x00, 0x55, 0x90, 0x00, 0x00, 0x29, 0x72, 0xA0,
    0x90, 0x00, 0x00, 0x00, 0x4F, 0x60, 0x90, 0x00, 0x00, 0x03, 0x92, 0x69,
    0x90, 0x00, 0x03, 0x96, 0x00, 0x01, 0x60, 0x05, 0x96, 0x10, 0x00, 0x00,
    0x00, 0x00, 0x00, 0x00, 0x00, 0x00,
    /* U+6362 换 */
    0x00, 0x00, 0x00, 0x00, 0x00, 0x00, 0x00, 0x00, 0x00, 0x00, 0x00, 0x00,
    0x60, 0x00, 0x00, 0x07, 0x00, 0x00, 0x90, 0x00, 0x00, 0x64, 0x00, 0x00,
    0x90, 0x00, 0x01, 0xF9, 0x99, 0x9D, 0x90, 0x00, 0x09, 0x20, 0x00, 0x29,
    0xF5, 0x40, 0x75, 0x00, 0x01, 0x91, 0xD4, 0x36, 0xC9, 0x99, 0xAF, 0x99,
    0x90, 0x03, 0x90, 0x00, 0x45, 0x00, 0x90, 0x00, 0x90, 0x00, 0x45, 0x00,
    0x90, 0x00, 0x90, 0x00, 0x54, 0x00, 0x91, 0x40, 0x90, 0x00, 0x63, 0x00,
    0xF9, 0x40, 0x90, 0x00, 0x91, 0x00, 0xA0, 0x29, 0xF9, 0x99, 0xFA, 0x99,
    0x90, 0x00, 0x00, 0x03, 0x88, 0x00, 0x90, 0x00, 0x00, 0x09, 0x07, 0x30,
    0x90, 0x00, 0x00, 0x92, 0x00, 0x91, 0x90, 0x00, 0x19, 0x30, 0x00, 0x08,
    0x90, 0x05, 0x91, 0x00, 0x00, 0x00, 0x71, 0x94, 0x00, 0x00, 0x00, 0x00,
    0x00, 0x00, 0x00, 0x00, 0x00, 0x00,
    /* U+63A5 接 */
    0x00, 0x00, 0x00, 0x00, 0x00, 0x00, 0x00, 0x00, 0x00, 0x00, 0x00, 0x00,
    0x00, 0x00, 0x00, 0x05, 0x00, 0x00, 0x00, 0x00, 0x00, 0x03, 0x70, 0x00,
    0x00, 0x00, 0x00, 0x00, 0x91, 0x00, 0x00, 0x04, 0x99, 0x99, 0xBA, 0x99,
    0x88, 0x30, 0x07, 0x10, 0x00, 0x09, 0x11, 0x00, 0x01, 0x80, 0x00, 0x37,
    0x00, 0x00, 0x00, 0x62, 0x00, 0xA0, 0x00, 0x39, 0x99, 0x99, 0x9C, 0xC9,
    0x00, 0x00, 0x00, 0x05, 0x00, 0x00, 0x03, 0x10, 0x00, 0x18, 0x00, 0x00,
    0xB8, 0x11, 0x11, 0x83, 0x11, 0x11, 0x00, 0x48, 0x8A, 0xF8, 0x88, 0x8E,
    0x00, 0x00, 0x09, 0x10, 0x00, 0x0A, 0x00, 0x00, 0xBC, 0x20, 0x00, 0x66,
    0x00, 0x00, 0x33, 0x8A, 0x54, 0x90, 0x00, 0x00, 0x00, 0x01, 0xCF, 0x81,
    0x00, 0x00, 0x04, 0x88, 0x30, 0x3A, 0x00, 0x69, 0x85, 0x10, 0x00, 0x00,
    0x00, 0x00, 0x00, 0x00, 0x00, 0x00,
    /* U+6536 收 */
    0x00, 0x00, 0x00, 0x00, 0x00, 0x00, 0x00, 0x00, 0x00, 0x00, 0x00, 0x00,
    0x00, 0x07, 0x00, 0x07, 0x20, 0x00, 0x00, 0x09, 0x00, 0x09, 0x00, 0x00,
    0x00, 0x09, 0x00, 0x09, 0x00, 0x00, 0x00, 0x09, 0x00, 0x26, 0x00, 0x00,
    0x00, 0x09, 0x00, 0x8B, 0x99, 0x99, 0x00, 0x09, 0x00, 0xF2, 0x00, 0x00,
    0x00, 0x09, 0x03, 0x86, 0x00, 0x00, 0x00, 0x09, 0x09, 0x18, 0x00, 0x02,
    0x00, 0x09, 0x47, 0x08, 0x10, 0x06, 0x00, 0x09, 0x50, 0x03, 0x60, 0x09,
    0x00, 0x09, 0x00, 0x00, 0x90, 0x18, 0x00, 0x3B, 0x00, 0x00, 0x54, 0x82,
    0x89, 0x6A, 0x00, 0x00, 0x0A, 0x80, 0x20, 0x09, 0x00, 0x00, 0x0D, 0x80,
    0x00, 0x09, 0x00, 0x00, 0x64, 0x82, 0x00, 0x09, 0x00, 0x06, 0x70, 0x1A,
    0x00, 0x09, 0x00, 0x86, 0x00, 0x01, 0x00, 0x09, 0x4A, 0x30, 0x00, 0x00,
    0x00, 0x00, 0x20, 0x00, 0x00, 0x00,
    /* U+6539 改 */
    0x00, 0x00, 0x00, 0x00, 0x00, 0x00, 0x00, 0x00, 0x00, 0x00, 0x00, 0x00,
    0x00, 0x00, 0x00, 0x00, 0x40, 0x00, 0x00, 0x00, 0x00, 0x01, 0x80, 0x00,
    0xAA, 0xAA, 0xA0, 0x05, 0x40, 0x00, 0x00, 0x00, 0xA0, 0x09, 0x00, 0x00,
    0x00, 0x00, 0xA0, 0x1F, 0x99, 0x99, 0x00, 0x00, 0xA0, 0x7B, 0x00, 0x00,
    0x00, 0x00, 0xA0, 0xA9, 0x00, 0x00, 0x99, 0x99, 0xA5, 0x59, 0x00, 0x01,
    0x11, 0x11, 0x1A, 0x05, 0x40, 0x05, 0x00, 0x00, 0x01, 0x01, 0x80, 0x0A,
    0x00, 0x00, 0x00, 0x00, 0x90, 0x19, 0x00, 0x00, 0x00, 0x00, 0x46, 0x73,
    0x00, 0x00, 0x00, 0x00, 0x0A, 0xA0, 0x00, 0x03, 0x50, 0x00, 0x0D, 0xA0,
    0x17, 0xA7, 0x10, 0x00, 0x56, 0x92, 0xA4, 0x00, 0x00, 0x05, 0x80, 0x1A,
    0x00, 0x00, 0x00, 0x77, 0x00, 0x01, 0x00, 0x00, 0x4B, 0x40, 0x00, 0x00,
    0x00, 0x00, 0x40, 0x00, 0x00, 0x00,
    /* U+655B 敛 */
    0x00, 0x00, 0x00, 0x00, 0x00, 0x00, 0x00, 0x00, 0x00, 0x00, 0x00, 0x00,
    0x02, 0x30, 0x00, 0x00, 0x33, 0x00, 0x0C, 0x10, 0x00, 0x00, 0x72, 0x00,
    0x59, 0x80, 0x00, 0x00, 0x90, 0x00, 0x90, 0x29, 0x10, 0x00, 0x90, 0x00,
    0x10, 0x02, 0xA1, 0x04, 0xF9, 0x99, 0x00, 0x00, 0x2A, 0x0A, 0x70, 0x00,
    0x99, 0x99, 0x61, 0x09, 0x80, 0x00, 0x00, 0x00, 0x00, 0x55, 0x80, 0x00,
    0x00, 0x00, 0x00, 0x80, 0x71, 0x03, 0x08, 0x10, 0x25, 0x00, 0x44, 0x07,
    0x06, 0x40, 0x72, 0x00, 0x08, 0x0A, 0x03, 0x70, 0x90, 0x00, 0x08, 0x37,
    0x01, 0x93, 0x50, 0x00, 0x03, 0xE1, 0x10, 0x28, 0x00, 0x00, 0x03, 0xF0,
    0x00, 0x18, 0x46, 0x00, 0x0A, 0x46, 0x26, 0xDA, 0x51, 0x01, 0xA2, 0x08,
    0x73, 0x00, 0x00, 0x2A, 0x20, 0x00, 0x00, 0x00, 0x06, 0x91, 0x00, 0x00,
    0x00, 0x00, 0x02, 0x00, 0x00, 0x00,
    /* U+6587 文 */
    0x00, 0x00, 0x00, 0x00, 0x00, 0x00, 0x00, 0x00, 0x00, 0x00, 0x00, 0x00,
    0x00, 0x00, 0x14, 0x00, 0x00, 0x00, 0x00, 0x00, 0x0A, 0x10, 0x00, 0x00,
    0x00, 0x00, 0x02, 0x80, 0x00, 0x00, 0x00, 0x00, 0x00, 0x60, 0x00, 0x00,
    0xF9, 0x99, 0x99, 0x99, 0x99, 0x9F, 0x64, 0x00, 0x00, 0x00, 0x00, 0x65,
    0x09, 0x00, 0x00, 0x00, 0x00, 0xB0, 0x07, 0x30, 0x00, 0x00, 0x04, 0x70,
    0x00, 0xA0, 0x00, 0x00, 0x0B, 0x00, 0x00, 0x47, 0x00, 0x00, 0x84, 0x00,
    0x00, 0x09, 0x30, 0x03, 0x90, 0x00, 0x00, 0x00, 0xA2, 0x2A, 0x00, 0x00,
    0x00, 0x00, 0x1C, 0xC1, 0x00, 0x00, 0x00, 0x00, 0x3C, 0xC3, 0x00, 0x00,
    0x00, 0x06, 0x90, 0x1A, 0x60, 0x00, 0x03, 0xA5, 0x00, 0x00, 0x7A, 0x30,
    0xA8, 0x10, 0x00, 0x00, 0x01, 0x99, 0x10, 0x00, 0x00, 0x00, 0x00, 0x02,
    0x00, 0x00, 0x00, 0x00, 0x00, 0x00,
    /* U+65AD 断 */
    0x00, 0x00, 0x00, 0x00, 0x00, 0x00, 0x00, 0x00, 0x00, 0x00, 0x00, 0x00,
    0x00, 0x50, 0x00, 0x00, 0x00, 0x00, 0x10, 0x90, 0x03, 0x00, 0x03, 0x79,
    0x60, 0x90, 0x09, 0x0A, 0x85, 0x20, 0x90, 0x90, 0x54, 0x09, 0x00, 0x00,
    0x81, 0x90, 0x90, 0x09, 0x00, 0x00, 0x20, 0x91, 0x30, 0x09, 0x00, 0x00,
    0x55, 0xF5, 0x55, 0x19, 0x00, 0x00, 0x44, 0xF5, 0x44, 0x1D, 0x99, 0x99,
    0x05, 0xD9, 0x10, 0x09, 0x00, 0x00, 0x08, 0x92, 0x90, 0x09, 0x00, 0x00,
    0x63, 0x90, 0x47, 0x09, 0x00, 0x00, 0x80, 0x90, 0x05, 0x09, 0x00, 0x00,
    0x10, 0x90, 0x00, 0x09, 0x00, 0x00, 0x00, 0x90, 0x00, 0x09, 0x00, 0x00,
    0x00, 0x70, 0x00, 0x27, 0x00, 0x00, 0x99, 0x99, 0x99, 0x63, 0x00, 0x00,
    0x00, 0x00, 0x00, 0x80, 0x00, 0x00, 0x00, 0x00, 0x02, 0x50, 0x00, 0x00,
    0x00, 0x00, 0x00, 0x00, 0x00, 0x00,
    /* U+65B9 方 */
    0x00, 0x00, 0x00, 0x00, 0x00, 0x00, 0x00, 0x00, 0x00, 0x00, 0x00, 0x00,
    0x00, 0x00, 0x05, 0x00, 0x00, 0x00, 0x00, 0x00, 0x06, 0x40, 0x00, 0x00,
    0x00, 0x00, 0x00, 0xA0, 0x00, 0x00, 0x00, 0x00, 0x00, 0x60, 0x00, 0x00,
    0x99, 0x9F, 0x99, 0x99, 0x99, 0x99, 0x00, 0x09, 0x00, 0x00, 0x00, 0x00,
    0x00, 0x09, 0x00, 0x00, 0x00, 0x00, 0x00, 0x09, 0x00, 0x00, 0x00, 0x00,
    0x00, 0x0E, 0x99, 0x99, 0x99, 0x9A, 0x00, 0x37, 0x11, 0x11, 0x11, 0x18,
    0x00, 0x54, 0x00, 0x00, 0x00, 0x09, 0x00, 0x90, 0x00, 0x00, 0x00, 0x09,
    0x01, 0x90, 0x00, 0x00, 0x00, 0x09, 0x07, 0x30, 0x00, 0x00, 0x00, 0x09,
    0x29, 0x00, 0x00, 0x00, 0x00, 0x09, 0xA1, 0x00, 0x00, 0x00, 0x00, 0x36,
    0x20, 0x00, 0x00, 0x00, 0x00, 0x82, 0x00, 0x00, 0x01, 0x99, 0x89, 0x80,
    0x00, 0x00, 0x00, 0x00, 0x00, 0x00,
    /* U+65CB 旋 */
    0x00, 0x00, 0x00, 0x00, 0x00, 0x00, 0x00, 0x00, 0x00, 0x00, 0x00, 0x00,
    0x20, 0x00, 0x00, 0x05, 0x00, 0x00, 0xA0, 0x00, 0x00, 0x27, 0x00, 0x00,
    0x56, 0x00, 0x00, 0x72, 0x00, 0x00, 0x27, 0x22, 0x20, 0xE9, 0x99, 0x99,
    0x77, 0x77, 0x57, 0x30, 0x00, 0x00, 0x00, 0x00, 0x29, 0x00, 0x00, 0x00,
    0x00, 0x00, 0x53, 0x77, 0x79, 0x77, 0x99, 0x98, 0x00, 0x00, 0x09, 0x00,
    0x00, 0x09, 0x00, 0x00, 0x09, 0x00, 0x00, 0x09, 0x00, 0x60, 0x09, 0x00,
    0x00, 0x09, 0x00, 0x90, 0x09, 0x00, 0x00, 0x09, 0x00, 0x90, 0x0C, 0x99,
    0x00, 0x18, 0x00, 0xD0, 0x09, 0x00, 0x00, 0x28, 0x02, 0xF0, 0x09, 0x00,
    0x00, 0x37, 0x05, 0x85, 0x09, 0x00, 0x00, 0x45, 0x09, 0x09, 0x19, 0x00,
    0x00, 0x63, 0x28, 0x02, 0xAA, 0x00, 0x99, 0xA0, 0xA1, 0x00, 0x2A, 0x99,
    0x00, 0x00, 0x00, 0x00, 0x00, 0x00,
    /* U+65E5 日 */
    0x00, 0x00, 0x00, 0x00, 0x00, 0x00, 0x00, 0x00, 0x00, 0x00, 0x00, 0x00,
    0x00, 0x00, 0x00, 0x00, 0x00, 0x00, 0x00, 0x00, 0x00, 0x00, 0x00, 0x00,
    0xD9, 0x99, 0x99, 0x99, 0x99, 0x9B, 0x90, 0x00, 0x00, 0x00, 0x00, 0x05,
    0x90, 0x00, 0x00, 0x00, 0x00, 0x05, 0x90, 0x00, 0x00, 0x00, 0x00, 0x05,
    0x90, 0x00, 0x00, 0x00, 0x00, 0x05, 0x90, 0x00, 0x00, 0x00, 0x00, 0x05,
    0x90, 0x00, 0x00, 0x00, 0x00, 0x05, 0xE9, 0x99, 0x99, 0x99, 0x99, 0x9D,
    0x90, 0x00, 0x00, 0x00, 0x00, 0x05, 0x90, 0x00, 0x00, 0x00, 0x00, 0x05,
    0x90, 0x00, 0x00, 0x00, 0x00, 0x05, 0x90, 0x00, 0x00, 0x00, 0x00, 0x05,
    0x90, 0x00, 0x00, 0x00, 0x00, 0x05, 0x90, 0x00, 0x00, 0x00, 0x00, 0x05,
    0xF9, 0x99, 0x99, 0x99, 0x99, 0x9E, 0x90, 0x00, 0x00, 0x00, 0x00, 0x05,
    0x00, 0x00, 0x00, 0x00, 0x00, 0x00,
    /* U+672C 本 */
    0x00, 0x00, 0x00, 0x00, 0x00, 0x00, 0x00, 0x00, 0x00, 0x00, 0x00, 0x00,
    0x00, 0x00, 0x04, 0x00, 0x00, 0x00, 0x00, 0x00, 0x08, 0x10, 0x00, 0x00,
    0x00, 0x00, 0x08, 0x10, 0x00, 0x00, 0x00, 0x00, 0x08, 0x10, 0x00, 0x00,
    0x00, 0x00, 0x18, 0x10, 0x00, 0x00, 0x99, 0x99, 0xFF, 0xDD, 0x99, 0x99,
    0x00, 0x03, 0x68, 0x19, 0x00, 0x00, 0x00, 0x09, 0x08, 0x15, 0x40, 0x00,
    0x00, 0x64, 0x08, 0x10, 0x90, 0x00, 0x02, 0x80, 0x08, 0x10, 0x28, 0x00,
    0x1A, 0x10, 0x08, 0x10, 0x05, 0x50, 0x92, 0x00, 0x08, 0x10, 0x00, 0x84,
    0x30, 0x00, 0x08, 0x10, 0x00, 0x08, 0x58, 0x88, 0x8F, 0x98, 0x88, 0x82,
    0x11, 0x11, 0x19, 0x21, 0x11, 0x10, 0x00, 0x00, 0x08, 0x10, 0x00, 0x00,
    0x00, 0x00, 0x08, 0x10, 0x00, 0x00, 0x00, 0x00, 0x08, 0x10, 0x00, 0x00,
    0x00, 0x00, 0x00, 0x00, 0x00, 0x00,
    /* U+673A 机 */
    0x00, 0x00, 0x00, 0x00, 0x00, 0x00, 0x00, 0x00, 0x00, 0x00, 0x00, 0x00,
    0x04, 0x00, 0x00, 0x00, 0x00, 0x00, 0x09, 0x00, 0x00, 0x89, 0x99, 0x99,
    0x09, 0x00, 0x00, 0x90, 0x00, 0x00, 0x09, 0x00, 0x00, 0x90, 0x00, 0x00,
    0x09, 0x00, 0x00, 0x90, 0x00, 0x00, 0xBF, 0x99, 0x80, 0x90, 0x00, 0x00,
    0x7B, 0x00, 0x00, 0x90, 0x00, 0x00, 0x9A, 0x00, 0x00, 0x90, 0x00, 0x00,
    0x6F, 0x40, 0x00, 0x90, 0x00, 0x00, 0x19, 0x84, 0x00, 0x90, 0x00, 0x00,
    0x09, 0x09, 0x40, 0x90, 0x00, 0x00, 0x09, 0x00, 0x60, 0x80, 0x00, 0x00,
    0x09, 0x00, 0x02, 0x60, 0x00, 0x00, 0x09, 0x00, 0x06, 0x30, 0x00, 0x00,
    0x09, 0x00, 0x09, 0x00, 0x00, 0x00, 0x09, 0x00, 0x36, 0x00, 0x00, 0x00,
    0x09, 0x00, 0xA0, 0x00, 0x00, 0x00, 0x09, 0x07, 0x30, 0x00, 0x00, 0x00,
    0x00, 0x00, 0x00, 0x00, 0x00, 0x00,
    /* U+677F 板 */
    0x00, 0x00, 0x00, 0x00, 0x00, 0x00, 0x00, 0x00, 0x00, 0x00, 0x00, 0x00,
    0x50, 0x00, 0x00, 0x00, 0x00, 0x00, 0x90, 0x00, 0x00, 0x00, 0x01, 0x47,
    0x90, 0x00, 0x5A, 0x88, 0x87, 0x52, 0x90, 0x00, 0x54, 0x00, 0x00, 0x00,
    0xF9, 0x96, 0x54, 0x00, 0x00, 0x00, 0xF0, 0x00, 0x54, 0x00, 0x00, 0x00,
    0xF7, 0x00, 0x5C, 0x88, 0x88, 0x88, 0x96, 0x30, 0x55, 0x73, 0x11, 0x11,
    0x90, 0xA1, 0x63, 0x26, 0x00, 0x00, 0x90, 0x32, 0x63, 0x08, 0x00, 0x00,
    0x90, 0x00, 0x81, 0x06, 0x30, 0x02, 0x90, 0x00, 0x90, 0x00, 0x80, 0x09,
    0x90, 0x00, 0x80, 0x00, 0x63, 0x47, 0x90, 0x00, 0x80, 0x00, 0x0B, 0xA0,
    0x90, 0x04, 0x40, 0x00, 0x1D, 0xA0, 0x90, 0x09, 0x10, 0x02, 0xA2, 0x57,
    0x90, 0x28, 0x00, 0x59, 0x10, 0x05, 0x90, 0x81, 0x2A, 0x50, 0x00, 0x00,
    0x00, 0x00, 0x00, 0x00, 0x00, 0x00,
    /* U+6784 构 */
    0x00, 0x00, 0x00, 0x00, 0x00, 0x00, 0x00, 0x00, 0x00, 0x00, 0x00, 0x00,
    0x50, 0x00, 0x00, 0x50, 0x00, 0x00, 0x90, 0x00, 0x00, 0x90, 0x00, 0x00,
    0x90, 0x00, 0x02, 0x70, 0x00, 0x00, 0x90, 0x00, 0x08, 0x64, 0x44, 0x44,
    0xF9, 0x96, 0x0B, 0x55, 0x55, 0x55, 0xF0, 0x00, 0x54, 0x00, 0x00, 0x00,
    0xF4, 0x01, 0x90, 0x08, 0x00, 0x00, 0x98, 0x15, 0x20, 0x18, 0x00, 0x00,
    0x91, 0x90, 0x00, 0x64, 0x01, 0x00, 0x90, 0x73, 0x00, 0x90, 0x08, 0x00,
    0x90, 0x00, 0x02, 0x70, 0x05, 0x30, 0x90, 0x00, 0x08, 0x10, 0x02, 0xA0,
    0x90, 0x00, 0x3D, 0x88, 0x86, 0xA1, 0x90, 0x00, 0x64, 0x00, 0x00, 0x33,
    0x90, 0x00, 0x00, 0x00, 0x00, 0x00, 0x90, 0x00, 0x00, 0x00, 0x00, 0x00,
    0x90, 0x00, 0x00, 0x00, 0x00, 0x00, 0x80, 0x00, 0x00, 0x00, 0x06, 0x99,
    0x00, 0x00, 0x00, 0x00, 0x00, 0x00,
    /* U+6821 校 */
    0x00, 0x00, 0x00, 0x00, 0x00, 0x00, 0x00, 0x00, 0x00, 0x00, 0x00, 0x00,
    0x50, 0x00, 0x00, 0x02, 0x20, 0x00, 0x90, 0x00, 0x00, 0x00, 0x91, 0x00,
    0x90, 0x00, 0x00, 0x00, 0x28, 0x00, 0x90, 0x00, 0x66, 0x66, 0x67, 0x66,
    0x90, 0x00, 0x22, 0x22, 0x22, 0x22, 0xF9, 0x94, 0x00, 0x43, 0x00, 0x26,
    0xF0, 0x00, 0x00, 0xA0, 0x00, 0x06, 0xE7, 0x00, 0x08, 0x30, 0x00, 0x00,
    0x97, 0x20, 0x66, 0x20, 0x00, 0x04, 0x91, 0x92, 0x60, 0x90, 0x00, 0x09,
    0x90, 0x51, 0x00, 0x72, 0x00, 0x28, 0x90, 0x00, 0x00, 0x19, 0x00, 0x82,
    0x90, 0x00, 0x00, 0x05, 0x52, 0x70, 0x90, 0x00, 0x00, 0x00, 0x9C, 0x10,
    0x90, 0x00, 0x00, 0x00, 0x9C, 0x20, 0x90, 0x00, 0x00, 0x19, 0x31, 0x93,
    0x90, 0x00, 0x02, 0x92, 0x00, 0x08, 0x90, 0x01, 0x77, 0x00, 0x00, 0x00,
    0x00, 0x02, 0x20, 0x00, 0x00, 0x00,
    /* U+6B63 正 */
    0x00, 0x00, 0x00, 0x00, 0x00, 0x00, 0x00, 0x00, 0x00, 0x00, 0x00, 0x00,
    0x00, 0x00, 0x00, 0x00, 0x00, 0x00, 0x00, 0x00, 0x00, 0x00, 0x00, 0x00,
    0x99, 0x99, 0x99, 0xF9, 0x99, 0x99, 0x00, 0x00, 0x00, 0x90, 0x00, 0x00,
    0x00, 0x00, 0x00, 0x90, 0x00, 0x00, 0x00, 0x00, 0x00, 0x90, 0x00, 0x00,
    0x10, 0x00, 0x00, 0x90, 0x00, 0x00, 0x90, 0x00, 0x00, 0x90, 0x00, 0x00,
    0x90, 0x00, 0x00, 0x90, 0x00, 0x00, 0x90, 0x00, 0x00, 0xE9, 0x99, 0x99,
    0x90, 0x00, 0x00, 0x90, 0x00, 0x00, 0x90, 0x00, 0x00, 0x90, 0x00, 0x00,
    0x90, 0x00, 0x00, 0x90, 0x00, 0x00, 0x90, 0x00, 0x00, 0x90, 0x00, 0x00,
    0x90, 0x00, 0x00, 0x90, 0x00, 0x00, 0x90, 0x00, 0x00, 0x90, 0x00, 0x00,
    0xD4, 0x44, 0x44, 0xD4, 0x44, 0x44, 0x44, 0x44, 0x44, 0x44, 0x44, 0x44,
    0x00, 0x00, 0x00, 0x00, 0x00, 0x00,
    /* U+6D88 消 */
    0x00, 0x00, 0x00, 0x00, 0x00, 0x00, 0x00, 0x00, 0x00, 0x00, 0x00, 0x00,
    0x00, 0x00, 0x00, 0x00, 0x60, 0x00, 0x10, 0x08, 0x10, 0x00, 0xA0, 0x00,
    0xB3, 0x01, 0xA0, 0x00, 0xA0, 0x00, 0x03, 0x00, 0x74, 0x00, 0xA0, 0x00,
    0x00, 0x00, 0x0A, 0x00, 0xA0, 0x08, 0x00, 0x00, 0x01, 0x00, 0xA0, 0x00,
    0x00, 0x04, 0xBA, 0xAA, 0xFA, 0xAA, 0x20, 0x05, 0x50, 0x00, 0x00, 0x00,
    0x50, 0x05, 0x50, 0x00, 0x00, 0x00, 0x00, 0x05, 0xFA, 0xAA, 0xAA, 0xAA,
    0x00, 0x05, 0x50, 0x00, 0x00, 0x00, 0x45, 0x05, 0x50, 0x00, 0x00, 0x00,
    0xB0, 0x05, 0x50, 0x00, 0x00, 0x00, 0x80, 0x06, 0xFA, 0xAA, 0xAA, 0xAA,
    0x10, 0x05, 0x50, 0x00, 0x00, 0x00, 0x00, 0x05, 0x50, 0x00, 0x00, 0x00,
    0x00, 0x05, 0x50, 0x00, 0x00, 0x00, 0x00, 0x05, 0x50, 0x00, 0x01, 0xAA,
    0x00, 0x00, 0x00, 0x00, 0x00, 0x00,
    /* U+6EDA 滚 */
    0x00, 0x00, 0x00, 0x00, 0x00, 0x00, 0x00, 0x00, 0x00, 0x00, 0x00, 0x00,
    0x00, 0x00, 0x00, 0x06, 0x00, 0x00, 0x00, 0x00, 0x00, 0x06, 0x30, 0x00,
    0xA1, 0x79, 0x99, 0x99, 0xE9, 0x99, 0x22, 0x00, 0x03, 0x00, 0x00, 0x20,
    0x00, 0x00, 0x48, 0x00, 0x00, 0x95, 0x00, 0x03, 0x90, 0x15, 0x00, 0x06,
    0x00, 0x59, 0x00, 0x93, 0x00, 0x00, 0x03, 0x60, 0x08, 0x40, 0x08, 0x10,
    0x30, 0x00, 0x84, 0x00, 0x01, 0x91, 0x00, 0x1B, 0x86, 0x7F, 0x98, 0xAE,
    0x00, 0x29, 0x53, 0x88, 0x60, 0x03, 0x60, 0x00, 0x06, 0x70, 0x90, 0x00,
    0x90, 0x01, 0x96, 0x00, 0x55, 0x01, 0x30, 0x5A, 0xB0, 0x00, 0x08, 0x38,
    0x19, 0x50, 0x90, 0x00, 0x01, 0xE1, 0x00, 0x00, 0x90, 0x00, 0x00, 0x3A,
    0x00, 0x00, 0x90, 0x26, 0x80, 0x02, 0x00, 0x02, 0xFA, 0x73, 0x00, 0x00,
    0x00, 0x01, 0x20, 0x00, 0x00, 0x00,
    /* U+7247 片 */
    0x00, 0x00, 0x00, 0x00, 0x00, 0x00, 0x00, 0x00, 0x00, 0x00, 0x00, 0x00,
    0x10, 0x00, 0x00, 0x07, 0x00, 0x00, 0x90, 0x00, 0x00, 0x09, 0x00, 0x00,
    0x90, 0x00, 0x00, 0x09, 0x00, 0x00, 0x90, 0x00, 0x00, 0x09, 0x00, 0x00,
    0x90, 0x00, 0x00, 0x09, 0x00, 0x00, 0xD6, 0x66, 0x66, 0x6F, 0x66, 0x66,
    0xB3, 0x33, 0x33, 0x33, 0x33, 0x33, 0x90, 0x00, 0x00, 0x00, 0x00, 0x00,
    0x80, 0x00, 0x00, 0x00, 0x00, 0x00, 0x70, 0x00, 0x00, 0x00, 0x00, 0x00,
    0xD9, 0x99, 0x99, 0x99, 0x99, 0x70, 0x40, 0x00, 0x00, 0x00, 0x01, 0x80,
    0x20, 0x00, 0x00, 0x00, 0x01, 0x80, 0x00, 0x00, 0x00, 0x00, 0x01, 0x80,
    0x00, 0x00, 0x00, 0x00, 0x01, 0x80, 0x00, 0x00, 0x00, 0x00, 0x01, 0x80,
    0x00, 0x00, 0x00, 0x00, 0x01, 0x80, 0x00, 0x00, 0x00, 0x00, 0x01, 0x80,
    0x00, 0x00, 0x00, 0x00, 0x00, 0x00,
    /* U+7248 版 */
    0x00, 0x00, 0x00, 0x00, 0x00, 0x00, 0x00, 0x00, 0x00, 0x00, 0x00, 0x00,
    0x00, 0x80, 0x00, 0x00, 0x00, 0x00, 0x00, 0x90, 0x01, 0x66, 0x88, 0x88,
    0x00, 0x90, 0x03, 0xA2, 0x00, 0x00, 0x00, 0x90, 0x03, 0x60, 0x00, 0x00,
    0x00, 0x90, 0x03, 0x60, 0x00, 0x00, 0x00, 0x90, 0x03, 0x60, 0x00, 0x00,
    0xBB, 0xFB, 0x83, 0xDA, 0x99, 0x99, 0x00, 0x00, 0x03, 0x67, 0x10, 0x00,
    0x00, 0x00, 0x03, 0x63, 0x50, 0x00, 0x00, 0x00, 0x03, 0x60, 0x80, 0x00,
    0x99, 0x93, 0x04, 0x50, 0x80, 0x00, 0x00, 0x45, 0x05, 0x40, 0x54, 0x00,
    0x00, 0x45, 0x06, 0x30, 0x09, 0x05, 0x00, 0x45, 0x08, 0x10, 0x06, 0x49,
    0x00, 0x45, 0x09, 0x00, 0x01, 0xF3, 0x00, 0x45, 0x09, 0x00, 0x09, 0x69,
    0x00, 0x45, 0x54, 0x01, 0x93, 0x03, 0x00, 0x45, 0x80, 0x69, 0x20, 0x00,
    0x00, 0x00, 0x00, 0x10, 0x00, 0x00,
    /* U+753B 画 */
    0x00, 0x00, 0x00, 0x00, 0x00, 0x00, 0x00, 0x00, 0x00, 0x00, 0x00, 0x00,
    0x00, 0x00, 0x00, 0x00, 0x00, 0x00, 0x00, 0x00, 0x00, 0x00, 0x00, 0x00,
    0x99, 0x99, 0x99, 0x99, 0x99, 0x99, 0x00, 0x00, 0x00, 0x00, 0x00, 0x00,
    0x00, 0x00, 0x00, 0x00, 0x00, 0x00, 0x09, 0x99, 0x9E, 0x99, 0x99, 0x80,
    0x09, 0x00, 0x09, 0x00, 0x00, 0x90, 0x09, 0x00, 0x09, 0x00, 0x00, 0x90,
    0x09, 0x00, 0x09, 0x00, 0x00, 0x90, 0x0C, 0x99, 0x9F, 0x99, 0x99, 0xB0,
    0x09, 0x00, 0x09, 0x00, 0x00, 0x90, 0x09, 0x00, 0x09, 0x00, 0x00, 0x90,
    0x09, 0x00, 0x09, 0x00, 0x00, 0x90, 0x0B, 0x77, 0x7E, 0x77, 0x77, 0xA0,
    0x02, 0x22, 0x22, 0x22, 0x22, 0x10, 0x00, 0x00, 0x00, 0x00, 0x00, 0x00,
    0x00, 0x00, 0x00, 0x00, 0x00, 0x00, 0x88, 0x88, 0x88, 0x88, 0x88, 0x88,
    0x00, 0x00, 0x00, 0x00, 0x00, 0x00,
    /* U+76D8 盘 */
    0x00, 0x00, 0x00, 0x00, 0x00, 0x00, 0x00, 0x00, 0x00, 0x00, 0x00, 0x00,
    0x00, 0x00, 0x06, 0x20, 0x00, 0x00, 0x00, 0x00, 0x0A, 0x00, 0x00, 0x00,
    0x4E, 0x99, 0xBC, 0x99, 0x99, 0x9F, 0x45, 0x00, 0x73, 0x00, 0x00, 0x09,
    0x45, 0x00, 0x07, 0x70, 0x00, 0x09, 0x45, 0x00, 0x00, 0x41, 0x00, 0x09,
    0xEC, 0x99, 0x99, 0x99, 0x99, 0x9F, 0x72, 0x00, 0x40, 0x00, 0x00, 0x09,
    0x90, 0x00, 0x49, 0x20, 0x00, 0x09, 0x60, 0x00, 0x01, 0x93, 0x00, 0x09,
    0x00, 0x00, 0x00, 0x02, 0x05, 0x5A, 0x00, 0x00, 0x00, 0x00, 0x03, 0x31,
    0x99, 0x9C, 0x99, 0x99, 0xC9, 0x99, 0x00, 0x09, 0x00, 0x00, 0x90, 0x00,
    0x00, 0x09, 0x00, 0x00, 0x90, 0x00, 0x00, 0x09, 0x00, 0x00, 0x90, 0x00,
    0x00, 0x09, 0x00, 0x00, 0x90, 0x00, 0xCC, 0xCF, 0xCC, 0xCC, 0xFC, 0xCC,
    0x00, 0x00, 0x00, 0x00, 0x00, 0x00,
    /* U+76EE 目 */
    0x00, 0x00, 0x00, 0x00, 0x00, 0x00, 0x00, 0x00, 0x00, 0x00, 0x00, 0x00,
    0x00, 0x00, 0x00, 0x00, 0x00, 0x00, 0x00, 0x00, 0x00, 0x00, 0x00, 0x00,
    0xAA, 0xAA, 0xAA, 0xAA, 0xAA, 0xAC, 0x00, 0x00, 0x00, 0x00, 0x00, 0x05,
    0x00, 0x00, 0x00, 0x00, 0x00, 0x05, 0x00, 0x00, 0x00, 0x00, 0x00, 0x05,
    0xAA, 0xAA, 0xAA, 0xAA, 0xAA, 0xAF, 0x00, 0x00, 0x00, 0x00, 0x00, 0x05,
    0x00, 0x00, 0x00, 0x00, 0x00, 0x05, 0x00, 0x00, 0x00, 0x00, 0x00, 0x05,
    0x00, 0x00, 0x00, 0x00, 0x00, 0x05, 0xAA, 0xAA, 0xAA, 0xAA, 0xAA, 0xAF,
    0x00, 0x00, 0x00, 0x00, 0x00, 0x05, 0x00, 0x00, 0x00, 0x00, 0x00, 0x05,
    0x00, 0x00, 0x00, 0x00, 0x00, 0x05, 0x00, 0x00, 0x00, 0x00, 0x00, 0x05,
    0x99, 0x99, 0x99, 0x99, 0x99, 0x9E, 0x00, 0x00, 0x00, 0x00, 0x00, 0x05,
    0x00, 0x00, 0x00, 0x00, 0x00, 0x00,
    /* U+79D2 秒 */
    0x00, 0x00, 0x00, 0x00, 0x00, 0x00, 0x00, 0x00, 0x00, 0x00, 0x00, 0x00,
    0x00, 0x01, 0x00, 0x00, 0x04, 0x00, 0x27, 0x99, 0x10, 0x00, 0x09, 0x00,
    0x7B, 0x00, 0x00, 0x00, 0x09, 0x00, 0x18, 0x00, 0x00, 0x10, 0x09, 0x00,
    0x18, 0x00, 0x00, 0x90, 0x09, 0x00, 0x18, 0x00, 0x00, 0x90, 0x09, 0x00,
    0xBF, 0x99, 0x71, 0x70, 0x09, 0x00, 0x7F, 0x00, 0x06, 0x30, 0x09, 0x00,
    0x9B, 0x70, 0x09, 0x00, 0x09, 0x00, 0x58, 0x73, 0x18, 0x00, 0x09, 0x00,
    0x18, 0x0A, 0x22, 0x00, 0x09, 0x00, 0x18, 0x03, 0x10, 0x00, 0x09, 0x00,
    0x18, 0x00, 0x00, 0x00, 0x08, 0x02, 0x18, 0x00, 0x00, 0x00, 0x00, 0x1A,
    0x18, 0x00, 0x00, 0x00, 0x01, 0xA2, 0x18, 0x00, 0x00, 0x00, 0x59, 0x10,
    0x18, 0x00, 0x00, 0x59, 0x50, 0x00, 0x18, 0x03, 0x98, 0x40, 0x00, 0x00,
    0x00, 0x00, 0x00, 0x00, 0x00, 0x00,
    /* U+79FB 移 */
    0x00, 0x00, 0x00, 0x00, 0x00, 0x00, 0x00, 0x00, 0x00, 0x00, 0x00, 0x00,
    0x00, 0x30, 0x00, 0x00, 0x24, 0x00, 0xB9, 0x71, 0x00, 0x00, 0x91, 0x00,
    0x90, 0x00, 0x00, 0x0D, 0xB9, 0x99, 0x90, 0x00, 0x01, 0x93, 0x00, 0x00,
    0x90, 0x00, 0x59, 0x41, 0x00, 0x07, 0x90, 0x00, 0x40, 0x19, 0x30, 0x75,
    0xF9, 0x96, 0x00, 0x00, 0xBB, 0x30, 0xF2, 0x00, 0x00, 0x49, 0x60, 0x40,
    0xD8, 0x01, 0x89, 0x50, 0x04, 0x70, 0x92, 0x80, 0x10, 0x00, 0x3F, 0x99,
    0x90, 0x63, 0x00, 0x03, 0x90, 0x00, 0x90, 0x00, 0x00, 0x77, 0x00, 0x00,
    0x90, 0x00, 0x49, 0x45, 0x40, 0x00, 0x90, 0x00, 0x30, 0x00, 0x67, 0x06,
    0x90, 0x00, 0x00, 0x00, 0x05, 0xD6, 0x90, 0x00, 0x00, 0x00, 0x49, 0x30,
    0x90, 0x00, 0x02, 0x69, 0x50, 0x00, 0x90, 0x07, 0x87, 0x20, 0x00, 0x00,
    0x00, 0x00, 0x00, 0x00, 0x00, 0x00,
    /* U+7A0D 稍 */
    0x00, 0x00, 0x00, 0x00, 0x00, 0x00, 0x00, 0x00, 0x00, 0x00, 0x00, 0x00,
    0x00, 0x30, 0x00, 0x00, 0x06, 0x00, 0xB9, 0x60, 0x07, 0x00, 0x09, 0x00,
    0x90, 0x00, 0x04, 0x60, 0x09, 0x00, 0x90, 0x00, 0x00, 0x91, 0x09, 0x00,
    0x90, 0x00, 0x00, 0x36, 0x09, 0x01, 0x90, 0x00, 0x00, 0x00, 0x09, 0x00,
    0xF9, 0x97, 0x09, 0x99, 0x9E, 0x99, 0xF1, 0x00, 0x09, 0x00, 0x00, 0x00,
    0xD8, 0x00, 0x09, 0x00, 0x00, 0x00, 0x92, 0x80, 0x0D, 0x99, 0x99, 0x99,
    0x90, 0x64, 0x09, 0x00, 0x00, 0x00, 0x90, 0x01, 0x09, 0x00, 0x00, 0x00,
    0x90, 0x00, 0x09, 0x00, 0x00, 0x00, 0x90, 0x00, 0x0D, 0x99, 0x99, 0x99,
    0x90, 0x00, 0x09, 0x00, 0x00, 0x00, 0x90, 0x00, 0x09, 0x00, 0x00, 0x00,
    0x90, 0x00, 0x09, 0x00, 0x00, 0x00, 0x90, 0x00, 0x09, 0x00, 0x00, 0x38,
    0x00, 0x00, 0x00, 0x00, 0x00, 0x00,
    /* U+7ED1 绑 */
    0x00, 0x00, 0x00, 0x00, 0x00, 0x00, 0x00, 0x00, 0x00, 0x00, 0x00, 0x00,
    0x40, 0x00, 0x00, 0x40, 0x00, 0x00, 0xA0, 0x00, 0x00, 0x90, 0x00, 0x22,
    0x50, 0x00, 0x00, 0x90, 0x00, 0xA7, 0x10, 0x05, 0x99, 0xF9, 0x92, 0x80,
    0x01, 0x20, 0x00, 0x90, 0x00, 0x80, 0x07, 0x40, 0x00, 0x90, 0x00, 0x80,
    0x1A, 0x00, 0x00, 0x90, 0x00, 0x80, 0xF3, 0x03, 0x88, 0xF8, 0x50, 0x82,
    0x90, 0x00, 0x11, 0xA1, 0x10, 0x80, 0x20, 0x00, 0x00, 0x80, 0x00, 0x80,
    0x00, 0x00, 0x01, 0x80, 0x00, 0x80, 0x47, 0x20, 0x02, 0x70, 0x00, 0x80,
    0x52, 0x19, 0x9D, 0xE9, 0x95, 0x80, 0x00, 0x00, 0x07, 0x20, 0x00, 0x80,
    0x03, 0x40, 0x0A, 0x00, 0x00, 0x91, 0x85, 0x10, 0x46, 0x00, 0x00, 0x87,
    0x00, 0x01, 0xA0, 0x00, 0x00, 0x80, 0x00, 0x09, 0x20, 0x00, 0x00, 0x80,
    0x00, 0x00, 0x00, 0x00, 0x00, 0x00,
    /* U+7EE7 继 */
    0x00, 0x00, 0x00, 0x00, 0x00, 0x00, 0x00, 0x00, 0x00, 0x00, 0x00, 0x00,
    0x31, 0x00, 0x00, 0x00, 0x00, 0x40, 0x90, 0x00, 0x71, 0x20, 0x00, 0x90,
    0x60, 0x00, 0x81, 0x46, 0x00, 0x90, 0x10, 0x00, 0x81, 0x0A, 0x00, 0x90,
    0x00, 0x10, 0x81, 0x07, 0x30, 0x90, 0x00, 0xA1, 0x81, 0x02, 0x60, 0x92,
    0x06, 0x40, 0x81, 0x00, 0x00, 0x90, 0xAC, 0x00, 0x81, 0x99, 0x9C, 0xF9,
    0x91, 0x00, 0x81, 0x00, 0x08, 0xF3, 0x40, 0x00, 0x81, 0x00, 0x36, 0x99,
    0x00, 0x00, 0x81, 0x00, 0x90, 0x91, 0x58, 0x82, 0x81, 0x07, 0x30, 0x90,
    0x41, 0x00, 0x81, 0x57, 0x00, 0x90, 0x00, 0x00, 0x81, 0x50, 0x00, 0x90,
    0x00, 0x22, 0x81, 0x00, 0x00, 0x90, 0x99, 0x72, 0x81, 0x00, 0x00, 0x40,
    0x00, 0x00, 0x8A, 0xAA, 0xAA, 0xAA, 0x00, 0x00, 0x00, 0x00, 0x00, 0x00,
    0x00, 0x00, 0x00, 0x00, 0x00, 0x00,
    /* U+7EED 续 */
    0x00, 0x00, 0x00, 0x00, 0x00, 0x00, 0x00, 0x00, 0x00, 0x00, 0x00, 0x00,
    0x05, 0x00, 0x00, 0x00, 0x43, 0x00, 0x37, 0x00, 0x00, 0x00, 0x54, 0x00,
    0x91, 0x00, 0x29, 0x99, 0xED, 0x99, 0x80, 0x00, 0x00, 0x00, 0x54, 0x00,
    0x10, 0x10, 0x00, 0x00, 0x54, 0x00, 0x00, 0x91, 0x88, 0x88, 0xCC, 0x88,
    0x04, 0x60, 0x11, 0x11, 0x11, 0x11, 0x9D, 0x00, 0x01, 0x60, 0x08, 0x00,
    0x73, 0x00, 0x00, 0x4A, 0x19, 0x00, 0x80, 0x00, 0x54, 0x02, 0x59, 0x00,
    0x00, 0x00, 0x06, 0x70, 0x09, 0x00, 0x68, 0x81, 0x00, 0x41, 0x09, 0x00,
    0x20, 0x02, 0x99, 0x99, 0x9F, 0x99, 0x00, 0x00, 0x00, 0x00, 0x55, 0x00,
    0x04, 0x81, 0x00, 0x01, 0xA0, 0x71, 0x95, 0x00, 0x00, 0x09, 0x30, 0x19,
    0x00, 0x00, 0x02, 0xA3, 0x00, 0x00, 0x00, 0x01, 0x88, 0x10, 0x00, 0x00,
    0x00, 0x02, 0x20, 0x00, 0x00, 0x00,
    /* U+7F57 罗 */
    0x00, 0x00, 0x00, 0x00, 0x00, 0x00, 0x00, 0x00, 0x00, 0x00, 0x00, 0x00,
    0x00, 0x00, 0x00, 0x00, 0x00, 0x00, 0x99, 0x9B, 0x99, 0x99, 0xB9, 0x99,
    0x00, 0x09, 0x00, 0x00, 0x90, 0x00, 0x00, 0x09, 0x00, 0x00, 0x90, 0x00,
    0x00, 0x09, 0x00, 0x00, 0x90, 0x00, 0x00, 0x09, 0x00, 0x00, 0x90, 0x00,
    0xAA, 0xAB, 0xBA, 0xAA, 0xAA, 0xAA, 0x00, 0x0A, 0x20, 0x00, 0x00, 0x00,
    0x00, 0x76, 0x00, 0x00, 0x00, 0x00, 0x07, 0xFA, 0xAA, 0xAA, 0xAA, 0xAF,
    0x86, 0x00, 0x00, 0x00, 0x00, 0x0B, 0x30, 0x27, 0x00, 0x00, 0x00, 0x75,
    0x00, 0x04, 0x90, 0x00, 0x04, 0x80, 0x00, 0x00, 0x3B, 0x10, 0x59, 0x00,
    0x00, 0x00, 0x02, 0xB9, 0x70, 0x00, 0x00, 0x00, 0x06, 0xC3, 0x00, 0x00,
    0x00, 0x28, 0xA4, 0x00, 0x00, 0x00, 0x99, 0x72, 0x00, 0x00, 0x00, 0x00,
    0x10, 0x00, 0x00, 0x00, 0x00, 0x00,
    /* U+7F6E 置 */
    0x00, 0x00, 0x00, 0x00, 0x00, 0x00, 0x00, 0x00, 0x00, 0x00, 0x00, 0x00,
    0x00, 0x00, 0x00, 0x00, 0x00, 0x00, 0x99, 0x9B, 0x99, 0x99, 0xB9, 0x99,
    0x00, 0x09, 0x00, 0x00, 0x90, 0x00, 0x00, 0x09, 0x00, 0x00, 0x90, 0x00,
    0x99, 0x9A, 0x9C, 0x99, 0xA9, 0x99, 0x00, 0x00, 0x09, 0x00, 0x00, 0x00,
    0x99, 0x99, 0x9F, 0x99, 0x99, 0x99, 0x00, 0x00, 0x27, 0x00, 0x00, 0x00,
    0x68, 0x88, 0xBB, 0x88, 0x88, 0x85, 0x91, 0x11, 0x11, 0x11, 0x11, 0x19,
    0xE9, 0x99, 0x99, 0x99, 0x99, 0x9D, 0x90, 0x00, 0x00, 0x00, 0x00, 0x09,
    0x91, 0x11, 0x11, 0x11, 0x11, 0x19, 0xD8, 0x88, 0x88, 0x88, 0x88, 0x8C,
    0x90, 0x00, 0x00, 0x00, 0x00, 0x09, 0xC9, 0x99, 0x99, 0x99, 0x99, 0x9C,
    0x90, 0x00, 0x00, 0x00, 0x00, 0x09, 0xD9, 0x99, 0x99, 0x99, 0x99, 0x9D,
    0x00, 0x00, 0x00, 0x00, 0x00, 0x00,
    /* U+8272 色 */
    0x00, 0x00, 0x00, 0x00, 0x00, 0x00, 0x00, 0x00, 0x00, 0x00, 0x00, 0x00,
    0x00, 0x05, 0x00, 0x00, 0x00, 0x00, 0x00, 0x28, 0x00, 0x00, 0x00, 0x00,
    0x00, 0xFA, 0x99, 0x99, 0xB5, 0x00, 0x07, 0x40, 0x00, 0x00, 0xA1, 0x00,
    0x75, 0x00, 0x00, 0x07, 0x40, 0x00, 0x81, 0x11, 0x11, 0x77, 0x11, 0x11,
    0xD8, 0x88, 0x88, 0xF8, 0x88, 0x88, 0x60, 0x00, 0x00, 0x90, 0x00, 0x00,
    0x60, 0x00, 0x00, 0x90, 0x00, 0x00, 0x60, 0x00, 0x00, 0x90, 0x00, 0x00,
    0x60, 0x00, 0x00, 0x90, 0x00, 0x00, 0xE9, 0x99, 0x99, 0xC9, 0x99, 0x99,
    0x60, 0x00, 0x00, 0x00, 0x00, 0x00, 0x60, 0x00, 0x00, 0x00, 0x00, 0x00,
    0x60, 0x00, 0x00, 0x00, 0x00, 0x00, 0x60, 0x00, 0x00, 0x00, 0x00, 0x00,
    0x80, 0x00, 0x00, 0x00, 0x00, 0x00, 0x79, 0x99, 0x99, 0x99, 0x99, 0x99,
    0x00, 0x00, 0x00, 0x00, 0x00, 0x00,
    /* U+82AF 芯 */
    0x00, 0x00, 0x00, 0x00, 0x00, 0x00, 0x00, 0x00, 0x00, 0x00, 0x00, 0x00,
    0x00, 0x50, 0x00, 0x00, 0x05, 0x00, 0x00, 0x90, 0x00, 0x00, 0x09, 0x00,
    0x00, 0x90, 0x00, 0x00, 0x09, 0x00, 0x99, 0xF9, 0x99, 0x99, 0x9F, 0x99,
    0x00, 0x90, 0x00, 0x00, 0x09, 0x00, 0x00, 0x90, 0x00, 0x00, 0x09, 0x00,
    0x00, 0x30, 0x18, 0x00, 0x03, 0x00, 0x00, 0x00, 0x06, 0x40, 0x00, 0x00,
    0x00, 0x00, 0x00, 0xA0, 0x00, 0x00, 0x00, 0x90, 0x00, 0x55, 0x00, 0x00,
    0x00, 0x90, 0x00, 0x0A, 0x00, 0x00, 0x00, 0x90, 0x00, 0x06, 0x10, 0x00,
    0x00, 0x90, 0x00, 0x00, 0x00, 0x00, 0x00, 0x90, 0x00, 0x00, 0x00, 0x00,
    0x00, 0x90, 0x00, 0x00, 0x00, 0x17, 0x00, 0x90, 0x00, 0x00, 0x00, 0x27,
    0x00, 0x90, 0x00, 0x00, 0x00, 0x54, 0x00, 0x89, 0x99, 0x99, 0x99, 0xA0,
    0x00, 0x00, 0x00, 0x00, 0x00, 0x00,
    /* U+82F1 英 */
    0x00, 0x00, 0x00, 0x00, 0x00, 0x00, 0x00, 0x00, 0x00, 0x00, 0x00, 0x00,
    0x00, 0x60, 0x00, 0x00, 0x06, 0x00, 0x00, 0x90, 0x00, 0x00, 0x09, 0x00,
    0x99, 0xF9, 0x99, 0x99, 0x9F, 0x99, 0x00, 0x90, 0x00, 0x00, 0x09, 0x00,
    0x00, 0x90, 0x06, 0x00, 0x09, 0x00, 0x00, 0x30, 0x09, 0x00, 0x03, 0x00,
    0x00, 0x00, 0x09, 0x00, 0x00, 0x00, 0x99, 0x99, 0x9F, 0x99, 0x99, 0x99,
    0x00, 0x00, 0x09, 0x00, 0x00, 0x00, 0x00, 0x00, 0x09, 0x00, 0x00, 0x00,
    0x00, 0x00, 0x09, 0x00, 0x00, 0x00, 0x44, 0x44, 0x4D, 0x44, 0x44, 0x44,
    0x55, 0x55, 0x6E, 0xF5, 0x55, 0x55, 0x00, 0x00, 0x73, 0x55, 0x00, 0x00,
    0x00, 0x03, 0x80, 0x09, 0x20, 0x00, 0x00, 0x68, 0x00, 0x01, 0x94, 0x00,
    0x4A, 0x50, 0x00, 0x00, 0x07, 0x82, 0x50, 0x00, 0x00, 0x00, 0x00, 0x27,
    0x00, 0x00, 0x00, 0x00, 0x00, 0x00,
    /* U+878D 融 */
    0x00, 0x00, 0x00, 0x00, 0x00, 0x00, 0x00, 0x00, 0x00, 0x00, 0x00, 0x00,
    0x00, 0x00, 0x00, 0x00, 0x00, 0x60, 0x99, 0x99, 0x99, 0x10, 0x00, 0x90,
    0x00, 0x00, 0x00, 0x00, 0x00, 0x90, 0x77, 0x77, 0x72, 0x00, 0x00, 0x90,
    0x22, 0x22, 0x74, 0x06, 0x77, 0xF7, 0x00, 0x00, 0x54, 0x09, 0x22, 0xB2,
    0x11, 0x11, 0x64, 0x09, 0x00, 0x90, 0x88, 0x88, 0x82, 0x09, 0x00, 0x90,
    0x00, 0x00, 0x00, 0x09, 0x00, 0x90, 0x99, 0x99, 0x9F, 0x19, 0x00, 0x90,
    0x40, 0x07, 0x18, 0x19, 0x00, 0x90, 0x90, 0x19, 0x08, 0x18, 0x99, 0xF9,
    0x53, 0x82, 0x08, 0x10, 0x00, 0x90, 0x8D, 0xD8, 0x58, 0x10, 0x00, 0x90,
    0x06, 0x30, 0x08, 0x10, 0x00, 0x90, 0x06, 0x30, 0x08, 0x10, 0x00, 0x90,
    0x06, 0x30, 0x08, 0x10, 0x01, 0xC5, 0x06, 0x35, 0x8A, 0x29, 0x98, 0x83,
    0x00, 0x00, 0x00, 0x00, 0x00, 0x00,
    /* U+8868 表 */
    0x00, 0x00, 0x00, 0x00, 0x00, 0x00, 0x00, 0x00, 0x00, 0x00, 0x00, 0x00,
    0x00, 0x00, 0x06, 0x00, 0x00, 0x00, 0x00, 0x00, 0x09, 0x00, 0x00, 0x00,
    0x99, 0x99, 0x9F, 0x99, 0x99, 0x99, 0x00, 0x00, 0x09, 0x00, 0x00, 0x00,
    0x00, 0x00, 0x09, 0x00, 0x00, 0x00, 0x99, 0x99, 0x9F, 0x99, 0x99, 0x99,
    0x00, 0x00, 0x09, 0x00, 0x00, 0x00, 0x00, 0x00, 0x09, 0x00, 0x00, 0x00,
    0x99, 0x99, 0xAF, 0xA9, 0x99, 0x99, 0x00, 0x01, 0x93, 0x80, 0x00, 0x00,
    0x00, 0x49, 0x10, 0x81, 0x00, 0x00, 0x1B, 0x70, 0x00, 0x18, 0x00, 0x07,
    0x9B, 0x00, 0x00, 0x05, 0x51, 0x83, 0x09, 0x00, 0x00, 0x00, 0x8B, 0x10,
    0x09, 0x00, 0x00, 0x00, 0x08, 0x50, 0x09, 0x00, 0x00, 0x22, 0x00, 0x68,
    0x09, 0x03, 0x78, 0x61, 0x00, 0x02, 0x0F, 0xA7, 0x10, 0x00, 0x00, 0x00,
    0x03, 0x00, 0x00, 0x00, 0x00, 0x00,
    /* U+8A00 言 */
    0x00, 0x00, 0x00, 0x00, 0x00, 0x00, 0x00, 0x00, 0x00, 0x00, 0x00, 0x00,
    0x00, 0x00, 0x26, 0x00, 0x00, 0x00, 0x00, 0x00, 0x07, 0x50, 0x00, 0x00,
    0x00, 0x00, 0x00, 0x92, 0x00, 0x00, 0x99, 0x99, 0x99, 0x99, 0x99, 0x99,
    0x11, 0x11, 0x11, 0x11, 0x11, 0x11, 0x00, 0x00, 0x00, 0x00, 0x00, 0x00,
    0x7A, 0xAA, 0xAA, 0xAA, 0xAA, 0xA6, 0x00, 0x00, 0x00, 0x00, 0x00, 0x00,
    0x00, 0x00, 0x00, 0x00, 0x00, 0x00, 0x7A, 0xAA, 0xAA, 0xAA, 0xAA, 0xA6,
    0x00, 0x00, 0x00, 0x00, 0x00, 0x00, 0x00, 0x00, 0x00, 0x00, 0x00, 0x00,
    0x9A, 0xAA, 0xAA, 0xAA, 0xAA, 0xAA, 0xA0, 0x00, 0x00, 0x00, 0x00, 0x0A,
    0xA0, 0x00, 0x00, 0x00, 0x00, 0x0A, 0xA0, 0x00, 0x00, 0x00, 0x00, 0x0A,
    0xA0, 0x00, 0x00, 0x00, 0x00, 0x0A, 0xFA, 0xAA, 0xAA, 0xAA, 0xAA, 0xAF,
    0x10, 0x00, 0x00, 0x00, 0x00, 0x00,
    /* U+8BBE 设 */
    0x00, 0x00, 0x00, 0x00, 0x00, 0x00, 0x00, 0x00, 0x00, 0x00, 0x00, 0x00,
    0x00, 0x00, 0x00, 0x00, 0x00, 0x00, 0x20, 0x00, 0x00, 0xB9, 0x99, 0x9B,
    0xA2, 0x00, 0x00, 0x90, 0x00, 0x09, 0x1A, 0x10, 0x00, 0x90, 0x00, 0x09,
    0x02, 0x00, 0x00, 0x90, 0x00, 0x09, 0x00, 0x00, 0x02, 0x70, 0x00, 0x09,
    0x00, 0x00, 0x0A, 0x10, 0x00, 0x09, 0xD0, 0x01, 0x94, 0x00, 0x00, 0x04,
    0x90, 0x07, 0x20, 0x00, 0x00, 0x00, 0x90, 0x01, 0x9A, 0x99, 0x99, 0x99,
    0x90, 0x00, 0x09, 0x00, 0x00, 0x00, 0x90, 0x00, 0x07, 0x30, 0x00, 0x00,
    0x90, 0x00, 0x00, 0xA0, 0x00, 0x05, 0x90, 0x00, 0x00, 0x39, 0x00, 0x39,
    0x90, 0x02, 0x00, 0x05, 0x84, 0x90, 0x91, 0x86, 0x00, 0x00, 0xBF, 0x20,
    0xF9, 0x20, 0x00, 0x4A, 0x42, 0xA6, 0x60, 0x01, 0x6A, 0x60, 0x00, 0x04,
    0x00, 0x01, 0x40, 0x00, 0x00, 0x00,
    /* U+8BCA 诊 */
    0x00, 0x00, 0x00, 0x00, 0x00, 0x00, 0x00, 0x00, 0x00, 0x00, 0x00, 0x00,
    0x00, 0x00, 0x00, 0x00, 0x12, 0x00, 0x10, 0x00, 0x00, 0x00, 0xA7, 0x00,
    0xA1, 0x00, 0x00, 0x03, 0x89, 0x10, 0x2A, 0x00, 0x00, 0x19, 0x01, 0xA1,
    0x01, 0x00, 0x01, 0x91, 0x00, 0x2A, 0x00, 0x00, 0x29, 0x10, 0x00, 0x01,
    0x00, 0x05, 0x91, 0x00, 0x17, 0x00, 0xF1, 0x05, 0x00, 0x02, 0x91, 0x00,
    0x81, 0x00, 0x00, 0x59, 0x10, 0x00, 0x81, 0x00, 0x39, 0x50, 0x00, 0x16,
    0x81, 0x00, 0x21, 0x00, 0x01, 0xA1, 0x81, 0x00, 0x00, 0x00, 0x2A, 0x20,
    0x81, 0x00, 0x00, 0x06, 0x81, 0x00, 0x81, 0x00, 0x05, 0xA4, 0x00, 0x00,
    0x81, 0x03, 0x04, 0x00, 0x00, 0x05, 0x83, 0x93, 0x00, 0x00, 0x00, 0x87,
    0xF9, 0x10, 0x00, 0x00, 0x69, 0x30, 0x80, 0x00, 0x04, 0x89, 0x30, 0x00,
    0x00, 0x00, 0x65, 0x10, 0x00, 0x00,
    /* U+8BED 语 */
    0x00, 0x00, 0x00, 0x00, 0x00, 0x00, 0x00, 0x00, 0x00, 0x00, 0x00, 0x00,
    0x00, 0x00, 0x00, 0x00, 0x00, 0x00, 0x00, 0x07, 0x99, 0x9C, 0xB9, 0x99,
    0x30, 0x00, 0x00, 0x08, 0x10, 0x00, 0xA2, 0x00, 0x00, 0x09, 0x00, 0x00,
    0x15, 0x00, 0x00, 0x09, 0x00, 0x00, 0x00, 0x01, 0x99, 0xCF, 0x99, 0x99,
    0x00, 0x00, 0x00, 0x72, 0x00, 0x00, 0xE0, 0x00, 0x00, 0x90, 0x00, 0x00,
    0x90, 0x00, 0x00, 0x90, 0x00, 0x02, 0x90, 0x49, 0x99, 0xA9, 0x99, 0x9A,
    0x90, 0x00, 0x00, 0x00, 0x00, 0x00, 0x90, 0x00, 0x11, 0x11, 0x11, 0x11,
    0x90, 0x00, 0x98, 0x88, 0x88, 0x88, 0x90, 0x00, 0x90, 0x00, 0x00, 0x00,
    0x90, 0x15, 0x90, 0x00, 0x00, 0x00, 0x94, 0x92, 0x90, 0x00, 0x00, 0x00,
    0xF6, 0x00, 0x90, 0x00, 0x00, 0x00, 0x40, 0x00, 0xC9, 0x99, 0x99, 0x99,
    0x00, 0x00, 0x10, 0x00, 0x00, 0x00,
    /* U+8BF4 说 */
    0x00, 0x00, 0x00, 0x00, 0x00, 0x00, 0x00, 0x00, 0x00, 0x00, 0x00, 0x00,
    0x00, 0x00, 0x04, 0x00, 0x00, 0x02, 0x10, 0x00, 0x08, 0x10, 0x00, 0x09,
    0xA1, 0x00, 0x02, 0x70, 0x00, 0x29, 0x2A, 0x10, 0x00, 0x90, 0x00, 0x92,
    0x02, 0x00, 0x99, 0x99, 0x9A, 0xF9, 0x00, 0x00, 0x90, 0x00, 0x00, 0x00,
    0x00, 0x00, 0x90, 0x00, 0x00, 0x00, 0xF0, 0x00, 0x90, 0x00, 0x00, 0x00,
    0x90, 0x00, 0x90, 0x00, 0x00, 0x00, 0x90, 0x00, 0xB4, 0x44, 0x44, 0x44,
    0x90, 0x00, 0x44, 0xC6, 0x4D, 0x44, 0x90, 0x00, 0x00, 0x90, 0x09, 0x00,
    0x90, 0x00, 0x00, 0x90, 0x09, 0x00, 0x90, 0x01, 0x00, 0x80, 0x09, 0x00,
    0x91, 0x77, 0x05, 0x40, 0x09, 0x00, 0xFA, 0x30, 0x0A, 0x00, 0x09, 0x00,
    0xB0, 0x00, 0x94, 0x00, 0x09, 0x00, 0x00, 0x4A, 0x30, 0x00, 0x06, 0x99,
    0x00, 0x20, 0x00, 0x00, 0x00, 0x00,
    /* U+8C03 调 */
    0x00, 0x00, 0x00, 0x00, 0x00, 0x00, 0x00, 0x00, 0x00, 0x00, 0x00, 0x00,
    0x00, 0x00, 0x00, 0x00, 0x00, 0x00, 0x00, 0x01, 0xA9, 0x99, 0x99, 0x99,
    0x90, 0x02, 0x70, 0x00, 0x00, 0x00, 0x48, 0x02, 0x70, 0x00, 0x18, 0x00,
    0x03, 0x02, 0x70, 0x00, 0x18, 0x00, 0x00, 0x02, 0x70, 0x79, 0xAF, 0x99,
    0x30, 0x02, 0x70, 0x00, 0x18, 0x00, 0xC0, 0x02, 0x70, 0x00, 0x18, 0x00,
    0x90, 0x02, 0x72, 0x99, 0x9E, 0x99, 0x90, 0x03, 0x70, 0x00, 0x00, 0x00,
    0x90, 0x03, 0x60, 0x00, 0x00, 0x00, 0x90, 0x04, 0x50, 0xD9, 0x99, 0x99,
    0x90, 0x06, 0x30, 0x90, 0x00, 0x09, 0x90, 0x08, 0x10, 0x90, 0x00, 0x09,
    0x90, 0x38, 0x00, 0xC8, 0x88, 0x89, 0xB9, 0x77, 0x00, 0x91, 0x11, 0x11,
    0xF1, 0x82, 0x00, 0x00, 0x00, 0x00, 0x02, 0x80, 0x00, 0x00, 0x00, 0x19,
    0x00, 0x00, 0x00, 0x00, 0x00, 0x00,
    /* U+8D25 败 */
    0x00, 0x00, 0x00, 0x00, 0x00, 0x00, 0x00, 0x00, 0x00, 0x00, 0x00, 0x00,
    0x00, 0x00, 0x00, 0x00, 0x30, 0x00, 0x99, 0x99, 0x60, 0x00, 0x90, 0x00,
    0x00, 0x00, 0x90, 0x00, 0x90, 0x00, 0x02, 0x00, 0x90, 0x03, 0x60, 0x00,
    0x09, 0x00, 0x90, 0x09, 0xBA, 0xAA, 0x09, 0x00, 0x90, 0x09, 0x00, 0x00,
    0x09, 0x00, 0x90, 0x68, 0x00, 0x00, 0x09, 0x00, 0x90, 0xA8, 0x00, 0x00,
    0x09, 0x00, 0x94, 0x68, 0x00, 0x01, 0x09, 0x00, 0x90, 0x05, 0x40, 0x04,
    0x18, 0x00, 0x90, 0x00, 0x90, 0x08, 0x27, 0x00, 0x90, 0x00, 0x63, 0x18,
    0x45, 0x00, 0x90, 0x00, 0x09, 0x63, 0x81, 0x00, 0x30, 0x00, 0x04, 0xF0,
    0x90, 0xA1, 0x00, 0x00, 0x08, 0x93, 0x30, 0x39, 0x00, 0x00, 0x56, 0x09,
    0x00, 0x05, 0x70, 0x05, 0x70, 0x00, 0x00, 0x00, 0x71, 0x86, 0x00, 0x00,
    0x00, 0x00, 0x04, 0x20, 0x00, 0x00,
    /* U+8D28 质 */
    0x00, 0x00, 0x00, 0x00, 0x00, 0x00, 0x00, 0x00, 0x00, 0x00, 0x00, 0x00,
    0x00, 0x00, 0x00, 0x00, 0x00, 0x00, 0x01, 0x23, 0x46, 0x7B, 0x99, 0x99,
    0x88, 0x76, 0x54, 0x2A, 0x00, 0x00, 0x00, 0x00, 0x00, 0x09, 0x00, 0x00,
    0x00, 0x00, 0x00, 0x28, 0x00, 0x00, 0x99, 0x99, 0x99, 0xDF, 0x99, 0x99,
    0x00, 0x00, 0x00, 0x63, 0x00, 0x00, 0x00, 0x00, 0x00, 0x81, 0x00, 0x00,
    0x01, 0xDA, 0xAA, 0xDA, 0xAA, 0xAA, 0x01, 0x90, 0x00, 0x04, 0x00, 0x00,
    0x01, 0x90, 0x00, 0x09, 0x00, 0x00, 0x01, 0x90, 0x00, 0x09, 0x00, 0x00,
    0x01, 0x90, 0x00, 0x18, 0x00, 0x00, 0x01, 0x90, 0x00, 0x55, 0x00, 0x00,
    0x01, 0x70, 0x00, 0xA1, 0x10, 0x00, 0x00, 0x00, 0x09, 0x41, 0x89, 0x30,
    0x00, 0x03, 0xA3, 0x00, 0x00, 0x6A, 0x16, 0x97, 0x00, 0x00, 0x00, 0x00,
    0x44, 0x00, 0x00, 0x00, 0x00, 0x00,
    /* U+8DF3 跳 */
    0x00, 0x00, 0x00, 0x00, 0x00, 0x00, 0x00, 0x00, 0x00, 0x00, 0x00, 0x00,
    0x00, 0x00, 0x00, 0x06, 0x00, 0x60, 0x99, 0x95, 0x00, 0x09, 0x00, 0x90,
    0x00, 0x09, 0x00, 0x09, 0x00, 0x90, 0x00, 0x09, 0x72, 0x09, 0x00, 0x90,
    0x00, 0x09, 0x18, 0x09, 0x00, 0x90, 0x00, 0x09, 0x07, 0x19, 0x00, 0x90,
    0xBA, 0x99, 0x02, 0x69, 0x00, 0x90, 0x53, 0x00, 0x00, 0x39, 0x00, 0x93,
    0x53, 0x00, 0x00, 0x09, 0x00, 0x90, 0x53, 0x00, 0x00, 0x09, 0x00, 0xA2,
    0x5C, 0x96, 0x00, 0x2F, 0x00, 0x98, 0x53, 0x00, 0x05, 0x89, 0x00, 0x90,
    0x53, 0x01, 0x95, 0x09, 0x00, 0x90, 0x53, 0x02, 0x20, 0x17, 0x00, 0x90,
    0x53, 0x03, 0x00, 0x72, 0x00, 0x90, 0xBB, 0x96, 0x01, 0x90, 0x00, 0x90,
    0x20, 0x00, 0x1A, 0x10, 0x00, 0x90, 0x00, 0x05, 0xA2, 0x00, 0x00, 0x5A,
    0x00, 0x03, 0x00, 0x00, 0x00, 0x00,
    /* U+8F6C 转 */
    0x00, 0x00, 0x00, 0x00, 0x00, 0x00, 0x00, 0x00, 0x00, 0x00, 0x00, 0x00,
    0x31, 0x00, 0x00, 0x00, 0x03, 0x20, 0x91, 0x00, 0x00, 0x00, 0x08, 0x20,
    0x90, 0x00, 0x00, 0x00, 0x09, 0x00, 0xF9, 0x99, 0x18, 0x99, 0xBF, 0x99,
    0x30, 0x00, 0x00, 0x00, 0x64, 0x00, 0x02, 0x00, 0x00, 0x00, 0x90, 0x00,
    0x09, 0x00, 0x01, 0x11, 0xA1, 0x11, 0x09, 0x00, 0x48, 0x8D, 0xE8, 0x88,
    0x09, 0x00, 0x00, 0x09, 0x10, 0x00, 0x8F, 0x88, 0x40, 0x0A, 0x00, 0x00,
    0x09, 0x00, 0x00, 0x4E, 0x99, 0x99, 0x09, 0x00, 0x00, 0x00, 0x00, 0x00,
    0x09, 0x36, 0x60, 0x00, 0x00, 0x06, 0x9F, 0x62, 0x00, 0x05, 0x00, 0x28,
    0x09, 0x00, 0x00, 0x03, 0x93, 0x90, 0x09, 0x00, 0x00, 0x00, 0x1C, 0x60,
    0x09, 0x00, 0x00, 0x00, 0x00, 0x77, 0x09, 0x00, 0x00, 0x00, 0x00, 0x06,
    0x00, 0x00, 0x00, 0x00, 0x00, 0x00,
    /* U+8FC7 过 */
    0x00, 0x00, 0x00, 0x00, 0x00, 0x00, 0x00, 0x00, 0x00, 0x00, 0x00, 0x00,
    0x00, 0x00, 0x00, 0x00, 0x00, 0x50, 0x00, 0x00, 0x00, 0x00, 0x00, 0x91,
    0x20, 0x00, 0x00, 0x00, 0x00, 0x91, 0x91, 0x00, 0x00, 0x00, 0x00, 0x91,
    0x12, 0x59, 0x99, 0x99, 0x99, 0xF9, 0x00, 0x00, 0x00, 0x00, 0x00, 0x91,
    0x00, 0x00, 0x00, 0x00, 0x00, 0x91, 0x00, 0x01, 0x70, 0x00, 0x00, 0x91,
    0xC0, 0x00, 0x46, 0x00, 0x00, 0x91, 0x90, 0x00, 0x07, 0x20, 0x00, 0x91,
    0x90, 0x00, 0x00, 0x90, 0x00, 0x91, 0x90, 0x00, 0x00, 0x10, 0x00, 0x91,
    0x90, 0x00, 0x00, 0x00, 0x00, 0x91, 0x90, 0x00, 0x00, 0x00, 0x00, 0x91,
    0xD2, 0x00, 0x00, 0x39, 0x99, 0xA0, 0x06, 0x30, 0x00, 0x00, 0x00, 0x00,
    0x00, 0x57, 0x30, 0x00, 0x00, 0x00, 0x00, 0x01, 0x57, 0x77, 0x77, 0x88,
    0x00, 0x00, 0x00, 0x00, 0x00, 0x00,
    /* U+9009 选 */
    0x00, 0x00, 0x00, 0x00, 0x00, 0x00, 0x00, 0x00, 0x00, 0x00, 0x00, 0x00,
    0x00, 0x00, 0x00, 0x00, 0x50, 0x00, 0x00, 0x00, 0x09, 0x00, 0x90, 0x00,
    0x00, 0x00, 0x27, 0x00, 0x90, 0x00, 0x70, 0x00, 0xAA, 0x99, 0xF9, 0x99,
    0x61, 0x02, 0x90, 0x00, 0x90, 0x00, 0x00, 0x09, 0x10, 0x00, 0x90, 0x00,
    0x00, 0x00, 0x00, 0x00, 0x90, 0x00, 0x00, 0x37, 0x77, 0x87, 0xF8, 0x97,
    0x90, 0x12, 0x22, 0xB2, 0x25, 0x82, 0x90, 0x00, 0x00, 0x90, 0x03, 0x60,
    0x90, 0x00, 0x01, 0x80, 0x03, 0x60, 0x90, 0x00, 0x07, 0x20, 0x03, 0x60,
    0x90, 0x00, 0x19, 0x00, 0x03, 0x60, 0x90, 0x01, 0xA1, 0x00, 0x03, 0x60,
    0x90, 0x78, 0x10, 0x00, 0x01, 0xB9, 0xE2, 0x10, 0x00, 0x00, 0x00, 0x00,
    0x28, 0x71, 0x00, 0x00, 0x00, 0x00, 0x00, 0x39, 0x99, 0x88, 0x88, 0x99,
    0x00, 0x00, 0x00, 0x11, 0x11, 0x00,
    /* U+901A 通 */
    0x00, 0x00, 0x00, 0x00, 0x00, 0x00, 0x00, 0x00, 0x00, 0x00, 0x00, 0x00,
    0x00, 0x00, 0x00, 0x00, 0x00, 0x00, 0x00, 0x08, 0x99, 0x99, 0x99, 0x99,
    0x00, 0x00, 0x01, 0x00, 0x00, 0x04, 0x70, 0x00, 0x04, 0x97, 0x14, 0x96,
    0x63, 0x00, 0x00, 0x02, 0x9E, 0x20, 0x00, 0x06, 0x99, 0x99, 0xCA, 0xFB,
    0x00, 0x09, 0x00, 0x00, 0x90, 0x00, 0x30, 0x09, 0x00, 0x00, 0x90, 0x00,
    0xA0, 0x0C, 0x99, 0x99, 0xF9, 0x99, 0x90, 0x09, 0x00, 0x00, 0x90, 0x00,
    0x90, 0x09, 0x00, 0x00, 0x90, 0x00, 0x90, 0x0C, 0x99, 0x99, 0xF9, 0x99,
    0x90, 0x09, 0x00, 0x00, 0x90, 0x00, 0x90, 0x09, 0x00, 0x00, 0x90, 0x00,
    0x90, 0x09, 0x00, 0x00, 0x90, 0x00, 0xB7, 0x07, 0x00, 0x00, 0x60, 0x38,
    0x03, 0x93, 0x00, 0x00, 0x00, 0x00, 0x00, 0x06, 0x88, 0x87, 0x77, 0x88,
    0x00, 0x00, 0x00, 0x11, 0x11, 0x11,
    /* U+914D 配 */
    0x00, 0x00, 0x00, 0x00, 0x00, 0x00, 0x00, 0x00, 0x00, 0x00, 0x00, 0x00,
    0x00, 0x00, 0x00, 0x00, 0x00, 0x00, 0xD9, 0xD9, 0x98, 0x06, 0x99, 0x99,
    0x90, 0x90, 0x00, 0x00, 0x00, 0x00, 0x90, 0x90, 0x00, 0x00, 0x00, 0x00,
    0xC3, 0xC3, 0x32, 0x00, 0x00, 0x00, 0xF6, 0xF7, 0x6A, 0x00, 0x00, 0x00,
    0x90, 0x90, 0x09, 0x00, 0x00, 0x00, 0x90, 0x90, 0x09, 0x00, 0x00, 0x00,
    0x90, 0x90, 0x09, 0x0C, 0x99, 0x99, 0x80, 0x90, 0x09, 0x09, 0x00, 0x00,
    0x10, 0x39, 0x9C, 0x09, 0x00, 0x00, 0x00, 0x00, 0x09, 0x09, 0x00, 0x00,
    0x00, 0x00, 0x09, 0x09, 0x00, 0x00, 0x99, 0x99, 0x9C, 0x09, 0x00, 0x00,
    0x00, 0x00, 0x09, 0x09, 0x00, 0x00, 0x00, 0x00, 0x09, 0x09, 0x00, 0x00,
    0x99, 0x99, 0x9C, 0x09, 0x00, 0x00, 0x00, 0x00, 0x09, 0x05, 0xA9, 0x99,
    0x00, 0x00, 0x00, 0x00, 0x00, 0x00,
    /* U+91CF 量 */
    0x00, 0x00, 0x00, 0x00, 0x00, 0x00, 0x00, 0x00, 0x00, 0x00, 0x00, 0x00,
    0x00, 0x00, 0x00, 0x00, 0x00, 0x00, 0xB9, 0x99, 0x99, 0x99, 0x99, 0x9A,
    0x40, 0x00, 0x00, 0x00, 0x00, 0x03, 0xB9, 0x99, 0x99, 0x99, 0x99, 0x9B,
    0x40, 0x00, 0x00, 0x00, 0x00, 0x03, 0xA9, 0x99, 0x99, 0x99, 0x99, 0x9A,
    0x00, 0x00, 0x00, 0x00, 0x00, 0x00, 0xAA, 0xAA, 0xAA, 0xAA, 0xAA, 0xAA,
    0x44, 0x44, 0x44, 0x44, 0x44, 0x44, 0x66, 0x66, 0x6B, 0xA6, 0x66, 0x66,
    0x00, 0x00, 0x06, 0x40, 0x00, 0x00, 0xAA, 0xAA, 0xAF, 0xEA, 0xAA, 0xAA,
    0x00, 0x00, 0x06, 0x40, 0x00, 0x00, 0x99, 0x99, 0x9F, 0xE9, 0x99, 0x99,
    0x00, 0x00, 0x06, 0x40, 0x00, 0x00, 0x99, 0x99, 0x9F, 0xE9, 0x99, 0x99,
    0x00, 0x00, 0x06, 0x40, 0x00, 0x00, 0xBB, 0xBB, 0xBE, 0xEB, 0xBB, 0xBB,
    0x00, 0x00, 0x00, 0x00, 0x00, 0x00,
    /* U+957F 长 */
    0x00, 0x00, 0x00, 0x00, 0x00, 0x00, 0x00, 0x00, 0x00, 0x00, 0x00, 0x00,
    0x05, 0x00, 0x00, 0x00, 0x00, 0x01, 0x09, 0x00, 0x00, 0x00, 0x00, 0x1A,
    0x09, 0x00, 0x00, 0x00, 0x01, 0x91, 0x09, 0x00, 0x00, 0x00, 0x39, 0x10,
    0x09, 0x00, 0x00, 0x06, 0x70, 0x00, 0x09, 0x00, 0x03, 0x94, 0x00, 0x00,
    0x09, 0x00, 0x97, 0x00, 0x00, 0x00, 0x09, 0x00, 0x00, 0x00, 0x00, 0x00,
    0x9F, 0x99, 0x9A, 0xB9, 0x99, 0x99, 0x09, 0x00, 0x00, 0x90, 0x00, 0x00,
    0x09, 0x00, 0x00, 0x72, 0x00, 0x00, 0x09, 0x00, 0x00, 0x19, 0x00, 0x00,
    0x09, 0x00, 0x00, 0x05, 0x60, 0x00, 0x09, 0x00, 0x00, 0x00, 0x84, 0x00,
    0x09, 0x00, 0x00, 0x00, 0x08, 0x40, 0x09, 0x00, 0x00, 0x11, 0x00, 0x77,
    0x09, 0x03, 0x78, 0x72, 0x00, 0x03, 0x1F, 0xA6, 0x20, 0x00, 0x00, 0x00,
    0x02, 0x00, 0x00, 0x00, 0x00, 0x00,
    /* U+95F4 间 */
    0x00, 0x00, 0x00, 0x00, 0x00, 0x00, 0x00, 0x00, 0x00, 0x00, 0x00, 0x00,
    0x00, 0x00, 0x00, 0x00, 0x00, 0x00, 0x30, 0x0A, 0xEE, 0xEE, 0xEE, 0xEE,
    0xF1, 0x00, 0x00, 0x00, 0x00, 0x00, 0x23, 0x00, 0x00, 0x00, 0x00, 0x00,
    0x00, 0x00, 0x00, 0x00, 0x00, 0x00, 0x00, 0x00, 0x00, 0x00, 0x00, 0x00,
    0x00, 0xBE, 0xEE, 0xEE, 0xEB, 0x00, 0x00, 0xE0, 0x00, 0x00, 0x0F, 0x00,
    0x00, 0xE0, 0x00, 0x00, 0x0F, 0x00, 0x00, 0xE0, 0x00, 0x00, 0x0F, 0x00,
    0x00, 0xEE, 0xEE, 0xEE, 0xEF, 0x00, 0x00, 0xE0, 0x00, 0x00, 0x0F, 0x00,
    0x00, 0xE0, 0x00, 0x00, 0x0F, 0x00, 0x00, 0xE0, 0x00, 0x00, 0x0F, 0x00,
    0x00, 0xCE, 0xEE, 0xEE, 0xED, 0x00, 0x00, 0x00, 0x00, 0x00, 0x00, 0x00,
    0x00, 0x00, 0x00, 0x00, 0x00, 0x00, 0x00, 0x00, 0x00, 0x00, 0x00, 0x2F,
    0x00, 0x00, 0x00, 0x00, 0x00, 0x00,
    /* U+9875 页 */
    0x00, 0x00, 0x00, 0x00, 0x00, 0x00, 0x00, 0x00, 0x00, 0x00, 0x00, 0x00,
    0x00, 0x00, 0x00, 0x00, 0x00, 0x00, 0xBB, 0xBB, 0xBB, 0xEB, 0xBB, 0xBB,
    0x00, 0x00, 0x03, 0xA0, 0x00, 0x00, 0x00, 0x00, 0x0B, 0x20, 0x00, 0x00,
    0x00, 0x00, 0x1B, 0x00, 0x00, 0x00, 0xCB, 0xBB, 0xFE, 0xBB, 0xBB, 0xBC,
    0xC0, 0x00, 0x00, 0x00, 0x00, 0x03, 0xC0, 0x00, 0x00, 0x60, 0x00, 0x03,
    0xC0, 0x00, 0x01, 0xB0, 0x00, 0x03, 0xC0, 0x00, 0x01, 0xB0, 0x00, 0x03,
    0xC0, 0x00, 0x01, 0xB0, 0x00, 0x03, 0xC0, 0x00, 0x01, 0xA0, 0x00, 0x03,
    0xC0, 0x00, 0x03, 0x80, 0x00, 0x03, 0xC0, 0x00, 0x09, 0x30, 0x00, 0x03,
    0x70, 0x00, 0x3B, 0x06, 0x91, 0x02, 0x00, 0x06, 0xC1, 0x00, 0x3B, 0x90,
    0x06, 0xC7, 0x00, 0x00, 0x00, 0x4D, 0xB6, 0x00, 0x00, 0x00, 0x00, 0x00,
    0x00, 0x00, 0x00, 0x00, 0x00, 0x00,
    /* U+9879 项 */
    0x00, 0x00, 0x00, 0x00, 0x00, 0x00, 0x00, 0x00, 0x00, 0x00, 0x00, 0x00,
    0x00, 0x00, 0x00, 0x00, 0x00, 0x00, 0x00, 0x03, 0x99, 0x99, 0x9C, 0x99,
    0x11, 0x10, 0x00, 0x00, 0x28, 0x00, 0xE7, 0x72, 0x00, 0x00, 0x72, 0x00,
    0x90, 0x00, 0x39, 0x99, 0xF9, 0x99, 0x90, 0x00, 0x63, 0x00, 0x00, 0x00,
    0x90, 0x00, 0x63, 0x00, 0x14, 0x00, 0x90, 0x00, 0x63, 0x00, 0x27, 0x00,
    0x90, 0x00, 0x63, 0x00, 0x27, 0x00, 0x90, 0x00, 0x63, 0x00, 0x27, 0x00,
    0x90, 0x00, 0x63, 0x00, 0x27, 0x00, 0x90, 0x33, 0x63, 0x00, 0x36, 0x00,
    0xF9, 0x61, 0x63, 0x00, 0x54, 0x00, 0x10, 0x00, 0x42, 0x00, 0x81, 0x00,
    0x00, 0x00, 0x00, 0x02, 0x80, 0x82, 0x00, 0x00, 0x00, 0x29, 0x10, 0x19,
    0x00, 0x00, 0x17, 0x80, 0x00, 0x00, 0x00, 0x08, 0x83, 0x00, 0x00, 0x00,
    0x00, 0x00, 0x00, 0x00, 0x00, 0x00,
};

const uint8_t *pk_text_cjk_ui_glyph(uint32_t code, uint8_t *width)
{
    for (size_t i = 0; i < sizeof(s_ui_codes) / sizeof(s_ui_codes[0]); ++i) {
        if (s_ui_codes[i] == code) {
            if (width) *width = s_ui_widths[i];
            return s_ui_bitmaps + s_ui_offsets[i];
        }
    }
    if (width) *width = 0;
    return NULL;
}
